case_id,event_type,node,migration_status,existing_context,proposed_context,missing_fields,evidence_basis,confidence,notes
case_2021_suez_blockage,shipping chokepoint disruption,maritime_chokepoint,already_migrated,"{""canonical_context"": ""maritime_route_capacity_constraint"", ""constraint_type"": ""route_disruption"", ""node"": ""maritime_chokepoint"", ""shock_type"": ""physical_disruption"", ""target_node_role"": ""direct_disruption_target"", ""upstream_driver"": ""canal_blockage""}","{""canonical_context"": ""maritime_route_capacity_constraint"", ""constraint_type"": ""route_disruption"", ""node"": ""maritime_chokepoint"", ""shock_type"": ""physical_disruption"", ""target_node_role"": ""direct_disruption_target"", ""upstream_driver"": ""canal_blockage""}",,existing development-enriched node context,high,Preserved without modification.
case_2021_suez_blockage,shipping chokepoint disruption,container_shipping,already_migrated,"{""canonical_context"": ""maritime_route_capacity_constraint"", ""constraint_type"": ""route_disruption"", ""node"": ""container_shipping"", ""shock_type"": ""physical_disruption"", ""target_node_role"": ""direct_disruption_target"", ""upstream_driver"": ""canal_blockage""}","{""canonical_context"": ""maritime_route_capacity_constraint"", ""constraint_type"": ""route_disruption"", ""node"": ""container_shipping"", ""shock_type"": ""physical_disruption"", ""target_node_role"": ""direct_disruption_target"", ""upstream_driver"": ""canal_blockage""}",,existing development-enriched node context,high,Preserved without modification.
case_2021_suez_blockage,shipping chokepoint disruption,ports,resolvable,{},"{""canonical_context"": ""maritime_route_capacity_constraint"", ""constraint_type"": ""route_disruption"", ""node"": ""ports"", ""shock_type"": ""physical_disruption"", ""target_node_role"": ""transmission_channel"", ""upstream_driver"": ""vessel_grounding""}",,"event_type, supply_chain_nodes, affected_asset_types, affected_assets, transmission_chain, summary",medium,Conservative frozen-vocabulary proposal from existing historical fields.
case_2021_suez_blockage,shipping chokepoint disruption,freight_routes,resolvable,{},"{""canonical_context"": ""maritime_route_capacity_constraint"", ""constraint_type"": ""route_disruption"", ""node"": ""freight_routes"", ""shock_type"": ""physical_disruption"", ""target_node_role"": ""transmission_channel"", ""upstream_driver"": ""vessel_grounding""}",,"event_type, supply_chain_nodes, affected_asset_types, affected_assets, transmission_chain, summary",medium,Conservative frozen-vocabulary proposal from existing historical fields.
case_2021_suez_blockage,shipping chokepoint disruption,logistics,resolvable,{},"{""canonical_context"": ""maritime_route_capacity_constraint"", ""constraint_type"": ""route_disruption"", ""node"": ""logistics"", ""shock_type"": ""physical_disruption"", ""target_node_role"": ""transmission_channel"", ""upstream_driver"": ""vessel_grounding""}",,"event_type, supply_chain_nodes, affected_asset_types, affected_assets, transmission_chain, summary",medium,Conservative frozen-vocabulary proposal from existing historical fields.
case_2021_suez_blockage,shipping chokepoint disruption,energy,ambiguous,{},{},shock_type;constraint_type;upstream_driver;target_node_role;canonical_context,,low,Existing frozen vocabulary and raw case fields do not support a precise node-level context.
case_2023_red_sea_attacks,maritime security disruption,maritime_chokepoint,already_migrated,"{""canonical_context"": ""maritime_route_security_constraint"", ""constraint_type"": ""route_disruption"", ""node"": ""maritime_chokepoint"", ""shock_type"": ""military_escalation"", ""target_node_role"": ""direct_disruption_target"", ""upstream_driver"": ""red_sea_vessel_security_risk""}","{""canonical_context"": ""maritime_route_security_constraint"", ""constraint_type"": ""route_disruption"", ""node"": ""maritime_chokepoint"", ""shock_type"": ""military_escalation"", ""target_node_role"": ""direct_disruption_target"", ""upstream_driver"": ""red_sea_vessel_security_risk""}",,existing development-enriched node context,high,Preserved without modification.
case_2023_red_sea_attacks,maritime security disruption,container_shipping,already_migrated,"{""canonical_context"": ""maritime_route_security_constraint"", ""constraint_type"": ""route_disruption"", ""node"": ""container_shipping"", ""shock_type"": ""military_escalation"", ""target_node_role"": ""direct_disruption_target"", ""upstream_driver"": ""red_sea_vessel_security_risk""}","{""canonical_context"": ""maritime_route_security_constraint"", ""constraint_type"": ""route_disruption"", ""node"": ""container_shipping"", ""shock_type"": ""military_escalation"", ""target_node_role"": ""direct_disruption_target"", ""upstream_driver"": ""red_sea_vessel_security_risk""}",,existing development-enriched node context,high,Preserved without modification.
case_2023_red_sea_attacks,maritime security disruption,freight_routes,resolvable,{},"{""canonical_context"": ""maritime_route_security_constraint"", ""constraint_type"": ""route_disruption"", ""node"": ""freight_routes"", ""shock_type"": ""military_escalation"", ""target_node_role"": ""transmission_channel"", ""upstream_driver"": ""vessel_security_risk""}",,"event_type, supply_chain_nodes, affected_asset_types, affected_assets, transmission_chain, summary",medium,Conservative frozen-vocabulary proposal from existing historical fields.
case_2023_red_sea_attacks,maritime security disruption,marine_insurance,already_migrated,"{""canonical_context"": ""maritime_route_security_constraint"", ""constraint_type"": ""insurance_constraint"", ""node"": ""marine_insurance"", ""shock_type"": ""military_escalation"", ""target_node_role"": ""financing_or_insurance_channel"", ""upstream_driver"": ""vessel_security_risk""}","{""canonical_context"": ""maritime_route_security_constraint"", ""constraint_type"": ""insurance_constraint"", ""node"": ""marine_insurance"", ""shock_type"": ""military_escalation"", ""target_node_role"": ""financing_or_insurance_channel"", ""upstream_driver"": ""vessel_security_risk""}",,existing development-enriched node context,high,Preserved without modification.
case_2023_red_sea_attacks,maritime security disruption,oil_shipping,already_migrated,"{""canonical_context"": ""oil_shipping_security_constraint"", ""constraint_type"": ""route_disruption"", ""node"": ""oil_shipping"", ""shock_type"": ""military_escalation"", ""target_node_role"": ""transmission_channel"", ""upstream_driver"": ""red_sea_vessel_security_risk""}","{""canonical_context"": ""oil_shipping_security_constraint"", ""constraint_type"": ""route_disruption"", ""node"": ""oil_shipping"", ""shock_type"": ""military_escalation"", ""target_node_role"": ""transmission_channel"", ""upstream_driver"": ""red_sea_vessel_security_risk""}",,existing development-enriched node context,high,Preserved without modification.
case_2023_red_sea_attacks,maritime security disruption,lng_shipping,resolvable,{},"{""canonical_context"": ""energy_shipping_sanctions_route_constraint"", ""constraint_type"": ""route_disruption"", ""node"": ""lng_shipping"", ""shock_type"": ""military_escalation"", ""target_node_role"": ""direct_disruption_target"", ""upstream_driver"": ""vessel_security_risk""}",,"event_type, supply_chain_nodes, affected_asset_types, affected_assets, transmission_chain, summary",medium,Conservative frozen-vocabulary proposal from existing historical fields.
case_2023_red_sea_attacks,maritime security disruption,logistics,resolvable,{},"{""canonical_context"": ""maritime_route_security_constraint"", ""constraint_type"": ""route_disruption"", ""node"": ""logistics"", ""shock_type"": ""military_escalation"", ""target_node_role"": ""transmission_channel"", ""upstream_driver"": ""vessel_security_risk""}",,"event_type, supply_chain_nodes, affected_asset_types, affected_assets, transmission_chain, summary",medium,Conservative frozen-vocabulary proposal from existing historical fields.
case_hormuz_tanker_tensions,energy chokepoint security risk,maritime_chokepoint,already_migrated,"{""canonical_context"": ""energy_chokepoint_security_constraint"", ""constraint_type"": ""security_risk"", ""node"": ""maritime_chokepoint"", ""shock_type"": ""military_escalation"", ""target_node_role"": ""direct_disruption_target"", ""upstream_driver"": ""hormuz_tanker_security_incidents""}","{""canonical_context"": ""energy_chokepoint_security_constraint"", ""constraint_type"": ""security_risk"", ""node"": ""maritime_chokepoint"", ""shock_type"": ""military_escalation"", ""target_node_role"": ""direct_disruption_target"", ""upstream_driver"": ""hormuz_tanker_security_incidents""}",,existing development-enriched node context,high,Preserved without modification.
case_hormuz_tanker_tensions,energy chokepoint security risk,oil_shipping,already_migrated,"{""canonical_context"": ""oil_shipping_security_constraint"", ""constraint_type"": ""route_disruption"", ""node"": ""oil_shipping"", ""shock_type"": ""military_escalation"", ""target_node_role"": ""direct_disruption_target"", ""upstream_driver"": ""tanker_security_incidents""}","{""canonical_context"": ""oil_shipping_security_constraint"", ""constraint_type"": ""route_disruption"", ""node"": ""oil_shipping"", ""shock_type"": ""military_escalation"", ""target_node_role"": ""direct_disruption_target"", ""upstream_driver"": ""tanker_security_incidents""}",,existing development-enriched node context,high,Preserved without modification.
case_hormuz_tanker_tensions,energy chokepoint security risk,lng_shipping,resolvable,{},"{""canonical_context"": ""energy_shipping_sanctions_route_constraint"", ""constraint_type"": ""route_disruption"", ""node"": ""lng_shipping"", ""shock_type"": ""military_escalation"", ""target_node_role"": ""direct_disruption_target"", ""upstream_driver"": ""regional_military_tension""}",,"event_type, supply_chain_nodes, affected_asset_types, affected_assets, transmission_chain, summary",medium,Conservative frozen-vocabulary proposal from existing historical fields.
case_hormuz_tanker_tensions,energy chokepoint security risk,marine_insurance,already_migrated,"{""canonical_context"": ""energy_shipping_insurance_constraint"", ""constraint_type"": ""insurance_constraint"", ""node"": ""marine_insurance"", ""shock_type"": ""military_escalation"", ""target_node_role"": ""financing_or_insurance_channel"", ""upstream_driver"": ""tanker_security_incidents""}","{""canonical_context"": ""energy_shipping_insurance_constraint"", ""constraint_type"": ""insurance_constraint"", ""node"": ""marine_insurance"", ""shock_type"": ""military_escalation"", ""target_node_role"": ""financing_or_insurance_channel"", ""upstream_driver"": ""tanker_security_incidents""}",,existing development-enriched node context,high,Preserved without modification.
case_hormuz_tanker_tensions,energy chokepoint security risk,energy,ambiguous,{},{},shock_type;constraint_type;upstream_driver;target_node_role;canonical_context,,low,Existing frozen vocabulary and raw case fields do not support a precise node-level context.
case_hormuz_tanker_tensions,energy chokepoint security risk,refining,resolvable,{},"{""canonical_context"": ""refining_feedstock_constraint"", ""constraint_type"": ""input_shortage"", ""node"": ""refining"", ""shock_type"": ""physical_disruption"", ""target_node_role"": ""downstream_exposure"", ""upstream_driver"": ""regional_military_tension""}",,"event_type, supply_chain_nodes, affected_asset_types, affected_assets, transmission_chain, summary",medium,Conservative frozen-vocabulary proposal from existing historical fields.
case_russia_ukraine_energy_shock,war and sanctions energy disruption,energy,already_migrated,"{""canonical_context"": ""energy_feedstock_constraint"", ""constraint_type"": ""input_shortage"", ""node"": ""energy"", ""shock_type"": ""sanctions"", ""target_node_role"": ""upstream_input"", ""upstream_driver"": ""gas_and_energy_feedstock_disruption""}","{""canonical_context"": ""energy_feedstock_constraint"", ""constraint_type"": ""input_shortage"", ""node"": ""energy"", ""shock_type"": ""sanctions"", ""target_node_role"": ""upstream_input"", ""upstream_driver"": ""gas_and_energy_feedstock_disruption""}",,existing development-enriched node context,high,Preserved without modification.
case_russia_ukraine_energy_shock,war and sanctions energy disruption,lng_shipping,resolvable,{},"{""canonical_context"": ""energy_shipping_sanctions_route_constraint"", ""constraint_type"": ""route_disruption"", ""node"": ""lng_shipping"", ""shock_type"": ""sanctions"", ""target_node_role"": ""direct_disruption_target"", ""upstream_driver"": ""military_invasion""}",,"event_type, supply_chain_nodes, affected_asset_types, affected_assets, transmission_chain, summary",medium,Conservative frozen-vocabulary proposal from existing historical fields.
case_russia_ukraine_energy_shock,war and sanctions energy disruption,refining,resolvable,{},"{""canonical_context"": ""refining_feedstock_constraint"", ""constraint_type"": ""input_shortage"", ""node"": ""refining"", ""shock_type"": ""sanctions"", ""target_node_role"": ""downstream_exposure"", ""upstream_driver"": ""military_invasion""}",,"event_type, supply_chain_nodes, affected_asset_types, affected_assets, transmission_chain, summary",medium,Conservative frozen-vocabulary proposal from existing historical fields.
case_russia_ukraine_energy_shock,war and sanctions energy disruption,petrochemicals,already_migrated,"{""canonical_context"": ""petrochemical_feedstock_constraint"", ""constraint_type"": ""input_shortage"", ""node"": ""petrochemicals"", ""shock_type"": ""sanctions"", ""target_node_role"": ""upstream_input"", ""upstream_driver"": ""gas_and_energy_feedstock_disruption""}","{""canonical_context"": ""petrochemical_feedstock_constraint"", ""constraint_type"": ""input_shortage"", ""node"": ""petrochemicals"", ""shock_type"": ""sanctions"", ""target_node_role"": ""upstream_input"", ""upstream_driver"": ""gas_and_energy_feedstock_disruption""}",,existing development-enriched node context,high,Preserved without modification.
case_russia_ukraine_energy_shock,war and sanctions energy disruption,manufacturing_inputs,vocabulary_gap_candidate,{},{},shock_type;constraint_type;upstream_driver;target_node_role;canonical_context,,medium,No frozen canonical_context precisely represents this node's mechanism.
case_2022_us_china_semiconductor_controls,technology export controls,ai_chips,resolvable,{},"{""canonical_context"": ""semiconductor_export_control_constraint"", ""constraint_type"": ""trade_access_restriction"", ""node"": ""ai_chips"", ""shock_type"": ""export_restriction"", ""target_node_role"": ""direct_disruption_target"", ""upstream_driver"": ""export_control_rules""}",,"event_type, supply_chain_nodes, affected_asset_types, affected_assets, transmission_chain, summary",medium,Conservative frozen-vocabulary proposal from existing historical fields.
case_2022_us_china_semiconductor_controls,technology export controls,semiconductor_equipment,resolvable,{},"{""canonical_context"": ""semiconductor_export_control_constraint"", ""constraint_type"": ""trade_access_restriction"", ""node"": ""semiconductor_equipment"", ""shock_type"": ""export_restriction"", ""target_node_role"": ""direct_disruption_target"", ""upstream_driver"": ""export_control_rules""}",,"event_type, supply_chain_nodes, affected_asset_types, affected_assets, transmission_chain, summary",medium,Conservative frozen-vocabulary proposal from existing historical fields.
case_2022_us_china_semiconductor_controls,technology export controls,eda_software,resolvable,{},"{""canonical_context"": ""semiconductor_export_control_constraint"", ""constraint_type"": ""trade_access_restriction"", ""node"": ""eda_software"", ""shock_type"": ""export_restriction"", ""target_node_role"": ""direct_disruption_target"", ""upstream_driver"": ""export_control_rules""}",,"event_type, supply_chain_nodes, affected_asset_types, affected_assets, transmission_chain, summary",medium,Conservative frozen-vocabulary proposal from existing historical fields.
case_2022_us_china_semiconductor_controls,technology export controls,foundry,resolvable,{},"{""canonical_context"": ""semiconductor_export_control_constraint"", ""constraint_type"": ""trade_access_restriction"", ""node"": ""foundry"", ""shock_type"": ""export_restriction"", ""target_node_role"": ""transmission_channel"", ""upstream_driver"": ""export_control_rules""}",,"event_type, supply_chain_nodes, affected_asset_types, affected_assets, transmission_chain, summary",medium,Conservative frozen-vocabulary proposal from existing historical fields.
case_2022_us_china_semiconductor_controls,technology export controls,data_centers,resolvable,{},"{""canonical_context"": ""logistics_cyber_capacity_constraint"", ""constraint_type"": ""capacity_reduction"", ""node"": ""data_centers"", ""shock_type"": ""cyber_disruption"", ""target_node_role"": ""direct_disruption_target"", ""upstream_driver"": ""export_control_rules""}",,"event_type, supply_chain_nodes, affected_asset_types, affected_assets, transmission_chain, summary",medium,Conservative frozen-vocabulary proposal from existing historical fields.
case_2023_dutch_asml_controls,technology export controls,semiconductor_equipment,already_migrated,"{""canonical_context"": ""semiconductor_export_control_constraint"", ""constraint_type"": ""trade_access_restriction"", ""node"": ""semiconductor_equipment"", ""shock_type"": ""export_restriction"", ""target_node_role"": ""direct_disruption_target"", ""upstream_driver"": ""advanced_lithography_export_controls""}","{""canonical_context"": ""semiconductor_export_control_constraint"", ""constraint_type"": ""trade_access_restriction"", ""node"": ""semiconductor_equipment"", ""shock_type"": ""export_restriction"", ""target_node_role"": ""direct_disruption_target"", ""upstream_driver"": ""advanced_lithography_export_controls""}",,existing development-enriched node context,high,Preserved without modification.
case_2023_dutch_asml_controls,technology export controls,foundry,resolvable,{},"{""canonical_context"": ""semiconductor_export_control_constraint"", ""constraint_type"": ""trade_access_restriction"", ""node"": ""foundry"", ""shock_type"": ""export_restriction"", ""target_node_role"": ""transmission_channel"", ""upstream_driver"": ""national_export_rules""}",,"event_type, supply_chain_nodes, affected_asset_types, affected_assets, transmission_chain, summary",medium,Conservative frozen-vocabulary proposal from existing historical fields.
case_2023_dutch_asml_controls,technology export controls,customs,resolvable,{},"{""canonical_context"": ""tariff_customs_compliance_constraint"", ""constraint_type"": ""compliance_constraint"", ""node"": ""customs"", ""shock_type"": ""regulatory_restriction"", ""target_node_role"": ""compliance_channel"", ""upstream_driver"": ""national_export_rules""}",,"event_type, supply_chain_nodes, affected_asset_types, affected_assets, transmission_chain, summary",medium,Conservative frozen-vocabulary proposal from existing historical fields.
case_2019_huawei_entity_list,technology sanctions and trade restrictions,ai_chips,resolvable,{},"{""canonical_context"": ""semiconductor_export_control_constraint"", ""constraint_type"": ""trade_access_restriction"", ""node"": ""ai_chips"", ""shock_type"": ""export_restriction"", ""target_node_role"": ""direct_disruption_target"", ""upstream_driver"": ""entity_listing""}",,"event_type, supply_chain_nodes, affected_asset_types, affected_assets, transmission_chain, summary",medium,Conservative frozen-vocabulary proposal from existing historical fields.
case_2019_huawei_entity_list,technology sanctions and trade restrictions,semiconductor_equipment,already_migrated,"{""canonical_context"": ""semiconductor_export_control_constraint"", ""constraint_type"": ""trade_access_restriction"", ""node"": ""semiconductor_equipment"", ""shock_type"": ""export_restriction"", ""target_node_role"": ""transmission_channel"", ""upstream_driver"": ""entity_list_supply_restriction""}","{""canonical_context"": ""semiconductor_export_control_constraint"", ""constraint_type"": ""trade_access_restriction"", ""node"": ""semiconductor_equipment"", ""shock_type"": ""export_restriction"", ""target_node_role"": ""transmission_channel"", ""upstream_driver"": ""entity_list_supply_restriction""}",,existing development-enriched node context,high,Preserved without modification.
case_2019_huawei_entity_list,technology sanctions and trade restrictions,eda_software,resolvable,{},"{""canonical_context"": ""semiconductor_export_control_constraint"", ""constraint_type"": ""trade_access_restriction"", ""node"": ""eda_software"", ""shock_type"": ""export_restriction"", ""target_node_role"": ""direct_disruption_target"", ""upstream_driver"": ""entity_listing""}",,"event_type, supply_chain_nodes, affected_asset_types, affected_assets, transmission_chain, summary",medium,Conservative frozen-vocabulary proposal from existing historical fields.
case_2019_huawei_entity_list,technology sanctions and trade restrictions,manufacturing_inputs,vocabulary_gap_candidate,{},{},shock_type;constraint_type;upstream_driver;target_node_role;canonical_context,,medium,No frozen canonical_context precisely represents this node's mechanism.
case_2019_huawei_entity_list,technology sanctions and trade restrictions,data_centers,ambiguous,{},{},shock_type;constraint_type;upstream_driver;target_node_role;canonical_context,,low,Existing frozen vocabulary and raw case fields do not support a precise node-level context.
case_2019_huawei_entity_list,technology sanctions and trade restrictions,customs,resolvable,{},"{""canonical_context"": ""tariff_customs_compliance_constraint"", ""constraint_type"": ""compliance_constraint"", ""node"": ""customs"", ""shock_type"": ""regulatory_restriction"", ""target_node_role"": ""compliance_channel"", ""upstream_driver"": ""entity_listing""}",,"event_type, supply_chain_nodes, affected_asset_types, affected_assets, transmission_chain, summary",medium,Conservative frozen-vocabulary proposal from existing historical fields.
case_2018_2019_us_china_tariffs,trade policy and tariffs,trade_lanes,already_migrated,"{""canonical_context"": ""tariff_trade_compliance_constraint"", ""constraint_type"": ""trade_access_restriction"", ""node"": ""trade_lanes"", ""shock_type"": ""tariff"", ""target_node_role"": ""compliance_channel"", ""upstream_driver"": ""tariff_and_customs_review""}","{""canonical_context"": ""tariff_trade_compliance_constraint"", ""constraint_type"": ""trade_access_restriction"", ""node"": ""trade_lanes"", ""shock_type"": ""tariff"", ""target_node_role"": ""compliance_channel"", ""upstream_driver"": ""tariff_and_customs_review""}",,existing development-enriched node context,high,Preserved without modification.
case_2018_2019_us_china_tariffs,trade policy and tariffs,customs,already_migrated,"{""canonical_context"": ""tariff_customs_compliance_constraint"", ""constraint_type"": ""compliance_constraint"", ""node"": ""customs"", ""shock_type"": ""tariff"", ""target_node_role"": ""compliance_channel"", ""upstream_driver"": ""tariff_classification_review""}","{""canonical_context"": ""tariff_customs_compliance_constraint"", ""constraint_type"": ""compliance_constraint"", ""node"": ""customs"", ""shock_type"": ""tariff"", ""target_node_role"": ""compliance_channel"", ""upstream_driver"": ""tariff_classification_review""}",,existing development-enriched node context,high,Preserved without modification.
case_2018_2019_us_china_tariffs,trade policy and tariffs,manufacturing_inputs,vocabulary_gap_candidate,{},{},shock_type;constraint_type;upstream_driver;target_node_role;canonical_context,,medium,No frozen canonical_context precisely represents this node's mechanism.
case_2018_2019_us_china_tariffs,trade policy and tariffs,agriculture,resolvable,{},"{""canonical_context"": ""agricultural_export_trade_constraint"", ""constraint_type"": ""trade_access_restriction"", ""node"": ""agriculture"", ""shock_type"": ""export_restriction"", ""target_node_role"": ""downstream_exposure"", ""upstream_driver"": ""tariff_announcements""}",,"event_type, supply_chain_nodes, affected_asset_types, affected_assets, transmission_chain, summary",medium,Conservative frozen-vocabulary proposal from existing historical fields.
case_2018_2019_us_china_tariffs,trade policy and tariffs,logistics,resolvable,{},"{""canonical_context"": ""maritime_route_security_constraint"", ""constraint_type"": ""route_disruption"", ""node"": ""logistics"", ""shock_type"": ""military_escalation"", ""target_node_role"": ""transmission_channel"", ""upstream_driver"": ""tariff_announcements""}",,"event_type, supply_chain_nodes, affected_asset_types, affected_assets, transmission_chain, summary",medium,Conservative frozen-vocabulary proposal from existing historical fields.
case_2022_gas_fertilizer_shock,energy and agricultural input shock,energy,already_migrated,"{""canonical_context"": ""energy_feedstock_constraint"", ""constraint_type"": ""input_shortage"", ""node"": ""energy"", ""shock_type"": ""physical_disruption"", ""target_node_role"": ""upstream_input"", ""upstream_driver"": ""natural_gas_feedstock_shortage""}","{""canonical_context"": ""energy_feedstock_constraint"", ""constraint_type"": ""input_shortage"", ""node"": ""energy"", ""shock_type"": ""physical_disruption"", ""target_node_role"": ""upstream_input"", ""upstream_driver"": ""natural_gas_feedstock_shortage""}",,existing development-enriched node context,high,Preserved without modification.
case_2022_gas_fertilizer_shock,energy and agricultural input shock,fertilizer,resolvable,{},"{""canonical_context"": ""agricultural_input_constraint"", ""constraint_type"": ""input_shortage"", ""node"": ""fertilizer"", ""shock_type"": ""export_restriction"", ""target_node_role"": ""upstream_input"", ""upstream_driver"": ""gas_supply_uncertainty""}",,"event_type, supply_chain_nodes, affected_asset_types, affected_assets, transmission_chain, summary",medium,Conservative frozen-vocabulary proposal from existing historical fields.
case_2022_gas_fertilizer_shock,energy and agricultural input shock,agriculture,resolvable,{},"{""canonical_context"": ""agricultural_input_constraint"", ""constraint_type"": ""input_shortage"", ""node"": ""agriculture"", ""shock_type"": ""sanctions"", ""target_node_role"": ""downstream_exposure"", ""upstream_driver"": ""gas_supply_uncertainty""}",,"event_type, supply_chain_nodes, affected_asset_types, affected_assets, transmission_chain, summary",medium,Conservative frozen-vocabulary proposal from existing historical fields.
case_2022_gas_fertilizer_shock,energy and agricultural input shock,petrochemicals,already_migrated,"{""canonical_context"": ""petrochemical_feedstock_constraint"", ""constraint_type"": ""input_shortage"", ""node"": ""petrochemicals"", ""shock_type"": ""physical_disruption"", ""target_node_role"": ""upstream_input"", ""upstream_driver"": ""natural_gas_feedstock_shortage""}","{""canonical_context"": ""petrochemical_feedstock_constraint"", ""constraint_type"": ""input_shortage"", ""node"": ""petrochemicals"", ""shock_type"": ""physical_disruption"", ""target_node_role"": ""upstream_input"", ""upstream_driver"": ""natural_gas_feedstock_shortage""}",,existing development-enriched node context,high,Preserved without modification.
case_2022_gas_fertilizer_shock,energy and agricultural input shock,manufacturing_inputs,vocabulary_gap_candidate,{},{},shock_type;constraint_type;upstream_driver;target_node_role;canonical_context,,medium,No frozen canonical_context precisely represents this node's mechanism.
case_middle_east_oil_supply_disruption,energy infrastructure disruption,energy,ambiguous,{},{},shock_type;constraint_type;upstream_driver;target_node_role;canonical_context,,low,Existing frozen vocabulary and raw case fields do not support a precise node-level context.
case_middle_east_oil_supply_disruption,energy infrastructure disruption,refining,already_migrated,"{""canonical_context"": ""refining_feedstock_constraint"", ""constraint_type"": ""input_shortage"", ""node"": ""refining"", ""shock_type"": ""physical_disruption"", ""target_node_role"": ""upstream_input"", ""upstream_driver"": ""crude_supply_disruption""}","{""canonical_context"": ""refining_feedstock_constraint"", ""constraint_type"": ""input_shortage"", ""node"": ""refining"", ""shock_type"": ""physical_disruption"", ""target_node_role"": ""upstream_input"", ""upstream_driver"": ""crude_supply_disruption""}",,existing development-enriched node context,high,Preserved without modification.
case_middle_east_oil_supply_disruption,energy infrastructure disruption,petrochemicals,resolvable,{},"{""canonical_context"": ""petrochemical_feedstock_constraint"", ""constraint_type"": ""input_shortage"", ""node"": ""petrochemicals"", ""shock_type"": ""physical_disruption"", ""target_node_role"": ""downstream_exposure"", ""upstream_driver"": ""infrastructure_attack""}",,"event_type, supply_chain_nodes, affected_asset_types, affected_assets, transmission_chain, summary",medium,Conservative frozen-vocabulary proposal from existing historical fields.
case_middle_east_oil_supply_disruption,energy infrastructure disruption,aviation,ambiguous,{},{},shock_type;constraint_type;upstream_driver;target_node_role;canonical_context,,low,Existing frozen vocabulary and raw case fields do not support a precise node-level context.
case_middle_east_oil_supply_disruption,energy infrastructure disruption,oil_shipping,resolvable,{},"{""canonical_context"": ""oil_shipping_security_constraint"", ""constraint_type"": ""route_disruption"", ""node"": ""oil_shipping"", ""shock_type"": ""military_escalation"", ""target_node_role"": ""direct_disruption_target"", ""upstream_driver"": ""infrastructure_attack""}",,"event_type, supply_chain_nodes, affected_asset_types, affected_assets, transmission_chain, summary",medium,Conservative frozen-vocabulary proposal from existing historical fields.
case_taiwan_strait_semiconductor_risk,regional military tension and semiconductor supply risk,foundry,resolvable,{},"{""canonical_context"": ""semiconductor_export_control_constraint"", ""constraint_type"": ""trade_access_restriction"", ""node"": ""foundry"", ""shock_type"": ""export_restriction"", ""target_node_role"": ""transmission_channel"", ""upstream_driver"": ""regional_military_tension""}",,"event_type, supply_chain_nodes, affected_asset_types, affected_assets, transmission_chain, summary",medium,Conservative frozen-vocabulary proposal from existing historical fields.
case_taiwan_strait_semiconductor_risk,regional military tension and semiconductor supply risk,ai_chips,resolvable,{},"{""canonical_context"": ""semiconductor_export_control_constraint"", ""constraint_type"": ""trade_access_restriction"", ""node"": ""ai_chips"", ""shock_type"": ""export_restriction"", ""target_node_role"": ""direct_disruption_target"", ""upstream_driver"": ""regional_military_tension""}",,"event_type, supply_chain_nodes, affected_asset_types, affected_assets, transmission_chain, summary",medium,Conservative frozen-vocabulary proposal from existing historical fields.
case_taiwan_strait_semiconductor_risk,regional military tension and semiconductor supply risk,semiconductor_equipment,resolvable,{},"{""canonical_context"": ""semiconductor_export_control_constraint"", ""constraint_type"": ""trade_access_restriction"", ""node"": ""semiconductor_equipment"", ""shock_type"": ""export_restriction"", ""target_node_role"": ""direct_disruption_target"", ""upstream_driver"": ""regional_military_tension""}",,"event_type, supply_chain_nodes, affected_asset_types, affected_assets, transmission_chain, summary",medium,Conservative frozen-vocabulary proposal from existing historical fields.
case_taiwan_strait_semiconductor_risk,regional military tension and semiconductor supply risk,data_centers,resolvable,{},"{""canonical_context"": ""logistics_cyber_capacity_constraint"", ""constraint_type"": ""capacity_reduction"", ""node"": ""data_centers"", ""shock_type"": ""cyber_disruption"", ""target_node_role"": ""direct_disruption_target"", ""upstream_driver"": ""regional_military_tension""}",,"event_type, supply_chain_nodes, affected_asset_types, affected_assets, transmission_chain, summary",medium,Conservative frozen-vocabulary proposal from existing historical fields.
case_taiwan_strait_semiconductor_risk,regional military tension and semiconductor supply risk,manufacturing_inputs,vocabulary_gap_candidate,{},{},shock_type;constraint_type;upstream_driver;target_node_role;canonical_context,,medium,No frozen canonical_context precisely represents this node's mechanism.
case_taiwan_strait_semiconductor_risk,regional military tension and semiconductor supply risk,defense,already_migrated,"{""canonical_context"": ""semiconductor_strategic_downstream_exposure"", ""constraint_type"": ""security_risk"", ""node"": ""defense"", ""shock_type"": ""military_escalation"", ""target_node_role"": ""downstream_strategic_exposure"", ""upstream_driver"": ""advanced_chip_supply_uncertainty""}","{""canonical_context"": ""semiconductor_strategic_downstream_exposure"", ""constraint_type"": ""security_risk"", ""node"": ""defense"", ""shock_type"": ""military_escalation"", ""target_node_role"": ""downstream_strategic_exposure"", ""upstream_driver"": ""advanced_chip_supply_uncertainty""}",,existing development-enriched node context,high,Preserved without modification.
case_rare_earth_export_restriction_risk,critical minerals export restriction,rare_earths,resolvable,{},"{""canonical_context"": ""critical_material_input_constraint"", ""constraint_type"": ""input_access_restriction"", ""node"": ""rare_earths"", ""shock_type"": ""export_restriction"", ""target_node_role"": ""upstream_input"", ""upstream_driver"": ""export_restriction_concern""}",,"event_type, supply_chain_nodes, affected_asset_types, affected_assets, transmission_chain, summary",medium,Conservative frozen-vocabulary proposal from existing historical fields.
case_rare_earth_export_restriction_risk,critical minerals export restriction,critical_minerals,resolvable,{},"{""canonical_context"": ""critical_material_input_constraint"", ""constraint_type"": ""input_access_restriction"", ""node"": ""critical_minerals"", ""shock_type"": ""export_restriction"", ""target_node_role"": ""upstream_input"", ""upstream_driver"": ""export_restriction_concern""}",,"event_type, supply_chain_nodes, affected_asset_types, affected_assets, transmission_chain, summary",medium,Conservative frozen-vocabulary proposal from existing historical fields.
case_rare_earth_export_restriction_risk,critical minerals export restriction,manufacturing_inputs,vocabulary_gap_candidate,{},{},shock_type;constraint_type;upstream_driver;target_node_role;canonical_context,,medium,No frozen canonical_context precisely represents this node's mechanism.
case_rare_earth_export_restriction_risk,critical minerals export restriction,defense,resolvable,{},"{""canonical_context"": ""aerospace_defense_procurement_constraint"", ""constraint_type"": ""security_risk"", ""node"": ""defense"", ""shock_type"": ""military_escalation"", ""target_node_role"": ""downstream_exposure"", ""upstream_driver"": ""export_restriction_concern""}",,"event_type, supply_chain_nodes, affected_asset_types, affected_assets, transmission_chain, summary",medium,Conservative frozen-vocabulary proposal from existing historical fields.
case_rare_earth_export_restriction_risk,critical minerals export restriction,energy,ambiguous,{},{},shock_type;constraint_type;upstream_driver;target_node_role;canonical_context,,low,Existing frozen vocabulary and raw case fields do not support a precise node-level context.
case_china_gallium_germanium_graphite_controls,critical minerals export controls,critical_minerals,already_migrated,"{""canonical_context"": ""critical_material_input_constraint"", ""constraint_type"": ""input_access_restriction"", ""node"": ""critical_minerals"", ""shock_type"": ""export_restriction"", ""target_node_role"": ""upstream_input"", ""upstream_driver"": ""export_licensing_controls""}","{""canonical_context"": ""critical_material_input_constraint"", ""constraint_type"": ""input_access_restriction"", ""node"": ""critical_minerals"", ""shock_type"": ""export_restriction"", ""target_node_role"": ""upstream_input"", ""upstream_driver"": ""export_licensing_controls""}",,existing development-enriched node context,high,Preserved without modification.
case_china_gallium_germanium_graphite_controls,critical minerals export controls,gallium_germanium_graphite,resolvable,{},"{""canonical_context"": ""critical_material_compliance_constraint"", ""constraint_type"": ""input_access_restriction"", ""node"": ""gallium_germanium_graphite"", ""shock_type"": ""export_restriction"", ""target_node_role"": ""upstream_input"", ""upstream_driver"": ""export_licensing_rules""}",,"event_type, supply_chain_nodes, affected_asset_types, affected_assets, transmission_chain, summary",medium,Conservative frozen-vocabulary proposal from existing historical fields.
case_china_gallium_germanium_graphite_controls,critical minerals export controls,semiconductor_equipment,resolvable,{},"{""canonical_context"": ""semiconductor_export_control_constraint"", ""constraint_type"": ""trade_access_restriction"", ""node"": ""semiconductor_equipment"", ""shock_type"": ""export_restriction"", ""target_node_role"": ""direct_disruption_target"", ""upstream_driver"": ""export_licensing_rules""}",,"event_type, supply_chain_nodes, affected_asset_types, affected_assets, transmission_chain, summary",medium,Conservative frozen-vocabulary proposal from existing historical fields.
case_china_gallium_germanium_graphite_controls,critical minerals export controls,ai_chips,resolvable,{},"{""canonical_context"": ""semiconductor_export_control_constraint"", ""constraint_type"": ""trade_access_restriction"", ""node"": ""ai_chips"", ""shock_type"": ""export_restriction"", ""target_node_role"": ""direct_disruption_target"", ""upstream_driver"": ""export_licensing_rules""}",,"event_type, supply_chain_nodes, affected_asset_types, affected_assets, transmission_chain, summary",medium,Conservative frozen-vocabulary proposal from existing historical fields.
case_china_gallium_germanium_graphite_controls,critical minerals export controls,manufacturing_inputs,vocabulary_gap_candidate,{},{},shock_type;constraint_type;upstream_driver;target_node_role;canonical_context,,medium,No frozen canonical_context precisely represents this node's mechanism.
case_china_gallium_germanium_graphite_controls,critical minerals export controls,customs,resolvable,{},"{""canonical_context"": ""tariff_customs_compliance_constraint"", ""constraint_type"": ""compliance_constraint"", ""node"": ""customs"", ""shock_type"": ""regulatory_restriction"", ""target_node_role"": ""compliance_channel"", ""upstream_driver"": ""export_licensing_rules""}",,"event_type, supply_chain_nodes, affected_asset_types, affected_assets, transmission_chain, summary",medium,Conservative frozen-vocabulary proposal from existing historical fields.
case_panama_canal_drought_shipping_capacity,climate-related shipping chokepoint disruption,panama_canal,resolvable,{},"{""canonical_context"": ""maritime_route_capacity_constraint"", ""constraint_type"": ""route_disruption"", ""node"": ""panama_canal"", ""shock_type"": ""physical_disruption"", ""target_node_role"": ""direct_disruption_target"", ""upstream_driver"": ""drought_conditions""}",,"event_type, supply_chain_nodes, affected_asset_types, affected_assets, transmission_chain, summary",medium,Conservative frozen-vocabulary proposal from existing historical fields.
case_panama_canal_drought_shipping_capacity,climate-related shipping chokepoint disruption,maritime_chokepoint,resolvable,{},"{""canonical_context"": ""maritime_route_capacity_constraint"", ""constraint_type"": ""route_disruption"", ""node"": ""maritime_chokepoint"", ""shock_type"": ""physical_disruption"", ""target_node_role"": ""direct_disruption_target"", ""upstream_driver"": ""drought_conditions""}",,"event_type, supply_chain_nodes, affected_asset_types, affected_assets, transmission_chain, summary",medium,Conservative frozen-vocabulary proposal from existing historical fields.
case_panama_canal_drought_shipping_capacity,climate-related shipping chokepoint disruption,container_shipping,already_migrated,"{""canonical_context"": ""maritime_route_capacity_constraint"", ""constraint_type"": ""route_disruption"", ""node"": ""container_shipping"", ""shock_type"": ""capacity_constraint"", ""target_node_role"": ""direct_disruption_target"", ""upstream_driver"": ""canal_transit_capacity_reduction""}","{""canonical_context"": ""maritime_route_capacity_constraint"", ""constraint_type"": ""route_disruption"", ""node"": ""container_shipping"", ""shock_type"": ""capacity_constraint"", ""target_node_role"": ""direct_disruption_target"", ""upstream_driver"": ""canal_transit_capacity_reduction""}",,existing development-enriched node context,high,Preserved without modification.
case_panama_canal_drought_shipping_capacity,climate-related shipping chokepoint disruption,freight_routes,resolvable,{},"{""canonical_context"": ""maritime_route_capacity_constraint"", ""constraint_type"": ""route_disruption"", ""node"": ""freight_routes"", ""shock_type"": ""physical_disruption"", ""target_node_role"": ""transmission_channel"", ""upstream_driver"": ""drought_conditions""}",,"event_type, supply_chain_nodes, affected_asset_types, affected_assets, transmission_chain, summary",medium,Conservative frozen-vocabulary proposal from existing historical fields.
case_panama_canal_drought_shipping_capacity,climate-related shipping chokepoint disruption,lng_shipping,resolvable,{},"{""canonical_context"": ""energy_shipping_sanctions_route_constraint"", ""constraint_type"": ""route_disruption"", ""node"": ""lng_shipping"", ""shock_type"": ""military_escalation"", ""target_node_role"": ""direct_disruption_target"", ""upstream_driver"": ""drought_conditions""}",,"event_type, supply_chain_nodes, affected_asset_types, affected_assets, transmission_chain, summary",medium,Conservative frozen-vocabulary proposal from existing historical fields.
case_panama_canal_drought_shipping_capacity,climate-related shipping chokepoint disruption,agriculture,resolvable,{},"{""canonical_context"": ""agricultural_export_trade_constraint"", ""constraint_type"": ""trade_access_restriction"", ""node"": ""agriculture"", ""shock_type"": ""export_restriction"", ""target_node_role"": ""downstream_exposure"", ""upstream_driver"": ""drought_conditions""}",,"event_type, supply_chain_nodes, affected_asset_types, affected_assets, transmission_chain, summary",medium,Conservative frozen-vocabulary proposal from existing historical fields.
case_panama_canal_drought_shipping_capacity,climate-related shipping chokepoint disruption,logistics,resolvable,{},"{""canonical_context"": ""maritime_route_capacity_constraint"", ""constraint_type"": ""route_disruption"", ""node"": ""logistics"", ""shock_type"": ""physical_disruption"", ""target_node_role"": ""transmission_channel"", ""upstream_driver"": ""drought_conditions""}",,"event_type, supply_chain_nodes, affected_asset_types, affected_assets, transmission_chain, summary",medium,Conservative frozen-vocabulary proposal from existing historical fields.
case_black_sea_grain_export_disruption,war-related agricultural export disruption,grain_exports,resolvable,{},"{""canonical_context"": ""food_export_trade_constraint"", ""constraint_type"": ""trade_access_restriction"", ""node"": ""grain_exports"", ""shock_type"": ""export_restriction"", ""target_node_role"": ""direct_disruption_target"", ""upstream_driver"": ""military_conflict""}",,"event_type, supply_chain_nodes, affected_asset_types, affected_assets, transmission_chain, summary",medium,Conservative frozen-vocabulary proposal from existing historical fields.
case_black_sea_grain_export_disruption,war-related agricultural export disruption,agriculture,resolvable,{},"{""canonical_context"": ""agricultural_input_constraint"", ""constraint_type"": ""input_shortage"", ""node"": ""agriculture"", ""shock_type"": ""export_restriction"", ""target_node_role"": ""downstream_exposure"", ""upstream_driver"": ""military_conflict""}",,"event_type, supply_chain_nodes, affected_asset_types, affected_assets, transmission_chain, summary",medium,Conservative frozen-vocabulary proposal from existing historical fields.
case_black_sea_grain_export_disruption,war-related agricultural export disruption,freight_routes,resolvable,{},"{""canonical_context"": ""maritime_route_security_constraint"", ""constraint_type"": ""route_disruption"", ""node"": ""freight_routes"", ""shock_type"": ""military_escalation"", ""target_node_role"": ""transmission_channel"", ""upstream_driver"": ""military_conflict""}",,"event_type, supply_chain_nodes, affected_asset_types, affected_assets, transmission_chain, summary",medium,Conservative frozen-vocabulary proposal from existing historical fields.
case_black_sea_grain_export_disruption,war-related agricultural export disruption,maritime_chokepoint,resolvable,{},"{""canonical_context"": ""maritime_route_security_constraint"", ""constraint_type"": ""route_disruption"", ""node"": ""maritime_chokepoint"", ""shock_type"": ""military_escalation"", ""target_node_role"": ""direct_disruption_target"", ""upstream_driver"": ""military_conflict""}",,"event_type, supply_chain_nodes, affected_asset_types, affected_assets, transmission_chain, summary",medium,Conservative frozen-vocabulary proposal from existing historical fields.
case_black_sea_grain_export_disruption,war-related agricultural export disruption,fertilizer,resolvable,{},"{""canonical_context"": ""agricultural_input_constraint"", ""constraint_type"": ""input_shortage"", ""node"": ""fertilizer"", ""shock_type"": ""export_restriction"", ""target_node_role"": ""upstream_input"", ""upstream_driver"": ""military_conflict""}",,"event_type, supply_chain_nodes, affected_asset_types, affected_assets, transmission_chain, summary",medium,Conservative frozen-vocabulary proposal from existing historical fields.
case_black_sea_grain_export_disruption,war-related agricultural export disruption,logistics,resolvable,{},"{""canonical_context"": ""maritime_route_security_constraint"", ""constraint_type"": ""route_disruption"", ""node"": ""logistics"", ""shock_type"": ""military_escalation"", ""target_node_role"": ""transmission_channel"", ""upstream_driver"": ""military_conflict""}",,"event_type, supply_chain_nodes, affected_asset_types, affected_assets, transmission_chain, summary",medium,Conservative frozen-vocabulary proposal from existing historical fields.
case_opec_production_cut_policy_shock,oil supply policy shock,energy,ambiguous,{},{},shock_type;constraint_type;upstream_driver;target_node_role;canonical_context,,low,Existing frozen vocabulary and raw case fields do not support a precise node-level context.
case_opec_production_cut_policy_shock,oil supply policy shock,oil_shipping,resolvable,{},"{""canonical_context"": ""oil_shipping_security_constraint"", ""constraint_type"": ""route_disruption"", ""node"": ""oil_shipping"", ""shock_type"": ""military_escalation"", ""target_node_role"": ""direct_disruption_target"", ""upstream_driver"": ""production_policy_decision""}",,"event_type, supply_chain_nodes, affected_asset_types, affected_assets, transmission_chain, summary",medium,Conservative frozen-vocabulary proposal from existing historical fields.
case_opec_production_cut_policy_shock,oil supply policy shock,refining,already_migrated,"{""canonical_context"": ""refining_feedstock_constraint"", ""constraint_type"": ""input_shortage"", ""node"": ""refining"", ""shock_type"": ""capacity_constraint"", ""target_node_role"": ""upstream_input"", ""upstream_driver"": ""crude_supply_policy_cut""}","{""canonical_context"": ""refining_feedstock_constraint"", ""constraint_type"": ""input_shortage"", ""node"": ""refining"", ""shock_type"": ""capacity_constraint"", ""target_node_role"": ""upstream_input"", ""upstream_driver"": ""crude_supply_policy_cut""}",,existing development-enriched node context,high,Preserved without modification.
case_opec_production_cut_policy_shock,oil supply policy shock,petrochemicals,resolvable,{},"{""canonical_context"": ""petrochemical_feedstock_constraint"", ""constraint_type"": ""input_shortage"", ""node"": ""petrochemicals"", ""shock_type"": ""physical_disruption"", ""target_node_role"": ""downstream_exposure"", ""upstream_driver"": ""production_policy_decision""}",,"event_type, supply_chain_nodes, affected_asset_types, affected_assets, transmission_chain, summary",medium,Conservative frozen-vocabulary proposal from existing historical fields.
case_opec_production_cut_policy_shock,oil supply policy shock,aviation,ambiguous,{},{},shock_type;constraint_type;upstream_driver;target_node_role;canonical_context,,low,Existing frozen vocabulary and raw case fields do not support a precise node-level context.
case_israel_iran_escalation_energy_risk,regional military escalation and energy chokepoint risk,defense,already_migrated,"{""canonical_context"": ""regional_security_context"", ""constraint_type"": ""security_risk"", ""node"": ""defense"", ""shock_type"": ""military_escalation"", ""target_node_role"": ""downstream_exposure"", ""upstream_driver"": ""regional_military_escalation""}","{""canonical_context"": ""regional_security_context"", ""constraint_type"": ""security_risk"", ""node"": ""defense"", ""shock_type"": ""military_escalation"", ""target_node_role"": ""downstream_exposure"", ""upstream_driver"": ""regional_military_escalation""}",,existing development-enriched node context,high,Preserved without modification.
case_israel_iran_escalation_energy_risk,regional military escalation and energy chokepoint risk,energy,ambiguous,{},{},shock_type;constraint_type;upstream_driver;target_node_role;canonical_context,,low,Existing frozen vocabulary and raw case fields do not support a precise node-level context.
case_israel_iran_escalation_energy_risk,regional military escalation and energy chokepoint risk,maritime_chokepoint,already_migrated,"{""canonical_context"": ""energy_chokepoint_security_constraint"", ""constraint_type"": ""security_risk"", ""node"": ""maritime_chokepoint"", ""shock_type"": ""military_escalation"", ""target_node_role"": ""transmission_channel"", ""upstream_driver"": ""persian_gulf_chokepoint_risk""}","{""canonical_context"": ""energy_chokepoint_security_constraint"", ""constraint_type"": ""security_risk"", ""node"": ""maritime_chokepoint"", ""shock_type"": ""military_escalation"", ""target_node_role"": ""transmission_channel"", ""upstream_driver"": ""persian_gulf_chokepoint_risk""}",,existing development-enriched node context,high,Preserved without modification.
case_israel_iran_escalation_energy_risk,regional military escalation and energy chokepoint risk,oil_shipping,resolvable,{},"{""canonical_context"": ""oil_shipping_security_constraint"", ""constraint_type"": ""route_disruption"", ""node"": ""oil_shipping"", ""shock_type"": ""military_escalation"", ""target_node_role"": ""direct_disruption_target"", ""upstream_driver"": ""regional_military_escalation""}",,"event_type, supply_chain_nodes, affected_asset_types, affected_assets, transmission_chain, summary",medium,Conservative frozen-vocabulary proposal from existing historical fields.
case_israel_iran_escalation_energy_risk,regional military escalation and energy chokepoint risk,lng_shipping,resolvable,{},"{""canonical_context"": ""energy_shipping_sanctions_route_constraint"", ""constraint_type"": ""route_disruption"", ""node"": ""lng_shipping"", ""shock_type"": ""military_escalation"", ""target_node_role"": ""direct_disruption_target"", ""upstream_driver"": ""regional_military_escalation""}",,"event_type, supply_chain_nodes, affected_asset_types, affected_assets, transmission_chain, summary",medium,Conservative frozen-vocabulary proposal from existing historical fields.
case_israel_iran_escalation_energy_risk,regional military escalation and energy chokepoint risk,marine_insurance,already_migrated,"{""canonical_context"": ""energy_shipping_insurance_constraint"", ""constraint_type"": ""insurance_constraint"", ""node"": ""marine_insurance"", ""shock_type"": ""military_escalation"", ""target_node_role"": ""financing_or_insurance_channel"", ""upstream_driver"": ""regional_energy_chokepoint_risk""}","{""canonical_context"": ""energy_shipping_insurance_constraint"", ""constraint_type"": ""insurance_constraint"", ""node"": ""marine_insurance"", ""shock_type"": ""military_escalation"", ""target_node_role"": ""financing_or_insurance_channel"", ""upstream_driver"": ""regional_energy_chokepoint_risk""}",,existing development-enriched node context,high,Preserved without modification.
case_israel_iran_escalation_energy_risk,regional military escalation and energy chokepoint risk,refining,resolvable,{},"{""canonical_context"": ""refining_feedstock_constraint"", ""constraint_type"": ""input_shortage"", ""node"": ""refining"", ""shock_type"": ""physical_disruption"", ""target_node_role"": ""downstream_exposure"", ""upstream_driver"": ""regional_military_escalation""}",,"event_type, supply_chain_nodes, affected_asset_types, affected_assets, transmission_chain, summary",medium,Conservative frozen-vocabulary proposal from existing historical fields.
case_cyberattack_pipeline_port_infrastructure,cyber infrastructure disruption,cyber_infrastructure,resolvable,{},"{""canonical_context"": ""logistics_cyber_capacity_constraint"", ""constraint_type"": ""capacity_reduction"", ""node"": ""cyber_infrastructure"", ""shock_type"": ""cyber_disruption"", ""target_node_role"": ""direct_disruption_target"", ""upstream_driver"": ""cyber_intrusion""}",,"event_type, supply_chain_nodes, affected_asset_types, affected_assets, transmission_chain, summary",medium,Conservative frozen-vocabulary proposal from existing historical fields.
case_cyberattack_pipeline_port_infrastructure,cyber infrastructure disruption,pipeline_infrastructure,resolvable,{},"{""canonical_context"": ""energy_distribution_cyber_capacity_constraint"", ""constraint_type"": ""capacity_reduction"", ""node"": ""pipeline_infrastructure"", ""shock_type"": ""cyber_disruption"", ""target_node_role"": ""direct_disruption_target"", ""upstream_driver"": ""cyber_intrusion""}",,"event_type, supply_chain_nodes, affected_asset_types, affected_assets, transmission_chain, summary",medium,Conservative frozen-vocabulary proposal from existing historical fields.
case_cyberattack_pipeline_port_infrastructure,cyber infrastructure disruption,ports,resolvable,{},"{""canonical_context"": ""port_cyber_capacity_constraint"", ""constraint_type"": ""capacity_reduction"", ""node"": ""ports"", ""shock_type"": ""cyber_disruption"", ""target_node_role"": ""direct_disruption_target"", ""upstream_driver"": ""cyber_intrusion""}",,"event_type, supply_chain_nodes, affected_asset_types, affected_assets, transmission_chain, summary",medium,Conservative frozen-vocabulary proposal from existing historical fields.
case_cyberattack_pipeline_port_infrastructure,cyber infrastructure disruption,energy,ambiguous,{},{},shock_type;constraint_type;upstream_driver;target_node_role;canonical_context,,low,Existing frozen vocabulary and raw case fields do not support a precise node-level context.
case_cyberattack_pipeline_port_infrastructure,cyber infrastructure disruption,logistics,resolvable,{},"{""canonical_context"": ""logistics_cyber_capacity_constraint"", ""constraint_type"": ""capacity_reduction"", ""node"": ""logistics"", ""shock_type"": ""cyber_disruption"", ""target_node_role"": ""transmission_channel"", ""upstream_driver"": ""cyber_intrusion""}",,"event_type, supply_chain_nodes, affected_asset_types, affected_assets, transmission_chain, summary",medium,Conservative frozen-vocabulary proposal from existing historical fields.
case_cyberattack_pipeline_port_infrastructure,cyber infrastructure disruption,freight_routes,resolvable,{},"{""canonical_context"": ""maritime_route_security_constraint"", ""constraint_type"": ""route_disruption"", ""node"": ""freight_routes"", ""shock_type"": ""military_escalation"", ""target_node_role"": ""transmission_channel"", ""upstream_driver"": ""cyber_intrusion""}",,"event_type, supply_chain_nodes, affected_asset_types, affected_assets, transmission_chain, summary",medium,Conservative frozen-vocabulary proposal from existing historical fields.
case_defense_spending_shock_after_escalation,defense spending policy shock,defense,resolvable,{},"{""canonical_context"": ""semiconductor_strategic_downstream_exposure"", ""constraint_type"": ""input_access_restriction"", ""node"": ""defense"", ""shock_type"": ""export_restriction"", ""target_node_role"": ""downstream_strategic_exposure"", ""upstream_driver"": ""military_escalation""}",,"event_type, supply_chain_nodes, affected_asset_types, affected_assets, transmission_chain, summary",medium,Conservative frozen-vocabulary proposal from existing historical fields.
case_defense_spending_shock_after_escalation,defense spending policy shock,manufacturing_inputs,vocabulary_gap_candidate,{},{},shock_type;constraint_type;upstream_driver;target_node_role;canonical_context,,medium,No frozen canonical_context precisely represents this node's mechanism.
case_defense_spending_shock_after_escalation,defense spending policy shock,semiconductor_equipment,resolvable,{},"{""canonical_context"": ""semiconductor_export_control_constraint"", ""constraint_type"": ""trade_access_restriction"", ""node"": ""semiconductor_equipment"", ""shock_type"": ""export_restriction"", ""target_node_role"": ""direct_disruption_target"", ""upstream_driver"": ""military_escalation""}",,"event_type, supply_chain_nodes, affected_asset_types, affected_assets, transmission_chain, summary",medium,Conservative frozen-vocabulary proposal from existing historical fields.
case_defense_spending_shock_after_escalation,defense spending policy shock,ai_chips,resolvable,{},"{""canonical_context"": ""semiconductor_export_control_constraint"", ""constraint_type"": ""trade_access_restriction"", ""node"": ""ai_chips"", ""shock_type"": ""export_restriction"", ""target_node_role"": ""direct_disruption_target"", ""upstream_driver"": ""military_escalation""}",,"event_type, supply_chain_nodes, affected_asset_types, affected_assets, transmission_chain, summary",medium,Conservative frozen-vocabulary proposal from existing historical fields.
case_defense_spending_shock_after_escalation,defense spending policy shock,cyber_infrastructure,resolvable,{},"{""canonical_context"": ""logistics_cyber_capacity_constraint"", ""constraint_type"": ""capacity_reduction"", ""node"": ""cyber_infrastructure"", ""shock_type"": ""cyber_disruption"", ""target_node_role"": ""direct_disruption_target"", ""upstream_driver"": ""military_escalation""}",,"event_type, supply_chain_nodes, affected_asset_types, affected_assets, transmission_chain, summary",medium,Conservative frozen-vocabulary proposal from existing historical fields.
case_uranium_nuclear_fuel_supply_disruption,nuclear fuel supply-chain risk,uranium,vocabulary_gap_candidate,{},{},shock_type;constraint_type;upstream_driver;target_node_role;canonical_context,,medium,No frozen canonical_context precisely represents this node's mechanism.
case_uranium_nuclear_fuel_supply_disruption,nuclear fuel supply-chain risk,nuclear_fuel,vocabulary_gap_candidate,{},{},shock_type;constraint_type;upstream_driver;target_node_role;canonical_context,,medium,No frozen canonical_context precisely represents this node's mechanism.
case_uranium_nuclear_fuel_supply_disruption,nuclear fuel supply-chain risk,energy,resolvable,{},"{""canonical_context"": ""energy_trade_access_constraint"", ""constraint_type"": ""trade_access_restriction"", ""node"": ""energy"", ""shock_type"": ""sanctions"", ""target_node_role"": ""downstream_exposure"", ""upstream_driver"": ""geopolitical_sanctions_risk""}",,"event_type, supply_chain_nodes, affected_asset_types, affected_assets, transmission_chain, summary",medium,Conservative frozen-vocabulary proposal from existing historical fields.
case_uranium_nuclear_fuel_supply_disruption,nuclear fuel supply-chain risk,trade_lanes,resolvable,{},"{""canonical_context"": ""tariff_trade_compliance_constraint"", ""constraint_type"": ""trade_access_restriction"", ""node"": ""trade_lanes"", ""shock_type"": ""regulatory_restriction"", ""target_node_role"": ""compliance_channel"", ""upstream_driver"": ""geopolitical_sanctions_risk""}",,"event_type, supply_chain_nodes, affected_asset_types, affected_assets, transmission_chain, summary",medium,Conservative frozen-vocabulary proposal from existing historical fields.
case_uranium_nuclear_fuel_supply_disruption,nuclear fuel supply-chain risk,customs,resolvable,{},"{""canonical_context"": ""tariff_customs_compliance_constraint"", ""constraint_type"": ""compliance_constraint"", ""node"": ""customs"", ""shock_type"": ""regulatory_restriction"", ""target_node_role"": ""compliance_channel"", ""upstream_driver"": ""geopolitical_sanctions_risk""}",,"event_type, supply_chain_nodes, affected_asset_types, affected_assets, transmission_chain, summary",medium,Conservative frozen-vocabulary proposal from existing historical fields.
case_uranium_nuclear_fuel_supply_disruption,nuclear fuel supply-chain risk,manufacturing_inputs,vocabulary_gap_candidate,{},{},shock_type;constraint_type;upstream_driver;target_node_role;canonical_context,,medium,No frozen canonical_context precisely represents this node's mechanism.
case_2022_russia_swift_financial_sanctions,financial sanctions and payment network disruption,financial_sanctions,already_migrated,"{""canonical_context"": ""financial_sanctions_trade_finance_constraint"", ""constraint_type"": ""financing_constraint"", ""node"": ""financial_sanctions"", ""shock_type"": ""sanctions"", ""target_node_role"": ""direct_disruption_target"", ""upstream_driver"": ""payment_network_restriction""}","{""canonical_context"": ""financial_sanctions_trade_finance_constraint"", ""constraint_type"": ""financing_constraint"", ""node"": ""financial_sanctions"", ""shock_type"": ""sanctions"", ""target_node_role"": ""direct_disruption_target"", ""upstream_driver"": ""payment_network_restriction""}",,existing development-enriched node context,high,Preserved without modification.
case_2022_russia_swift_financial_sanctions,financial sanctions and payment network disruption,payment_networks,resolvable,{},"{""canonical_context"": ""financial_sanctions_trade_finance_constraint"", ""constraint_type"": ""financing_constraint"", ""node"": ""payment_networks"", ""shock_type"": ""sanctions"", ""target_node_role"": ""direct_disruption_target"", ""upstream_driver"": ""sanctions_designation""}",,"event_type, supply_chain_nodes, affected_asset_types, affected_assets, transmission_chain, summary",medium,Conservative frozen-vocabulary proposal from existing historical fields.
case_2022_russia_swift_financial_sanctions,financial sanctions and payment network disruption,customs,resolvable,{},"{""canonical_context"": ""tariff_customs_compliance_constraint"", ""constraint_type"": ""compliance_constraint"", ""node"": ""customs"", ""shock_type"": ""regulatory_restriction"", ""target_node_role"": ""compliance_channel"", ""upstream_driver"": ""sanctions_designation""}",,"event_type, supply_chain_nodes, affected_asset_types, affected_assets, transmission_chain, summary",medium,Conservative frozen-vocabulary proposal from existing historical fields.
case_2022_russia_swift_financial_sanctions,financial sanctions and payment network disruption,trade_lanes,resolvable,{},"{""canonical_context"": ""tariff_trade_compliance_constraint"", ""constraint_type"": ""trade_access_restriction"", ""node"": ""trade_lanes"", ""shock_type"": ""regulatory_restriction"", ""target_node_role"": ""compliance_channel"", ""upstream_driver"": ""sanctions_designation""}",,"event_type, supply_chain_nodes, affected_asset_types, affected_assets, transmission_chain, summary",medium,Conservative frozen-vocabulary proposal from existing historical fields.
case_2022_russia_swift_financial_sanctions,financial sanctions and payment network disruption,energy,already_migrated,"{""canonical_context"": ""energy_trade_finance_constraint"", ""constraint_type"": ""financing_constraint"", ""node"": ""energy"", ""shock_type"": ""sanctions"", ""target_node_role"": ""downstream_exposure"", ""upstream_driver"": ""energy_trade_payment_disruption""}","{""canonical_context"": ""energy_trade_finance_constraint"", ""constraint_type"": ""financing_constraint"", ""node"": ""energy"", ""shock_type"": ""sanctions"", ""target_node_role"": ""downstream_exposure"", ""upstream_driver"": ""energy_trade_payment_disruption""}",,existing development-enriched node context,high,Preserved without modification.
case_2023_port_of_nagoya_cyberattack,cyber infrastructure disruption,cyber_infrastructure,resolvable,{},"{""canonical_context"": ""logistics_cyber_capacity_constraint"", ""constraint_type"": ""capacity_reduction"", ""node"": ""cyber_infrastructure"", ""shock_type"": ""cyber_disruption"", ""target_node_role"": ""direct_disruption_target"", ""upstream_driver"": ""ransomware_incident""}",,"event_type, supply_chain_nodes, affected_asset_types, affected_assets, transmission_chain, summary",medium,Conservative frozen-vocabulary proposal from existing historical fields.
case_2023_port_of_nagoya_cyberattack,cyber infrastructure disruption,ports,already_migrated,"{""canonical_context"": ""port_cyber_capacity_constraint"", ""constraint_type"": ""capacity_reduction"", ""node"": ""ports"", ""shock_type"": ""cyber_disruption"", ""target_node_role"": ""direct_disruption_target"", ""upstream_driver"": ""port_system_shutdown""}","{""canonical_context"": ""port_cyber_capacity_constraint"", ""constraint_type"": ""capacity_reduction"", ""node"": ""ports"", ""shock_type"": ""cyber_disruption"", ""target_node_role"": ""direct_disruption_target"", ""upstream_driver"": ""port_system_shutdown""}",,existing development-enriched node context,high,Preserved without modification.
case_2023_port_of_nagoya_cyberattack,cyber infrastructure disruption,logistics,already_migrated,"{""canonical_context"": ""logistics_cyber_capacity_constraint"", ""constraint_type"": ""capacity_reduction"", ""node"": ""logistics"", ""shock_type"": ""cyber_disruption"", ""target_node_role"": ""transmission_channel"", ""upstream_driver"": ""port_system_shutdown""}","{""canonical_context"": ""logistics_cyber_capacity_constraint"", ""constraint_type"": ""capacity_reduction"", ""node"": ""logistics"", ""shock_type"": ""cyber_disruption"", ""target_node_role"": ""transmission_channel"", ""upstream_driver"": ""port_system_shutdown""}",,existing development-enriched node context,high,Preserved without modification.
case_2023_port_of_nagoya_cyberattack,cyber infrastructure disruption,freight_routes,resolvable,{},"{""canonical_context"": ""maritime_route_security_constraint"", ""constraint_type"": ""route_disruption"", ""node"": ""freight_routes"", ""shock_type"": ""military_escalation"", ""target_node_role"": ""transmission_channel"", ""upstream_driver"": ""ransomware_incident""}",,"event_type, supply_chain_nodes, affected_asset_types, affected_assets, transmission_chain, summary",medium,Conservative frozen-vocabulary proposal from existing historical fields.
case_2023_port_of_nagoya_cyberattack,cyber infrastructure disruption,manufacturing_inputs,vocabulary_gap_candidate,{},{},shock_type;constraint_type;upstream_driver;target_node_role;canonical_context,,medium,No frozen canonical_context precisely represents this node's mechanism.
case_2023_middle_east_defense_supply_escalation,defense supply-chain escalation,defense,resolvable,{},"{""canonical_context"": ""semiconductor_strategic_downstream_exposure"", ""constraint_type"": ""input_access_restriction"", ""node"": ""defense"", ""shock_type"": ""export_restriction"", ""target_node_role"": ""downstream_strategic_exposure"", ""upstream_driver"": ""regional_conflict_escalation""}",,"event_type, supply_chain_nodes, affected_asset_types, affected_assets, transmission_chain, summary",medium,Conservative frozen-vocabulary proposal from existing historical fields.
case_2023_middle_east_defense_supply_escalation,defense supply-chain escalation,manufacturing_inputs,vocabulary_gap_candidate,{},{},shock_type;constraint_type;upstream_driver;target_node_role;canonical_context,,medium,No frozen canonical_context precisely represents this node's mechanism.
case_2023_middle_east_defense_supply_escalation,defense supply-chain escalation,ai_chips,resolvable,{},"{""canonical_context"": ""semiconductor_export_control_constraint"", ""constraint_type"": ""trade_access_restriction"", ""node"": ""ai_chips"", ""shock_type"": ""export_restriction"", ""target_node_role"": ""direct_disruption_target"", ""upstream_driver"": ""regional_conflict_escalation""}",,"event_type, supply_chain_nodes, affected_asset_types, affected_assets, transmission_chain, summary",medium,Conservative frozen-vocabulary proposal from existing historical fields.
case_2023_middle_east_defense_supply_escalation,defense supply-chain escalation,cyber_infrastructure,resolvable,{},"{""canonical_context"": ""logistics_cyber_capacity_constraint"", ""constraint_type"": ""capacity_reduction"", ""node"": ""cyber_infrastructure"", ""shock_type"": ""cyber_disruption"", ""target_node_role"": ""direct_disruption_target"", ""upstream_driver"": ""regional_conflict_escalation""}",,"event_type, supply_chain_nodes, affected_asset_types, affected_assets, transmission_chain, summary",medium,Conservative frozen-vocabulary proposal from existing historical fields.
case_2023_middle_east_defense_supply_escalation,defense supply-chain escalation,aerospace_supply_chain,resolvable,{},"{""canonical_context"": ""semiconductor_strategic_downstream_exposure"", ""constraint_type"": ""input_access_restriction"", ""node"": ""aerospace_supply_chain"", ""shock_type"": ""export_restriction"", ""target_node_role"": ""downstream_strategic_exposure"", ""upstream_driver"": ""regional_conflict_escalation""}",,"event_type, supply_chain_nodes, affected_asset_types, affected_assets, transmission_chain, summary",medium,Conservative frozen-vocabulary proposal from existing historical fields.
case_2024_taiwan_strait_drills_semiconductor_supply,taiwan strait semiconductor supply-chain disruption,taiwan_semiconductor_supply,resolvable,{},"{""canonical_context"": ""semiconductor_export_control_constraint"", ""constraint_type"": ""trade_access_restriction"", ""node"": ""taiwan_semiconductor_supply"", ""shock_type"": ""export_restriction"", ""target_node_role"": ""transmission_channel"", ""upstream_driver"": ""military_drills""}",,"event_type, supply_chain_nodes, affected_asset_types, affected_assets, transmission_chain, summary",medium,Conservative frozen-vocabulary proposal from existing historical fields.
case_2024_taiwan_strait_drills_semiconductor_supply,taiwan strait semiconductor supply-chain disruption,foundry,resolvable,{},"{""canonical_context"": ""semiconductor_export_control_constraint"", ""constraint_type"": ""trade_access_restriction"", ""node"": ""foundry"", ""shock_type"": ""export_restriction"", ""target_node_role"": ""transmission_channel"", ""upstream_driver"": ""military_drills""}",,"event_type, supply_chain_nodes, affected_asset_types, affected_assets, transmission_chain, summary",medium,Conservative frozen-vocabulary proposal from existing historical fields.
case_2024_taiwan_strait_drills_semiconductor_supply,taiwan strait semiconductor supply-chain disruption,ai_chips,resolvable,{},"{""canonical_context"": ""semiconductor_export_control_constraint"", ""constraint_type"": ""trade_access_restriction"", ""node"": ""ai_chips"", ""shock_type"": ""export_restriction"", ""target_node_role"": ""direct_disruption_target"", ""upstream_driver"": ""military_drills""}",,"event_type, supply_chain_nodes, affected_asset_types, affected_assets, transmission_chain, summary",medium,Conservative frozen-vocabulary proposal from existing historical fields.
case_2024_taiwan_strait_drills_semiconductor_supply,taiwan strait semiconductor supply-chain disruption,semiconductor_equipment,resolvable,{},"{""canonical_context"": ""semiconductor_export_control_constraint"", ""constraint_type"": ""trade_access_restriction"", ""node"": ""semiconductor_equipment"", ""shock_type"": ""export_restriction"", ""target_node_role"": ""direct_disruption_target"", ""upstream_driver"": ""military_drills""}",,"event_type, supply_chain_nodes, affected_asset_types, affected_assets, transmission_chain, summary",medium,Conservative frozen-vocabulary proposal from existing historical fields.
case_2024_taiwan_strait_drills_semiconductor_supply,taiwan strait semiconductor supply-chain disruption,data_centers,resolvable,{},"{""canonical_context"": ""logistics_cyber_capacity_constraint"", ""constraint_type"": ""capacity_reduction"", ""node"": ""data_centers"", ""shock_type"": ""cyber_disruption"", ""target_node_role"": ""direct_disruption_target"", ""upstream_driver"": ""military_drills""}",,"event_type, supply_chain_nodes, affected_asset_types, affected_assets, transmission_chain, summary",medium,Conservative frozen-vocabulary proposal from existing historical fields.
case_2024_taiwan_strait_drills_semiconductor_supply,taiwan strait semiconductor supply-chain disruption,defense,already_migrated,"{""canonical_context"": ""semiconductor_strategic_downstream_exposure"", ""constraint_type"": ""security_risk"", ""node"": ""defense"", ""shock_type"": ""military_escalation"", ""target_node_role"": ""downstream_strategic_exposure"", ""upstream_driver"": ""advanced_foundry_concentration_risk""}","{""canonical_context"": ""semiconductor_strategic_downstream_exposure"", ""constraint_type"": ""security_risk"", ""node"": ""defense"", ""shock_type"": ""military_escalation"", ""target_node_role"": ""downstream_strategic_exposure"", ""upstream_driver"": ""advanced_foundry_concentration_risk""}",,existing development-enriched node context,high,Preserved without modification.
case_2023_china_graphite_battery_export_controls,battery material export controls,battery_materials,already_migrated,"{""canonical_context"": ""battery_material_input_constraint"", ""constraint_type"": ""input_access_restriction"", ""node"": ""battery_materials"", ""shock_type"": ""export_restriction"", ""target_node_role"": ""upstream_input"", ""upstream_driver"": ""graphite_export_licensing_controls""}","{""canonical_context"": ""battery_material_input_constraint"", ""constraint_type"": ""input_access_restriction"", ""node"": ""battery_materials"", ""shock_type"": ""export_restriction"", ""target_node_role"": ""upstream_input"", ""upstream_driver"": ""graphite_export_licensing_controls""}",,existing development-enriched node context,high,Preserved without modification.
case_2023_china_graphite_battery_export_controls,battery material export controls,graphite,resolvable,{},"{""canonical_context"": ""critical_material_compliance_constraint"", ""constraint_type"": ""input_access_restriction"", ""node"": ""graphite"", ""shock_type"": ""export_restriction"", ""target_node_role"": ""upstream_input"", ""upstream_driver"": ""export_licensing_rules""}",,"event_type, supply_chain_nodes, affected_asset_types, affected_assets, transmission_chain, summary",medium,Conservative frozen-vocabulary proposal from existing historical fields.
case_2023_china_graphite_battery_export_controls,battery material export controls,critical_minerals,resolvable,{},"{""canonical_context"": ""critical_material_compliance_constraint"", ""constraint_type"": ""input_access_restriction"", ""node"": ""critical_minerals"", ""shock_type"": ""export_restriction"", ""target_node_role"": ""upstream_input"", ""upstream_driver"": ""export_licensing_rules""}",,"event_type, supply_chain_nodes, affected_asset_types, affected_assets, transmission_chain, summary",medium,Conservative frozen-vocabulary proposal from existing historical fields.
case_2023_china_graphite_battery_export_controls,battery material export controls,gallium_germanium_graphite,resolvable,{},"{""canonical_context"": ""critical_material_compliance_constraint"", ""constraint_type"": ""input_access_restriction"", ""node"": ""gallium_germanium_graphite"", ""shock_type"": ""export_restriction"", ""target_node_role"": ""upstream_input"", ""upstream_driver"": ""export_licensing_rules""}",,"event_type, supply_chain_nodes, affected_asset_types, affected_assets, transmission_chain, summary",medium,Conservative frozen-vocabulary proposal from existing historical fields.
case_2023_china_graphite_battery_export_controls,battery material export controls,manufacturing_inputs,vocabulary_gap_candidate,{},{},shock_type;constraint_type;upstream_driver;target_node_role;canonical_context,,medium,No frozen canonical_context precisely represents this node's mechanism.
case_2023_china_graphite_battery_export_controls,battery material export controls,customs,resolvable,{},"{""canonical_context"": ""tariff_customs_compliance_constraint"", ""constraint_type"": ""compliance_constraint"", ""node"": ""customs"", ""shock_type"": ""regulatory_restriction"", ""target_node_role"": ""compliance_channel"", ""upstream_driver"": ""export_licensing_rules""}",,"event_type, supply_chain_nodes, affected_asset_types, affected_assets, transmission_chain, summary",medium,Conservative frozen-vocabulary proposal from existing historical fields.
case_2020_opec_plus_production_cut,oil supply policy shock,energy,ambiguous,{},{},shock_type;constraint_type;upstream_driver;target_node_role;canonical_context,,low,Existing frozen vocabulary and raw case fields do not support a precise node-level context.
case_2020_opec_plus_production_cut,oil supply policy shock,oil_shipping,resolvable,{},"{""canonical_context"": ""oil_shipping_security_constraint"", ""constraint_type"": ""route_disruption"", ""node"": ""oil_shipping"", ""shock_type"": ""military_escalation"", ""target_node_role"": ""direct_disruption_target"", ""upstream_driver"": ""producer_policy_agreement""}",,"event_type, supply_chain_nodes, affected_asset_types, affected_assets, transmission_chain, summary",medium,Conservative frozen-vocabulary proposal from existing historical fields.
case_2020_opec_plus_production_cut,oil supply policy shock,refining,resolvable,{},"{""canonical_context"": ""refining_feedstock_constraint"", ""constraint_type"": ""input_shortage"", ""node"": ""refining"", ""shock_type"": ""physical_disruption"", ""target_node_role"": ""downstream_exposure"", ""upstream_driver"": ""producer_policy_agreement""}",,"event_type, supply_chain_nodes, affected_asset_types, affected_assets, transmission_chain, summary",medium,Conservative frozen-vocabulary proposal from existing historical fields.
case_2020_opec_plus_production_cut,oil supply policy shock,petrochemicals,resolvable,{},"{""canonical_context"": ""petrochemical_feedstock_constraint"", ""constraint_type"": ""input_shortage"", ""node"": ""petrochemicals"", ""shock_type"": ""physical_disruption"", ""target_node_role"": ""downstream_exposure"", ""upstream_driver"": ""producer_policy_agreement""}",,"event_type, supply_chain_nodes, affected_asset_types, affected_assets, transmission_chain, summary",medium,Conservative frozen-vocabulary proposal from existing historical fields.
case_2020_opec_plus_production_cut,oil supply policy shock,aviation,ambiguous,{},{},shock_type;constraint_type;upstream_driver;target_node_role;canonical_context,,low,Existing frozen vocabulary and raw case fields do not support a precise node-level context.
case_2022_abu_dhabi_oil_facility_attack,energy infrastructure disruption,energy,ambiguous,{},{},shock_type;constraint_type;upstream_driver;target_node_role;canonical_context,,low,Existing frozen vocabulary and raw case fields do not support a precise node-level context.
case_2022_abu_dhabi_oil_facility_attack,energy infrastructure disruption,oil_shipping,resolvable,{},"{""canonical_context"": ""oil_shipping_security_constraint"", ""constraint_type"": ""route_disruption"", ""node"": ""oil_shipping"", ""shock_type"": ""military_escalation"", ""target_node_role"": ""direct_disruption_target"", ""upstream_driver"": ""infrastructure_attack""}",,"event_type, supply_chain_nodes, affected_asset_types, affected_assets, transmission_chain, summary",medium,Conservative frozen-vocabulary proposal from existing historical fields.
case_2022_abu_dhabi_oil_facility_attack,energy infrastructure disruption,refining,resolvable,{},"{""canonical_context"": ""refining_feedstock_constraint"", ""constraint_type"": ""input_shortage"", ""node"": ""refining"", ""shock_type"": ""physical_disruption"", ""target_node_role"": ""downstream_exposure"", ""upstream_driver"": ""infrastructure_attack""}",,"event_type, supply_chain_nodes, affected_asset_types, affected_assets, transmission_chain, summary",medium,Conservative frozen-vocabulary proposal from existing historical fields.
case_2022_abu_dhabi_oil_facility_attack,energy infrastructure disruption,petrochemicals,resolvable,{},"{""canonical_context"": ""petrochemical_feedstock_constraint"", ""constraint_type"": ""input_shortage"", ""node"": ""petrochemicals"", ""shock_type"": ""physical_disruption"", ""target_node_role"": ""downstream_exposure"", ""upstream_driver"": ""infrastructure_attack""}",,"event_type, supply_chain_nodes, affected_asset_types, affected_assets, transmission_chain, summary",medium,Conservative frozen-vocabulary proposal from existing historical fields.
case_2022_abu_dhabi_oil_facility_attack,energy infrastructure disruption,aviation,resolvable,{},"{""canonical_context"": ""aerospace_defense_procurement_constraint"", ""constraint_type"": ""security_risk"", ""node"": ""aviation"", ""shock_type"": ""military_escalation"", ""target_node_role"": ""direct_disruption_target"", ""upstream_driver"": ""infrastructure_attack""}",,"event_type, supply_chain_nodes, affected_asset_types, affected_assets, transmission_chain, summary",medium,Conservative frozen-vocabulary proposal from existing historical fields.
case_2022_abu_dhabi_oil_facility_attack,energy infrastructure disruption,defense,already_migrated,"{""canonical_context"": ""regional_security_context"", ""constraint_type"": ""security_risk"", ""node"": ""defense"", ""shock_type"": ""military_escalation"", ""target_node_role"": ""downstream_exposure"", ""upstream_driver"": ""energy_facility_attack_defense_readiness""}","{""canonical_context"": ""regional_security_context"", ""constraint_type"": ""security_risk"", ""node"": ""defense"", ""shock_type"": ""military_escalation"", ""target_node_role"": ""downstream_exposure"", ""upstream_driver"": ""energy_facility_attack_defense_readiness""}",,existing development-enriched node context,high,Preserved without modification.
case_2024_us_east_gulf_port_strike,port labor and shipping logistics disruption,port_labor,ambiguous,{},{},shock_type;constraint_type;upstream_driver;target_node_role;canonical_context,,low,Existing frozen vocabulary and raw case fields do not support a precise node-level context.
case_2024_us_east_gulf_port_strike,port labor and shipping logistics disruption,ports,resolvable,{},"{""canonical_context"": ""maritime_route_capacity_constraint"", ""constraint_type"": ""route_disruption"", ""node"": ""ports"", ""shock_type"": ""physical_disruption"", ""target_node_role"": ""transmission_channel"", ""upstream_driver"": ""labor_contract_dispute""}",,"event_type, supply_chain_nodes, affected_asset_types, affected_assets, transmission_chain, summary",medium,Conservative frozen-vocabulary proposal from existing historical fields.
case_2024_us_east_gulf_port_strike,port labor and shipping logistics disruption,container_shipping,resolvable,{},"{""canonical_context"": ""maritime_route_security_constraint"", ""constraint_type"": ""route_disruption"", ""node"": ""container_shipping"", ""shock_type"": ""physical_disruption"", ""target_node_role"": ""direct_disruption_target"", ""upstream_driver"": ""labor_contract_dispute""}",,"event_type, supply_chain_nodes, affected_asset_types, affected_assets, transmission_chain, summary",medium,Conservative frozen-vocabulary proposal from existing historical fields.
case_2024_us_east_gulf_port_strike,port labor and shipping logistics disruption,freight_routes,resolvable,{},"{""canonical_context"": ""maritime_route_capacity_constraint"", ""constraint_type"": ""route_disruption"", ""node"": ""freight_routes"", ""shock_type"": ""physical_disruption"", ""target_node_role"": ""transmission_channel"", ""upstream_driver"": ""labor_contract_dispute""}",,"event_type, supply_chain_nodes, affected_asset_types, affected_assets, transmission_chain, summary",medium,Conservative frozen-vocabulary proposal from existing historical fields.
case_2024_us_east_gulf_port_strike,port labor and shipping logistics disruption,logistics,already_migrated,"{""canonical_context"": ""logistics_port_labor_capacity_constraint"", ""constraint_type"": ""capacity_reduction"", ""node"": ""logistics"", ""shock_type"": ""labor_disruption"", ""target_node_role"": ""transmission_channel"", ""upstream_driver"": ""port_labor_work_stoppage""}","{""canonical_context"": ""logistics_port_labor_capacity_constraint"", ""constraint_type"": ""capacity_reduction"", ""node"": ""logistics"", ""shock_type"": ""labor_disruption"", ""target_node_role"": ""transmission_channel"", ""upstream_driver"": ""port_labor_work_stoppage""}",,existing development-enriched node context,high,Preserved without modification.
case_2024_us_east_gulf_port_strike,port labor and shipping logistics disruption,trade_lanes,resolvable,{},"{""canonical_context"": ""maritime_route_capacity_constraint"", ""constraint_type"": ""route_disruption"", ""node"": ""trade_lanes"", ""shock_type"": ""physical_disruption"", ""target_node_role"": ""transmission_channel"", ""upstream_driver"": ""labor_contract_dispute""}",,"event_type, supply_chain_nodes, affected_asset_types, affected_assets, transmission_chain, summary",medium,Conservative frozen-vocabulary proposal from existing historical fields.
case_2022_india_wheat_export_ban,food export ban and grain trade restriction,food_export_controls,resolvable,{},"{""canonical_context"": ""food_export_trade_constraint"", ""constraint_type"": ""trade_access_restriction"", ""node"": ""food_export_controls"", ""shock_type"": ""export_restriction"", ""target_node_role"": ""direct_disruption_target"", ""upstream_driver"": ""export_ban_announcement""}",,"event_type, supply_chain_nodes, affected_asset_types, affected_assets, transmission_chain, summary",medium,Conservative frozen-vocabulary proposal from existing historical fields.
case_2022_india_wheat_export_ban,food export ban and grain trade restriction,grain_exports,already_migrated,"{""canonical_context"": ""food_export_trade_constraint"", ""constraint_type"": ""trade_access_restriction"", ""node"": ""grain_exports"", ""shock_type"": ""export_restriction"", ""target_node_role"": ""direct_disruption_target"", ""upstream_driver"": ""wheat_export_ban""}","{""canonical_context"": ""food_export_trade_constraint"", ""constraint_type"": ""trade_access_restriction"", ""node"": ""grain_exports"", ""shock_type"": ""export_restriction"", ""target_node_role"": ""direct_disruption_target"", ""upstream_driver"": ""wheat_export_ban""}",,existing development-enriched node context,high,Preserved without modification.
case_2022_india_wheat_export_ban,food export ban and grain trade restriction,agriculture,resolvable,{},"{""canonical_context"": ""agricultural_input_constraint"", ""constraint_type"": ""input_shortage"", ""node"": ""agriculture"", ""shock_type"": ""export_restriction"", ""target_node_role"": ""downstream_exposure"", ""upstream_driver"": ""export_ban_announcement""}",,"event_type, supply_chain_nodes, affected_asset_types, affected_assets, transmission_chain, summary",medium,Conservative frozen-vocabulary proposal from existing historical fields.
case_2022_india_wheat_export_ban,food export ban and grain trade restriction,trade_lanes,resolvable,{},"{""canonical_context"": ""tariff_trade_compliance_constraint"", ""constraint_type"": ""trade_access_restriction"", ""node"": ""trade_lanes"", ""shock_type"": ""regulatory_restriction"", ""target_node_role"": ""compliance_channel"", ""upstream_driver"": ""export_ban_announcement""}",,"event_type, supply_chain_nodes, affected_asset_types, affected_assets, transmission_chain, summary",medium,Conservative frozen-vocabulary proposal from existing historical fields.
case_2022_india_wheat_export_ban,food export ban and grain trade restriction,customs,resolvable,{},"{""canonical_context"": ""tariff_customs_compliance_constraint"", ""constraint_type"": ""compliance_constraint"", ""node"": ""customs"", ""shock_type"": ""regulatory_restriction"", ""target_node_role"": ""compliance_channel"", ""upstream_driver"": ""export_ban_announcement""}",,"event_type, supply_chain_nodes, affected_asset_types, affected_assets, transmission_chain, summary",medium,Conservative frozen-vocabulary proposal from existing historical fields.
case_2022_india_wheat_export_ban,food export ban and grain trade restriction,logistics,resolvable,{},"{""canonical_context"": ""maritime_route_security_constraint"", ""constraint_type"": ""route_disruption"", ""node"": ""logistics"", ""shock_type"": ""military_escalation"", ""target_node_role"": ""transmission_channel"", ""upstream_driver"": ""export_ban_announcement""}",,"event_type, supply_chain_nodes, affected_asset_types, affected_assets, transmission_chain, summary",medium,Conservative frozen-vocabulary proposal from existing historical fields.
case_2022_russia_aviation_supply_chain_sanctions,aerospace supply-chain sanctions,aerospace_supply_chain,resolvable,{},"{""canonical_context"": ""aerospace_defense_procurement_constraint"", ""constraint_type"": ""security_risk"", ""node"": ""aerospace_supply_chain"", ""shock_type"": ""military_escalation"", ""target_node_role"": ""downstream_exposure"", ""upstream_driver"": ""sanctions_and_airspace_restrictions""}",,"event_type, supply_chain_nodes, affected_asset_types, affected_assets, transmission_chain, summary",medium,Conservative frozen-vocabulary proposal from existing historical fields.
case_2022_russia_aviation_supply_chain_sanctions,aerospace supply-chain sanctions,aviation,resolvable,{},"{""canonical_context"": ""airspace_route_disruption"", ""constraint_type"": ""route_disruption"", ""node"": ""aviation"", ""shock_type"": ""military_escalation"", ""target_node_role"": ""direct_disruption_target"", ""upstream_driver"": ""sanctions_and_airspace_restrictions""}",,"event_type, supply_chain_nodes, affected_asset_types, affected_assets, transmission_chain, summary",medium,Conservative frozen-vocabulary proposal from existing historical fields.
case_2022_russia_aviation_supply_chain_sanctions,aerospace supply-chain sanctions,manufacturing_inputs,vocabulary_gap_candidate,{},{},shock_type;constraint_type;upstream_driver;target_node_role;canonical_context,,medium,No frozen canonical_context precisely represents this node's mechanism.
case_2022_russia_aviation_supply_chain_sanctions,aerospace supply-chain sanctions,trade_lanes,resolvable,{},"{""canonical_context"": ""tariff_trade_compliance_constraint"", ""constraint_type"": ""trade_access_restriction"", ""node"": ""trade_lanes"", ""shock_type"": ""regulatory_restriction"", ""target_node_role"": ""compliance_channel"", ""upstream_driver"": ""sanctions_and_airspace_restrictions""}",,"event_type, supply_chain_nodes, affected_asset_types, affected_assets, transmission_chain, summary",medium,Conservative frozen-vocabulary proposal from existing historical fields.
case_2022_russia_aviation_supply_chain_sanctions,aerospace supply-chain sanctions,customs,resolvable,{},"{""canonical_context"": ""tariff_customs_compliance_constraint"", ""constraint_type"": ""compliance_constraint"", ""node"": ""customs"", ""shock_type"": ""regulatory_restriction"", ""target_node_role"": ""compliance_channel"", ""upstream_driver"": ""sanctions_and_airspace_restrictions""}",,"event_type, supply_chain_nodes, affected_asset_types, affected_assets, transmission_chain, summary",medium,Conservative frozen-vocabulary proposal from existing historical fields.
case_2022_russia_aviation_supply_chain_sanctions,aerospace supply-chain sanctions,defense,resolvable,{},"{""canonical_context"": ""aerospace_defense_procurement_constraint"", ""constraint_type"": ""security_risk"", ""node"": ""defense"", ""shock_type"": ""military_escalation"", ""target_node_role"": ""downstream_exposure"", ""upstream_driver"": ""sanctions_and_airspace_restrictions""}",,"event_type, supply_chain_nodes, affected_asset_types, affected_assets, transmission_chain, summary",medium,Conservative frozen-vocabulary proposal from existing historical fields.
case_2017_north_korea_missile_escalation,missile escalation and regional security risk,defense,resolvable,{},"{""canonical_context"": ""semiconductor_strategic_downstream_exposure"", ""constraint_type"": ""input_access_restriction"", ""node"": ""defense"", ""shock_type"": ""export_restriction"", ""target_node_role"": ""downstream_strategic_exposure"", ""upstream_driver"": ""missile_launch_escalation""}",,"event_type, supply_chain_nodes, affected_asset_types, affected_assets, transmission_chain, summary",medium,Conservative frozen-vocabulary proposal from existing historical fields.
case_2017_north_korea_missile_escalation,missile escalation and regional security risk,aviation,already_migrated,"{""canonical_context"": ""airspace_security_disruption"", ""constraint_type"": ""security_risk"", ""node"": ""aviation"", ""shock_type"": ""military_escalation"", ""target_node_role"": ""transmission_channel"", ""upstream_driver"": ""missile_overflight_airspace_monitoring""}","{""canonical_context"": ""airspace_security_disruption"", ""constraint_type"": ""security_risk"", ""node"": ""aviation"", ""shock_type"": ""military_escalation"", ""target_node_role"": ""transmission_channel"", ""upstream_driver"": ""missile_overflight_airspace_monitoring""}",,existing development-enriched node context,high,Preserved without modification.
case_2017_north_korea_missile_escalation,missile escalation and regional security risk,trade_lanes,resolvable,{},"{""canonical_context"": ""maritime_route_security_constraint"", ""constraint_type"": ""route_disruption"", ""node"": ""trade_lanes"", ""shock_type"": ""military_escalation"", ""target_node_role"": ""transmission_channel"", ""upstream_driver"": ""missile_launch_escalation""}",,"event_type, supply_chain_nodes, affected_asset_types, affected_assets, transmission_chain, summary",medium,Conservative frozen-vocabulary proposal from existing historical fields.
case_2017_north_korea_missile_escalation,missile escalation and regional security risk,manufacturing_inputs,vocabulary_gap_candidate,{},{},shock_type;constraint_type;upstream_driver;target_node_role;canonical_context,,medium,No frozen canonical_context precisely represents this node's mechanism.
case_2017_north_korea_missile_escalation,missile escalation and regional security risk,logistics,resolvable,{},"{""canonical_context"": ""maritime_route_security_constraint"", ""constraint_type"": ""route_disruption"", ""node"": ""logistics"", ""shock_type"": ""military_escalation"", ""target_node_role"": ""transmission_channel"", ""upstream_driver"": ""missile_launch_escalation""}",,"event_type, supply_chain_nodes, affected_asset_types, affected_assets, transmission_chain, summary",medium,Conservative frozen-vocabulary proposal from existing historical fields.
case_2017_north_korea_missile_escalation,missile escalation and regional security risk,semiconductor_equipment,resolvable,{},"{""canonical_context"": ""semiconductor_export_control_constraint"", ""constraint_type"": ""trade_access_restriction"", ""node"": ""semiconductor_equipment"", ""shock_type"": ""export_restriction"", ""target_node_role"": ""direct_disruption_target"", ""upstream_driver"": ""missile_launch_escalation""}",,"event_type, supply_chain_nodes, affected_asset_types, affected_assets, transmission_chain, summary",medium,Conservative frozen-vocabulary proposal from existing historical fields.
case_2019_india_pakistan_airspace_closure,border military escalation and airspace disruption,aviation,already_migrated,"{""canonical_context"": ""airspace_route_disruption"", ""constraint_type"": ""route_disruption"", ""node"": ""aviation"", ""shock_type"": ""military_escalation"", ""target_node_role"": ""direct_disruption_target"", ""upstream_driver"": ""airspace_closure""}","{""canonical_context"": ""airspace_route_disruption"", ""constraint_type"": ""route_disruption"", ""node"": ""aviation"", ""shock_type"": ""military_escalation"", ""target_node_role"": ""direct_disruption_target"", ""upstream_driver"": ""airspace_closure""}",,existing development-enriched node context,high,Preserved without modification.
case_2019_india_pakistan_airspace_closure,border military escalation and airspace disruption,defense,resolvable,{},"{""canonical_context"": ""aerospace_defense_procurement_constraint"", ""constraint_type"": ""security_risk"", ""node"": ""defense"", ""shock_type"": ""military_escalation"", ""target_node_role"": ""downstream_exposure"", ""upstream_driver"": ""border_military_escalation""}",,"event_type, supply_chain_nodes, affected_asset_types, affected_assets, transmission_chain, summary",medium,Conservative frozen-vocabulary proposal from existing historical fields.
case_2019_india_pakistan_airspace_closure,border military escalation and airspace disruption,trade_lanes,resolvable,{},"{""canonical_context"": ""maritime_route_capacity_constraint"", ""constraint_type"": ""route_disruption"", ""node"": ""trade_lanes"", ""shock_type"": ""physical_disruption"", ""target_node_role"": ""transmission_channel"", ""upstream_driver"": ""border_military_escalation""}",,"event_type, supply_chain_nodes, affected_asset_types, affected_assets, transmission_chain, summary",medium,Conservative frozen-vocabulary proposal from existing historical fields.
case_2019_india_pakistan_airspace_closure,border military escalation and airspace disruption,freight_routes,resolvable,{},"{""canonical_context"": ""maritime_route_capacity_constraint"", ""constraint_type"": ""route_disruption"", ""node"": ""freight_routes"", ""shock_type"": ""physical_disruption"", ""target_node_role"": ""transmission_channel"", ""upstream_driver"": ""border_military_escalation""}",,"event_type, supply_chain_nodes, affected_asset_types, affected_assets, transmission_chain, summary",medium,Conservative frozen-vocabulary proposal from existing historical fields.
case_2019_india_pakistan_airspace_closure,border military escalation and airspace disruption,logistics,resolvable,{},"{""canonical_context"": ""maritime_route_capacity_constraint"", ""constraint_type"": ""route_disruption"", ""node"": ""logistics"", ""shock_type"": ""physical_disruption"", ""target_node_role"": ""transmission_channel"", ""upstream_driver"": ""border_military_escalation""}",,"event_type, supply_chain_nodes, affected_asset_types, affected_assets, transmission_chain, summary",medium,Conservative frozen-vocabulary proposal from existing historical fields.
case_2019_india_pakistan_airspace_closure,border military escalation and airspace disruption,manufacturing_inputs,vocabulary_gap_candidate,{},{},shock_type;constraint_type;upstream_driver;target_node_role;canonical_context,,medium,No frozen canonical_context precisely represents this node's mechanism.
case_2018_iran_oil_sanctions_reimposition,oil sanctions and shipping finance restriction,energy,resolvable,{},"{""canonical_context"": ""energy_trade_finance_constraint"", ""constraint_type"": ""financing_constraint"", ""node"": ""energy"", ""shock_type"": ""sanctions"", ""target_node_role"": ""downstream_exposure"", ""upstream_driver"": ""sanctions_reimposition""}",,"event_type, supply_chain_nodes, affected_asset_types, affected_assets, transmission_chain, summary",medium,Conservative frozen-vocabulary proposal from existing historical fields.
case_2018_iran_oil_sanctions_reimposition,oil sanctions and shipping finance restriction,oil_shipping,already_migrated,"{""canonical_context"": ""oil_shipping_security_constraint"", ""constraint_type"": ""route_disruption"", ""node"": ""oil_shipping"", ""shock_type"": ""sanctions"", ""target_node_role"": ""transmission_channel"", ""upstream_driver"": ""oil_export_shipping_restriction""}","{""canonical_context"": ""oil_shipping_security_constraint"", ""constraint_type"": ""route_disruption"", ""node"": ""oil_shipping"", ""shock_type"": ""sanctions"", ""target_node_role"": ""transmission_channel"", ""upstream_driver"": ""oil_export_shipping_restriction""}",,existing development-enriched node context,high,Preserved without modification.
case_2018_iran_oil_sanctions_reimposition,oil sanctions and shipping finance restriction,refining,resolvable,{},"{""canonical_context"": ""refining_feedstock_constraint"", ""constraint_type"": ""input_shortage"", ""node"": ""refining"", ""shock_type"": ""sanctions"", ""target_node_role"": ""downstream_exposure"", ""upstream_driver"": ""sanctions_reimposition""}",,"event_type, supply_chain_nodes, affected_asset_types, affected_assets, transmission_chain, summary",medium,Conservative frozen-vocabulary proposal from existing historical fields.
case_2018_iran_oil_sanctions_reimposition,oil sanctions and shipping finance restriction,petrochemicals,resolvable,{},"{""canonical_context"": ""petrochemical_feedstock_constraint"", ""constraint_type"": ""input_shortage"", ""node"": ""petrochemicals"", ""shock_type"": ""sanctions"", ""target_node_role"": ""downstream_exposure"", ""upstream_driver"": ""sanctions_reimposition""}",,"event_type, supply_chain_nodes, affected_asset_types, affected_assets, transmission_chain, summary",medium,Conservative frozen-vocabulary proposal from existing historical fields.
case_2018_iran_oil_sanctions_reimposition,oil sanctions and shipping finance restriction,financial_sanctions,resolvable,{},"{""canonical_context"": ""financial_sanctions_trade_finance_constraint"", ""constraint_type"": ""financing_constraint"", ""node"": ""financial_sanctions"", ""shock_type"": ""sanctions"", ""target_node_role"": ""direct_disruption_target"", ""upstream_driver"": ""sanctions_reimposition""}",,"event_type, supply_chain_nodes, affected_asset_types, affected_assets, transmission_chain, summary",medium,Conservative frozen-vocabulary proposal from existing historical fields.
case_2018_iran_oil_sanctions_reimposition,oil sanctions and shipping finance restriction,payment_networks,resolvable,{},"{""canonical_context"": ""financial_sanctions_trade_finance_constraint"", ""constraint_type"": ""financing_constraint"", ""node"": ""payment_networks"", ""shock_type"": ""sanctions"", ""target_node_role"": ""direct_disruption_target"", ""upstream_driver"": ""sanctions_reimposition""}",,"event_type, supply_chain_nodes, affected_asset_types, affected_assets, transmission_chain, summary",medium,Conservative frozen-vocabulary proposal from existing historical fields.
case_2018_iran_oil_sanctions_reimposition,oil sanctions and shipping finance restriction,marine_insurance,resolvable,{},"{""canonical_context"": ""energy_shipping_insurance_constraint"", ""constraint_type"": ""insurance_constraint"", ""node"": ""marine_insurance"", ""shock_type"": ""sanctions"", ""target_node_role"": ""financing_or_insurance_channel"", ""upstream_driver"": ""sanctions_reimposition""}",,"event_type, supply_chain_nodes, affected_asset_types, affected_assets, transmission_chain, summary",medium,Conservative frozen-vocabulary proposal from existing historical fields.
case_2019_venezuela_oil_sanctions,oil sanctions and refinery feedstock disruption,energy,already_migrated,"{""canonical_context"": ""energy_trade_access_constraint"", ""constraint_type"": ""trade_access_restriction"", ""node"": ""energy"", ""shock_type"": ""sanctions"", ""target_node_role"": ""downstream_exposure"", ""upstream_driver"": ""oil_export_sanctions""}","{""canonical_context"": ""energy_trade_access_constraint"", ""constraint_type"": ""trade_access_restriction"", ""node"": ""energy"", ""shock_type"": ""sanctions"", ""target_node_role"": ""downstream_exposure"", ""upstream_driver"": ""oil_export_sanctions""}",,existing development-enriched node context,high,Preserved without modification.
case_2019_venezuela_oil_sanctions,oil sanctions and refinery feedstock disruption,oil_shipping,resolvable,{},"{""canonical_context"": ""oil_shipping_security_constraint"", ""constraint_type"": ""route_disruption"", ""node"": ""oil_shipping"", ""shock_type"": ""sanctions"", ""target_node_role"": ""direct_disruption_target"", ""upstream_driver"": ""oil_sector_sanctions""}",,"event_type, supply_chain_nodes, affected_asset_types, affected_assets, transmission_chain, summary",medium,Conservative frozen-vocabulary proposal from existing historical fields.
case_2019_venezuela_oil_sanctions,oil sanctions and refinery feedstock disruption,refining,resolvable,{},"{""canonical_context"": ""refining_feedstock_constraint"", ""constraint_type"": ""input_shortage"", ""node"": ""refining"", ""shock_type"": ""sanctions"", ""target_node_role"": ""downstream_exposure"", ""upstream_driver"": ""oil_sector_sanctions""}",,"event_type, supply_chain_nodes, affected_asset_types, affected_assets, transmission_chain, summary",medium,Conservative frozen-vocabulary proposal from existing historical fields.
case_2019_venezuela_oil_sanctions,oil sanctions and refinery feedstock disruption,petrochemicals,resolvable,{},"{""canonical_context"": ""petrochemical_feedstock_constraint"", ""constraint_type"": ""input_shortage"", ""node"": ""petrochemicals"", ""shock_type"": ""sanctions"", ""target_node_role"": ""downstream_exposure"", ""upstream_driver"": ""oil_sector_sanctions""}",,"event_type, supply_chain_nodes, affected_asset_types, affected_assets, transmission_chain, summary",medium,Conservative frozen-vocabulary proposal from existing historical fields.
case_2019_venezuela_oil_sanctions,oil sanctions and refinery feedstock disruption,financial_sanctions,resolvable,{},"{""canonical_context"": ""financial_sanctions_trade_finance_constraint"", ""constraint_type"": ""financing_constraint"", ""node"": ""financial_sanctions"", ""shock_type"": ""sanctions"", ""target_node_role"": ""direct_disruption_target"", ""upstream_driver"": ""oil_sector_sanctions""}",,"event_type, supply_chain_nodes, affected_asset_types, affected_assets, transmission_chain, summary",medium,Conservative frozen-vocabulary proposal from existing historical fields.
case_2019_venezuela_oil_sanctions,oil sanctions and refinery feedstock disruption,payment_networks,resolvable,{},"{""canonical_context"": ""financial_sanctions_trade_finance_constraint"", ""constraint_type"": ""financing_constraint"", ""node"": ""payment_networks"", ""shock_type"": ""sanctions"", ""target_node_role"": ""direct_disruption_target"", ""upstream_driver"": ""oil_sector_sanctions""}",,"event_type, supply_chain_nodes, affected_asset_types, affected_assets, transmission_chain, summary",medium,Conservative frozen-vocabulary proposal from existing historical fields.
case_2022_nord_stream_pipeline_sabotage,energy infrastructure sabotage and pipeline disruption,pipeline_infrastructure,resolvable,{},"{""canonical_context"": ""energy_distribution_cyber_capacity_constraint"", ""constraint_type"": ""capacity_reduction"", ""node"": ""pipeline_infrastructure"", ""shock_type"": ""cyber_disruption"", ""target_node_role"": ""direct_disruption_target"", ""upstream_driver"": ""pipeline_sabotage""}",,"event_type, supply_chain_nodes, affected_asset_types, affected_assets, transmission_chain, summary",medium,Conservative frozen-vocabulary proposal from existing historical fields.
case_2022_nord_stream_pipeline_sabotage,energy infrastructure sabotage and pipeline disruption,energy,ambiguous,{},{},shock_type;constraint_type;upstream_driver;target_node_role;canonical_context,,low,Existing frozen vocabulary and raw case fields do not support a precise node-level context.
case_2022_nord_stream_pipeline_sabotage,energy infrastructure sabotage and pipeline disruption,lng_shipping,already_migrated,"{""canonical_context"": ""energy_shipping_sanctions_route_constraint"", ""constraint_type"": ""supplier_substitution"", ""node"": ""lng_shipping"", ""shock_type"": ""physical_disruption"", ""target_node_role"": ""downstream_exposure"", ""upstream_driver"": ""pipeline_gas_disruption_lng_substitution""}","{""canonical_context"": ""energy_shipping_sanctions_route_constraint"", ""constraint_type"": ""supplier_substitution"", ""node"": ""lng_shipping"", ""shock_type"": ""physical_disruption"", ""target_node_role"": ""downstream_exposure"", ""upstream_driver"": ""pipeline_gas_disruption_lng_substitution""}",,existing development-enriched node context,high,Preserved without modification.
case_2022_nord_stream_pipeline_sabotage,energy infrastructure sabotage and pipeline disruption,petrochemicals,resolvable,{},"{""canonical_context"": ""petrochemical_feedstock_constraint"", ""constraint_type"": ""input_shortage"", ""node"": ""petrochemicals"", ""shock_type"": ""physical_disruption"", ""target_node_role"": ""downstream_exposure"", ""upstream_driver"": ""pipeline_sabotage""}",,"event_type, supply_chain_nodes, affected_asset_types, affected_assets, transmission_chain, summary",medium,Conservative frozen-vocabulary proposal from existing historical fields.
case_2022_nord_stream_pipeline_sabotage,energy infrastructure sabotage and pipeline disruption,manufacturing_inputs,vocabulary_gap_candidate,{},{},shock_type;constraint_type;upstream_driver;target_node_role;canonical_context,,medium,No frozen canonical_context precisely represents this node's mechanism.
case_2022_nord_stream_pipeline_sabotage,energy infrastructure sabotage and pipeline disruption,cyber_infrastructure,resolvable,{},"{""canonical_context"": ""logistics_cyber_capacity_constraint"", ""constraint_type"": ""capacity_reduction"", ""node"": ""cyber_infrastructure"", ""shock_type"": ""cyber_disruption"", ""target_node_role"": ""direct_disruption_target"", ""upstream_driver"": ""pipeline_sabotage""}",,"event_type, supply_chain_nodes, affected_asset_types, affected_assets, transmission_chain, summary",medium,Conservative frozen-vocabulary proposal from existing historical fields.
case_2022_ukraine_electricity_grid_attacks,wartime electricity grid attack and infrastructure disruption,energy,ambiguous,{},{},shock_type;constraint_type;upstream_driver;target_node_role;canonical_context,,low,Existing frozen vocabulary and raw case fields do not support a precise node-level context.
case_2022_ukraine_electricity_grid_attacks,wartime electricity grid attack and infrastructure disruption,cyber_infrastructure,resolvable,{},"{""canonical_context"": ""logistics_cyber_capacity_constraint"", ""constraint_type"": ""capacity_reduction"", ""node"": ""cyber_infrastructure"", ""shock_type"": ""cyber_disruption"", ""target_node_role"": ""direct_disruption_target"", ""upstream_driver"": ""wartime_infrastructure_attack""}",,"event_type, supply_chain_nodes, affected_asset_types, affected_assets, transmission_chain, summary",medium,Conservative frozen-vocabulary proposal from existing historical fields.
case_2022_ukraine_electricity_grid_attacks,wartime electricity grid attack and infrastructure disruption,manufacturing_inputs,vocabulary_gap_candidate,{},{},shock_type;constraint_type;upstream_driver;target_node_role;canonical_context,,medium,No frozen canonical_context precisely represents this node's mechanism.
case_2022_ukraine_electricity_grid_attacks,wartime electricity grid attack and infrastructure disruption,logistics,resolvable,{},"{""canonical_context"": ""logistics_cyber_capacity_constraint"", ""constraint_type"": ""capacity_reduction"", ""node"": ""logistics"", ""shock_type"": ""cyber_disruption"", ""target_node_role"": ""transmission_channel"", ""upstream_driver"": ""wartime_infrastructure_attack""}",,"event_type, supply_chain_nodes, affected_asset_types, affected_assets, transmission_chain, summary",medium,Conservative frozen-vocabulary proposal from existing historical fields.
case_2022_ukraine_electricity_grid_attacks,wartime electricity grid attack and infrastructure disruption,defense,resolvable,{},"{""canonical_context"": ""aerospace_defense_procurement_constraint"", ""constraint_type"": ""security_risk"", ""node"": ""defense"", ""shock_type"": ""military_escalation"", ""target_node_role"": ""downstream_exposure"", ""upstream_driver"": ""wartime_infrastructure_attack""}",,"event_type, supply_chain_nodes, affected_asset_types, affected_assets, transmission_chain, summary",medium,Conservative frozen-vocabulary proposal from existing historical fields.
case_2022_ukraine_electricity_grid_attacks,wartime electricity grid attack and infrastructure disruption,pipeline_infrastructure,resolvable,{},"{""canonical_context"": ""energy_distribution_cyber_capacity_constraint"", ""constraint_type"": ""capacity_reduction"", ""node"": ""pipeline_infrastructure"", ""shock_type"": ""cyber_disruption"", ""target_node_role"": ""direct_disruption_target"", ""upstream_driver"": ""wartime_infrastructure_attack""}",,"event_type, supply_chain_nodes, affected_asset_types, affected_assets, transmission_chain, summary",medium,Conservative frozen-vocabulary proposal from existing historical fields.
case_2023_niger_coup_uranium_supply_risk,coup and uranium supply-chain risk,uranium,vocabulary_gap_candidate,{},{},shock_type;constraint_type;upstream_driver;target_node_role;canonical_context,,medium,No frozen canonical_context precisely represents this node's mechanism.
case_2023_niger_coup_uranium_supply_risk,coup and uranium supply-chain risk,nuclear_fuel,vocabulary_gap_candidate,{},{},shock_type;constraint_type;upstream_driver;target_node_role;canonical_context,,medium,No frozen canonical_context precisely represents this node's mechanism.
case_2023_niger_coup_uranium_supply_risk,coup and uranium supply-chain risk,energy,resolvable,{},"{""canonical_context"": ""energy_trade_access_constraint"", ""constraint_type"": ""trade_access_restriction"", ""node"": ""energy"", ""shock_type"": ""sanctions"", ""target_node_role"": ""downstream_exposure"", ""upstream_driver"": ""military_coup""}",,"event_type, supply_chain_nodes, affected_asset_types, affected_assets, transmission_chain, summary",medium,Conservative frozen-vocabulary proposal from existing historical fields.
case_2023_niger_coup_uranium_supply_risk,coup and uranium supply-chain risk,trade_lanes,resolvable,{},"{""canonical_context"": ""tariff_trade_compliance_constraint"", ""constraint_type"": ""trade_access_restriction"", ""node"": ""trade_lanes"", ""shock_type"": ""regulatory_restriction"", ""target_node_role"": ""compliance_channel"", ""upstream_driver"": ""military_coup""}",,"event_type, supply_chain_nodes, affected_asset_types, affected_assets, transmission_chain, summary",medium,Conservative frozen-vocabulary proposal from existing historical fields.
case_2023_niger_coup_uranium_supply_risk,coup and uranium supply-chain risk,customs,resolvable,{},"{""canonical_context"": ""tariff_customs_compliance_constraint"", ""constraint_type"": ""compliance_constraint"", ""node"": ""customs"", ""shock_type"": ""regulatory_restriction"", ""target_node_role"": ""compliance_channel"", ""upstream_driver"": ""military_coup""}",,"event_type, supply_chain_nodes, affected_asset_types, affected_assets, transmission_chain, summary",medium,Conservative frozen-vocabulary proposal from existing historical fields.
case_2023_niger_coup_uranium_supply_risk,coup and uranium supply-chain risk,logistics,resolvable,{},"{""canonical_context"": ""maritime_route_security_constraint"", ""constraint_type"": ""route_disruption"", ""node"": ""logistics"", ""shock_type"": ""military_escalation"", ""target_node_role"": ""transmission_channel"", ""upstream_driver"": ""military_coup""}",,"event_type, supply_chain_nodes, affected_asset_types, affected_assets, transmission_chain, summary",medium,Conservative frozen-vocabulary proposal from existing historical fields.
case_2022_chile_lithium_policy_shift,resource nationalism and battery material policy risk,battery_materials,already_migrated,"{""canonical_context"": ""battery_material_input_constraint"", ""constraint_type"": ""input_access_restriction"", ""node"": ""battery_materials"", ""shock_type"": ""regulatory_restriction"", ""target_node_role"": ""upstream_input"", ""upstream_driver"": ""lithium_policy_uncertainty""}","{""canonical_context"": ""battery_material_input_constraint"", ""constraint_type"": ""input_access_restriction"", ""node"": ""battery_materials"", ""shock_type"": ""regulatory_restriction"", ""target_node_role"": ""upstream_input"", ""upstream_driver"": ""lithium_policy_uncertainty""}",,existing development-enriched node context,high,Preserved without modification.
case_2022_chile_lithium_policy_shift,resource nationalism and battery material policy risk,critical_minerals,resolvable,{},"{""canonical_context"": ""critical_material_input_constraint"", ""constraint_type"": ""input_access_restriction"", ""node"": ""critical_minerals"", ""shock_type"": ""export_restriction"", ""target_node_role"": ""upstream_input"", ""upstream_driver"": ""resource_policy_shift""}",,"event_type, supply_chain_nodes, affected_asset_types, affected_assets, transmission_chain, summary",medium,Conservative frozen-vocabulary proposal from existing historical fields.
case_2022_chile_lithium_policy_shift,resource nationalism and battery material policy risk,manufacturing_inputs,vocabulary_gap_candidate,{},{},shock_type;constraint_type;upstream_driver;target_node_role;canonical_context,,medium,No frozen canonical_context precisely represents this node's mechanism.
case_2022_chile_lithium_policy_shift,resource nationalism and battery material policy risk,customs,resolvable,{},"{""canonical_context"": ""tariff_customs_compliance_constraint"", ""constraint_type"": ""compliance_constraint"", ""node"": ""customs"", ""shock_type"": ""regulatory_restriction"", ""target_node_role"": ""compliance_channel"", ""upstream_driver"": ""resource_policy_shift""}",,"event_type, supply_chain_nodes, affected_asset_types, affected_assets, transmission_chain, summary",medium,Conservative frozen-vocabulary proposal from existing historical fields.
case_2022_chile_lithium_policy_shift,resource nationalism and battery material policy risk,trade_lanes,resolvable,{},"{""canonical_context"": ""tariff_trade_compliance_constraint"", ""constraint_type"": ""trade_access_restriction"", ""node"": ""trade_lanes"", ""shock_type"": ""regulatory_restriction"", ""target_node_role"": ""compliance_channel"", ""upstream_driver"": ""resource_policy_shift""}",,"event_type, supply_chain_nodes, affected_asset_types, affected_assets, transmission_chain, summary",medium,Conservative frozen-vocabulary proposal from existing historical fields.
case_2020_indonesia_nickel_export_ban,critical mineral export ban and processing localization,critical_minerals,already_migrated,"{""canonical_context"": ""critical_material_input_constraint"", ""constraint_type"": ""input_access_restriction"", ""node"": ""critical_minerals"", ""shock_type"": ""export_restriction"", ""target_node_role"": ""upstream_input"", ""upstream_driver"": ""nickel_export_ban""}","{""canonical_context"": ""critical_material_input_constraint"", ""constraint_type"": ""input_access_restriction"", ""node"": ""critical_minerals"", ""shock_type"": ""export_restriction"", ""target_node_role"": ""upstream_input"", ""upstream_driver"": ""nickel_export_ban""}",,existing development-enriched node context,high,Preserved without modification.
case_2020_indonesia_nickel_export_ban,critical mineral export ban and processing localization,battery_materials,resolvable,{},"{""canonical_context"": ""battery_material_input_constraint"", ""constraint_type"": ""input_access_restriction"", ""node"": ""battery_materials"", ""shock_type"": ""export_restriction"", ""target_node_role"": ""upstream_input"", ""upstream_driver"": ""mineral_export_ban""}",,"event_type, supply_chain_nodes, affected_asset_types, affected_assets, transmission_chain, summary",medium,Conservative frozen-vocabulary proposal from existing historical fields.
case_2020_indonesia_nickel_export_ban,critical mineral export ban and processing localization,manufacturing_inputs,vocabulary_gap_candidate,{},{},shock_type;constraint_type;upstream_driver;target_node_role;canonical_context,,medium,No frozen canonical_context precisely represents this node's mechanism.
case_2020_indonesia_nickel_export_ban,critical mineral export ban and processing localization,customs,resolvable,{},"{""canonical_context"": ""tariff_customs_compliance_constraint"", ""constraint_type"": ""compliance_constraint"", ""node"": ""customs"", ""shock_type"": ""regulatory_restriction"", ""target_node_role"": ""compliance_channel"", ""upstream_driver"": ""mineral_export_ban""}",,"event_type, supply_chain_nodes, affected_asset_types, affected_assets, transmission_chain, summary",medium,Conservative frozen-vocabulary proposal from existing historical fields.
case_2020_indonesia_nickel_export_ban,critical mineral export ban and processing localization,trade_lanes,resolvable,{},"{""canonical_context"": ""tariff_trade_compliance_constraint"", ""constraint_type"": ""trade_access_restriction"", ""node"": ""trade_lanes"", ""shock_type"": ""regulatory_restriction"", ""target_node_role"": ""compliance_channel"", ""upstream_driver"": ""mineral_export_ban""}",,"event_type, supply_chain_nodes, affected_asset_types, affected_assets, transmission_chain, summary",medium,Conservative frozen-vocabulary proposal from existing historical fields.
case_2021_belarus_potash_sanctions,fertilizer sanctions and agricultural input disruption,fertilizer,resolvable,{},"{""canonical_context"": ""agricultural_input_constraint"", ""constraint_type"": ""input_shortage"", ""node"": ""fertilizer"", ""shock_type"": ""export_restriction"", ""target_node_role"": ""upstream_input"", ""upstream_driver"": ""fertilizer_sanctions""}",,"event_type, supply_chain_nodes, affected_asset_types, affected_assets, transmission_chain, summary",medium,Conservative frozen-vocabulary proposal from existing historical fields.
case_2021_belarus_potash_sanctions,fertilizer sanctions and agricultural input disruption,agriculture,already_migrated,"{""canonical_context"": ""agricultural_input_constraint"", ""constraint_type"": ""input_shortage"", ""node"": ""agriculture"", ""shock_type"": ""sanctions"", ""target_node_role"": ""downstream_exposure"", ""upstream_driver"": ""potash_fertilizer_restriction""}","{""canonical_context"": ""agricultural_input_constraint"", ""constraint_type"": ""input_shortage"", ""node"": ""agriculture"", ""shock_type"": ""sanctions"", ""target_node_role"": ""downstream_exposure"", ""upstream_driver"": ""potash_fertilizer_restriction""}",,existing development-enriched node context,high,Preserved without modification.
case_2021_belarus_potash_sanctions,fertilizer sanctions and agricultural input disruption,customs,resolvable,{},"{""canonical_context"": ""tariff_customs_compliance_constraint"", ""constraint_type"": ""compliance_constraint"", ""node"": ""customs"", ""shock_type"": ""regulatory_restriction"", ""target_node_role"": ""compliance_channel"", ""upstream_driver"": ""fertilizer_sanctions""}",,"event_type, supply_chain_nodes, affected_asset_types, affected_assets, transmission_chain, summary",medium,Conservative frozen-vocabulary proposal from existing historical fields.
case_2021_belarus_potash_sanctions,fertilizer sanctions and agricultural input disruption,trade_lanes,resolvable,{},"{""canonical_context"": ""tariff_trade_compliance_constraint"", ""constraint_type"": ""trade_access_restriction"", ""node"": ""trade_lanes"", ""shock_type"": ""regulatory_restriction"", ""target_node_role"": ""compliance_channel"", ""upstream_driver"": ""fertilizer_sanctions""}",,"event_type, supply_chain_nodes, affected_asset_types, affected_assets, transmission_chain, summary",medium,Conservative frozen-vocabulary proposal from existing historical fields.
case_2021_belarus_potash_sanctions,fertilizer sanctions and agricultural input disruption,freight_routes,resolvable,{},"{""canonical_context"": ""maritime_route_security_constraint"", ""constraint_type"": ""route_disruption"", ""node"": ""freight_routes"", ""shock_type"": ""military_escalation"", ""target_node_role"": ""transmission_channel"", ""upstream_driver"": ""fertilizer_sanctions""}",,"event_type, supply_chain_nodes, affected_asset_types, affected_assets, transmission_chain, summary",medium,Conservative frozen-vocabulary proposal from existing historical fields.
case_2021_belarus_potash_sanctions,fertilizer sanctions and agricultural input disruption,logistics,resolvable,{},"{""canonical_context"": ""maritime_route_security_constraint"", ""constraint_type"": ""route_disruption"", ""node"": ""logistics"", ""shock_type"": ""military_escalation"", ""target_node_role"": ""transmission_channel"", ""upstream_driver"": ""fertilizer_sanctions""}",,"event_type, supply_chain_nodes, affected_asset_types, affected_assets, transmission_chain, summary",medium,Conservative frozen-vocabulary proposal from existing historical fields.
case_2021_xinjiang_forced_labor_import_restrictions,forced-labor import restriction and customs compliance risk,customs,resolvable,{},"{""canonical_context"": ""tariff_customs_compliance_constraint"", ""constraint_type"": ""compliance_constraint"", ""node"": ""customs"", ""shock_type"": ""regulatory_restriction"", ""target_node_role"": ""compliance_channel"", ""upstream_driver"": ""import_restriction_law""}",,"event_type, supply_chain_nodes, affected_asset_types, affected_assets, transmission_chain, summary",medium,Conservative frozen-vocabulary proposal from existing historical fields.
case_2021_xinjiang_forced_labor_import_restrictions,forced-labor import restriction and customs compliance risk,trade_lanes,resolvable,{},"{""canonical_context"": ""tariff_trade_compliance_constraint"", ""constraint_type"": ""trade_access_restriction"", ""node"": ""trade_lanes"", ""shock_type"": ""regulatory_restriction"", ""target_node_role"": ""compliance_channel"", ""upstream_driver"": ""import_restriction_law""}",,"event_type, supply_chain_nodes, affected_asset_types, affected_assets, transmission_chain, summary",medium,Conservative frozen-vocabulary proposal from existing historical fields.
case_2021_xinjiang_forced_labor_import_restrictions,forced-labor import restriction and customs compliance risk,manufacturing_inputs,vocabulary_gap_candidate,{},{},shock_type;constraint_type;upstream_driver;target_node_role;canonical_context,,medium,No frozen canonical_context precisely represents this node's mechanism.
case_2021_xinjiang_forced_labor_import_restrictions,forced-labor import restriction and customs compliance risk,critical_minerals,already_migrated,"{""canonical_context"": ""critical_material_compliance_constraint"", ""constraint_type"": ""compliance_constraint"", ""node"": ""critical_minerals"", ""shock_type"": ""import_restriction"", ""target_node_role"": ""upstream_input"", ""upstream_driver"": ""supplier_traceability_review""}","{""canonical_context"": ""critical_material_compliance_constraint"", ""constraint_type"": ""compliance_constraint"", ""node"": ""critical_minerals"", ""shock_type"": ""import_restriction"", ""target_node_role"": ""upstream_input"", ""upstream_driver"": ""supplier_traceability_review""}",,existing development-enriched node context,high,Preserved without modification.
case_2021_xinjiang_forced_labor_import_restrictions,forced-labor import restriction and customs compliance risk,logistics,resolvable,{},"{""canonical_context"": ""maritime_route_security_constraint"", ""constraint_type"": ""route_disruption"", ""node"": ""logistics"", ""shock_type"": ""military_escalation"", ""target_node_role"": ""transmission_channel"", ""upstream_driver"": ""import_restriction_law""}",,"event_type, supply_chain_nodes, affected_asset_types, affected_assets, transmission_chain, summary",medium,Conservative frozen-vocabulary proposal from existing historical fields.
case_2024_ev_tariff_escalation_china,tariff escalation and clean technology trade restriction,customs,resolvable,{},"{""canonical_context"": ""tariff_customs_compliance_constraint"", ""constraint_type"": ""compliance_constraint"", ""node"": ""customs"", ""shock_type"": ""tariff"", ""target_node_role"": ""compliance_channel"", ""upstream_driver"": ""tariff_escalation""}",,"event_type, supply_chain_nodes, affected_asset_types, affected_assets, transmission_chain, summary",medium,Conservative frozen-vocabulary proposal from existing historical fields.
case_2024_ev_tariff_escalation_china,tariff escalation and clean technology trade restriction,trade_lanes,already_migrated,"{""canonical_context"": ""tariff_trade_compliance_constraint"", ""constraint_type"": ""trade_access_restriction"", ""node"": ""trade_lanes"", ""shock_type"": ""tariff"", ""target_node_role"": ""compliance_channel"", ""upstream_driver"": ""clean_technology_tariff_escalation""}","{""canonical_context"": ""tariff_trade_compliance_constraint"", ""constraint_type"": ""trade_access_restriction"", ""node"": ""trade_lanes"", ""shock_type"": ""tariff"", ""target_node_role"": ""compliance_channel"", ""upstream_driver"": ""clean_technology_tariff_escalation""}",,existing development-enriched node context,high,Preserved without modification.
case_2024_ev_tariff_escalation_china,tariff escalation and clean technology trade restriction,battery_materials,ambiguous,{},{},shock_type;constraint_type;upstream_driver;target_node_role;canonical_context,,low,Existing frozen vocabulary and raw case fields do not support a precise node-level context.
case_2024_ev_tariff_escalation_china,tariff escalation and clean technology trade restriction,manufacturing_inputs,vocabulary_gap_candidate,{},{},shock_type;constraint_type;upstream_driver;target_node_role;canonical_context,,medium,No frozen canonical_context precisely represents this node's mechanism.
case_2024_ev_tariff_escalation_china,tariff escalation and clean technology trade restriction,logistics,resolvable,{},"{""canonical_context"": ""maritime_route_security_constraint"", ""constraint_type"": ""route_disruption"", ""node"": ""logistics"", ""shock_type"": ""military_escalation"", ""target_node_role"": ""transmission_channel"", ""upstream_driver"": ""tariff_escalation""}",,"event_type, supply_chain_nodes, affected_asset_types, affected_assets, transmission_chain, summary",medium,Conservative frozen-vocabulary proposal from existing historical fields.
case_2024_ev_tariff_escalation_china,tariff escalation and clean technology trade restriction,critical_minerals,already_migrated,"{""canonical_context"": ""critical_material_cost_constraint"", ""constraint_type"": ""cost_increase"", ""node"": ""critical_minerals"", ""shock_type"": ""tariff"", ""target_node_role"": ""upstream_input"", ""upstream_driver"": ""battery_and_ev_input_tariffs""}","{""canonical_context"": ""critical_material_cost_constraint"", ""constraint_type"": ""cost_increase"", ""node"": ""critical_minerals"", ""shock_type"": ""tariff"", ""target_node_role"": ""upstream_input"", ""upstream_driver"": ""battery_and_ev_input_tariffs""}",,existing development-enriched node context,high,Preserved without modification.
case_2017_notpetya_shipping_logistics_cyberattack,geopolitical cyberattack and logistics disruption,cyber_infrastructure,resolvable,{},"{""canonical_context"": ""logistics_cyber_capacity_constraint"", ""constraint_type"": ""capacity_reduction"", ""node"": ""cyber_infrastructure"", ""shock_type"": ""cyber_disruption"", ""target_node_role"": ""direct_disruption_target"", ""upstream_driver"": ""geopolitical_cyber_incident""}",,"event_type, supply_chain_nodes, affected_asset_types, affected_assets, transmission_chain, summary",medium,Conservative frozen-vocabulary proposal from existing historical fields.
case_2017_notpetya_shipping_logistics_cyberattack,geopolitical cyberattack and logistics disruption,container_shipping,resolvable,{},"{""canonical_context"": ""maritime_route_security_constraint"", ""constraint_type"": ""route_disruption"", ""node"": ""container_shipping"", ""shock_type"": ""military_escalation"", ""target_node_role"": ""direct_disruption_target"", ""upstream_driver"": ""geopolitical_cyber_incident""}",,"event_type, supply_chain_nodes, affected_asset_types, affected_assets, transmission_chain, summary",medium,Conservative frozen-vocabulary proposal from existing historical fields.
case_2017_notpetya_shipping_logistics_cyberattack,geopolitical cyberattack and logistics disruption,ports,resolvable,{},"{""canonical_context"": ""port_cyber_capacity_constraint"", ""constraint_type"": ""capacity_reduction"", ""node"": ""ports"", ""shock_type"": ""cyber_disruption"", ""target_node_role"": ""direct_disruption_target"", ""upstream_driver"": ""geopolitical_cyber_incident""}",,"event_type, supply_chain_nodes, affected_asset_types, affected_assets, transmission_chain, summary",medium,Conservative frozen-vocabulary proposal from existing historical fields.
case_2017_notpetya_shipping_logistics_cyberattack,geopolitical cyberattack and logistics disruption,freight_routes,resolvable,{},"{""canonical_context"": ""maritime_route_security_constraint"", ""constraint_type"": ""route_disruption"", ""node"": ""freight_routes"", ""shock_type"": ""military_escalation"", ""target_node_role"": ""transmission_channel"", ""upstream_driver"": ""geopolitical_cyber_incident""}",,"event_type, supply_chain_nodes, affected_asset_types, affected_assets, transmission_chain, summary",medium,Conservative frozen-vocabulary proposal from existing historical fields.
case_2017_notpetya_shipping_logistics_cyberattack,geopolitical cyberattack and logistics disruption,logistics,already_migrated,"{""canonical_context"": ""logistics_cyber_capacity_constraint"", ""constraint_type"": ""capacity_reduction"", ""node"": ""logistics"", ""shock_type"": ""cyber_disruption"", ""target_node_role"": ""transmission_channel"", ""upstream_driver"": ""shipping_logistics_system_disruption""}","{""canonical_context"": ""logistics_cyber_capacity_constraint"", ""constraint_type"": ""capacity_reduction"", ""node"": ""logistics"", ""shock_type"": ""cyber_disruption"", ""target_node_role"": ""transmission_channel"", ""upstream_driver"": ""shipping_logistics_system_disruption""}",,existing development-enriched node context,high,Preserved without modification.
case_2017_notpetya_shipping_logistics_cyberattack,geopolitical cyberattack and logistics disruption,manufacturing_inputs,vocabulary_gap_candidate,{},{},shock_type;constraint_type;upstream_driver;target_node_role;canonical_context,,medium,No frozen canonical_context precisely represents this node's mechanism.
case_2023_black_sea_shipping_insurance_restrictions,war-related maritime insurance and grain export disruption,grain_exports,resolvable,{},"{""canonical_context"": ""food_export_trade_constraint"", ""constraint_type"": ""trade_access_restriction"", ""node"": ""grain_exports"", ""shock_type"": ""export_restriction"", ""target_node_role"": ""direct_disruption_target"", ""upstream_driver"": ""grain_corridor_suspension""}",,"event_type, supply_chain_nodes, affected_asset_types, affected_assets, transmission_chain, summary",medium,Conservative frozen-vocabulary proposal from existing historical fields.
case_2023_black_sea_shipping_insurance_restrictions,war-related maritime insurance and grain export disruption,agriculture,resolvable,{},"{""canonical_context"": ""agricultural_export_trade_constraint"", ""constraint_type"": ""trade_access_restriction"", ""node"": ""agriculture"", ""shock_type"": ""export_restriction"", ""target_node_role"": ""downstream_exposure"", ""upstream_driver"": ""grain_corridor_suspension""}",,"event_type, supply_chain_nodes, affected_asset_types, affected_assets, transmission_chain, summary",medium,Conservative frozen-vocabulary proposal from existing historical fields.
case_2023_black_sea_shipping_insurance_restrictions,war-related maritime insurance and grain export disruption,maritime_chokepoint,resolvable,{},"{""canonical_context"": ""maritime_route_security_constraint"", ""constraint_type"": ""route_disruption"", ""node"": ""maritime_chokepoint"", ""shock_type"": ""military_escalation"", ""target_node_role"": ""direct_disruption_target"", ""upstream_driver"": ""grain_corridor_suspension""}",,"event_type, supply_chain_nodes, affected_asset_types, affected_assets, transmission_chain, summary",medium,Conservative frozen-vocabulary proposal from existing historical fields.
case_2023_black_sea_shipping_insurance_restrictions,war-related maritime insurance and grain export disruption,marine_insurance,already_migrated,"{""canonical_context"": ""food_shipping_insurance_constraint"", ""constraint_type"": ""insurance_constraint"", ""node"": ""marine_insurance"", ""shock_type"": ""military_escalation"", ""target_node_role"": ""financing_or_insurance_channel"", ""upstream_driver"": ""grain_shipping_war_risk_insurance""}","{""canonical_context"": ""food_shipping_insurance_constraint"", ""constraint_type"": ""insurance_constraint"", ""node"": ""marine_insurance"", ""shock_type"": ""military_escalation"", ""target_node_role"": ""financing_or_insurance_channel"", ""upstream_driver"": ""grain_shipping_war_risk_insurance""}",,existing development-enriched node context,high,Preserved without modification.
case_2023_black_sea_shipping_insurance_restrictions,war-related maritime insurance and grain export disruption,freight_routes,resolvable,{},"{""canonical_context"": ""maritime_route_security_constraint"", ""constraint_type"": ""route_disruption"", ""node"": ""freight_routes"", ""shock_type"": ""military_escalation"", ""target_node_role"": ""transmission_channel"", ""upstream_driver"": ""grain_corridor_suspension""}",,"event_type, supply_chain_nodes, affected_asset_types, affected_assets, transmission_chain, summary",medium,Conservative frozen-vocabulary proposal from existing historical fields.
case_2023_black_sea_shipping_insurance_restrictions,war-related maritime insurance and grain export disruption,logistics,resolvable,{},"{""canonical_context"": ""maritime_route_security_constraint"", ""constraint_type"": ""route_disruption"", ""node"": ""logistics"", ""shock_type"": ""military_escalation"", ""target_node_role"": ""transmission_channel"", ""upstream_driver"": ""grain_corridor_suspension""}",,"event_type, supply_chain_nodes, affected_asset_types, affected_assets, transmission_chain, summary",medium,Conservative frozen-vocabulary proposal from existing historical fields.
case_2023_south_china_sea_shipping_tensions,maritime military tension and shipping-route risk,maritime_chokepoint,resolvable,{},"{""canonical_context"": ""maritime_route_security_constraint"", ""constraint_type"": ""route_disruption"", ""node"": ""maritime_chokepoint"", ""shock_type"": ""military_escalation"", ""target_node_role"": ""direct_disruption_target"", ""upstream_driver"": ""maritime_military_tension""}",,"event_type, supply_chain_nodes, affected_asset_types, affected_assets, transmission_chain, summary",medium,Conservative frozen-vocabulary proposal from existing historical fields.
case_2023_south_china_sea_shipping_tensions,maritime military tension and shipping-route risk,container_shipping,resolvable,{},"{""canonical_context"": ""maritime_route_security_constraint"", ""constraint_type"": ""route_disruption"", ""node"": ""container_shipping"", ""shock_type"": ""military_escalation"", ""target_node_role"": ""direct_disruption_target"", ""upstream_driver"": ""maritime_military_tension""}",,"event_type, supply_chain_nodes, affected_asset_types, affected_assets, transmission_chain, summary",medium,Conservative frozen-vocabulary proposal from existing historical fields.
case_2023_south_china_sea_shipping_tensions,maritime military tension and shipping-route risk,freight_routes,resolvable,{},"{""canonical_context"": ""maritime_route_security_constraint"", ""constraint_type"": ""route_disruption"", ""node"": ""freight_routes"", ""shock_type"": ""military_escalation"", ""target_node_role"": ""transmission_channel"", ""upstream_driver"": ""maritime_military_tension""}",,"event_type, supply_chain_nodes, affected_asset_types, affected_assets, transmission_chain, summary",medium,Conservative frozen-vocabulary proposal from existing historical fields.
case_2023_south_china_sea_shipping_tensions,maritime military tension and shipping-route risk,marine_insurance,resolvable,{},"{""canonical_context"": ""energy_shipping_insurance_constraint"", ""constraint_type"": ""insurance_constraint"", ""node"": ""marine_insurance"", ""shock_type"": ""military_escalation"", ""target_node_role"": ""financing_or_insurance_channel"", ""upstream_driver"": ""maritime_military_tension""}",,"event_type, supply_chain_nodes, affected_asset_types, affected_assets, transmission_chain, summary",medium,Conservative frozen-vocabulary proposal from existing historical fields.
case_2023_south_china_sea_shipping_tensions,maritime military tension and shipping-route risk,defense,already_migrated,"{""canonical_context"": ""regional_security_context"", ""constraint_type"": ""security_risk"", ""node"": ""defense"", ""shock_type"": ""military_escalation"", ""target_node_role"": ""contextual_background"", ""upstream_driver"": ""south_china_sea_maritime_security_tensions""}","{""canonical_context"": ""regional_security_context"", ""constraint_type"": ""security_risk"", ""node"": ""defense"", ""shock_type"": ""military_escalation"", ""target_node_role"": ""contextual_background"", ""upstream_driver"": ""south_china_sea_maritime_security_tensions""}",,existing development-enriched node context,high,Preserved without modification.
case_2023_south_china_sea_shipping_tensions,maritime military tension and shipping-route risk,logistics,resolvable,{},"{""canonical_context"": ""maritime_route_security_constraint"", ""constraint_type"": ""route_disruption"", ""node"": ""logistics"", ""shock_type"": ""military_escalation"", ""target_node_role"": ""transmission_channel"", ""upstream_driver"": ""maritime_military_tension""}",,"event_type, supply_chain_nodes, affected_asset_types, affected_assets, transmission_chain, summary",medium,Conservative frozen-vocabulary proposal from existing historical fields.
case_2023_south_china_sea_shipping_tensions,maritime military tension and shipping-route risk,trade_lanes,resolvable,{},"{""canonical_context"": ""maritime_route_security_constraint"", ""constraint_type"": ""route_disruption"", ""node"": ""trade_lanes"", ""shock_type"": ""military_escalation"", ""target_node_role"": ""transmission_channel"", ""upstream_driver"": ""maritime_military_tension""}",,"event_type, supply_chain_nodes, affected_asset_types, affected_assets, transmission_chain, summary",medium,Conservative frozen-vocabulary proposal from existing historical fields.
case_2024_drc_cobalt_copper_mining_disruption,critical mineral mining disruption and political instability,critical_minerals,already_migrated,"{""canonical_context"": ""critical_material_input_constraint"", ""constraint_type"": ""input_shortage"", ""node"": ""critical_minerals"", ""shock_type"": ""physical_disruption"", ""target_node_role"": ""upstream_input"", ""upstream_driver"": ""cobalt_copper_mining_disruption""}","{""canonical_context"": ""critical_material_input_constraint"", ""constraint_type"": ""input_shortage"", ""node"": ""critical_minerals"", ""shock_type"": ""physical_disruption"", ""target_node_role"": ""upstream_input"", ""upstream_driver"": ""cobalt_copper_mining_disruption""}",,existing development-enriched node context,high,Preserved without modification.
case_2024_drc_cobalt_copper_mining_disruption,critical mineral mining disruption and political instability,battery_materials,resolvable,{},"{""canonical_context"": ""battery_material_input_constraint"", ""constraint_type"": ""input_access_restriction"", ""node"": ""battery_materials"", ""shock_type"": ""export_restriction"", ""target_node_role"": ""upstream_input"", ""upstream_driver"": ""mining_region_political_instability""}",,"event_type, supply_chain_nodes, affected_asset_types, affected_assets, transmission_chain, summary",medium,Conservative frozen-vocabulary proposal from existing historical fields.
case_2024_drc_cobalt_copper_mining_disruption,critical mineral mining disruption and political instability,manufacturing_inputs,vocabulary_gap_candidate,{},{},shock_type;constraint_type;upstream_driver;target_node_role;canonical_context,,medium,No frozen canonical_context precisely represents this node's mechanism.
case_2024_drc_cobalt_copper_mining_disruption,critical mineral mining disruption and political instability,trade_lanes,resolvable,{},"{""canonical_context"": ""tariff_trade_compliance_constraint"", ""constraint_type"": ""trade_access_restriction"", ""node"": ""trade_lanes"", ""shock_type"": ""regulatory_restriction"", ""target_node_role"": ""compliance_channel"", ""upstream_driver"": ""mining_region_political_instability""}",,"event_type, supply_chain_nodes, affected_asset_types, affected_assets, transmission_chain, summary",medium,Conservative frozen-vocabulary proposal from existing historical fields.
case_2024_drc_cobalt_copper_mining_disruption,critical mineral mining disruption and political instability,customs,resolvable,{},"{""canonical_context"": ""tariff_customs_compliance_constraint"", ""constraint_type"": ""compliance_constraint"", ""node"": ""customs"", ""shock_type"": ""regulatory_restriction"", ""target_node_role"": ""compliance_channel"", ""upstream_driver"": ""mining_region_political_instability""}",,"event_type, supply_chain_nodes, affected_asset_types, affected_assets, transmission_chain, summary",medium,Conservative frozen-vocabulary proposal from existing historical fields.
case_2024_drc_cobalt_copper_mining_disruption,critical mineral mining disruption and political instability,logistics,resolvable,{},"{""canonical_context"": ""maritime_route_security_constraint"", ""constraint_type"": ""route_disruption"", ""node"": ""logistics"", ""shock_type"": ""military_escalation"", ""target_node_role"": ""transmission_channel"", ""upstream_driver"": ""mining_region_political_instability""}",,"event_type, supply_chain_nodes, affected_asset_types, affected_assets, transmission_chain, summary",medium,Conservative frozen-vocabulary proposal from existing historical fields.
case_2023_mexico_nearshoring_cross_border_policy_risk,nearshoring policy and cross-border manufacturing risk,manufacturing_inputs,vocabulary_gap_candidate,{},{},shock_type;constraint_type;upstream_driver;target_node_role;canonical_context,,medium,No frozen canonical_context precisely represents this node's mechanism.
case_2023_mexico_nearshoring_cross_border_policy_risk,nearshoring policy and cross-border manufacturing risk,trade_lanes,resolvable,{},"{""canonical_context"": ""tariff_trade_compliance_constraint"", ""constraint_type"": ""trade_access_restriction"", ""node"": ""trade_lanes"", ""shock_type"": ""regulatory_restriction"", ""target_node_role"": ""compliance_channel"", ""upstream_driver"": ""nearshoring_investment_shift""}",,"event_type, supply_chain_nodes, affected_asset_types, affected_assets, transmission_chain, summary",medium,Conservative frozen-vocabulary proposal from existing historical fields.
case_2023_mexico_nearshoring_cross_border_policy_risk,nearshoring policy and cross-border manufacturing risk,customs,resolvable,{},"{""canonical_context"": ""tariff_customs_compliance_constraint"", ""constraint_type"": ""compliance_constraint"", ""node"": ""customs"", ""shock_type"": ""regulatory_restriction"", ""target_node_role"": ""compliance_channel"", ""upstream_driver"": ""nearshoring_investment_shift""}",,"event_type, supply_chain_nodes, affected_asset_types, affected_assets, transmission_chain, summary",medium,Conservative frozen-vocabulary proposal from existing historical fields.
case_2023_mexico_nearshoring_cross_border_policy_risk,nearshoring policy and cross-border manufacturing risk,logistics,resolvable,{},"{""canonical_context"": ""maritime_route_security_constraint"", ""constraint_type"": ""route_disruption"", ""node"": ""logistics"", ""shock_type"": ""military_escalation"", ""target_node_role"": ""transmission_channel"", ""upstream_driver"": ""nearshoring_investment_shift""}",,"event_type, supply_chain_nodes, affected_asset_types, affected_assets, transmission_chain, summary",medium,Conservative frozen-vocabulary proposal from existing historical fields.
case_2023_mexico_nearshoring_cross_border_policy_risk,nearshoring policy and cross-border manufacturing risk,freight_routes,resolvable,{},"{""canonical_context"": ""maritime_route_security_constraint"", ""constraint_type"": ""route_disruption"", ""node"": ""freight_routes"", ""shock_type"": ""military_escalation"", ""target_node_role"": ""transmission_channel"", ""upstream_driver"": ""nearshoring_investment_shift""}",,"event_type, supply_chain_nodes, affected_asset_types, affected_assets, transmission_chain, summary",medium,Conservative frozen-vocabulary proposal from existing historical fields.
case_2023_mexico_nearshoring_cross_border_policy_risk,nearshoring policy and cross-border manufacturing risk,ports,resolvable,{},"{""canonical_context"": ""maritime_route_security_constraint"", ""constraint_type"": ""route_disruption"", ""node"": ""ports"", ""shock_type"": ""military_escalation"", ""target_node_role"": ""transmission_channel"", ""upstream_driver"": ""nearshoring_investment_shift""}",,"event_type, supply_chain_nodes, affected_asset_types, affected_assets, transmission_chain, summary",medium,Conservative frozen-vocabulary proposal from existing historical fields.
case_2023_eu_carbon_border_adjustment_mechanism,green trade compliance and carbon border adjustment risk,customs,already_migrated,"{""canonical_context"": ""tariff_customs_compliance_constraint"", ""constraint_type"": ""compliance_constraint"", ""node"": ""customs"", ""shock_type"": ""regulatory_restriction"", ""target_node_role"": ""compliance_channel"", ""upstream_driver"": ""carbon_border_documentation""}","{""canonical_context"": ""tariff_customs_compliance_constraint"", ""constraint_type"": ""compliance_constraint"", ""node"": ""customs"", ""shock_type"": ""regulatory_restriction"", ""target_node_role"": ""compliance_channel"", ""upstream_driver"": ""carbon_border_documentation""}",,existing development-enriched node context,high,Preserved without modification.
case_2023_eu_carbon_border_adjustment_mechanism,green trade compliance and carbon border adjustment risk,trade_lanes,already_migrated,"{""canonical_context"": ""tariff_trade_compliance_constraint"", ""constraint_type"": ""trade_access_restriction"", ""node"": ""trade_lanes"", ""shock_type"": ""regulatory_restriction"", ""target_node_role"": ""compliance_channel"", ""upstream_driver"": ""carbon_border_trade_compliance""}","{""canonical_context"": ""tariff_trade_compliance_constraint"", ""constraint_type"": ""trade_access_restriction"", ""node"": ""trade_lanes"", ""shock_type"": ""regulatory_restriction"", ""target_node_role"": ""compliance_channel"", ""upstream_driver"": ""carbon_border_trade_compliance""}",,existing development-enriched node context,high,Preserved without modification.
case_2023_eu_carbon_border_adjustment_mechanism,green trade compliance and carbon border adjustment risk,manufacturing_inputs,vocabulary_gap_candidate,{},{},shock_type;constraint_type;upstream_driver;target_node_role;canonical_context,,medium,No frozen canonical_context precisely represents this node's mechanism.
case_2023_eu_carbon_border_adjustment_mechanism,green trade compliance and carbon border adjustment risk,fertilizer,resolvable,{},"{""canonical_context"": ""agricultural_input_constraint"", ""constraint_type"": ""input_shortage"", ""node"": ""fertilizer"", ""shock_type"": ""export_restriction"", ""target_node_role"": ""upstream_input"", ""upstream_driver"": ""green_trade_policy_implementation""}",,"event_type, supply_chain_nodes, affected_asset_types, affected_assets, transmission_chain, summary",medium,Conservative frozen-vocabulary proposal from existing historical fields.
case_2023_eu_carbon_border_adjustment_mechanism,green trade compliance and carbon border adjustment risk,energy,already_migrated,"{""canonical_context"": ""energy_trade_compliance_constraint"", ""constraint_type"": ""compliance_constraint"", ""node"": ""energy"", ""shock_type"": ""regulatory_restriction"", ""target_node_role"": ""downstream_exposure"", ""upstream_driver"": ""carbon_border_energy_intensity_reporting""}","{""canonical_context"": ""energy_trade_compliance_constraint"", ""constraint_type"": ""compliance_constraint"", ""node"": ""energy"", ""shock_type"": ""regulatory_restriction"", ""target_node_role"": ""downstream_exposure"", ""upstream_driver"": ""carbon_border_energy_intensity_reporting""}",,existing development-enriched node context,high,Preserved without modification.
case_2023_eu_carbon_border_adjustment_mechanism,green trade compliance and carbon border adjustment risk,critical_minerals,resolvable,{},"{""canonical_context"": ""critical_material_compliance_constraint"", ""constraint_type"": ""input_access_restriction"", ""node"": ""critical_minerals"", ""shock_type"": ""export_restriction"", ""target_node_role"": ""upstream_input"", ""upstream_driver"": ""green_trade_policy_implementation""}",,"event_type, supply_chain_nodes, affected_asset_types, affected_assets, transmission_chain, summary",medium,Conservative frozen-vocabulary proposal from existing historical fields.
case_2021_myanmar_coup_supply_chain_disruption,coup and manufacturing supply-chain disruption,manufacturing_inputs,vocabulary_gap_candidate,{},{},shock_type;constraint_type;upstream_driver;target_node_role;canonical_context,,medium,No frozen canonical_context precisely represents this node's mechanism.
case_2021_myanmar_coup_supply_chain_disruption,coup and manufacturing supply-chain disruption,logistics,already_migrated,"{""canonical_context"": ""logistics_operational_disruption"", ""constraint_type"": ""capacity_reduction"", ""node"": ""logistics"", ""shock_type"": ""political_instability"", ""target_node_role"": ""transmission_channel"", ""upstream_driver"": ""factory_and_border_logistics_disruption""}","{""canonical_context"": ""logistics_operational_disruption"", ""constraint_type"": ""capacity_reduction"", ""node"": ""logistics"", ""shock_type"": ""political_instability"", ""target_node_role"": ""transmission_channel"", ""upstream_driver"": ""factory_and_border_logistics_disruption""}",,existing development-enriched node context,high,Preserved without modification.
case_2021_myanmar_coup_supply_chain_disruption,coup and manufacturing supply-chain disruption,ports,resolvable,{},"{""canonical_context"": ""maritime_route_security_constraint"", ""constraint_type"": ""route_disruption"", ""node"": ""ports"", ""shock_type"": ""military_escalation"", ""target_node_role"": ""transmission_channel"", ""upstream_driver"": ""military_coup""}",,"event_type, supply_chain_nodes, affected_asset_types, affected_assets, transmission_chain, summary",medium,Conservative frozen-vocabulary proposal from existing historical fields.
case_2021_myanmar_coup_supply_chain_disruption,coup and manufacturing supply-chain disruption,customs,resolvable,{},"{""canonical_context"": ""tariff_customs_compliance_constraint"", ""constraint_type"": ""compliance_constraint"", ""node"": ""customs"", ""shock_type"": ""regulatory_restriction"", ""target_node_role"": ""compliance_channel"", ""upstream_driver"": ""military_coup""}",,"event_type, supply_chain_nodes, affected_asset_types, affected_assets, transmission_chain, summary",medium,Conservative frozen-vocabulary proposal from existing historical fields.
case_2021_myanmar_coup_supply_chain_disruption,coup and manufacturing supply-chain disruption,trade_lanes,resolvable,{},"{""canonical_context"": ""tariff_trade_compliance_constraint"", ""constraint_type"": ""trade_access_restriction"", ""node"": ""trade_lanes"", ""shock_type"": ""regulatory_restriction"", ""target_node_role"": ""compliance_channel"", ""upstream_driver"": ""military_coup""}",,"event_type, supply_chain_nodes, affected_asset_types, affected_assets, transmission_chain, summary",medium,Conservative frozen-vocabulary proposal from existing historical fields.
case_2021_myanmar_coup_supply_chain_disruption,coup and manufacturing supply-chain disruption,agriculture,ambiguous,{},{},shock_type;constraint_type;upstream_driver;target_node_role;canonical_context,,low,Existing frozen vocabulary and raw case fields do not support a precise node-level context.
case_2023_arctic_lng_russian_energy_shipping_sanctions,energy shipping sanctions and Arctic LNG disruption risk,lng_shipping,already_migrated,"{""canonical_context"": ""energy_shipping_sanctions_route_constraint"", ""constraint_type"": ""route_disruption"", ""node"": ""lng_shipping"", ""shock_type"": ""sanctions"", ""target_node_role"": ""direct_disruption_target"", ""upstream_driver"": ""arctic_lng_shipping_restrictions""}","{""canonical_context"": ""energy_shipping_sanctions_route_constraint"", ""constraint_type"": ""route_disruption"", ""node"": ""lng_shipping"", ""shock_type"": ""sanctions"", ""target_node_role"": ""direct_disruption_target"", ""upstream_driver"": ""arctic_lng_shipping_restrictions""}",,existing development-enriched node context,high,Preserved without modification.
case_2023_arctic_lng_russian_energy_shipping_sanctions,energy shipping sanctions and Arctic LNG disruption risk,energy,resolvable,{},"{""canonical_context"": ""energy_trade_finance_constraint"", ""constraint_type"": ""financing_constraint"", ""node"": ""energy"", ""shock_type"": ""sanctions"", ""target_node_role"": ""downstream_exposure"", ""upstream_driver"": ""energy_sanctions_expansion""}",,"event_type, supply_chain_nodes, affected_asset_types, affected_assets, transmission_chain, summary",medium,Conservative frozen-vocabulary proposal from existing historical fields.
case_2023_arctic_lng_russian_energy_shipping_sanctions,energy shipping sanctions and Arctic LNG disruption risk,marine_insurance,already_migrated,"{""canonical_context"": ""energy_shipping_insurance_constraint"", ""constraint_type"": ""insurance_constraint"", ""node"": ""marine_insurance"", ""shock_type"": ""sanctions"", ""target_node_role"": ""financing_or_insurance_channel"", ""upstream_driver"": ""energy_shipping_insurance_and_financing_limits""}","{""canonical_context"": ""energy_shipping_insurance_constraint"", ""constraint_type"": ""insurance_constraint"", ""node"": ""marine_insurance"", ""shock_type"": ""sanctions"", ""target_node_role"": ""financing_or_insurance_channel"", ""upstream_driver"": ""energy_shipping_insurance_and_financing_limits""}",,existing development-enriched node context,high,Preserved without modification.
case_2023_arctic_lng_russian_energy_shipping_sanctions,energy shipping sanctions and Arctic LNG disruption risk,financial_sanctions,resolvable,{},"{""canonical_context"": ""financial_sanctions_trade_finance_constraint"", ""constraint_type"": ""financing_constraint"", ""node"": ""financial_sanctions"", ""shock_type"": ""sanctions"", ""target_node_role"": ""direct_disruption_target"", ""upstream_driver"": ""energy_sanctions_expansion""}",,"event_type, supply_chain_nodes, affected_asset_types, affected_assets, transmission_chain, summary",medium,Conservative frozen-vocabulary proposal from existing historical fields.
case_2023_arctic_lng_russian_energy_shipping_sanctions,energy shipping sanctions and Arctic LNG disruption risk,payment_networks,resolvable,{},"{""canonical_context"": ""financial_sanctions_trade_finance_constraint"", ""constraint_type"": ""financing_constraint"", ""node"": ""payment_networks"", ""shock_type"": ""sanctions"", ""target_node_role"": ""direct_disruption_target"", ""upstream_driver"": ""energy_sanctions_expansion""}",,"event_type, supply_chain_nodes, affected_asset_types, affected_assets, transmission_chain, summary",medium,Conservative frozen-vocabulary proposal from existing historical fields.
case_2023_arctic_lng_russian_energy_shipping_sanctions,energy shipping sanctions and Arctic LNG disruption risk,maritime_chokepoint,already_migrated,"{""canonical_context"": ""energy_shipping_sanctions_route_constraint"", ""constraint_type"": ""route_disruption"", ""node"": ""maritime_chokepoint"", ""shock_type"": ""sanctions"", ""target_node_role"": ""transmission_channel"", ""upstream_driver"": ""arctic_lng_shipping_restrictions""}","{""canonical_context"": ""energy_shipping_sanctions_route_constraint"", ""constraint_type"": ""route_disruption"", ""node"": ""maritime_chokepoint"", ""shock_type"": ""sanctions"", ""target_node_role"": ""transmission_channel"", ""upstream_driver"": ""arctic_lng_shipping_restrictions""}",,existing development-enriched node context,high,Preserved without modification.
case_2023_arctic_lng_russian_energy_shipping_sanctions,energy shipping sanctions and Arctic LNG disruption risk,oil_shipping,resolvable,{},"{""canonical_context"": ""oil_shipping_security_constraint"", ""constraint_type"": ""route_disruption"", ""node"": ""oil_shipping"", ""shock_type"": ""sanctions"", ""target_node_role"": ""direct_disruption_target"", ""upstream_driver"": ""energy_sanctions_expansion""}",,"event_type, supply_chain_nodes, affected_asset_types, affected_assets, transmission_chain, summary",medium,Conservative frozen-vocabulary proposal from existing historical fields.
case_1987_1988_tanker_war_reflagging,maritime chokepoint security and oil shipping disruption,maritime_chokepoint,resolvable,{},"{""canonical_context"": ""maritime_route_security_constraint"", ""constraint_type"": ""route_disruption"", ""node"": ""maritime_chokepoint"", ""shock_type"": ""military_escalation"", ""target_node_role"": ""direct_disruption_target"", ""upstream_driver"": ""regional_military_escalation""}",,"event_type, supply_chain_nodes, affected_asset_types, affected_assets, transmission_chain, summary",medium,Conservative frozen-vocabulary proposal from existing historical fields.
case_1987_1988_tanker_war_reflagging,maritime chokepoint security and oil shipping disruption,oil_shipping,already_migrated,"{""canonical_context"": ""oil_shipping_security_constraint"", ""constraint_type"": ""route_disruption"", ""node"": ""oil_shipping"", ""shock_type"": ""military_escalation"", ""target_node_role"": ""direct_disruption_target"", ""upstream_driver"": ""tanker_attack_risk""}","{""canonical_context"": ""oil_shipping_security_constraint"", ""constraint_type"": ""route_disruption"", ""node"": ""oil_shipping"", ""shock_type"": ""military_escalation"", ""target_node_role"": ""direct_disruption_target"", ""upstream_driver"": ""tanker_attack_risk""}",,existing development-enriched node context,high,Preserved without modification.
case_1987_1988_tanker_war_reflagging,maritime chokepoint security and oil shipping disruption,marine_insurance,resolvable,{},"{""canonical_context"": ""energy_shipping_insurance_constraint"", ""constraint_type"": ""insurance_constraint"", ""node"": ""marine_insurance"", ""shock_type"": ""military_escalation"", ""target_node_role"": ""financing_or_insurance_channel"", ""upstream_driver"": ""regional_military_escalation""}",,"event_type, supply_chain_nodes, affected_asset_types, affected_assets, transmission_chain, summary",medium,Conservative frozen-vocabulary proposal from existing historical fields.
case_1987_1988_tanker_war_reflagging,maritime chokepoint security and oil shipping disruption,freight_routes,resolvable,{},"{""canonical_context"": ""maritime_route_security_constraint"", ""constraint_type"": ""route_disruption"", ""node"": ""freight_routes"", ""shock_type"": ""military_escalation"", ""target_node_role"": ""transmission_channel"", ""upstream_driver"": ""regional_military_escalation""}",,"event_type, supply_chain_nodes, affected_asset_types, affected_assets, transmission_chain, summary",medium,Conservative frozen-vocabulary proposal from existing historical fields.
case_1987_1988_tanker_war_reflagging,maritime chokepoint security and oil shipping disruption,energy,ambiguous,{},{},shock_type;constraint_type;upstream_driver;target_node_role;canonical_context,,low,Existing frozen vocabulary and raw case fields do not support a precise node-level context.
case_1987_1988_tanker_war_reflagging,maritime chokepoint security and oil shipping disruption,defense,already_migrated,"{""canonical_context"": ""regional_security_context"", ""constraint_type"": ""security_risk"", ""node"": ""defense"", ""shock_type"": ""military_escalation"", ""target_node_role"": ""downstream_exposure"", ""upstream_driver"": ""convoy_and_reflagging_security_operations""}","{""canonical_context"": ""regional_security_context"", ""constraint_type"": ""security_risk"", ""node"": ""defense"", ""shock_type"": ""military_escalation"", ""target_node_role"": ""downstream_exposure"", ""upstream_driver"": ""convoy_and_reflagging_security_operations""}",,existing development-enriched node context,high,Preserved without modification.
case_1987_1988_tanker_war_reflagging,maritime chokepoint security and oil shipping disruption,logistics,already_migrated,"{""canonical_context"": ""maritime_route_security_constraint"", ""constraint_type"": ""route_disruption"", ""node"": ""logistics"", ""shock_type"": ""military_escalation"", ""target_node_role"": ""transmission_channel"", ""upstream_driver"": ""convoy_and_routing_constraints""}","{""canonical_context"": ""maritime_route_security_constraint"", ""constraint_type"": ""route_disruption"", ""node"": ""logistics"", ""shock_type"": ""military_escalation"", ""target_node_role"": ""transmission_channel"", ""upstream_driver"": ""convoy_and_routing_constraints""}",,existing development-enriched node context,high,Preserved without modification.
case_2008_somali_piracy_gulf_of_aden,maritime security disruption and insurance cost shock,maritime_chokepoint,already_migrated,"{""canonical_context"": ""maritime_route_security_constraint"", ""constraint_type"": ""route_disruption"", ""node"": ""maritime_chokepoint"", ""shock_type"": ""military_escalation"", ""target_node_role"": ""direct_disruption_target"", ""upstream_driver"": ""gulf_of_aden_piracy_security_risk""}","{""canonical_context"": ""maritime_route_security_constraint"", ""constraint_type"": ""route_disruption"", ""node"": ""maritime_chokepoint"", ""shock_type"": ""military_escalation"", ""target_node_role"": ""direct_disruption_target"", ""upstream_driver"": ""gulf_of_aden_piracy_security_risk""}",,existing development-enriched node context,high,Preserved without modification.
case_2008_somali_piracy_gulf_of_aden,maritime security disruption and insurance cost shock,container_shipping,already_migrated,"{""canonical_context"": ""maritime_route_security_constraint"", ""constraint_type"": ""route_disruption"", ""node"": ""container_shipping"", ""shock_type"": ""military_escalation"", ""target_node_role"": ""direct_disruption_target"", ""upstream_driver"": ""gulf_of_aden_piracy_security_risk""}","{""canonical_context"": ""maritime_route_security_constraint"", ""constraint_type"": ""route_disruption"", ""node"": ""container_shipping"", ""shock_type"": ""military_escalation"", ""target_node_role"": ""direct_disruption_target"", ""upstream_driver"": ""gulf_of_aden_piracy_security_risk""}",,existing development-enriched node context,high,Preserved without modification.
case_2008_somali_piracy_gulf_of_aden,maritime security disruption and insurance cost shock,oil_shipping,resolvable,{},"{""canonical_context"": ""oil_shipping_security_constraint"", ""constraint_type"": ""route_disruption"", ""node"": ""oil_shipping"", ""shock_type"": ""military_escalation"", ""target_node_role"": ""direct_disruption_target"", ""upstream_driver"": ""piracy_and_vessel_seizure_risk""}",,"event_type, supply_chain_nodes, affected_asset_types, affected_assets, transmission_chain, summary",medium,Conservative frozen-vocabulary proposal from existing historical fields.
case_2008_somali_piracy_gulf_of_aden,maritime security disruption and insurance cost shock,marine_insurance,resolvable,{},"{""canonical_context"": ""energy_shipping_insurance_constraint"", ""constraint_type"": ""insurance_constraint"", ""node"": ""marine_insurance"", ""shock_type"": ""military_escalation"", ""target_node_role"": ""financing_or_insurance_channel"", ""upstream_driver"": ""piracy_and_vessel_seizure_risk""}",,"event_type, supply_chain_nodes, affected_asset_types, affected_assets, transmission_chain, summary",medium,Conservative frozen-vocabulary proposal from existing historical fields.
case_2008_somali_piracy_gulf_of_aden,maritime security disruption and insurance cost shock,freight_routes,resolvable,{},"{""canonical_context"": ""maritime_route_security_constraint"", ""constraint_type"": ""route_disruption"", ""node"": ""freight_routes"", ""shock_type"": ""military_escalation"", ""target_node_role"": ""transmission_channel"", ""upstream_driver"": ""piracy_and_vessel_seizure_risk""}",,"event_type, supply_chain_nodes, affected_asset_types, affected_assets, transmission_chain, summary",medium,Conservative frozen-vocabulary proposal from existing historical fields.
case_2008_somali_piracy_gulf_of_aden,maritime security disruption and insurance cost shock,logistics,resolvable,{},"{""canonical_context"": ""maritime_route_security_constraint"", ""constraint_type"": ""route_disruption"", ""node"": ""logistics"", ""shock_type"": ""military_escalation"", ""target_node_role"": ""transmission_channel"", ""upstream_driver"": ""piracy_and_vessel_seizure_risk""}",,"event_type, supply_chain_nodes, affected_asset_types, affected_assets, transmission_chain, summary",medium,Conservative frozen-vocabulary proposal from existing historical fields.
case_2022_turkey_strait_tanker_insurance_backlog,maritime insurance verification and tanker-route disruption,maritime_chokepoint,resolvable,{},"{""canonical_context"": ""maritime_route_security_constraint"", ""constraint_type"": ""route_disruption"", ""node"": ""maritime_chokepoint"", ""shock_type"": ""military_escalation"", ""target_node_role"": ""direct_disruption_target"", ""upstream_driver"": ""oil_sanctions_implementation""}",,"event_type, supply_chain_nodes, affected_asset_types, affected_assets, transmission_chain, summary",medium,Conservative frozen-vocabulary proposal from existing historical fields.
case_2022_turkey_strait_tanker_insurance_backlog,maritime insurance verification and tanker-route disruption,oil_shipping,resolvable,{},"{""canonical_context"": ""oil_shipping_security_constraint"", ""constraint_type"": ""route_disruption"", ""node"": ""oil_shipping"", ""shock_type"": ""sanctions"", ""target_node_role"": ""direct_disruption_target"", ""upstream_driver"": ""oil_sanctions_implementation""}",,"event_type, supply_chain_nodes, affected_asset_types, affected_assets, transmission_chain, summary",medium,Conservative frozen-vocabulary proposal from existing historical fields.
case_2022_turkey_strait_tanker_insurance_backlog,maritime insurance verification and tanker-route disruption,marine_insurance,resolvable,{},"{""canonical_context"": ""energy_shipping_insurance_constraint"", ""constraint_type"": ""insurance_constraint"", ""node"": ""marine_insurance"", ""shock_type"": ""sanctions"", ""target_node_role"": ""financing_or_insurance_channel"", ""upstream_driver"": ""oil_sanctions_implementation""}",,"event_type, supply_chain_nodes, affected_asset_types, affected_assets, transmission_chain, summary",medium,Conservative frozen-vocabulary proposal from existing historical fields.
case_2022_turkey_strait_tanker_insurance_backlog,maritime insurance verification and tanker-route disruption,financial_sanctions,resolvable,{},"{""canonical_context"": ""financial_sanctions_trade_finance_constraint"", ""constraint_type"": ""financing_constraint"", ""node"": ""financial_sanctions"", ""shock_type"": ""sanctions"", ""target_node_role"": ""direct_disruption_target"", ""upstream_driver"": ""oil_sanctions_implementation""}",,"event_type, supply_chain_nodes, affected_asset_types, affected_assets, transmission_chain, summary",medium,Conservative frozen-vocabulary proposal from existing historical fields.
case_2022_turkey_strait_tanker_insurance_backlog,maritime insurance verification and tanker-route disruption,customs,resolvable,{},"{""canonical_context"": ""tariff_customs_compliance_constraint"", ""constraint_type"": ""compliance_constraint"", ""node"": ""customs"", ""shock_type"": ""regulatory_restriction"", ""target_node_role"": ""compliance_channel"", ""upstream_driver"": ""oil_sanctions_implementation""}",,"event_type, supply_chain_nodes, affected_asset_types, affected_assets, transmission_chain, summary",medium,Conservative frozen-vocabulary proposal from existing historical fields.
case_2022_turkey_strait_tanker_insurance_backlog,maritime insurance verification and tanker-route disruption,freight_routes,resolvable,{},"{""canonical_context"": ""maritime_route_security_constraint"", ""constraint_type"": ""route_disruption"", ""node"": ""freight_routes"", ""shock_type"": ""military_escalation"", ""target_node_role"": ""transmission_channel"", ""upstream_driver"": ""oil_sanctions_implementation""}",,"event_type, supply_chain_nodes, affected_asset_types, affected_assets, transmission_chain, summary",medium,Conservative frozen-vocabulary proposal from existing historical fields.
case_2022_turkey_strait_tanker_insurance_backlog,maritime insurance verification and tanker-route disruption,logistics,resolvable,{},"{""canonical_context"": ""maritime_route_security_constraint"", ""constraint_type"": ""route_disruption"", ""node"": ""logistics"", ""shock_type"": ""military_escalation"", ""target_node_role"": ""transmission_channel"", ""upstream_driver"": ""oil_sanctions_implementation""}",,"event_type, supply_chain_nodes, affected_asset_types, affected_assets, transmission_chain, summary",medium,Conservative frozen-vocabulary proposal from existing historical fields.
case_2014_crimea_financial_sanctions,financial sanctions and trade finance restriction,financial_sanctions,already_migrated,"{""canonical_context"": ""financial_sanctions_trade_finance_constraint"", ""constraint_type"": ""financing_constraint"", ""node"": ""financial_sanctions"", ""shock_type"": ""sanctions"", ""target_node_role"": ""direct_disruption_target"", ""upstream_driver"": ""crimea_financial_access_restrictions""}","{""canonical_context"": ""financial_sanctions_trade_finance_constraint"", ""constraint_type"": ""financing_constraint"", ""node"": ""financial_sanctions"", ""shock_type"": ""sanctions"", ""target_node_role"": ""direct_disruption_target"", ""upstream_driver"": ""crimea_financial_access_restrictions""}",,existing development-enriched node context,high,Preserved without modification.
case_2014_crimea_financial_sanctions,financial sanctions and trade finance restriction,payment_networks,resolvable,{},"{""canonical_context"": ""financial_sanctions_trade_finance_constraint"", ""constraint_type"": ""financing_constraint"", ""node"": ""payment_networks"", ""shock_type"": ""sanctions"", ""target_node_role"": ""direct_disruption_target"", ""upstream_driver"": ""territorial_annexation""}",,"event_type, supply_chain_nodes, affected_asset_types, affected_assets, transmission_chain, summary",medium,Conservative frozen-vocabulary proposal from existing historical fields.
case_2014_crimea_financial_sanctions,financial sanctions and trade finance restriction,customs,resolvable,{},"{""canonical_context"": ""tariff_customs_compliance_constraint"", ""constraint_type"": ""compliance_constraint"", ""node"": ""customs"", ""shock_type"": ""regulatory_restriction"", ""target_node_role"": ""compliance_channel"", ""upstream_driver"": ""territorial_annexation""}",,"event_type, supply_chain_nodes, affected_asset_types, affected_assets, transmission_chain, summary",medium,Conservative frozen-vocabulary proposal from existing historical fields.
case_2014_crimea_financial_sanctions,financial sanctions and trade finance restriction,trade_lanes,resolvable,{},"{""canonical_context"": ""tariff_trade_compliance_constraint"", ""constraint_type"": ""trade_access_restriction"", ""node"": ""trade_lanes"", ""shock_type"": ""regulatory_restriction"", ""target_node_role"": ""compliance_channel"", ""upstream_driver"": ""territorial_annexation""}",,"event_type, supply_chain_nodes, affected_asset_types, affected_assets, transmission_chain, summary",medium,Conservative frozen-vocabulary proposal from existing historical fields.
case_2014_crimea_financial_sanctions,financial sanctions and trade finance restriction,energy,resolvable,{},"{""canonical_context"": ""energy_trade_finance_constraint"", ""constraint_type"": ""financing_constraint"", ""node"": ""energy"", ""shock_type"": ""sanctions"", ""target_node_role"": ""downstream_exposure"", ""upstream_driver"": ""territorial_annexation""}",,"event_type, supply_chain_nodes, affected_asset_types, affected_assets, transmission_chain, summary",medium,Conservative frozen-vocabulary proposal from existing historical fields.
case_2014_crimea_financial_sanctions,financial sanctions and trade finance restriction,manufacturing_inputs,vocabulary_gap_candidate,{},{},shock_type;constraint_type;upstream_driver;target_node_role;canonical_context,,medium,No frozen canonical_context precisely represents this node's mechanism.
case_2018_iran_swift_restrictions,sanctions payment network and oil trade restriction,financial_sanctions,already_migrated,"{""canonical_context"": ""financial_sanctions_trade_finance_constraint"", ""constraint_type"": ""financing_constraint"", ""node"": ""financial_sanctions"", ""shock_type"": ""sanctions"", ""target_node_role"": ""direct_disruption_target"", ""upstream_driver"": ""swift_access_restriction""}","{""canonical_context"": ""financial_sanctions_trade_finance_constraint"", ""constraint_type"": ""financing_constraint"", ""node"": ""financial_sanctions"", ""shock_type"": ""sanctions"", ""target_node_role"": ""direct_disruption_target"", ""upstream_driver"": ""swift_access_restriction""}",,existing development-enriched node context,high,Preserved without modification.
case_2018_iran_swift_restrictions,sanctions payment network and oil trade restriction,payment_networks,resolvable,{},"{""canonical_context"": ""financial_sanctions_trade_finance_constraint"", ""constraint_type"": ""financing_constraint"", ""node"": ""payment_networks"", ""shock_type"": ""sanctions"", ""target_node_role"": ""direct_disruption_target"", ""upstream_driver"": ""sanctions_reimposition""}",,"event_type, supply_chain_nodes, affected_asset_types, affected_assets, transmission_chain, summary",medium,Conservative frozen-vocabulary proposal from existing historical fields.
case_2018_iran_swift_restrictions,sanctions payment network and oil trade restriction,oil_shipping,resolvable,{},"{""canonical_context"": ""oil_shipping_security_constraint"", ""constraint_type"": ""route_disruption"", ""node"": ""oil_shipping"", ""shock_type"": ""sanctions"", ""target_node_role"": ""direct_disruption_target"", ""upstream_driver"": ""sanctions_reimposition""}",,"event_type, supply_chain_nodes, affected_asset_types, affected_assets, transmission_chain, summary",medium,Conservative frozen-vocabulary proposal from existing historical fields.
case_2018_iran_swift_restrictions,sanctions payment network and oil trade restriction,marine_insurance,resolvable,{},"{""canonical_context"": ""energy_shipping_insurance_constraint"", ""constraint_type"": ""insurance_constraint"", ""node"": ""marine_insurance"", ""shock_type"": ""sanctions"", ""target_node_role"": ""financing_or_insurance_channel"", ""upstream_driver"": ""sanctions_reimposition""}",,"event_type, supply_chain_nodes, affected_asset_types, affected_assets, transmission_chain, summary",medium,Conservative frozen-vocabulary proposal from existing historical fields.
case_2018_iran_swift_restrictions,sanctions payment network and oil trade restriction,customs,resolvable,{},"{""canonical_context"": ""tariff_customs_compliance_constraint"", ""constraint_type"": ""compliance_constraint"", ""node"": ""customs"", ""shock_type"": ""regulatory_restriction"", ""target_node_role"": ""compliance_channel"", ""upstream_driver"": ""sanctions_reimposition""}",,"event_type, supply_chain_nodes, affected_asset_types, affected_assets, transmission_chain, summary",medium,Conservative frozen-vocabulary proposal from existing historical fields.
case_2018_iran_swift_restrictions,sanctions payment network and oil trade restriction,trade_lanes,resolvable,{},"{""canonical_context"": ""tariff_trade_compliance_constraint"", ""constraint_type"": ""trade_access_restriction"", ""node"": ""trade_lanes"", ""shock_type"": ""regulatory_restriction"", ""target_node_role"": ""compliance_channel"", ""upstream_driver"": ""sanctions_reimposition""}",,"event_type, supply_chain_nodes, affected_asset_types, affected_assets, transmission_chain, summary",medium,Conservative frozen-vocabulary proposal from existing historical fields.
case_2019_cosco_shipping_sanctions_tanker_market,shipping sanctions and marine insurance compliance disruption,financial_sanctions,resolvable,{},"{""canonical_context"": ""financial_sanctions_trade_finance_constraint"", ""constraint_type"": ""financing_constraint"", ""node"": ""financial_sanctions"", ""shock_type"": ""sanctions"", ""target_node_role"": ""direct_disruption_target"", ""upstream_driver"": ""shipping_entity_sanctions""}",,"event_type, supply_chain_nodes, affected_asset_types, affected_assets, transmission_chain, summary",medium,Conservative frozen-vocabulary proposal from existing historical fields.
case_2019_cosco_shipping_sanctions_tanker_market,shipping sanctions and marine insurance compliance disruption,oil_shipping,already_migrated,"{""canonical_context"": ""oil_shipping_security_constraint"", ""constraint_type"": ""route_disruption"", ""node"": ""oil_shipping"", ""shock_type"": ""sanctions"", ""target_node_role"": ""direct_disruption_target"", ""upstream_driver"": ""shipping_compliance_restriction""}","{""canonical_context"": ""oil_shipping_security_constraint"", ""constraint_type"": ""route_disruption"", ""node"": ""oil_shipping"", ""shock_type"": ""sanctions"", ""target_node_role"": ""direct_disruption_target"", ""upstream_driver"": ""shipping_compliance_restriction""}",,existing development-enriched node context,high,Preserved without modification.
case_2019_cosco_shipping_sanctions_tanker_market,shipping sanctions and marine insurance compliance disruption,marine_insurance,resolvable,{},"{""canonical_context"": ""energy_shipping_insurance_constraint"", ""constraint_type"": ""insurance_constraint"", ""node"": ""marine_insurance"", ""shock_type"": ""sanctions"", ""target_node_role"": ""financing_or_insurance_channel"", ""upstream_driver"": ""shipping_entity_sanctions""}",,"event_type, supply_chain_nodes, affected_asset_types, affected_assets, transmission_chain, summary",medium,Conservative frozen-vocabulary proposal from existing historical fields.
case_2019_cosco_shipping_sanctions_tanker_market,shipping sanctions and marine insurance compliance disruption,payment_networks,resolvable,{},"{""canonical_context"": ""financial_sanctions_trade_finance_constraint"", ""constraint_type"": ""financing_constraint"", ""node"": ""payment_networks"", ""shock_type"": ""sanctions"", ""target_node_role"": ""direct_disruption_target"", ""upstream_driver"": ""shipping_entity_sanctions""}",,"event_type, supply_chain_nodes, affected_asset_types, affected_assets, transmission_chain, summary",medium,Conservative frozen-vocabulary proposal from existing historical fields.
case_2019_cosco_shipping_sanctions_tanker_market,shipping sanctions and marine insurance compliance disruption,customs,resolvable,{},"{""canonical_context"": ""tariff_customs_compliance_constraint"", ""constraint_type"": ""compliance_constraint"", ""node"": ""customs"", ""shock_type"": ""regulatory_restriction"", ""target_node_role"": ""compliance_channel"", ""upstream_driver"": ""shipping_entity_sanctions""}",,"event_type, supply_chain_nodes, affected_asset_types, affected_assets, transmission_chain, summary",medium,Conservative frozen-vocabulary proposal from existing historical fields.
case_2019_cosco_shipping_sanctions_tanker_market,shipping sanctions and marine insurance compliance disruption,trade_lanes,resolvable,{},"{""canonical_context"": ""tariff_trade_compliance_constraint"", ""constraint_type"": ""trade_access_restriction"", ""node"": ""trade_lanes"", ""shock_type"": ""regulatory_restriction"", ""target_node_role"": ""compliance_channel"", ""upstream_driver"": ""shipping_entity_sanctions""}",,"event_type, supply_chain_nodes, affected_asset_types, affected_assets, transmission_chain, summary",medium,Conservative frozen-vocabulary proposal from existing historical fields.
case_2019_cosco_shipping_sanctions_tanker_market,shipping sanctions and marine insurance compliance disruption,logistics,resolvable,{},"{""canonical_context"": ""maritime_route_security_constraint"", ""constraint_type"": ""route_disruption"", ""node"": ""logistics"", ""shock_type"": ""military_escalation"", ""target_node_role"": ""transmission_channel"", ""upstream_driver"": ""shipping_entity_sanctions""}",,"event_type, supply_chain_nodes, affected_asset_types, affected_assets, transmission_chain, summary",medium,Conservative frozen-vocabulary proposal from existing historical fields.
case_2009_russia_ukraine_gas_transit_dispute,pipeline gas transit disruption and energy security shock,energy,ambiguous,{},{},shock_type;constraint_type;upstream_driver;target_node_role;canonical_context,,low,Existing frozen vocabulary and raw case fields do not support a precise node-level context.
case_2009_russia_ukraine_gas_transit_dispute,pipeline gas transit disruption and energy security shock,pipeline_infrastructure,resolvable,{},"{""canonical_context"": ""energy_distribution_cyber_capacity_constraint"", ""constraint_type"": ""capacity_reduction"", ""node"": ""pipeline_infrastructure"", ""shock_type"": ""physical_disruption"", ""target_node_role"": ""direct_disruption_target"", ""upstream_driver"": ""gas_transit_dispute""}",,"event_type, supply_chain_nodes, affected_asset_types, affected_assets, transmission_chain, summary",medium,Conservative frozen-vocabulary proposal from existing historical fields.
case_2009_russia_ukraine_gas_transit_dispute,pipeline gas transit disruption and energy security shock,petrochemicals,resolvable,{},"{""canonical_context"": ""petrochemical_feedstock_constraint"", ""constraint_type"": ""input_shortage"", ""node"": ""petrochemicals"", ""shock_type"": ""physical_disruption"", ""target_node_role"": ""downstream_exposure"", ""upstream_driver"": ""gas_transit_dispute""}",,"event_type, supply_chain_nodes, affected_asset_types, affected_assets, transmission_chain, summary",medium,Conservative frozen-vocabulary proposal from existing historical fields.
case_2009_russia_ukraine_gas_transit_dispute,pipeline gas transit disruption and energy security shock,manufacturing_inputs,vocabulary_gap_candidate,{},{},shock_type;constraint_type;upstream_driver;target_node_role;canonical_context,,medium,No frozen canonical_context precisely represents this node's mechanism.
case_2009_russia_ukraine_gas_transit_dispute,pipeline gas transit disruption and energy security shock,trade_lanes,resolvable,{},"{""canonical_context"": ""maritime_route_security_constraint"", ""constraint_type"": ""route_disruption"", ""node"": ""trade_lanes"", ""shock_type"": ""military_escalation"", ""target_node_role"": ""transmission_channel"", ""upstream_driver"": ""gas_transit_dispute""}",,"event_type, supply_chain_nodes, affected_asset_types, affected_assets, transmission_chain, summary",medium,Conservative frozen-vocabulary proposal from existing historical fields.
case_2009_russia_ukraine_gas_transit_dispute,pipeline gas transit disruption and energy security shock,lng_shipping,resolvable,{},"{""canonical_context"": ""energy_shipping_sanctions_route_constraint"", ""constraint_type"": ""route_disruption"", ""node"": ""lng_shipping"", ""shock_type"": ""military_escalation"", ""target_node_role"": ""direct_disruption_target"", ""upstream_driver"": ""gas_transit_dispute""}",,"event_type, supply_chain_nodes, affected_asset_types, affected_assets, transmission_chain, summary",medium,Conservative frozen-vocabulary proposal from existing historical fields.
case_2011_libya_civil_war_oil_disruption,civil conflict and oil infrastructure supply disruption,energy,ambiguous,{},{},shock_type;constraint_type;upstream_driver;target_node_role;canonical_context,,low,Existing frozen vocabulary and raw case fields do not support a precise node-level context.
case_2011_libya_civil_war_oil_disruption,civil conflict and oil infrastructure supply disruption,refining,resolvable,{},"{""canonical_context"": ""refining_feedstock_constraint"", ""constraint_type"": ""input_shortage"", ""node"": ""refining"", ""shock_type"": ""physical_disruption"", ""target_node_role"": ""downstream_exposure"", ""upstream_driver"": ""civil_conflict_escalation""}",,"event_type, supply_chain_nodes, affected_asset_types, affected_assets, transmission_chain, summary",medium,Conservative frozen-vocabulary proposal from existing historical fields.
case_2011_libya_civil_war_oil_disruption,civil conflict and oil infrastructure supply disruption,petrochemicals,resolvable,{},"{""canonical_context"": ""petrochemical_feedstock_constraint"", ""constraint_type"": ""input_shortage"", ""node"": ""petrochemicals"", ""shock_type"": ""physical_disruption"", ""target_node_role"": ""downstream_exposure"", ""upstream_driver"": ""civil_conflict_escalation""}",,"event_type, supply_chain_nodes, affected_asset_types, affected_assets, transmission_chain, summary",medium,Conservative frozen-vocabulary proposal from existing historical fields.
case_2011_libya_civil_war_oil_disruption,civil conflict and oil infrastructure supply disruption,oil_shipping,resolvable,{},"{""canonical_context"": ""oil_shipping_security_constraint"", ""constraint_type"": ""route_disruption"", ""node"": ""oil_shipping"", ""shock_type"": ""military_escalation"", ""target_node_role"": ""direct_disruption_target"", ""upstream_driver"": ""civil_conflict_escalation""}",,"event_type, supply_chain_nodes, affected_asset_types, affected_assets, transmission_chain, summary",medium,Conservative frozen-vocabulary proposal from existing historical fields.
case_2011_libya_civil_war_oil_disruption,civil conflict and oil infrastructure supply disruption,aviation,already_migrated,"{""canonical_context"": ""transport_fuel_cost_exposure"", ""constraint_type"": ""cost_increase"", ""node"": ""aviation"", ""shock_type"": ""physical_disruption"", ""target_node_role"": ""downstream_exposure"", ""upstream_driver"": ""jet_fuel_feedstock_exposure""}","{""canonical_context"": ""transport_fuel_cost_exposure"", ""constraint_type"": ""cost_increase"", ""node"": ""aviation"", ""shock_type"": ""physical_disruption"", ""target_node_role"": ""downstream_exposure"", ""upstream_driver"": ""jet_fuel_feedstock_exposure""}",,existing development-enriched node context,high,Preserved without modification.
case_2011_libya_civil_war_oil_disruption,civil conflict and oil infrastructure supply disruption,trade_lanes,resolvable,{},"{""canonical_context"": ""maritime_route_security_constraint"", ""constraint_type"": ""route_disruption"", ""node"": ""trade_lanes"", ""shock_type"": ""military_escalation"", ""target_node_role"": ""transmission_channel"", ""upstream_driver"": ""civil_conflict_escalation""}",,"event_type, supply_chain_nodes, affected_asset_types, affected_assets, transmission_chain, summary",medium,Conservative frozen-vocabulary proposal from existing historical fields.
case_2011_libya_civil_war_oil_disruption,civil conflict and oil infrastructure supply disruption,logistics,already_migrated,"{""canonical_context"": ""transport_fuel_cost_exposure"", ""constraint_type"": ""cost_increase"", ""node"": ""logistics"", ""shock_type"": ""physical_disruption"", ""target_node_role"": ""downstream_exposure"", ""upstream_driver"": ""fuel_supply_uncertainty""}","{""canonical_context"": ""transport_fuel_cost_exposure"", ""constraint_type"": ""cost_increase"", ""node"": ""logistics"", ""shock_type"": ""physical_disruption"", ""target_node_role"": ""downstream_exposure"", ""upstream_driver"": ""fuel_supply_uncertainty""}",,existing development-enriched node context,high,Preserved without modification.
case_2024_ukraine_drone_attacks_russian_refineries,wartime refinery disruption and refined-product supply risk,energy,ambiguous,{},{},shock_type;constraint_type;upstream_driver;target_node_role;canonical_context,,low,Existing frozen vocabulary and raw case fields do not support a precise node-level context.
case_2024_ukraine_drone_attacks_russian_refineries,wartime refinery disruption and refined-product supply risk,refining,resolvable,{},"{""canonical_context"": ""refining_feedstock_constraint"", ""constraint_type"": ""input_shortage"", ""node"": ""refining"", ""shock_type"": ""physical_disruption"", ""target_node_role"": ""downstream_exposure"", ""upstream_driver"": ""wartime_infrastructure_attack""}",,"event_type, supply_chain_nodes, affected_asset_types, affected_assets, transmission_chain, summary",medium,Conservative frozen-vocabulary proposal from existing historical fields.
case_2024_ukraine_drone_attacks_russian_refineries,wartime refinery disruption and refined-product supply risk,petrochemicals,resolvable,{},"{""canonical_context"": ""petrochemical_feedstock_constraint"", ""constraint_type"": ""input_shortage"", ""node"": ""petrochemicals"", ""shock_type"": ""physical_disruption"", ""target_node_role"": ""downstream_exposure"", ""upstream_driver"": ""wartime_infrastructure_attack""}",,"event_type, supply_chain_nodes, affected_asset_types, affected_assets, transmission_chain, summary",medium,Conservative frozen-vocabulary proposal from existing historical fields.
case_2024_ukraine_drone_attacks_russian_refineries,wartime refinery disruption and refined-product supply risk,pipeline_infrastructure,resolvable,{},"{""canonical_context"": ""energy_distribution_cyber_capacity_constraint"", ""constraint_type"": ""capacity_reduction"", ""node"": ""pipeline_infrastructure"", ""shock_type"": ""physical_disruption"", ""target_node_role"": ""direct_disruption_target"", ""upstream_driver"": ""wartime_infrastructure_attack""}",,"event_type, supply_chain_nodes, affected_asset_types, affected_assets, transmission_chain, summary",medium,Conservative frozen-vocabulary proposal from existing historical fields.
case_2024_ukraine_drone_attacks_russian_refineries,wartime refinery disruption and refined-product supply risk,aviation,ambiguous,{},{},shock_type;constraint_type;upstream_driver;target_node_role;canonical_context,,low,Existing frozen vocabulary and raw case fields do not support a precise node-level context.
case_2024_ukraine_drone_attacks_russian_refineries,wartime refinery disruption and refined-product supply risk,oil_shipping,resolvable,{},"{""canonical_context"": ""oil_shipping_security_constraint"", ""constraint_type"": ""route_disruption"", ""node"": ""oil_shipping"", ""shock_type"": ""military_escalation"", ""target_node_role"": ""direct_disruption_target"", ""upstream_driver"": ""wartime_infrastructure_attack""}",,"event_type, supply_chain_nodes, affected_asset_types, affected_assets, transmission_chain, summary",medium,Conservative frozen-vocabulary proposal from existing historical fields.
case_2010_china_japan_rare_earth_embargo,rare earth export restriction and electronics input disruption,critical_minerals,already_migrated,"{""canonical_context"": ""critical_material_input_constraint"", ""constraint_type"": ""input_access_restriction"", ""node"": ""critical_minerals"", ""shock_type"": ""export_restriction"", ""target_node_role"": ""upstream_input"", ""upstream_driver"": ""rare_earth_export_disruption""}","{""canonical_context"": ""critical_material_input_constraint"", ""constraint_type"": ""input_access_restriction"", ""node"": ""critical_minerals"", ""shock_type"": ""export_restriction"", ""target_node_role"": ""upstream_input"", ""upstream_driver"": ""rare_earth_export_disruption""}",,existing development-enriched node context,high,Preserved without modification.
case_2010_china_japan_rare_earth_embargo,rare earth export restriction and electronics input disruption,rare_earths,resolvable,{},"{""canonical_context"": ""critical_material_compliance_constraint"", ""constraint_type"": ""input_access_restriction"", ""node"": ""rare_earths"", ""shock_type"": ""export_restriction"", ""target_node_role"": ""upstream_input"", ""upstream_driver"": ""territorial_dispute_escalation""}",,"event_type, supply_chain_nodes, affected_asset_types, affected_assets, transmission_chain, summary",medium,Conservative frozen-vocabulary proposal from existing historical fields.
case_2010_china_japan_rare_earth_embargo,rare earth export restriction and electronics input disruption,manufacturing_inputs,vocabulary_gap_candidate,{},{},shock_type;constraint_type;upstream_driver;target_node_role;canonical_context,,medium,No frozen canonical_context precisely represents this node's mechanism.
case_2010_china_japan_rare_earth_embargo,rare earth export restriction and electronics input disruption,customs,resolvable,{},"{""canonical_context"": ""tariff_customs_compliance_constraint"", ""constraint_type"": ""compliance_constraint"", ""node"": ""customs"", ""shock_type"": ""regulatory_restriction"", ""target_node_role"": ""compliance_channel"", ""upstream_driver"": ""territorial_dispute_escalation""}",,"event_type, supply_chain_nodes, affected_asset_types, affected_assets, transmission_chain, summary",medium,Conservative frozen-vocabulary proposal from existing historical fields.
case_2010_china_japan_rare_earth_embargo,rare earth export restriction and electronics input disruption,defense,already_migrated,"{""canonical_context"": ""critical_material_input_constraint"", ""constraint_type"": ""input_access_restriction"", ""node"": ""defense"", ""shock_type"": ""export_restriction"", ""target_node_role"": ""downstream_exposure"", ""upstream_driver"": ""rare_earth_input_dependency""}","{""canonical_context"": ""critical_material_input_constraint"", ""constraint_type"": ""input_access_restriction"", ""node"": ""defense"", ""shock_type"": ""export_restriction"", ""target_node_role"": ""downstream_exposure"", ""upstream_driver"": ""rare_earth_input_dependency""}",,existing development-enriched node context,high,Preserved without modification.
case_2010_china_japan_rare_earth_embargo,rare earth export restriction and electronics input disruption,trade_lanes,resolvable,{},"{""canonical_context"": ""tariff_trade_compliance_constraint"", ""constraint_type"": ""trade_access_restriction"", ""node"": ""trade_lanes"", ""shock_type"": ""regulatory_restriction"", ""target_node_role"": ""compliance_channel"", ""upstream_driver"": ""territorial_dispute_escalation""}",,"event_type, supply_chain_nodes, affected_asset_types, affected_assets, transmission_chain, summary",medium,Conservative frozen-vocabulary proposal from existing historical fields.
case_2022_peru_mine_protests_copper_supply,mining unrest and critical mineral shipment disruption,critical_minerals,resolvable,{},"{""canonical_context"": ""critical_material_input_constraint"", ""constraint_type"": ""input_access_restriction"", ""node"": ""critical_minerals"", ""shock_type"": ""export_restriction"", ""target_node_role"": ""upstream_input"", ""upstream_driver"": ""local_political_and_social_unrest""}",,"event_type, supply_chain_nodes, affected_asset_types, affected_assets, transmission_chain, summary",medium,Conservative frozen-vocabulary proposal from existing historical fields.
case_2022_peru_mine_protests_copper_supply,mining unrest and critical mineral shipment disruption,battery_materials,ambiguous,{},{},shock_type;constraint_type;upstream_driver;target_node_role;canonical_context,,low,Existing frozen vocabulary and raw case fields do not support a precise node-level context.
case_2022_peru_mine_protests_copper_supply,mining unrest and critical mineral shipment disruption,manufacturing_inputs,vocabulary_gap_candidate,{},{},shock_type;constraint_type;upstream_driver;target_node_role;canonical_context,,medium,No frozen canonical_context precisely represents this node's mechanism.
case_2022_peru_mine_protests_copper_supply,mining unrest and critical mineral shipment disruption,logistics,resolvable,{},"{""canonical_context"": ""maritime_route_security_constraint"", ""constraint_type"": ""route_disruption"", ""node"": ""logistics"", ""shock_type"": ""military_escalation"", ""target_node_role"": ""transmission_channel"", ""upstream_driver"": ""local_political_and_social_unrest""}",,"event_type, supply_chain_nodes, affected_asset_types, affected_assets, transmission_chain, summary",medium,Conservative frozen-vocabulary proposal from existing historical fields.
case_2022_peru_mine_protests_copper_supply,mining unrest and critical mineral shipment disruption,trade_lanes,resolvable,{},"{""canonical_context"": ""tariff_trade_compliance_constraint"", ""constraint_type"": ""trade_access_restriction"", ""node"": ""trade_lanes"", ""shock_type"": ""regulatory_restriction"", ""target_node_role"": ""compliance_channel"", ""upstream_driver"": ""local_political_and_social_unrest""}",,"event_type, supply_chain_nodes, affected_asset_types, affected_assets, transmission_chain, summary",medium,Conservative frozen-vocabulary proposal from existing historical fields.
case_2022_peru_mine_protests_copper_supply,mining unrest and critical mineral shipment disruption,customs,resolvable,{},"{""canonical_context"": ""tariff_customs_compliance_constraint"", ""constraint_type"": ""compliance_constraint"", ""node"": ""customs"", ""shock_type"": ""regulatory_restriction"", ""target_node_role"": ""compliance_channel"", ""upstream_driver"": ""local_political_and_social_unrest""}",,"event_type, supply_chain_nodes, affected_asset_types, affected_assets, transmission_chain, summary",medium,Conservative frozen-vocabulary proposal from existing historical fields.
case_2023_panama_cobre_mine_closure,resource contract dispute and critical mineral supply disruption,critical_minerals,resolvable,{},"{""canonical_context"": ""critical_material_input_constraint"", ""constraint_type"": ""input_access_restriction"", ""node"": ""critical_minerals"", ""shock_type"": ""export_restriction"", ""target_node_role"": ""upstream_input"", ""upstream_driver"": ""resource_contract_dispute""}",,"event_type, supply_chain_nodes, affected_asset_types, affected_assets, transmission_chain, summary",medium,Conservative frozen-vocabulary proposal from existing historical fields.
case_2023_panama_cobre_mine_closure,resource contract dispute and critical mineral supply disruption,battery_materials,ambiguous,{},{},shock_type;constraint_type;upstream_driver;target_node_role;canonical_context,,low,Existing frozen vocabulary and raw case fields do not support a precise node-level context.
case_2023_panama_cobre_mine_closure,resource contract dispute and critical mineral supply disruption,manufacturing_inputs,vocabulary_gap_candidate,{},{},shock_type;constraint_type;upstream_driver;target_node_role;canonical_context,,medium,No frozen canonical_context precisely represents this node's mechanism.
case_2023_panama_cobre_mine_closure,resource contract dispute and critical mineral supply disruption,customs,resolvable,{},"{""canonical_context"": ""tariff_customs_compliance_constraint"", ""constraint_type"": ""compliance_constraint"", ""node"": ""customs"", ""shock_type"": ""regulatory_restriction"", ""target_node_role"": ""compliance_channel"", ""upstream_driver"": ""resource_contract_dispute""}",,"event_type, supply_chain_nodes, affected_asset_types, affected_assets, transmission_chain, summary",medium,Conservative frozen-vocabulary proposal from existing historical fields.
case_2023_panama_cobre_mine_closure,resource contract dispute and critical mineral supply disruption,ports,resolvable,{},"{""canonical_context"": ""maritime_route_capacity_constraint"", ""constraint_type"": ""route_disruption"", ""node"": ""ports"", ""shock_type"": ""physical_disruption"", ""target_node_role"": ""transmission_channel"", ""upstream_driver"": ""resource_contract_dispute""}",,"event_type, supply_chain_nodes, affected_asset_types, affected_assets, transmission_chain, summary",medium,Conservative frozen-vocabulary proposal from existing historical fields.
case_2023_panama_cobre_mine_closure,resource contract dispute and critical mineral supply disruption,trade_lanes,resolvable,{},"{""canonical_context"": ""tariff_trade_compliance_constraint"", ""constraint_type"": ""trade_access_restriction"", ""node"": ""trade_lanes"", ""shock_type"": ""regulatory_restriction"", ""target_node_role"": ""compliance_channel"", ""upstream_driver"": ""resource_contract_dispute""}",,"event_type, supply_chain_nodes, affected_asset_types, affected_assets, transmission_chain, summary",medium,Conservative frozen-vocabulary proposal from existing historical fields.
case_2008_rice_export_restrictions_food_security,food export controls and agricultural trade disruption,agriculture,resolvable,{},"{""canonical_context"": ""agricultural_export_trade_constraint"", ""constraint_type"": ""trade_access_restriction"", ""node"": ""agriculture"", ""shock_type"": ""export_restriction"", ""target_node_role"": ""downstream_exposure"", ""upstream_driver"": ""food_inflation_and_policy_pressure""}",,"event_type, supply_chain_nodes, affected_asset_types, affected_assets, transmission_chain, summary",medium,Conservative frozen-vocabulary proposal from existing historical fields.
case_2008_rice_export_restrictions_food_security,food export controls and agricultural trade disruption,grain_exports,already_migrated,"{""canonical_context"": ""food_export_trade_constraint"", ""constraint_type"": ""trade_access_restriction"", ""node"": ""grain_exports"", ""shock_type"": ""export_restriction"", ""target_node_role"": ""direct_disruption_target"", ""upstream_driver"": ""rice_export_restrictions""}","{""canonical_context"": ""food_export_trade_constraint"", ""constraint_type"": ""trade_access_restriction"", ""node"": ""grain_exports"", ""shock_type"": ""export_restriction"", ""target_node_role"": ""direct_disruption_target"", ""upstream_driver"": ""rice_export_restrictions""}",,existing development-enriched node context,high,Preserved without modification.
case_2008_rice_export_restrictions_food_security,food export controls and agricultural trade disruption,food_export_controls,resolvable,{},"{""canonical_context"": ""food_export_trade_constraint"", ""constraint_type"": ""trade_access_restriction"", ""node"": ""food_export_controls"", ""shock_type"": ""export_restriction"", ""target_node_role"": ""direct_disruption_target"", ""upstream_driver"": ""food_inflation_and_policy_pressure""}",,"event_type, supply_chain_nodes, affected_asset_types, affected_assets, transmission_chain, summary",medium,Conservative frozen-vocabulary proposal from existing historical fields.
case_2008_rice_export_restrictions_food_security,food export controls and agricultural trade disruption,trade_lanes,resolvable,{},"{""canonical_context"": ""tariff_trade_compliance_constraint"", ""constraint_type"": ""trade_access_restriction"", ""node"": ""trade_lanes"", ""shock_type"": ""regulatory_restriction"", ""target_node_role"": ""compliance_channel"", ""upstream_driver"": ""food_inflation_and_policy_pressure""}",,"event_type, supply_chain_nodes, affected_asset_types, affected_assets, transmission_chain, summary",medium,Conservative frozen-vocabulary proposal from existing historical fields.
case_2008_rice_export_restrictions_food_security,food export controls and agricultural trade disruption,customs,resolvable,{},"{""canonical_context"": ""tariff_customs_compliance_constraint"", ""constraint_type"": ""compliance_constraint"", ""node"": ""customs"", ""shock_type"": ""regulatory_restriction"", ""target_node_role"": ""compliance_channel"", ""upstream_driver"": ""food_inflation_and_policy_pressure""}",,"event_type, supply_chain_nodes, affected_asset_types, affected_assets, transmission_chain, summary",medium,Conservative frozen-vocabulary proposal from existing historical fields.
case_2008_rice_export_restrictions_food_security,food export controls and agricultural trade disruption,logistics,resolvable,{},"{""canonical_context"": ""maritime_route_security_constraint"", ""constraint_type"": ""route_disruption"", ""node"": ""logistics"", ""shock_type"": ""military_escalation"", ""target_node_role"": ""transmission_channel"", ""upstream_driver"": ""food_inflation_and_policy_pressure""}",,"event_type, supply_chain_nodes, affected_asset_types, affected_assets, transmission_chain, summary",medium,Conservative frozen-vocabulary proposal from existing historical fields.
case_2022_russia_fertilizer_export_restrictions,fertilizer export restriction and agricultural input shock,fertilizer,resolvable,{},"{""canonical_context"": ""agricultural_input_constraint"", ""constraint_type"": ""input_shortage"", ""node"": ""fertilizer"", ""shock_type"": ""export_restriction"", ""target_node_role"": ""upstream_input"", ""upstream_driver"": ""war_and_sanctions_shock""}",,"event_type, supply_chain_nodes, affected_asset_types, affected_assets, transmission_chain, summary",medium,Conservative frozen-vocabulary proposal from existing historical fields.
case_2022_russia_fertilizer_export_restrictions,fertilizer export restriction and agricultural input shock,agriculture,already_migrated,"{""canonical_context"": ""agricultural_input_constraint"", ""constraint_type"": ""input_shortage"", ""node"": ""agriculture"", ""shock_type"": ""export_restriction"", ""target_node_role"": ""downstream_exposure"", ""upstream_driver"": ""fertilizer_export_restriction""}","{""canonical_context"": ""agricultural_input_constraint"", ""constraint_type"": ""input_shortage"", ""node"": ""agriculture"", ""shock_type"": ""export_restriction"", ""target_node_role"": ""downstream_exposure"", ""upstream_driver"": ""fertilizer_export_restriction""}",,existing development-enriched node context,high,Preserved without modification.
case_2022_russia_fertilizer_export_restrictions,fertilizer export restriction and agricultural input shock,energy,already_migrated,"{""canonical_context"": ""energy_feedstock_input_constraint"", ""constraint_type"": ""input_shortage"", ""node"": ""energy"", ""shock_type"": ""export_restriction"", ""target_node_role"": ""upstream_input"", ""upstream_driver"": ""natural_gas_fertilizer_feedstock_constraint""}","{""canonical_context"": ""energy_feedstock_input_constraint"", ""constraint_type"": ""input_shortage"", ""node"": ""energy"", ""shock_type"": ""export_restriction"", ""target_node_role"": ""upstream_input"", ""upstream_driver"": ""natural_gas_fertilizer_feedstock_constraint""}",,existing development-enriched node context,high,Preserved without modification.
case_2022_russia_fertilizer_export_restrictions,fertilizer export restriction and agricultural input shock,trade_lanes,resolvable,{},"{""canonical_context"": ""tariff_trade_compliance_constraint"", ""constraint_type"": ""trade_access_restriction"", ""node"": ""trade_lanes"", ""shock_type"": ""regulatory_restriction"", ""target_node_role"": ""compliance_channel"", ""upstream_driver"": ""war_and_sanctions_shock""}",,"event_type, supply_chain_nodes, affected_asset_types, affected_assets, transmission_chain, summary",medium,Conservative frozen-vocabulary proposal from existing historical fields.
case_2022_russia_fertilizer_export_restrictions,fertilizer export restriction and agricultural input shock,customs,resolvable,{},"{""canonical_context"": ""tariff_customs_compliance_constraint"", ""constraint_type"": ""compliance_constraint"", ""node"": ""customs"", ""shock_type"": ""regulatory_restriction"", ""target_node_role"": ""compliance_channel"", ""upstream_driver"": ""war_and_sanctions_shock""}",,"event_type, supply_chain_nodes, affected_asset_types, affected_assets, transmission_chain, summary",medium,Conservative frozen-vocabulary proposal from existing historical fields.
case_2022_russia_fertilizer_export_restrictions,fertilizer export restriction and agricultural input shock,logistics,resolvable,{},"{""canonical_context"": ""maritime_route_security_constraint"", ""constraint_type"": ""route_disruption"", ""node"": ""logistics"", ""shock_type"": ""military_escalation"", ""target_node_role"": ""transmission_channel"", ""upstream_driver"": ""war_and_sanctions_shock""}",,"event_type, supply_chain_nodes, affected_asset_types, affected_assets, transmission_chain, summary",medium,Conservative frozen-vocabulary proposal from existing historical fields.
case_2021_colonial_pipeline_ransomware,cyberattack on pipeline infrastructure and fuel distribution,cyber_infrastructure,resolvable,{},"{""canonical_context"": ""logistics_cyber_capacity_constraint"", ""constraint_type"": ""capacity_reduction"", ""node"": ""cyber_infrastructure"", ""shock_type"": ""cyber_disruption"", ""target_node_role"": ""direct_disruption_target"", ""upstream_driver"": ""ransomware_intrusion""}",,"event_type, supply_chain_nodes, affected_asset_types, affected_assets, transmission_chain, summary",medium,Conservative frozen-vocabulary proposal from existing historical fields.
case_2021_colonial_pipeline_ransomware,cyberattack on pipeline infrastructure and fuel distribution,pipeline_infrastructure,resolvable,{},"{""canonical_context"": ""energy_distribution_cyber_capacity_constraint"", ""constraint_type"": ""capacity_reduction"", ""node"": ""pipeline_infrastructure"", ""shock_type"": ""cyber_disruption"", ""target_node_role"": ""direct_disruption_target"", ""upstream_driver"": ""ransomware_intrusion""}",,"event_type, supply_chain_nodes, affected_asset_types, affected_assets, transmission_chain, summary",medium,Conservative frozen-vocabulary proposal from existing historical fields.
case_2021_colonial_pipeline_ransomware,cyberattack on pipeline infrastructure and fuel distribution,energy,already_migrated,"{""canonical_context"": ""energy_distribution_cyber_capacity_constraint"", ""constraint_type"": ""capacity_reduction"", ""node"": ""energy"", ""shock_type"": ""cyber_disruption"", ""target_node_role"": ""direct_disruption_target"", ""upstream_driver"": ""fuel_pipeline_shutdown""}","{""canonical_context"": ""energy_distribution_cyber_capacity_constraint"", ""constraint_type"": ""capacity_reduction"", ""node"": ""energy"", ""shock_type"": ""cyber_disruption"", ""target_node_role"": ""direct_disruption_target"", ""upstream_driver"": ""fuel_pipeline_shutdown""}",,existing development-enriched node context,high,Preserved without modification.
case_2021_colonial_pipeline_ransomware,cyberattack on pipeline infrastructure and fuel distribution,refining,resolvable,{},"{""canonical_context"": ""refining_feedstock_constraint"", ""constraint_type"": ""input_shortage"", ""node"": ""refining"", ""shock_type"": ""physical_disruption"", ""target_node_role"": ""downstream_exposure"", ""upstream_driver"": ""ransomware_intrusion""}",,"event_type, supply_chain_nodes, affected_asset_types, affected_assets, transmission_chain, summary",medium,Conservative frozen-vocabulary proposal from existing historical fields.
case_2021_colonial_pipeline_ransomware,cyberattack on pipeline infrastructure and fuel distribution,aviation,resolvable,{},"{""canonical_context"": ""aerospace_defense_procurement_constraint"", ""constraint_type"": ""security_risk"", ""node"": ""aviation"", ""shock_type"": ""military_escalation"", ""target_node_role"": ""direct_disruption_target"", ""upstream_driver"": ""ransomware_intrusion""}",,"event_type, supply_chain_nodes, affected_asset_types, affected_assets, transmission_chain, summary",medium,Conservative frozen-vocabulary proposal from existing historical fields.
case_2021_colonial_pipeline_ransomware,cyberattack on pipeline infrastructure and fuel distribution,logistics,resolvable,{},"{""canonical_context"": ""logistics_cyber_capacity_constraint"", ""constraint_type"": ""capacity_reduction"", ""node"": ""logistics"", ""shock_type"": ""cyber_disruption"", ""target_node_role"": ""transmission_channel"", ""upstream_driver"": ""ransomware_intrusion""}",,"event_type, supply_chain_nodes, affected_asset_types, affected_assets, transmission_chain, summary",medium,Conservative frozen-vocabulary proposal from existing historical fields.
case_2021_colonial_pipeline_ransomware,cyberattack on pipeline infrastructure and fuel distribution,freight_routes,resolvable,{},"{""canonical_context"": ""maritime_route_security_constraint"", ""constraint_type"": ""route_disruption"", ""node"": ""freight_routes"", ""shock_type"": ""military_escalation"", ""target_node_role"": ""transmission_channel"", ""upstream_driver"": ""ransomware_intrusion""}",,"event_type, supply_chain_nodes, affected_asset_types, affected_assets, transmission_chain, summary",medium,Conservative frozen-vocabulary proposal from existing historical fields.
case_2023_dp_world_australia_cyber_port_disruption,cyberattack on port logistics infrastructure,cyber_infrastructure,resolvable,{},"{""canonical_context"": ""logistics_cyber_capacity_constraint"", ""constraint_type"": ""capacity_reduction"", ""node"": ""cyber_infrastructure"", ""shock_type"": ""cyber_disruption"", ""target_node_role"": ""direct_disruption_target"", ""upstream_driver"": ""port_cyber_incident""}",,"event_type, supply_chain_nodes, affected_asset_types, affected_assets, transmission_chain, summary",medium,Conservative frozen-vocabulary proposal from existing historical fields.
case_2023_dp_world_australia_cyber_port_disruption,cyberattack on port logistics infrastructure,ports,already_migrated,"{""canonical_context"": ""port_cyber_capacity_constraint"", ""constraint_type"": ""capacity_reduction"", ""node"": ""ports"", ""shock_type"": ""cyber_disruption"", ""target_node_role"": ""direct_disruption_target"", ""upstream_driver"": ""port_terminal_cyber_disruption""}","{""canonical_context"": ""port_cyber_capacity_constraint"", ""constraint_type"": ""capacity_reduction"", ""node"": ""ports"", ""shock_type"": ""cyber_disruption"", ""target_node_role"": ""direct_disruption_target"", ""upstream_driver"": ""port_terminal_cyber_disruption""}",,existing development-enriched node context,high,Preserved without modification.
case_2023_dp_world_australia_cyber_port_disruption,cyberattack on port logistics infrastructure,container_shipping,resolvable,{},"{""canonical_context"": ""maritime_route_security_constraint"", ""constraint_type"": ""route_disruption"", ""node"": ""container_shipping"", ""shock_type"": ""military_escalation"", ""target_node_role"": ""direct_disruption_target"", ""upstream_driver"": ""port_cyber_incident""}",,"event_type, supply_chain_nodes, affected_asset_types, affected_assets, transmission_chain, summary",medium,Conservative frozen-vocabulary proposal from existing historical fields.
case_2023_dp_world_australia_cyber_port_disruption,cyberattack on port logistics infrastructure,logistics,resolvable,{},"{""canonical_context"": ""logistics_cyber_capacity_constraint"", ""constraint_type"": ""capacity_reduction"", ""node"": ""logistics"", ""shock_type"": ""cyber_disruption"", ""target_node_role"": ""transmission_channel"", ""upstream_driver"": ""port_cyber_incident""}",,"event_type, supply_chain_nodes, affected_asset_types, affected_assets, transmission_chain, summary",medium,Conservative frozen-vocabulary proposal from existing historical fields.
case_2023_dp_world_australia_cyber_port_disruption,cyberattack on port logistics infrastructure,freight_routes,resolvable,{},"{""canonical_context"": ""maritime_route_security_constraint"", ""constraint_type"": ""route_disruption"", ""node"": ""freight_routes"", ""shock_type"": ""military_escalation"", ""target_node_role"": ""transmission_channel"", ""upstream_driver"": ""port_cyber_incident""}",,"event_type, supply_chain_nodes, affected_asset_types, affected_assets, transmission_chain, summary",medium,Conservative frozen-vocabulary proposal from existing historical fields.
case_2023_dp_world_australia_cyber_port_disruption,cyberattack on port logistics infrastructure,trade_lanes,resolvable,{},"{""canonical_context"": ""tariff_trade_compliance_constraint"", ""constraint_type"": ""trade_access_restriction"", ""node"": ""trade_lanes"", ""shock_type"": ""regulatory_restriction"", ""target_node_role"": ""compliance_channel"", ""upstream_driver"": ""port_cyber_incident""}",,"event_type, supply_chain_nodes, affected_asset_types, affected_assets, transmission_chain, summary",medium,Conservative frozen-vocabulary proposal from existing historical fields.
case_2020_smic_entity_list_semiconductor_controls,semiconductor entity-list export control and foundry access risk,semiconductor_equipment,resolvable,{},"{""canonical_context"": ""semiconductor_export_control_constraint"", ""constraint_type"": ""trade_access_restriction"", ""node"": ""semiconductor_equipment"", ""shock_type"": ""export_restriction"", ""target_node_role"": ""direct_disruption_target"", ""upstream_driver"": ""entity_list_designation""}",,"event_type, supply_chain_nodes, affected_asset_types, affected_assets, transmission_chain, summary",medium,Conservative frozen-vocabulary proposal from existing historical fields.
case_2020_smic_entity_list_semiconductor_controls,semiconductor entity-list export control and foundry access risk,foundry,resolvable,{},"{""canonical_context"": ""semiconductor_export_control_constraint"", ""constraint_type"": ""trade_access_restriction"", ""node"": ""foundry"", ""shock_type"": ""export_restriction"", ""target_node_role"": ""transmission_channel"", ""upstream_driver"": ""entity_list_designation""}",,"event_type, supply_chain_nodes, affected_asset_types, affected_assets, transmission_chain, summary",medium,Conservative frozen-vocabulary proposal from existing historical fields.
case_2020_smic_entity_list_semiconductor_controls,semiconductor entity-list export control and foundry access risk,eda_software,resolvable,{},"{""canonical_context"": ""semiconductor_export_control_constraint"", ""constraint_type"": ""trade_access_restriction"", ""node"": ""eda_software"", ""shock_type"": ""export_restriction"", ""target_node_role"": ""direct_disruption_target"", ""upstream_driver"": ""entity_list_designation""}",,"event_type, supply_chain_nodes, affected_asset_types, affected_assets, transmission_chain, summary",medium,Conservative frozen-vocabulary proposal from existing historical fields.
case_2020_smic_entity_list_semiconductor_controls,semiconductor entity-list export control and foundry access risk,customs,resolvable,{},"{""canonical_context"": ""tariff_customs_compliance_constraint"", ""constraint_type"": ""compliance_constraint"", ""node"": ""customs"", ""shock_type"": ""regulatory_restriction"", ""target_node_role"": ""compliance_channel"", ""upstream_driver"": ""entity_list_designation""}",,"event_type, supply_chain_nodes, affected_asset_types, affected_assets, transmission_chain, summary",medium,Conservative frozen-vocabulary proposal from existing historical fields.
case_2020_smic_entity_list_semiconductor_controls,semiconductor entity-list export control and foundry access risk,manufacturing_inputs,vocabulary_gap_candidate,{},{},shock_type;constraint_type;upstream_driver;target_node_role;canonical_context,,medium,No frozen canonical_context precisely represents this node's mechanism.
case_2020_smic_entity_list_semiconductor_controls,semiconductor entity-list export control and foundry access risk,data_centers,resolvable,{},"{""canonical_context"": ""logistics_cyber_capacity_constraint"", ""constraint_type"": ""capacity_reduction"", ""node"": ""data_centers"", ""shock_type"": ""cyber_disruption"", ""target_node_role"": ""direct_disruption_target"", ""upstream_driver"": ""entity_list_designation""}",,"event_type, supply_chain_nodes, affected_asset_types, affected_assets, transmission_chain, summary",medium,Conservative frozen-vocabulary proposal from existing historical fields.
case_2023_japan_chip_equipment_export_controls,semiconductor equipment export control and customs licensing risk,semiconductor_equipment,already_migrated,"{""canonical_context"": ""semiconductor_export_control_constraint"", ""constraint_type"": ""trade_access_restriction"", ""node"": ""semiconductor_equipment"", ""shock_type"": ""export_restriction"", ""target_node_role"": ""direct_disruption_target"", ""upstream_driver"": ""chip_tool_export_controls""}","{""canonical_context"": ""semiconductor_export_control_constraint"", ""constraint_type"": ""trade_access_restriction"", ""node"": ""semiconductor_equipment"", ""shock_type"": ""export_restriction"", ""target_node_role"": ""direct_disruption_target"", ""upstream_driver"": ""chip_tool_export_controls""}",,existing development-enriched node context,high,Preserved without modification.
case_2023_japan_chip_equipment_export_controls,semiconductor equipment export control and customs licensing risk,ai_chips,resolvable,{},"{""canonical_context"": ""semiconductor_export_control_constraint"", ""constraint_type"": ""trade_access_restriction"", ""node"": ""ai_chips"", ""shock_type"": ""export_restriction"", ""target_node_role"": ""direct_disruption_target"", ""upstream_driver"": ""technology_policy_coordination""}",,"event_type, supply_chain_nodes, affected_asset_types, affected_assets, transmission_chain, summary",medium,Conservative frozen-vocabulary proposal from existing historical fields.
case_2023_japan_chip_equipment_export_controls,semiconductor equipment export control and customs licensing risk,foundry,resolvable,{},"{""canonical_context"": ""semiconductor_export_control_constraint"", ""constraint_type"": ""trade_access_restriction"", ""node"": ""foundry"", ""shock_type"": ""export_restriction"", ""target_node_role"": ""transmission_channel"", ""upstream_driver"": ""technology_policy_coordination""}",,"event_type, supply_chain_nodes, affected_asset_types, affected_assets, transmission_chain, summary",medium,Conservative frozen-vocabulary proposal from existing historical fields.
case_2023_japan_chip_equipment_export_controls,semiconductor equipment export control and customs licensing risk,customs,resolvable,{},"{""canonical_context"": ""tariff_customs_compliance_constraint"", ""constraint_type"": ""compliance_constraint"", ""node"": ""customs"", ""shock_type"": ""regulatory_restriction"", ""target_node_role"": ""compliance_channel"", ""upstream_driver"": ""technology_policy_coordination""}",,"event_type, supply_chain_nodes, affected_asset_types, affected_assets, transmission_chain, summary",medium,Conservative frozen-vocabulary proposal from existing historical fields.
case_2023_japan_chip_equipment_export_controls,semiconductor equipment export control and customs licensing risk,data_centers,resolvable,{},"{""canonical_context"": ""logistics_cyber_capacity_constraint"", ""constraint_type"": ""capacity_reduction"", ""node"": ""data_centers"", ""shock_type"": ""cyber_disruption"", ""target_node_role"": ""direct_disruption_target"", ""upstream_driver"": ""technology_policy_coordination""}",,"event_type, supply_chain_nodes, affected_asset_types, affected_assets, transmission_chain, summary",medium,Conservative frozen-vocabulary proposal from existing historical fields.
case_2023_japan_chip_equipment_export_controls,semiconductor equipment export control and customs licensing risk,manufacturing_inputs,vocabulary_gap_candidate,{},{},shock_type;constraint_type;upstream_driver;target_node_role;canonical_context,,medium,No frozen canonical_context precisely represents this node's mechanism.
case_2019_turkey_f35_s400_defense_restrictions,defense procurement restriction and aerospace supply-chain adjustment,defense,already_migrated,"{""canonical_context"": ""aerospace_defense_procurement_constraint"", ""constraint_type"": ""trade_access_restriction"", ""node"": ""defense"", ""shock_type"": ""regulatory_restriction"", ""target_node_role"": ""direct_disruption_target"", ""upstream_driver"": ""defense_procurement_policy_dispute""}","{""canonical_context"": ""aerospace_defense_procurement_constraint"", ""constraint_type"": ""trade_access_restriction"", ""node"": ""defense"", ""shock_type"": ""regulatory_restriction"", ""target_node_role"": ""direct_disruption_target"", ""upstream_driver"": ""defense_procurement_policy_dispute""}",,existing development-enriched node context,high,Preserved without modification.
case_2019_turkey_f35_s400_defense_restrictions,defense procurement restriction and aerospace supply-chain adjustment,aerospace_supply_chain,resolvable,{},"{""canonical_context"": ""semiconductor_strategic_downstream_exposure"", ""constraint_type"": ""input_access_restriction"", ""node"": ""aerospace_supply_chain"", ""shock_type"": ""export_restriction"", ""target_node_role"": ""downstream_strategic_exposure"", ""upstream_driver"": ""defense_policy_dispute""}",,"event_type, supply_chain_nodes, affected_asset_types, affected_assets, transmission_chain, summary",medium,Conservative frozen-vocabulary proposal from existing historical fields.
case_2019_turkey_f35_s400_defense_restrictions,defense procurement restriction and aerospace supply-chain adjustment,manufacturing_inputs,vocabulary_gap_candidate,{},{},shock_type;constraint_type;upstream_driver;target_node_role;canonical_context,,medium,No frozen canonical_context precisely represents this node's mechanism.
case_2019_turkey_f35_s400_defense_restrictions,defense procurement restriction and aerospace supply-chain adjustment,customs,resolvable,{},"{""canonical_context"": ""tariff_customs_compliance_constraint"", ""constraint_type"": ""compliance_constraint"", ""node"": ""customs"", ""shock_type"": ""regulatory_restriction"", ""target_node_role"": ""compliance_channel"", ""upstream_driver"": ""defense_policy_dispute""}",,"event_type, supply_chain_nodes, affected_asset_types, affected_assets, transmission_chain, summary",medium,Conservative frozen-vocabulary proposal from existing historical fields.
case_2019_turkey_f35_s400_defense_restrictions,defense procurement restriction and aerospace supply-chain adjustment,trade_lanes,resolvable,{},"{""canonical_context"": ""tariff_trade_compliance_constraint"", ""constraint_type"": ""trade_access_restriction"", ""node"": ""trade_lanes"", ""shock_type"": ""regulatory_restriction"", ""target_node_role"": ""compliance_channel"", ""upstream_driver"": ""defense_policy_dispute""}",,"event_type, supply_chain_nodes, affected_asset_types, affected_assets, transmission_chain, summary",medium,Conservative frozen-vocabulary proposal from existing historical fields.
case_2019_turkey_f35_s400_defense_restrictions,defense procurement restriction and aerospace supply-chain adjustment,semiconductor_equipment,resolvable,{},"{""canonical_context"": ""semiconductor_export_control_constraint"", ""constraint_type"": ""trade_access_restriction"", ""node"": ""semiconductor_equipment"", ""shock_type"": ""export_restriction"", ""target_node_role"": ""direct_disruption_target"", ""upstream_driver"": ""defense_policy_dispute""}",,"event_type, supply_chain_nodes, affected_asset_types, affected_assets, transmission_chain, summary",medium,Conservative frozen-vocabulary proposal from existing historical fields.
case_2022_russia_airspace_closure_aviation_routes,airspace closure and aviation logistics disruption,aviation,already_migrated,"{""canonical_context"": ""airspace_route_disruption"", ""constraint_type"": ""route_disruption"", ""node"": ""aviation"", ""shock_type"": ""military_escalation"", ""target_node_role"": ""direct_disruption_target"", ""upstream_driver"": ""airspace_access_restriction""}","{""canonical_context"": ""airspace_route_disruption"", ""constraint_type"": ""route_disruption"", ""node"": ""aviation"", ""shock_type"": ""military_escalation"", ""target_node_role"": ""direct_disruption_target"", ""upstream_driver"": ""airspace_access_restriction""}",,existing development-enriched node context,high,Preserved without modification.
case_2022_russia_airspace_closure_aviation_routes,airspace closure and aviation logistics disruption,aerospace_supply_chain,resolvable,{},"{""canonical_context"": ""aerospace_defense_procurement_constraint"", ""constraint_type"": ""security_risk"", ""node"": ""aerospace_supply_chain"", ""shock_type"": ""military_escalation"", ""target_node_role"": ""downstream_exposure"", ""upstream_driver"": ""war_and_sanctions_escalation""}",,"event_type, supply_chain_nodes, affected_asset_types, affected_assets, transmission_chain, summary",medium,Conservative frozen-vocabulary proposal from existing historical fields.
case_2022_russia_airspace_closure_aviation_routes,airspace closure and aviation logistics disruption,freight_routes,resolvable,{},"{""canonical_context"": ""maritime_route_capacity_constraint"", ""constraint_type"": ""route_disruption"", ""node"": ""freight_routes"", ""shock_type"": ""physical_disruption"", ""target_node_role"": ""transmission_channel"", ""upstream_driver"": ""war_and_sanctions_escalation""}",,"event_type, supply_chain_nodes, affected_asset_types, affected_assets, transmission_chain, summary",medium,Conservative frozen-vocabulary proposal from existing historical fields.
case_2022_russia_airspace_closure_aviation_routes,airspace closure and aviation logistics disruption,energy,resolvable,{},"{""canonical_context"": ""energy_trade_access_constraint"", ""constraint_type"": ""trade_access_restriction"", ""node"": ""energy"", ""shock_type"": ""sanctions"", ""target_node_role"": ""downstream_exposure"", ""upstream_driver"": ""war_and_sanctions_escalation""}",,"event_type, supply_chain_nodes, affected_asset_types, affected_assets, transmission_chain, summary",medium,Conservative frozen-vocabulary proposal from existing historical fields.
case_2022_russia_airspace_closure_aviation_routes,airspace closure and aviation logistics disruption,logistics,resolvable,{},"{""canonical_context"": ""maritime_route_capacity_constraint"", ""constraint_type"": ""route_disruption"", ""node"": ""logistics"", ""shock_type"": ""physical_disruption"", ""target_node_role"": ""transmission_channel"", ""upstream_driver"": ""war_and_sanctions_escalation""}",,"event_type, supply_chain_nodes, affected_asset_types, affected_assets, transmission_chain, summary",medium,Conservative frozen-vocabulary proposal from existing historical fields.
case_2022_russia_airspace_closure_aviation_routes,airspace closure and aviation logistics disruption,customs,resolvable,{},"{""canonical_context"": ""tariff_customs_compliance_constraint"", ""constraint_type"": ""compliance_constraint"", ""node"": ""customs"", ""shock_type"": ""regulatory_restriction"", ""target_node_role"": ""compliance_channel"", ""upstream_driver"": ""war_and_sanctions_escalation""}",,"event_type, supply_chain_nodes, affected_asset_types, affected_assets, transmission_chain, summary",medium,Conservative frozen-vocabulary proposal from existing historical fields.
