comparison,from_k,to_k,event_id,event_name,node,ticker,asset_name,asset_type,linkage_tier,supporting_case_ids,support_count,node_retrieved_supporting_case_ids,node_retrieved_support_count,retrieved_supporting_case_count,evidence_level,mapping_status
k3_to_k5,3,5,eval_black_sea_grain_export_disruption,eval_black_sea_grain_export_disruption,customs,CHRW,C H Robinson Worldwide Inc,Stock,related_exposure,case_2008_rice_export_restrictions_food_security;case_2022_india_wheat_export_ban,2,case_2008_rice_export_restrictions_food_security;case_2022_india_wheat_export_ban,2,2,sector_proxy,mapped
k3_to_k5,3,5,eval_black_sea_grain_export_disruption,eval_black_sea_grain_export_disruption,customs,DSGX,The Descartes Systems Group Inc,Stock,direct_exposure,case_2008_rice_export_restrictions_food_security;case_2022_india_wheat_export_ban,2,case_2008_rice_export_restrictions_food_security;case_2022_india_wheat_export_ban,2,2,sector_proxy,mapped
k3_to_k5,3,5,eval_black_sea_grain_export_disruption,eval_black_sea_grain_export_disruption,food_export_controls,DBA,Invesco DB Agriculture Fund,ETF,broad_proxy,case_2008_rice_export_restrictions_food_security;case_2022_india_wheat_export_ban,2,case_2008_rice_export_restrictions_food_security;case_2022_india_wheat_export_ban,2,2,sector_proxy,mapped
k3_to_k5,3,5,eval_black_sea_grain_export_disruption,eval_black_sea_grain_export_disruption,food_export_controls,WEAT,Teucrium Wheat Fund,ETF,broad_proxy,case_2008_rice_export_restrictions_food_security;case_2022_india_wheat_export_ban,2,case_2008_rice_export_restrictions_food_security;case_2022_india_wheat_export_ban,2,2,sector_proxy,mapped
k3_to_k5,3,5,eval_black_sea_grain_export_disruption,eval_black_sea_grain_export_disruption,trade_lanes,DHL.DE,DHL Group,Stock,related_exposure,case_2008_rice_export_restrictions_food_security;case_2022_india_wheat_export_ban,2,case_2008_rice_export_restrictions_food_security;case_2022_india_wheat_export_ban,2,2,sector_proxy,mapped
k3_to_k5,3,5,eval_black_sea_grain_export_disruption,eval_black_sea_grain_export_disruption,trade_lanes,EXPD,Expeditors International of Washington Inc,Stock,related_exposure,case_2008_rice_export_restrictions_food_security;case_2022_india_wheat_export_ban,2,case_2008_rice_export_restrictions_food_security;case_2022_india_wheat_export_ban,2,2,sector_proxy,mapped
k3_to_k5,3,5,eval_china_graphite_battery_controls,eval_china_graphite_battery_controls,battery_materials,ALB,Albemarle Corporation,Stock,direct_exposure,case_2023_china_graphite_battery_export_controls;case_2020_indonesia_nickel_export_ban;case_2022_chile_lithium_policy_shift,3,case_2023_china_graphite_battery_export_controls;case_2020_indonesia_nickel_export_ban;case_2022_chile_lithium_policy_shift,3,3,sector_proxy,mapped
k3_to_k5,3,5,eval_china_graphite_battery_controls,eval_china_graphite_battery_controls,battery_materials,LIT,Global X Lithium & Battery Tech ETF,ETF,broad_proxy,case_2023_china_graphite_battery_export_controls;case_2020_indonesia_nickel_export_ban;case_2022_chile_lithium_policy_shift,3,case_2023_china_graphite_battery_export_controls;case_2020_indonesia_nickel_export_ban;case_2022_chile_lithium_policy_shift,3,3,sector_proxy,mapped
k3_to_k5,3,5,eval_china_graphite_battery_controls,eval_china_graphite_battery_controls,trade_lanes,DHL.DE,DHL Group,Stock,related_exposure,case_2020_indonesia_nickel_export_ban;case_2022_chile_lithium_policy_shift,2,case_2020_indonesia_nickel_export_ban;case_2022_chile_lithium_policy_shift,2,2,sector_proxy,mapped
k3_to_k5,3,5,eval_china_graphite_battery_controls,eval_china_graphite_battery_controls,trade_lanes,EXPD,Expeditors International of Washington Inc,Stock,related_exposure,case_2020_indonesia_nickel_export_ban;case_2022_chile_lithium_policy_shift,2,case_2020_indonesia_nickel_export_ban;case_2022_chile_lithium_policy_shift,2,2,sector_proxy,mapped
k3_to_k5,3,5,eval_cyber_port_pipeline_disruption,eval_cyber_port_pipeline_disruption,container_shipping,DAC,Danaos Corporation,Stock,direct_exposure,case_2017_notpetya_shipping_logistics_cyberattack;case_2023_dp_world_australia_cyber_port_disruption,2,case_2017_notpetya_shipping_logistics_cyberattack;case_2023_dp_world_australia_cyber_port_disruption,2,2,sector_proxy,mapped
k3_to_k5,3,5,eval_cyber_port_pipeline_disruption,eval_cyber_port_pipeline_disruption,container_shipping,MAERSK-B.CO,A P Moller Maersk Class B,Stock,direct_exposure,case_2017_notpetya_shipping_logistics_cyberattack;case_2023_dp_world_australia_cyber_port_disruption,2,case_2017_notpetya_shipping_logistics_cyberattack;case_2023_dp_world_australia_cyber_port_disruption,2,2,sector_proxy,mapped
k3_to_k5,3,5,eval_defense_supply_chain_escalation,eval_defense_supply_chain_escalation,aerospace_supply_chain,AIR.PA,Airbus SE,Stock,related_exposure,case_2023_middle_east_defense_supply_escalation;case_2019_turkey_f35_s400_defense_restrictions,2,case_2023_middle_east_defense_supply_escalation;case_2019_turkey_f35_s400_defense_restrictions,2,2,sector_proxy,mapped
k3_to_k5,3,5,eval_defense_supply_chain_escalation,eval_defense_supply_chain_escalation,aerospace_supply_chain,BA,Boeing Company,Stock,related_exposure,case_2023_middle_east_defense_supply_escalation;case_2019_turkey_f35_s400_defense_restrictions,2,case_2023_middle_east_defense_supply_escalation;case_2019_turkey_f35_s400_defense_restrictions,2,2,sector_proxy,mapped
k3_to_k5,3,5,eval_defense_supply_chain_escalation,eval_defense_supply_chain_escalation,logistics,JBHT,J B Hunt Transport Services Inc,Stock,direct_exposure,case_2017_north_korea_missile_escalation;case_2022_ukraine_electricity_grid_attacks,2,case_2017_north_korea_missile_escalation;case_2022_ukraine_electricity_grid_attacks,2,2,sector_proxy,mapped
k3_to_k5,3,5,eval_defense_supply_chain_escalation,eval_defense_supply_chain_escalation,logistics,KNIN.SW,Kuehne + Nagel International AG,Stock,direct_exposure,case_2017_north_korea_missile_escalation;case_2022_ukraine_electricity_grid_attacks,2,case_2017_north_korea_missile_escalation;case_2022_ukraine_electricity_grid_attacks,2,2,sector_proxy,mapped
k3_to_k5,3,5,eval_defense_supply_chain_escalation,eval_defense_supply_chain_escalation,trade_lanes,DHL.DE,DHL Group,Stock,related_exposure,case_2017_north_korea_missile_escalation;case_2019_turkey_f35_s400_defense_restrictions,2,case_2017_north_korea_missile_escalation;case_2019_turkey_f35_s400_defense_restrictions,2,2,sector_proxy,mapped
k3_to_k5,3,5,eval_defense_supply_chain_escalation,eval_defense_supply_chain_escalation,trade_lanes,EXPD,Expeditors International of Washington Inc,Stock,related_exposure,case_2017_north_korea_missile_escalation;case_2019_turkey_f35_s400_defense_restrictions,2,case_2017_north_korea_missile_escalation;case_2019_turkey_f35_s400_defense_restrictions,2,2,sector_proxy,mapped
k3_to_k5,3,5,eval_panama_canal_drought_shipping,eval_panama_canal_drought_shipping,ports,0144.HK,China Merchants Port Holdings Company Limited,Stock,direct_exposure,case_2023_red_sea_attacks;case_2021_suez_blockage,2,case_2024_us_east_gulf_port_strike;case_2021_suez_blockage,2,2,historical_supported,mapped
k3_to_k5,3,5,eval_panama_canal_drought_shipping,eval_panama_canal_drought_shipping,ports,1199.HK,COSCO SHIPPING Ports Limited,Stock,direct_exposure,case_2023_red_sea_attacks;case_2021_suez_blockage,2,case_2024_us_east_gulf_port_strike;case_2021_suez_blockage,2,2,historical_supported,mapped
k3_to_k5,3,5,eval_panama_canal_drought_shipping,eval_panama_canal_drought_shipping,trade_lanes,DHL.DE,DHL Group,Stock,related_exposure,case_2024_us_east_gulf_port_strike;case_2022_india_wheat_export_ban,2,case_2024_us_east_gulf_port_strike;case_2022_india_wheat_export_ban,2,2,sector_proxy,mapped
k3_to_k5,3,5,eval_panama_canal_drought_shipping,eval_panama_canal_drought_shipping,trade_lanes,EXPD,Expeditors International of Washington Inc,Stock,related_exposure,case_2024_us_east_gulf_port_strike;case_2022_india_wheat_export_ban,2,case_2024_us_east_gulf_port_strike;case_2022_india_wheat_export_ban,2,2,sector_proxy,mapped
k3_to_k5,3,5,eval_rare_earth_critical_minerals_controls,eval_rare_earth_critical_minerals_controls,battery_materials,ALB,Albemarle Corporation,Stock,direct_exposure,case_2023_china_graphite_battery_export_controls;case_2020_indonesia_nickel_export_ban,2,case_2023_china_graphite_battery_export_controls;case_2020_indonesia_nickel_export_ban,2,2,sector_proxy,mapped
k3_to_k5,3,5,eval_rare_earth_critical_minerals_controls,eval_rare_earth_critical_minerals_controls,battery_materials,LIT,Global X Lithium & Battery Tech ETF,ETF,broad_proxy,case_2023_china_graphite_battery_export_controls;case_2020_indonesia_nickel_export_ban,2,case_2023_china_graphite_battery_export_controls;case_2020_indonesia_nickel_export_ban,2,2,sector_proxy,mapped
k3_to_k5,3,5,eval_rare_earth_critical_minerals_controls,eval_rare_earth_critical_minerals_controls,defense,ITA,iShares U S Aerospace & Defense ETF,ETF,broad_proxy,case_rare_earth_export_restriction_risk;case_2010_china_japan_rare_earth_embargo,2,case_rare_earth_export_restriction_risk;case_2010_china_japan_rare_earth_embargo,2,2,sector_proxy,mapped
k3_to_k5,3,5,eval_rare_earth_critical_minerals_controls,eval_rare_earth_critical_minerals_controls,defense,LMT,Lockheed Martin Corporation,Stock,direct_exposure,case_rare_earth_export_restriction_risk;case_2010_china_japan_rare_earth_embargo,2,case_rare_earth_export_restriction_risk;case_2010_china_japan_rare_earth_embargo,2,2,sector_proxy,mapped
k3_to_k5,3,5,eval_rare_earth_critical_minerals_controls,eval_rare_earth_critical_minerals_controls,trade_lanes,DHL.DE,DHL Group,Stock,related_exposure,case_2010_china_japan_rare_earth_embargo;case_2020_indonesia_nickel_export_ban,2,case_2010_china_japan_rare_earth_embargo;case_2020_indonesia_nickel_export_ban,2,2,sector_proxy,mapped
k3_to_k5,3,5,eval_rare_earth_critical_minerals_controls,eval_rare_earth_critical_minerals_controls,trade_lanes,EXPD,Expeditors International of Washington Inc,Stock,related_exposure,case_2010_china_japan_rare_earth_embargo;case_2020_indonesia_nickel_export_ban,2,case_2010_china_japan_rare_earth_embargo;case_2020_indonesia_nickel_export_ban,2,2,sector_proxy,mapped
k3_to_k5,3,5,eval_red_sea_shipping_disruption,eval_red_sea_shipping_disruption,energy,XLE,Energy Select Sector SPDR Fund,ETF,broad_proxy,case_2021_suez_blockage;case_2023_arctic_lng_russian_energy_shipping_sanctions,2,case_2021_suez_blockage;case_2023_arctic_lng_russian_energy_shipping_sanctions,2,2,sector_proxy,mapped
k3_to_k5,3,5,eval_red_sea_shipping_disruption,eval_red_sea_shipping_disruption,energy,XOM,Exxon Mobil Corporation,Stock,related_exposure,case_2021_suez_blockage;case_2023_arctic_lng_russian_energy_shipping_sanctions,2,case_2021_suez_blockage;case_2023_arctic_lng_russian_energy_shipping_sanctions,2,2,sector_proxy,mapped
k3_to_k5,3,5,eval_red_sea_shipping_disruption,eval_red_sea_shipping_disruption,trade_lanes,DHL.DE,DHL Group,Stock,related_exposure,case_2024_us_east_gulf_port_strike;case_2023_south_china_sea_shipping_tensions,2,case_2024_us_east_gulf_port_strike;case_2023_south_china_sea_shipping_tensions,2,2,sector_proxy,mapped
k3_to_k5,3,5,eval_red_sea_shipping_disruption,eval_red_sea_shipping_disruption,trade_lanes,EXPD,Expeditors International of Washington Inc,Stock,related_exposure,case_2024_us_east_gulf_port_strike;case_2023_south_china_sea_shipping_tensions,2,case_2024_us_east_gulf_port_strike;case_2023_south_china_sea_shipping_tensions,2,2,sector_proxy,mapped
k3_to_k5,3,5,eval_russia_europe_gas_disruption,eval_russia_europe_gas_disruption,trade_lanes,DHL.DE,DHL Group,Stock,related_exposure,case_2009_russia_ukraine_gas_transit_dispute;case_uranium_nuclear_fuel_supply_disruption,2,case_2009_russia_ukraine_gas_transit_dispute;case_uranium_nuclear_fuel_supply_disruption,2,2,sector_proxy,mapped
k3_to_k5,3,5,eval_russia_europe_gas_disruption,eval_russia_europe_gas_disruption,trade_lanes,EXPD,Expeditors International of Washington Inc,Stock,related_exposure,case_2009_russia_ukraine_gas_transit_dispute;case_uranium_nuclear_fuel_supply_disruption,2,case_2009_russia_ukraine_gas_transit_dispute;case_uranium_nuclear_fuel_supply_disruption,2,2,sector_proxy,mapped
k3_to_k5,3,5,eval_semiconductor_export_controls,eval_semiconductor_export_controls,manufacturing_inputs,CAT,Caterpillar Inc,Stock,related_exposure,case_2023_japan_chip_equipment_export_controls;case_2020_smic_entity_list_semiconductor_controls;case_2019_huawei_entity_list,3,case_2023_japan_chip_equipment_export_controls;case_2020_smic_entity_list_semiconductor_controls;case_2019_huawei_entity_list,3,3,sector_proxy,mapped
k3_to_k5,3,5,eval_semiconductor_export_controls,eval_semiconductor_export_controls,manufacturing_inputs,DE,Deere & Company,Stock,related_exposure,case_2023_japan_chip_equipment_export_controls;case_2020_smic_entity_list_semiconductor_controls;case_2019_huawei_entity_list,3,case_2023_japan_chip_equipment_export_controls;case_2020_smic_entity_list_semiconductor_controls;case_2019_huawei_entity_list,3,3,sector_proxy,mapped
k3_to_k5,3,5,eval_suez_canal_blockage,eval_suez_canal_blockage,marine_insurance,CB,Chubb Limited,Stock,related_exposure,case_2023_red_sea_attacks;case_2023_south_china_sea_shipping_tensions;case_2022_turkey_strait_tanker_insurance_backlog,3,case_2023_red_sea_attacks;case_2023_south_china_sea_shipping_tensions;case_2022_turkey_strait_tanker_insurance_backlog,3,3,sector_proxy,mapped
k3_to_k5,3,5,eval_suez_canal_blockage,eval_suez_canal_blockage,marine_insurance,TRV,The Travelers Companies Inc,Stock,related_exposure,case_2023_red_sea_attacks;case_2023_south_china_sea_shipping_tensions;case_2022_turkey_strait_tanker_insurance_backlog,3,case_2023_red_sea_attacks;case_2023_south_china_sea_shipping_tensions;case_2022_turkey_strait_tanker_insurance_backlog,3,3,sector_proxy,mapped
k3_to_k5,3,5,eval_suez_canal_blockage,eval_suez_canal_blockage,oil_shipping,DHT,DHT Holdings Inc,Stock,direct_exposure,case_2023_red_sea_attacks;case_2022_turkey_strait_tanker_insurance_backlog,2,case_2023_red_sea_attacks;case_2022_turkey_strait_tanker_insurance_backlog,2,2,historical_supported,mapped
k3_to_k5,3,5,eval_suez_canal_blockage,eval_suez_canal_blockage,oil_shipping,FRO,Frontline plc,Stock,direct_exposure,case_2023_red_sea_attacks;case_2022_turkey_strait_tanker_insurance_backlog,2,case_2023_red_sea_attacks;case_2022_turkey_strait_tanker_insurance_backlog,2,2,historical_supported,mapped
k3_to_k5,3,5,eval_suez_canal_blockage,eval_suez_canal_blockage,trade_lanes,DHL.DE,DHL Group,Stock,related_exposure,case_2024_us_east_gulf_port_strike;case_2023_south_china_sea_shipping_tensions,2,case_2024_us_east_gulf_port_strike;case_2023_south_china_sea_shipping_tensions,2,2,sector_proxy,mapped
k3_to_k5,3,5,eval_suez_canal_blockage,eval_suez_canal_blockage,trade_lanes,EXPD,Expeditors International of Washington Inc,Stock,related_exposure,case_2024_us_east_gulf_port_strike;case_2023_south_china_sea_shipping_tensions,2,case_2024_us_east_gulf_port_strike;case_2023_south_china_sea_shipping_tensions,2,2,sector_proxy,mapped
k3_to_k5,3,5,eval_taiwan_strait_semiconductor_risk,eval_taiwan_strait_semiconductor_risk,logistics,JBHT,J B Hunt Transport Services Inc,Stock,direct_exposure,case_2017_north_korea_missile_escalation;case_2023_south_china_sea_shipping_tensions,2,case_2017_north_korea_missile_escalation;case_2023_south_china_sea_shipping_tensions,2,2,sector_proxy,mapped
k3_to_k5,3,5,eval_taiwan_strait_semiconductor_risk,eval_taiwan_strait_semiconductor_risk,logistics,KNIN.SW,Kuehne + Nagel International AG,Stock,direct_exposure,case_2017_north_korea_missile_escalation;case_2023_south_china_sea_shipping_tensions,2,case_2017_north_korea_missile_escalation;case_2023_south_china_sea_shipping_tensions,2,2,sector_proxy,mapped
k3_to_k5,3,5,eval_taiwan_strait_semiconductor_risk,eval_taiwan_strait_semiconductor_risk,trade_lanes,DHL.DE,DHL Group,Stock,related_exposure,case_2017_north_korea_missile_escalation;case_2023_south_china_sea_shipping_tensions,2,case_2017_north_korea_missile_escalation;case_2023_south_china_sea_shipping_tensions,2,2,sector_proxy,mapped
k3_to_k5,3,5,eval_taiwan_strait_semiconductor_risk,eval_taiwan_strait_semiconductor_risk,trade_lanes,EXPD,Expeditors International of Washington Inc,Stock,related_exposure,case_2017_north_korea_missile_escalation;case_2023_south_china_sea_shipping_tensions,2,case_2017_north_korea_missile_escalation;case_2023_south_china_sea_shipping_tensions,2,2,sector_proxy,mapped
k3_to_k5,3,5,eval_uranium_nuclear_fuel_disruption,eval_uranium_nuclear_fuel_disruption,lng_shipping,FLNG,FLEX LNG Ltd,Stock,direct_exposure,case_russia_ukraine_energy_shock;case_2023_arctic_lng_russian_energy_shipping_sanctions,2,case_russia_ukraine_energy_shock;case_2023_arctic_lng_russian_energy_shipping_sanctions;case_2009_russia_ukraine_gas_transit_dispute,3,3,historical_supported,mapped
k3_to_k5,3,5,eval_uranium_nuclear_fuel_disruption,eval_uranium_nuclear_fuel_disruption,lng_shipping,LNG,Cheniere Energy Inc,Stock,related_exposure,case_russia_ukraine_energy_shock;case_2023_arctic_lng_russian_energy_shipping_sanctions,2,case_russia_ukraine_energy_shock;case_2023_arctic_lng_russian_energy_shipping_sanctions;case_2009_russia_ukraine_gas_transit_dispute,3,3,historical_supported,mapped
k3_to_k5,3,5,eval_uranium_nuclear_fuel_disruption,eval_uranium_nuclear_fuel_disruption,petrochemicals,DOW,Dow Inc,Stock,direct_exposure,case_russia_ukraine_energy_shock;case_2009_russia_ukraine_gas_transit_dispute,2,case_russia_ukraine_energy_shock;case_2009_russia_ukraine_gas_transit_dispute,2,2,sector_proxy,mapped
k3_to_k5,3,5,eval_uranium_nuclear_fuel_disruption,eval_uranium_nuclear_fuel_disruption,petrochemicals,LYB,LyondellBasell Industries NV,Stock,direct_exposure,case_russia_ukraine_energy_shock;case_2009_russia_ukraine_gas_transit_dispute,2,case_russia_ukraine_energy_shock;case_2009_russia_ukraine_gas_transit_dispute,2,2,sector_proxy,mapped
k3_to_k5,3,5,hard_cyber_infrastructure_indirect,hard_cyber_infrastructure_indirect,container_shipping,DAC,Danaos Corporation,Stock,direct_exposure,case_2023_dp_world_australia_cyber_port_disruption;case_2017_notpetya_shipping_logistics_cyberattack,2,case_2023_dp_world_australia_cyber_port_disruption;case_2017_notpetya_shipping_logistics_cyberattack,2,2,sector_proxy,mapped
k3_to_k5,3,5,hard_cyber_infrastructure_indirect,hard_cyber_infrastructure_indirect,container_shipping,MAERSK-B.CO,A P Moller Maersk Class B,Stock,direct_exposure,case_2023_dp_world_australia_cyber_port_disruption;case_2017_notpetya_shipping_logistics_cyberattack,2,case_2023_dp_world_australia_cyber_port_disruption;case_2017_notpetya_shipping_logistics_cyberattack,2,2,sector_proxy,mapped
k3_to_k5,3,5,hard_cyber_infrastructure_indirect,hard_cyber_infrastructure_indirect,manufacturing_inputs,CAT,Caterpillar Inc,Stock,related_exposure,case_2023_port_of_nagoya_cyberattack;case_2017_notpetya_shipping_logistics_cyberattack,2,case_2023_port_of_nagoya_cyberattack;case_2017_notpetya_shipping_logistics_cyberattack,2,2,sector_proxy,mapped
k3_to_k5,3,5,hard_cyber_infrastructure_indirect,hard_cyber_infrastructure_indirect,manufacturing_inputs,DE,Deere & Company,Stock,related_exposure,case_2023_port_of_nagoya_cyberattack;case_2017_notpetya_shipping_logistics_cyberattack,2,case_2023_port_of_nagoya_cyberattack;case_2017_notpetya_shipping_logistics_cyberattack,2,2,sector_proxy,mapped
k3_to_k5,3,5,hard_taiwan_semiconductor_indirect,hard_taiwan_semiconductor_indirect,manufacturing_inputs,CAT,Caterpillar Inc,Stock,related_exposure,case_taiwan_strait_semiconductor_risk;case_2023_japan_chip_equipment_export_controls;case_2020_smic_entity_list_semiconductor_controls,3,case_taiwan_strait_semiconductor_risk;case_2023_japan_chip_equipment_export_controls;case_2020_smic_entity_list_semiconductor_controls,3,3,sector_proxy,mapped
k3_to_k5,3,5,hard_taiwan_semiconductor_indirect,hard_taiwan_semiconductor_indirect,manufacturing_inputs,DE,Deere & Company,Stock,related_exposure,case_taiwan_strait_semiconductor_risk;case_2023_japan_chip_equipment_export_controls;case_2020_smic_entity_list_semiconductor_controls,3,case_taiwan_strait_semiconductor_risk;case_2023_japan_chip_equipment_export_controls;case_2020_smic_entity_list_semiconductor_controls,3,3,sector_proxy,mapped
k3_to_k5,3,5,v3_20240306_true_confidence_attack,Houthi anti-ship missile strikes M/V True Confidence in Gulf of Aden,trade_lanes,DHL.DE,DHL Group,Stock,related_exposure,case_2023_south_china_sea_shipping_tensions;case_2017_north_korea_missile_escalation,2,case_2023_south_china_sea_shipping_tensions;case_2017_north_korea_missile_escalation,2,2,sector_proxy,mapped
k3_to_k5,3,5,v3_20240306_true_confidence_attack,Houthi anti-ship missile strikes M/V True Confidence in Gulf of Aden,trade_lanes,EXPD,Expeditors International of Washington Inc,Stock,related_exposure,case_2023_south_china_sea_shipping_tensions;case_2017_north_korea_missile_escalation,2,case_2023_south_china_sea_shipping_tensions;case_2017_north_korea_missile_escalation,2,2,sector_proxy,mapped
k3_to_k5,3,5,v3_20240624_eu_russian_lng_transshipment_ban,EU sanctions package bans Russian LNG transshipment services through EU territory,customs,CHRW,C H Robinson Worldwide Inc,Stock,related_exposure,case_2014_crimea_financial_sanctions;case_2022_russia_swift_financial_sanctions,2,case_2014_crimea_financial_sanctions;case_2022_russia_swift_financial_sanctions,2,2,sector_proxy,mapped
k3_to_k5,3,5,v3_20240624_eu_russian_lng_transshipment_ban,EU sanctions package bans Russian LNG transshipment services through EU territory,customs,DSGX,The Descartes Systems Group Inc,Stock,direct_exposure,case_2014_crimea_financial_sanctions;case_2022_russia_swift_financial_sanctions,2,case_2014_crimea_financial_sanctions;case_2022_russia_swift_financial_sanctions,2,2,sector_proxy,mapped
k3_to_k5,3,5,v3_20240624_eu_russian_lng_transshipment_ban,EU sanctions package bans Russian LNG transshipment services through EU territory,marine_insurance,CB,Chubb Limited,Stock,related_exposure,case_2023_arctic_lng_russian_energy_shipping_sanctions;case_2018_iran_oil_sanctions_reimposition,2,case_2023_arctic_lng_russian_energy_shipping_sanctions;case_2018_iran_oil_sanctions_reimposition,2,2,sector_proxy,mapped
k3_to_k5,3,5,v3_20240624_eu_russian_lng_transshipment_ban,EU sanctions package bans Russian LNG transshipment services through EU territory,marine_insurance,TRV,The Travelers Companies Inc,Stock,related_exposure,case_2023_arctic_lng_russian_energy_shipping_sanctions;case_2018_iran_oil_sanctions_reimposition,2,case_2023_arctic_lng_russian_energy_shipping_sanctions;case_2018_iran_oil_sanctions_reimposition,2,2,sector_proxy,mapped
k3_to_k5,3,5,v3_20240624_eu_russian_lng_transshipment_ban,EU sanctions package bans Russian LNG transshipment services through EU territory,oil_shipping,DHT,DHT Holdings Inc,Stock,direct_exposure,case_2018_iran_oil_sanctions_reimposition,1,case_2023_arctic_lng_russian_energy_shipping_sanctions;case_2018_iran_oil_sanctions_reimposition,2,2,historical_supported,mapped
k3_to_k5,3,5,v3_20240624_eu_russian_lng_transshipment_ban,EU sanctions package bans Russian LNG transshipment services through EU territory,oil_shipping,FRO,Frontline plc,Stock,direct_exposure,case_2018_iran_oil_sanctions_reimposition,1,case_2023_arctic_lng_russian_energy_shipping_sanctions;case_2018_iran_oil_sanctions_reimposition,2,2,historical_supported,mapped
k3_to_k5,3,5,v3_20240624_eu_russian_lng_transshipment_ban,EU sanctions package bans Russian LNG transshipment services through EU territory,trade_lanes,DHL.DE,DHL Group,Stock,related_exposure,case_2014_crimea_financial_sanctions;case_2022_russia_swift_financial_sanctions,2,case_2014_crimea_financial_sanctions;case_2022_russia_swift_financial_sanctions,2,2,sector_proxy,mapped
k3_to_k5,3,5,v3_20240624_eu_russian_lng_transshipment_ban,EU sanctions package bans Russian LNG transshipment services through EU territory,trade_lanes,EXPD,Expeditors International of Washington Inc,Stock,related_exposure,case_2014_crimea_financial_sanctions;case_2022_russia_swift_financial_sanctions,2,case_2014_crimea_financial_sanctions;case_2022_russia_swift_financial_sanctions,2,2,sector_proxy,mapped
k3_to_k5,3,5,v3_20240821_sounion_tanker_attack,MV Sounion oil tanker attacked in the Red Sea,defense,ITA,iShares U S Aerospace & Defense ETF,ETF,broad_proxy,case_1987_1988_tanker_war_reflagging;case_israel_iran_escalation_energy_risk;case_2022_abu_dhabi_oil_facility_attack,3,case_1987_1988_tanker_war_reflagging;case_israel_iran_escalation_energy_risk;case_2022_abu_dhabi_oil_facility_attack,3,3,sector_proxy,mapped
k3_to_k5,3,5,v3_20240821_sounion_tanker_attack,MV Sounion oil tanker attacked in the Red Sea,defense,LMT,Lockheed Martin Corporation,Stock,direct_exposure,case_1987_1988_tanker_war_reflagging;case_israel_iran_escalation_energy_risk;case_2022_abu_dhabi_oil_facility_attack,3,case_1987_1988_tanker_war_reflagging;case_israel_iran_escalation_energy_risk;case_2022_abu_dhabi_oil_facility_attack,3,3,sector_proxy,mapped
k3_to_k5,3,5,v3_20240821_sounion_tanker_attack,MV Sounion oil tanker attacked in the Red Sea,refining,MPC,Marathon Petroleum Corporation,Stock,direct_exposure,case_hormuz_tanker_tensions;case_israel_iran_escalation_energy_risk;case_2022_abu_dhabi_oil_facility_attack,3,case_hormuz_tanker_tensions;case_israel_iran_escalation_energy_risk;case_2022_abu_dhabi_oil_facility_attack,3,3,historical_supported,mapped
k3_to_k5,3,5,v3_20240821_sounion_tanker_attack,MV Sounion oil tanker attacked in the Red Sea,refining,VLO,Valero Energy Corporation,Stock,direct_exposure,case_hormuz_tanker_tensions;case_israel_iran_escalation_energy_risk;case_2022_abu_dhabi_oil_facility_attack,3,case_hormuz_tanker_tensions;case_israel_iran_escalation_energy_risk;case_2022_abu_dhabi_oil_facility_attack,3,3,historical_supported,mapped
k3_to_k5,3,5,v3_20240913_ustr_section301_tariffs_final,USTR finalizes China Section 301 tariff modifications after four-year review,logistics,JBHT,J B Hunt Transport Services Inc,Stock,direct_exposure,case_2024_ev_tariff_escalation_china;case_2021_xinjiang_forced_labor_import_restrictions,2,case_2024_ev_tariff_escalation_china;case_2021_xinjiang_forced_labor_import_restrictions,2,2,sector_proxy,mapped
k3_to_k5,3,5,v3_20240913_ustr_section301_tariffs_final,USTR finalizes China Section 301 tariff modifications after four-year review,logistics,KNIN.SW,Kuehne + Nagel International AG,Stock,direct_exposure,case_2024_ev_tariff_escalation_china;case_2021_xinjiang_forced_labor_import_restrictions,2,case_2024_ev_tariff_escalation_china;case_2021_xinjiang_forced_labor_import_restrictions,2,2,sector_proxy,mapped
k3_to_k5,3,5,v3_20240913_ustr_section301_tariffs_final,USTR finalizes China Section 301 tariff modifications after four-year review,trade_lanes,DHL.DE,DHL Group,Stock,related_exposure,case_2024_ev_tariff_escalation_china;case_2023_panama_cobre_mine_closure;case_2021_xinjiang_forced_labor_import_restrictions,3,case_2024_ev_tariff_escalation_china;case_2023_panama_cobre_mine_closure;case_2021_xinjiang_forced_labor_import_restrictions,3,3,sector_proxy,mapped
k3_to_k5,3,5,v3_20240913_ustr_section301_tariffs_final,USTR finalizes China Section 301 tariff modifications after four-year review,trade_lanes,EXPD,Expeditors International of Washington Inc,Stock,related_exposure,case_2024_ev_tariff_escalation_china;case_2023_panama_cobre_mine_closure;case_2021_xinjiang_forced_labor_import_restrictions,3,case_2024_ev_tariff_escalation_china;case_2023_panama_cobre_mine_closure;case_2021_xinjiang_forced_labor_import_restrictions,3,3,sector_proxy,mapped
k3_to_k5,3,5,v3_20241203_iran_shadow_fleet_sanctions,U.S. sanctions Iranian shadow-fleet petroleum transport entities and vessels,logistics,JBHT,J B Hunt Transport Services Inc,Stock,direct_exposure,case_2019_cosco_shipping_sanctions_tanker_market;case_1987_1988_tanker_war_reflagging,2,case_2019_cosco_shipping_sanctions_tanker_market;case_1987_1988_tanker_war_reflagging,2,2,sector_proxy,mapped
k3_to_k5,3,5,v3_20241203_iran_shadow_fleet_sanctions,U.S. sanctions Iranian shadow-fleet petroleum transport entities and vessels,logistics,KNIN.SW,Kuehne + Nagel International AG,Stock,direct_exposure,case_2019_cosco_shipping_sanctions_tanker_market;case_1987_1988_tanker_war_reflagging,2,case_2019_cosco_shipping_sanctions_tanker_market;case_1987_1988_tanker_war_reflagging,2,2,sector_proxy,mapped
k3_to_k5,3,5,v3_20250110_us_russia_oil_sanctions,U.S. sanctions Russian oil producers and shadow-fleet vessels,customs,CHRW,C H Robinson Worldwide Inc,Stock,related_exposure,case_2014_crimea_financial_sanctions;case_2018_iran_swift_restrictions,2,case_2014_crimea_financial_sanctions;case_2018_iran_swift_restrictions,2,2,sector_proxy,mapped
k3_to_k5,3,5,v3_20250110_us_russia_oil_sanctions,U.S. sanctions Russian oil producers and shadow-fleet vessels,customs,DSGX,The Descartes Systems Group Inc,Stock,direct_exposure,case_2014_crimea_financial_sanctions;case_2018_iran_swift_restrictions,2,case_2014_crimea_financial_sanctions;case_2018_iran_swift_restrictions,2,2,sector_proxy,mapped
k3_to_k5,3,5,v3_20250110_us_russia_oil_sanctions,U.S. sanctions Russian oil producers and shadow-fleet vessels,trade_lanes,DHL.DE,DHL Group,Stock,related_exposure,case_2014_crimea_financial_sanctions;case_2018_iran_swift_restrictions,2,case_2014_crimea_financial_sanctions;case_2018_iran_swift_restrictions,2,2,sector_proxy,mapped
k3_to_k5,3,5,v3_20250110_us_russia_oil_sanctions,U.S. sanctions Russian oil producers and shadow-fleet vessels,trade_lanes,EXPD,Expeditors International of Washington Inc,Stock,related_exposure,case_2014_crimea_financial_sanctions;case_2018_iran_swift_restrictions,2,case_2014_crimea_financial_sanctions;case_2018_iran_swift_restrictions,2,2,sector_proxy,mapped
k3_to_k5,3,5,v3_20250224_eu_16th_russia_sanctions,EU adopts 16th Russia sanctions package targeting shadow fleet and military suppliers,customs,CHRW,C H Robinson Worldwide Inc,Stock,related_exposure,case_2014_crimea_financial_sanctions;case_2022_russia_swift_financial_sanctions,2,case_2014_crimea_financial_sanctions;case_2022_russia_swift_financial_sanctions,2,2,sector_proxy,mapped
k3_to_k5,3,5,v3_20250224_eu_16th_russia_sanctions,EU adopts 16th Russia sanctions package targeting shadow fleet and military suppliers,customs,DSGX,The Descartes Systems Group Inc,Stock,direct_exposure,case_2014_crimea_financial_sanctions;case_2022_russia_swift_financial_sanctions,2,case_2014_crimea_financial_sanctions;case_2022_russia_swift_financial_sanctions,2,2,sector_proxy,mapped
k3_to_k5,3,5,v3_20250224_eu_16th_russia_sanctions,EU adopts 16th Russia sanctions package targeting shadow fleet and military suppliers,trade_lanes,DHL.DE,DHL Group,Stock,related_exposure,case_2014_crimea_financial_sanctions;case_2022_russia_swift_financial_sanctions,2,case_2014_crimea_financial_sanctions;case_2022_russia_swift_financial_sanctions,2,2,sector_proxy,mapped
k3_to_k5,3,5,v3_20250224_eu_16th_russia_sanctions,EU adopts 16th Russia sanctions package targeting shadow fleet and military suppliers,trade_lanes,EXPD,Expeditors International of Washington Inc,Stock,related_exposure,case_2014_crimea_financial_sanctions;case_2022_russia_swift_financial_sanctions,2,case_2014_crimea_financial_sanctions;case_2022_russia_swift_financial_sanctions,2,2,sector_proxy,mapped
k3_to_k5,3,5,v3_20250225_copper_import_investigation,U.S. launches Section 232 investigation into copper import dependence,battery_materials,ALB,Albemarle Corporation,Stock,direct_exposure,case_2023_panama_cobre_mine_closure;case_2022_peru_mine_protests_copper_supply,2,case_2023_panama_cobre_mine_closure;case_2022_peru_mine_protests_copper_supply,2,2,sector_proxy,mapped
k3_to_k5,3,5,v3_20250225_copper_import_investigation,U.S. launches Section 232 investigation into copper import dependence,battery_materials,LIT,Global X Lithium & Battery Tech ETF,ETF,broad_proxy,case_2023_panama_cobre_mine_closure;case_2022_peru_mine_protests_copper_supply,2,case_2023_panama_cobre_mine_closure;case_2022_peru_mine_protests_copper_supply,2,2,sector_proxy,mapped
k3_to_k5,3,5,v3_20250225_copper_import_investigation,U.S. launches Section 232 investigation into copper import dependence,logistics,JBHT,J B Hunt Transport Services Inc,Stock,direct_exposure,case_2021_xinjiang_forced_labor_import_restrictions;case_2022_peru_mine_protests_copper_supply;case_2023_mexico_nearshoring_cross_border_policy_risk,3,case_2021_xinjiang_forced_labor_import_restrictions;case_2022_peru_mine_protests_copper_supply;case_2023_mexico_nearshoring_cross_border_policy_risk,3,3,sector_proxy,mapped
k3_to_k5,3,5,v3_20250225_copper_import_investigation,U.S. launches Section 232 investigation into copper import dependence,logistics,KNIN.SW,Kuehne + Nagel International AG,Stock,direct_exposure,case_2021_xinjiang_forced_labor_import_restrictions;case_2022_peru_mine_protests_copper_supply;case_2023_mexico_nearshoring_cross_border_policy_risk,3,case_2021_xinjiang_forced_labor_import_restrictions;case_2022_peru_mine_protests_copper_supply;case_2023_mexico_nearshoring_cross_border_policy_risk,3,3,sector_proxy,mapped
k3_to_k5,3,5,v3_20250225_copper_import_investigation,U.S. launches Section 232 investigation into copper import dependence,ports,0144.HK,China Merchants Port Holdings Company Limited,Stock,direct_exposure,case_2023_panama_cobre_mine_closure;case_2023_mexico_nearshoring_cross_border_policy_risk,2,case_2023_panama_cobre_mine_closure;case_2023_mexico_nearshoring_cross_border_policy_risk,2,2,sector_proxy,mapped
k3_to_k5,3,5,v3_20250225_copper_import_investigation,U.S. launches Section 232 investigation into copper import dependence,ports,1199.HK,COSCO SHIPPING Ports Limited,Stock,direct_exposure,case_2023_panama_cobre_mine_closure;case_2023_mexico_nearshoring_cross_border_policy_risk,2,case_2023_panama_cobre_mine_closure;case_2023_mexico_nearshoring_cross_border_policy_risk,2,2,sector_proxy,mapped
k3_to_k5,3,5,v3_20250404_china_rare_earth_export_controls,China imposes rare-earth export controls after U.S. tariff escalation,battery_materials,ALB,Albemarle Corporation,Stock,direct_exposure,case_2024_ev_tariff_escalation_china;case_2023_china_graphite_battery_export_controls,2,case_2024_ev_tariff_escalation_china;case_2023_china_graphite_battery_export_controls,2,2,sector_proxy,mapped
k3_to_k5,3,5,v3_20250404_china_rare_earth_export_controls,China imposes rare-earth export controls after U.S. tariff escalation,battery_materials,LIT,Global X Lithium & Battery Tech ETF,ETF,broad_proxy,case_2024_ev_tariff_escalation_china;case_2023_china_graphite_battery_export_controls,2,case_2024_ev_tariff_escalation_china;case_2023_china_graphite_battery_export_controls,2,2,sector_proxy,mapped
k3_to_k5,3,5,v3_20250404_china_rare_earth_export_controls,China imposes rare-earth export controls after U.S. tariff escalation,trade_lanes,DHL.DE,DHL Group,Stock,related_exposure,case_2010_china_japan_rare_earth_embargo;case_2024_ev_tariff_escalation_china,2,case_2010_china_japan_rare_earth_embargo;case_2024_ev_tariff_escalation_china,2,2,sector_proxy,mapped
k3_to_k5,3,5,v3_20250404_china_rare_earth_export_controls,China imposes rare-earth export controls after U.S. tariff escalation,trade_lanes,EXPD,Expeditors International of Washington Inc,Stock,related_exposure,case_2010_china_japan_rare_earth_embargo;case_2024_ev_tariff_escalation_china,2,case_2010_china_japan_rare_earth_embargo;case_2024_ev_tariff_escalation_china,2,2,sector_proxy,mapped
k5_to_k10,5,10,eval_black_sea_grain_export_disruption,eval_black_sea_grain_export_disruption,container_shipping,DAC,Danaos Corporation,Stock,direct_exposure,case_2023_red_sea_attacks;case_2021_suez_blockage,2,case_2023_red_sea_attacks;case_2021_suez_blockage;case_panama_canal_drought_shipping_capacity;case_2024_us_east_gulf_port_strike,4,4,historical_supported,mapped
k5_to_k10,5,10,eval_black_sea_grain_export_disruption,eval_black_sea_grain_export_disruption,container_shipping,MAERSK-B.CO,A P Moller Maersk Class B,Stock,direct_exposure,case_2023_red_sea_attacks;case_2021_suez_blockage,2,case_2023_red_sea_attacks;case_2021_suez_blockage;case_panama_canal_drought_shipping_capacity;case_2024_us_east_gulf_port_strike,4,4,historical_supported,mapped
k5_to_k10,5,10,eval_black_sea_grain_export_disruption,eval_black_sea_grain_export_disruption,energy,XLE,Energy Select Sector SPDR Fund,ETF,broad_proxy,case_2021_suez_blockage;case_2022_russia_fertilizer_export_restrictions,2,case_2021_suez_blockage;case_2022_russia_fertilizer_export_restrictions,2,2,sector_proxy,mapped
k5_to_k10,5,10,eval_black_sea_grain_export_disruption,eval_black_sea_grain_export_disruption,energy,XOM,Exxon Mobil Corporation,Stock,related_exposure,case_2021_suez_blockage;case_2022_russia_fertilizer_export_restrictions,2,case_2021_suez_blockage;case_2022_russia_fertilizer_export_restrictions,2,2,sector_proxy,mapped
k5_to_k10,5,10,eval_black_sea_grain_export_disruption,eval_black_sea_grain_export_disruption,lng_shipping,FLNG,FLEX LNG Ltd,Stock,direct_exposure,case_panama_canal_drought_shipping_capacity,1,case_2023_red_sea_attacks;case_panama_canal_drought_shipping_capacity,2,2,historical_supported,mapped
k5_to_k10,5,10,eval_black_sea_grain_export_disruption,eval_black_sea_grain_export_disruption,lng_shipping,LNG,Cheniere Energy Inc,Stock,related_exposure,case_panama_canal_drought_shipping_capacity,1,case_2023_red_sea_attacks;case_panama_canal_drought_shipping_capacity,2,2,historical_supported,mapped
k5_to_k10,5,10,eval_black_sea_grain_export_disruption,eval_black_sea_grain_export_disruption,ports,0144.HK,China Merchants Port Holdings Company Limited,Stock,direct_exposure,case_2023_red_sea_attacks;case_2021_suez_blockage,2,case_2021_suez_blockage;case_2024_us_east_gulf_port_strike,2,2,historical_supported,mapped
k5_to_k10,5,10,eval_black_sea_grain_export_disruption,eval_black_sea_grain_export_disruption,ports,1199.HK,COSCO SHIPPING Ports Limited,Stock,direct_exposure,case_2023_red_sea_attacks;case_2021_suez_blockage,2,case_2021_suez_blockage;case_2024_us_east_gulf_port_strike,2,2,historical_supported,mapped
k5_to_k10,5,10,eval_china_graphite_battery_controls,eval_china_graphite_battery_controls,defense,ITA,iShares U S Aerospace & Defense ETF,ETF,broad_proxy,case_rare_earth_export_restriction_risk;case_2010_china_japan_rare_earth_embargo,2,case_rare_earth_export_restriction_risk;case_2010_china_japan_rare_earth_embargo,2,2,sector_proxy,mapped
k5_to_k10,5,10,eval_china_graphite_battery_controls,eval_china_graphite_battery_controls,defense,LMT,Lockheed Martin Corporation,Stock,direct_exposure,case_rare_earth_export_restriction_risk;case_2010_china_japan_rare_earth_embargo,2,case_rare_earth_export_restriction_risk;case_2010_china_japan_rare_earth_embargo,2,2,sector_proxy,mapped
k5_to_k10,5,10,eval_china_graphite_battery_controls,eval_china_graphite_battery_controls,logistics,JBHT,J B Hunt Transport Services Inc,Stock,direct_exposure,case_2024_ev_tariff_escalation_china;case_2024_drc_cobalt_copper_mining_disruption;case_2022_peru_mine_protests_copper_supply,3,case_2024_ev_tariff_escalation_china;case_2024_drc_cobalt_copper_mining_disruption;case_2022_peru_mine_protests_copper_supply,3,3,sector_proxy,mapped
k5_to_k10,5,10,eval_china_graphite_battery_controls,eval_china_graphite_battery_controls,logistics,KNIN.SW,Kuehne + Nagel International AG,Stock,direct_exposure,case_2024_ev_tariff_escalation_china;case_2024_drc_cobalt_copper_mining_disruption;case_2022_peru_mine_protests_copper_supply,3,case_2024_ev_tariff_escalation_china;case_2024_drc_cobalt_copper_mining_disruption;case_2022_peru_mine_protests_copper_supply,3,3,sector_proxy,mapped
k5_to_k10,5,10,eval_cyber_port_pipeline_disruption,eval_cyber_port_pipeline_disruption,lng_shipping,FLNG,FLEX LNG Ltd,Stock,direct_exposure,case_2022_nord_stream_pipeline_sabotage,1,case_2022_nord_stream_pipeline_sabotage;case_2009_russia_ukraine_gas_transit_dispute;case_2023_red_sea_attacks,3,3,historical_supported,mapped
k5_to_k10,5,10,eval_cyber_port_pipeline_disruption,eval_cyber_port_pipeline_disruption,lng_shipping,LNG,Cheniere Energy Inc,Stock,related_exposure,case_2022_nord_stream_pipeline_sabotage,1,case_2022_nord_stream_pipeline_sabotage;case_2009_russia_ukraine_gas_transit_dispute;case_2023_red_sea_attacks,3,3,historical_supported,mapped
k5_to_k10,5,10,eval_cyber_port_pipeline_disruption,eval_cyber_port_pipeline_disruption,maritime_chokepoint,BOAT,SonicShares Global Shipping ETF,ETF,broad_proxy,case_2021_suez_blockage;case_2023_red_sea_attacks,2,case_2021_suez_blockage;case_2023_red_sea_attacks,2,2,historical_supported,mapped
k5_to_k10,5,10,eval_cyber_port_pipeline_disruption,eval_cyber_port_pipeline_disruption,maritime_chokepoint,MATX,Matson Inc,Stock,related_exposure,case_2021_suez_blockage;case_2023_red_sea_attacks,2,case_2021_suez_blockage;case_2023_red_sea_attacks,2,2,historical_supported,mapped
k5_to_k10,5,10,eval_cyber_port_pipeline_disruption,eval_cyber_port_pipeline_disruption,petrochemicals,DOW,Dow Inc,Stock,direct_exposure,case_2022_nord_stream_pipeline_sabotage;case_2009_russia_ukraine_gas_transit_dispute,2,case_2022_nord_stream_pipeline_sabotage;case_2009_russia_ukraine_gas_transit_dispute,2,2,sector_proxy,mapped
k5_to_k10,5,10,eval_cyber_port_pipeline_disruption,eval_cyber_port_pipeline_disruption,petrochemicals,LYB,LyondellBasell Industries NV,Stock,direct_exposure,case_2022_nord_stream_pipeline_sabotage;case_2009_russia_ukraine_gas_transit_dispute,2,case_2022_nord_stream_pipeline_sabotage;case_2009_russia_ukraine_gas_transit_dispute,2,2,sector_proxy,mapped
k5_to_k10,5,10,eval_cyber_port_pipeline_disruption,eval_cyber_port_pipeline_disruption,trade_lanes,DHL.DE,DHL Group,Stock,related_exposure,case_2023_dp_world_australia_cyber_port_disruption;case_2009_russia_ukraine_gas_transit_dispute,2,case_2023_dp_world_australia_cyber_port_disruption;case_2009_russia_ukraine_gas_transit_dispute,2,2,sector_proxy,mapped
k5_to_k10,5,10,eval_cyber_port_pipeline_disruption,eval_cyber_port_pipeline_disruption,trade_lanes,EXPD,Expeditors International of Washington Inc,Stock,related_exposure,case_2023_dp_world_australia_cyber_port_disruption;case_2009_russia_ukraine_gas_transit_dispute,2,case_2023_dp_world_australia_cyber_port_disruption;case_2009_russia_ukraine_gas_transit_dispute,2,2,sector_proxy,mapped
k5_to_k10,5,10,eval_defense_supply_chain_escalation,eval_defense_supply_chain_escalation,aviation,DAL,Delta Air Lines Inc,Stock,direct_exposure,case_2017_north_korea_missile_escalation;case_2019_india_pakistan_airspace_closure;case_2011_libya_civil_war_oil_disruption,3,case_2017_north_korea_missile_escalation;case_2019_india_pakistan_airspace_closure;case_2011_libya_civil_war_oil_disruption,3,3,sector_proxy,mapped
k5_to_k10,5,10,eval_defense_supply_chain_escalation,eval_defense_supply_chain_escalation,aviation,JETS,U S Global Jets ETF,ETF,broad_proxy,case_2017_north_korea_missile_escalation;case_2019_india_pakistan_airspace_closure;case_2011_libya_civil_war_oil_disruption,3,case_2017_north_korea_missile_escalation;case_2019_india_pakistan_airspace_closure;case_2011_libya_civil_war_oil_disruption,3,3,sector_proxy,mapped
k5_to_k10,5,10,eval_defense_supply_chain_escalation,eval_defense_supply_chain_escalation,energy,XLE,Energy Select Sector SPDR Fund,ETF,broad_proxy,case_2022_ukraine_electricity_grid_attacks;case_israel_iran_escalation_energy_risk;case_2011_libya_civil_war_oil_disruption,3,case_2022_ukraine_electricity_grid_attacks;case_israel_iran_escalation_energy_risk;case_2011_libya_civil_war_oil_disruption,3,3,sector_proxy,mapped
k5_to_k10,5,10,eval_defense_supply_chain_escalation,eval_defense_supply_chain_escalation,energy,XOM,Exxon Mobil Corporation,Stock,related_exposure,case_2022_ukraine_electricity_grid_attacks;case_israel_iran_escalation_energy_risk;case_2011_libya_civil_war_oil_disruption,3,case_2022_ukraine_electricity_grid_attacks;case_israel_iran_escalation_energy_risk;case_2011_libya_civil_war_oil_disruption,3,3,sector_proxy,mapped
k5_to_k10,5,10,eval_defense_supply_chain_escalation,eval_defense_supply_chain_escalation,freight_routes,FDX,FedEx Corporation,Stock,related_exposure,case_black_sea_grain_export_disruption;case_2019_india_pakistan_airspace_closure,2,case_black_sea_grain_export_disruption;case_2019_india_pakistan_airspace_closure,2,2,sector_proxy,mapped
k5_to_k10,5,10,eval_defense_supply_chain_escalation,eval_defense_supply_chain_escalation,freight_routes,UPS,United Parcel Service Inc,Stock,related_exposure,case_black_sea_grain_export_disruption;case_2019_india_pakistan_airspace_closure,2,case_black_sea_grain_export_disruption;case_2019_india_pakistan_airspace_closure,2,2,sector_proxy,mapped
k5_to_k10,5,10,eval_defense_supply_chain_escalation,eval_defense_supply_chain_escalation,maritime_chokepoint,BOAT,SonicShares Global Shipping ETF,ETF,broad_proxy,case_black_sea_grain_export_disruption;case_israel_iran_escalation_energy_risk,2,case_black_sea_grain_export_disruption;case_israel_iran_escalation_energy_risk,2,2,sector_proxy,mapped
k5_to_k10,5,10,eval_defense_supply_chain_escalation,eval_defense_supply_chain_escalation,maritime_chokepoint,MATX,Matson Inc,Stock,related_exposure,case_black_sea_grain_export_disruption;case_israel_iran_escalation_energy_risk,2,case_black_sea_grain_export_disruption;case_israel_iran_escalation_energy_risk,2,2,sector_proxy,mapped
k5_to_k10,5,10,eval_defense_supply_chain_escalation,eval_defense_supply_chain_escalation,oil_shipping,DHT,DHT Holdings Inc,Stock,direct_exposure,case_israel_iran_escalation_energy_risk,1,case_israel_iran_escalation_energy_risk;case_2011_libya_civil_war_oil_disruption,2,2,historical_supported,mapped
k5_to_k10,5,10,eval_defense_supply_chain_escalation,eval_defense_supply_chain_escalation,oil_shipping,FRO,Frontline plc,Stock,direct_exposure,case_israel_iran_escalation_energy_risk,1,case_israel_iran_escalation_energy_risk;case_2011_libya_civil_war_oil_disruption,2,2,historical_supported,mapped
k5_to_k10,5,10,eval_defense_supply_chain_escalation,eval_defense_supply_chain_escalation,refining,MPC,Marathon Petroleum Corporation,Stock,direct_exposure,case_israel_iran_escalation_energy_risk;case_2011_libya_civil_war_oil_disruption,2,case_israel_iran_escalation_energy_risk;case_2011_libya_civil_war_oil_disruption,2,2,historical_supported,mapped
k5_to_k10,5,10,eval_defense_supply_chain_escalation,eval_defense_supply_chain_escalation,refining,VLO,Valero Energy Corporation,Stock,direct_exposure,case_israel_iran_escalation_energy_risk;case_2011_libya_civil_war_oil_disruption,2,case_israel_iran_escalation_energy_risk;case_2011_libya_civil_war_oil_disruption,2,2,historical_supported,mapped
k5_to_k10,5,10,eval_dutch_asml_export_controls,eval_dutch_asml_export_controls,critical_minerals,PICK,iShares MSCI Global Metals & Mining Producers ETF,ETF,broad_proxy,case_2010_china_japan_rare_earth_embargo;case_2021_xinjiang_forced_labor_import_restrictions;case_china_gallium_germanium_graphite_controls,3,case_2010_china_japan_rare_earth_embargo;case_2021_xinjiang_forced_labor_import_restrictions;case_china_gallium_germanium_graphite_controls,3,3,sector_proxy,mapped
k5_to_k10,5,10,eval_dutch_asml_export_controls,eval_dutch_asml_export_controls,critical_minerals,REMX,VanEck Rare Earth and Strategic Metals ETF,ETF,broad_proxy,case_2010_china_japan_rare_earth_embargo;case_2021_xinjiang_forced_labor_import_restrictions;case_china_gallium_germanium_graphite_controls,3,case_2010_china_japan_rare_earth_embargo;case_2021_xinjiang_forced_labor_import_restrictions;case_china_gallium_germanium_graphite_controls,3,3,sector_proxy,mapped
k5_to_k10,5,10,eval_dutch_asml_export_controls,eval_dutch_asml_export_controls,defense,ITA,iShares U S Aerospace & Defense ETF,ETF,broad_proxy,case_2024_taiwan_strait_drills_semiconductor_supply;case_taiwan_strait_semiconductor_risk;case_2010_china_japan_rare_earth_embargo,3,case_2024_taiwan_strait_drills_semiconductor_supply;case_taiwan_strait_semiconductor_risk;case_2010_china_japan_rare_earth_embargo,3,3,sector_proxy,mapped
k5_to_k10,5,10,eval_dutch_asml_export_controls,eval_dutch_asml_export_controls,defense,LMT,Lockheed Martin Corporation,Stock,direct_exposure,case_2024_taiwan_strait_drills_semiconductor_supply;case_taiwan_strait_semiconductor_risk;case_2010_china_japan_rare_earth_embargo,3,case_2024_taiwan_strait_drills_semiconductor_supply;case_taiwan_strait_semiconductor_risk;case_2010_china_japan_rare_earth_embargo,3,3,sector_proxy,mapped
k5_to_k10,5,10,eval_dutch_asml_export_controls,eval_dutch_asml_export_controls,trade_lanes,DHL.DE,DHL Group,Stock,related_exposure,case_2010_china_japan_rare_earth_embargo;case_2021_xinjiang_forced_labor_import_restrictions,2,case_2010_china_japan_rare_earth_embargo;case_2021_xinjiang_forced_labor_import_restrictions,2,2,sector_proxy,mapped
k5_to_k10,5,10,eval_dutch_asml_export_controls,eval_dutch_asml_export_controls,trade_lanes,EXPD,Expeditors International of Washington Inc,Stock,related_exposure,case_2010_china_japan_rare_earth_embargo;case_2021_xinjiang_forced_labor_import_restrictions,2,case_2010_china_japan_rare_earth_embargo;case_2021_xinjiang_forced_labor_import_restrictions,2,2,sector_proxy,mapped
k5_to_k10,5,10,eval_food_export_grain_restriction,eval_food_export_grain_restriction,container_shipping,DAC,Danaos Corporation,Stock,direct_exposure,case_2023_red_sea_attacks;case_2021_suez_blockage,2,case_2023_red_sea_attacks;case_panama_canal_drought_shipping_capacity;case_2021_suez_blockage,3,3,historical_supported,mapped
k5_to_k10,5,10,eval_food_export_grain_restriction,eval_food_export_grain_restriction,container_shipping,MAERSK-B.CO,A P Moller Maersk Class B,Stock,direct_exposure,case_2023_red_sea_attacks;case_2021_suez_blockage,2,case_2023_red_sea_attacks;case_panama_canal_drought_shipping_capacity;case_2021_suez_blockage,3,3,historical_supported,mapped
k5_to_k10,5,10,eval_food_export_grain_restriction,eval_food_export_grain_restriction,energy,XLE,Energy Select Sector SPDR Fund,ETF,broad_proxy,case_2022_russia_fertilizer_export_restrictions;case_2014_crimea_financial_sanctions;case_2021_suez_blockage,3,case_2022_russia_fertilizer_export_restrictions;case_2014_crimea_financial_sanctions;case_2021_suez_blockage,3,3,sector_proxy,mapped
k5_to_k10,5,10,eval_food_export_grain_restriction,eval_food_export_grain_restriction,energy,XOM,Exxon Mobil Corporation,Stock,related_exposure,case_2022_russia_fertilizer_export_restrictions;case_2014_crimea_financial_sanctions;case_2021_suez_blockage,3,case_2022_russia_fertilizer_export_restrictions;case_2014_crimea_financial_sanctions;case_2021_suez_blockage,3,3,sector_proxy,mapped
k5_to_k10,5,10,eval_food_export_grain_restriction,eval_food_export_grain_restriction,lng_shipping,FLNG,FLEX LNG Ltd,Stock,direct_exposure,case_panama_canal_drought_shipping_capacity,1,case_2023_red_sea_attacks;case_panama_canal_drought_shipping_capacity,2,2,historical_supported,mapped
k5_to_k10,5,10,eval_food_export_grain_restriction,eval_food_export_grain_restriction,lng_shipping,LNG,Cheniere Energy Inc,Stock,related_exposure,case_panama_canal_drought_shipping_capacity,1,case_2023_red_sea_attacks;case_panama_canal_drought_shipping_capacity,2,2,historical_supported,mapped
k5_to_k10,5,10,eval_food_export_grain_restriction,eval_food_export_grain_restriction,marine_insurance,CB,Chubb Limited,Stock,related_exposure,case_2023_black_sea_shipping_insurance_restrictions;case_2023_red_sea_attacks,2,case_2023_black_sea_shipping_insurance_restrictions;case_2023_red_sea_attacks,2,2,sector_proxy,mapped
k5_to_k10,5,10,eval_food_export_grain_restriction,eval_food_export_grain_restriction,marine_insurance,TRV,The Travelers Companies Inc,Stock,related_exposure,case_2023_black_sea_shipping_insurance_restrictions;case_2023_red_sea_attacks,2,case_2023_black_sea_shipping_insurance_restrictions;case_2023_red_sea_attacks,2,2,sector_proxy,mapped
k5_to_k10,5,10,eval_huawei_entity_list,eval_huawei_entity_list,critical_minerals,PICK,iShares MSCI Global Metals & Mining Producers ETF,ETF,broad_proxy,case_2021_xinjiang_forced_labor_import_restrictions;case_2010_china_japan_rare_earth_embargo,2,case_2021_xinjiang_forced_labor_import_restrictions;case_2010_china_japan_rare_earth_embargo,2,2,sector_proxy,mapped
k5_to_k10,5,10,eval_huawei_entity_list,eval_huawei_entity_list,critical_minerals,REMX,VanEck Rare Earth and Strategic Metals ETF,ETF,broad_proxy,case_2021_xinjiang_forced_labor_import_restrictions;case_2010_china_japan_rare_earth_embargo,2,case_2021_xinjiang_forced_labor_import_restrictions;case_2010_china_japan_rare_earth_embargo,2,2,sector_proxy,mapped
k5_to_k10,5,10,eval_huawei_entity_list,eval_huawei_entity_list,defense,ITA,iShares U S Aerospace & Defense ETF,ETF,broad_proxy,case_2024_taiwan_strait_drills_semiconductor_supply;case_2010_china_japan_rare_earth_embargo;case_taiwan_strait_semiconductor_risk;case_2019_turkey_f35_s400_defense_restrictions,4,case_2024_taiwan_strait_drills_semiconductor_supply;case_2010_china_japan_rare_earth_embargo;case_taiwan_strait_semiconductor_risk;case_2019_turkey_f35_s400_defense_restrictions,4,4,sector_proxy,mapped
k5_to_k10,5,10,eval_huawei_entity_list,eval_huawei_entity_list,defense,LMT,Lockheed Martin Corporation,Stock,direct_exposure,case_2024_taiwan_strait_drills_semiconductor_supply;case_2010_china_japan_rare_earth_embargo;case_taiwan_strait_semiconductor_risk;case_2019_turkey_f35_s400_defense_restrictions,4,case_2024_taiwan_strait_drills_semiconductor_supply;case_2010_china_japan_rare_earth_embargo;case_taiwan_strait_semiconductor_risk;case_2019_turkey_f35_s400_defense_restrictions,4,4,sector_proxy,mapped
k5_to_k10,5,10,eval_huawei_entity_list,eval_huawei_entity_list,trade_lanes,DHL.DE,DHL Group,Stock,related_exposure,case_2021_xinjiang_forced_labor_import_restrictions;case_2010_china_japan_rare_earth_embargo;case_2019_turkey_f35_s400_defense_restrictions,3,case_2021_xinjiang_forced_labor_import_restrictions;case_2010_china_japan_rare_earth_embargo;case_2019_turkey_f35_s400_defense_restrictions,3,3,sector_proxy,mapped
k5_to_k10,5,10,eval_huawei_entity_list,eval_huawei_entity_list,trade_lanes,EXPD,Expeditors International of Washington Inc,Stock,related_exposure,case_2021_xinjiang_forced_labor_import_restrictions;case_2010_china_japan_rare_earth_embargo;case_2019_turkey_f35_s400_defense_restrictions,3,case_2021_xinjiang_forced_labor_import_restrictions;case_2010_china_japan_rare_earth_embargo;case_2019_turkey_f35_s400_defense_restrictions,3,3,sector_proxy,mapped
k5_to_k10,5,10,eval_middle_east_oil_infrastructure_attack,eval_middle_east_oil_infrastructure_attack,defense,ITA,iShares U S Aerospace & Defense ETF,ETF,broad_proxy,case_2022_abu_dhabi_oil_facility_attack;case_israel_iran_escalation_energy_risk;case_1987_1988_tanker_war_reflagging,3,case_2022_abu_dhabi_oil_facility_attack;case_israel_iran_escalation_energy_risk;case_1987_1988_tanker_war_reflagging,3,3,sector_proxy,mapped
k5_to_k10,5,10,eval_middle_east_oil_infrastructure_attack,eval_middle_east_oil_infrastructure_attack,defense,LMT,Lockheed Martin Corporation,Stock,direct_exposure,case_2022_abu_dhabi_oil_facility_attack;case_israel_iran_escalation_energy_risk;case_1987_1988_tanker_war_reflagging,3,case_2022_abu_dhabi_oil_facility_attack;case_israel_iran_escalation_energy_risk;case_1987_1988_tanker_war_reflagging,3,3,sector_proxy,mapped
k5_to_k10,5,10,eval_middle_east_oil_infrastructure_attack,eval_middle_east_oil_infrastructure_attack,lng_shipping,FLNG,FLEX LNG Ltd,Stock,direct_exposure,case_hormuz_tanker_tensions,1,case_israel_iran_escalation_energy_risk;case_hormuz_tanker_tensions,2,2,historical_supported,mapped
k5_to_k10,5,10,eval_middle_east_oil_infrastructure_attack,eval_middle_east_oil_infrastructure_attack,lng_shipping,LNG,Cheniere Energy Inc,Stock,related_exposure,case_hormuz_tanker_tensions,1,case_israel_iran_escalation_energy_risk;case_hormuz_tanker_tensions,2,2,historical_supported,mapped
k5_to_k10,5,10,eval_middle_east_oil_infrastructure_attack,eval_middle_east_oil_infrastructure_attack,logistics,JBHT,J B Hunt Transport Services Inc,Stock,direct_exposure,case_2011_libya_civil_war_oil_disruption;case_1987_1988_tanker_war_reflagging,2,case_2011_libya_civil_war_oil_disruption;case_1987_1988_tanker_war_reflagging,2,2,sector_proxy,mapped
k5_to_k10,5,10,eval_middle_east_oil_infrastructure_attack,eval_middle_east_oil_infrastructure_attack,logistics,KNIN.SW,Kuehne + Nagel International AG,Stock,direct_exposure,case_2011_libya_civil_war_oil_disruption;case_1987_1988_tanker_war_reflagging,2,case_2011_libya_civil_war_oil_disruption;case_1987_1988_tanker_war_reflagging,2,2,sector_proxy,mapped
k5_to_k10,5,10,eval_middle_east_oil_infrastructure_attack,eval_middle_east_oil_infrastructure_attack,marine_insurance,CB,Chubb Limited,Stock,related_exposure,case_israel_iran_escalation_energy_risk;case_hormuz_tanker_tensions;case_1987_1988_tanker_war_reflagging,3,case_israel_iran_escalation_energy_risk;case_hormuz_tanker_tensions;case_1987_1988_tanker_war_reflagging,3,3,sector_proxy,mapped
k5_to_k10,5,10,eval_middle_east_oil_infrastructure_attack,eval_middle_east_oil_infrastructure_attack,marine_insurance,TRV,The Travelers Companies Inc,Stock,related_exposure,case_israel_iran_escalation_energy_risk;case_hormuz_tanker_tensions;case_1987_1988_tanker_war_reflagging,3,case_israel_iran_escalation_energy_risk;case_hormuz_tanker_tensions;case_1987_1988_tanker_war_reflagging,3,3,sector_proxy,mapped
k5_to_k10,5,10,eval_middle_east_oil_infrastructure_attack,eval_middle_east_oil_infrastructure_attack,maritime_chokepoint,BOAT,SonicShares Global Shipping ETF,ETF,broad_proxy,case_israel_iran_escalation_energy_risk;case_hormuz_tanker_tensions;case_1987_1988_tanker_war_reflagging,3,case_israel_iran_escalation_energy_risk;case_hormuz_tanker_tensions;case_1987_1988_tanker_war_reflagging,3,3,sector_proxy,mapped
k5_to_k10,5,10,eval_middle_east_oil_infrastructure_attack,eval_middle_east_oil_infrastructure_attack,maritime_chokepoint,MATX,Matson Inc,Stock,related_exposure,case_israel_iran_escalation_energy_risk;case_hormuz_tanker_tensions;case_1987_1988_tanker_war_reflagging,3,case_israel_iran_escalation_energy_risk;case_hormuz_tanker_tensions;case_1987_1988_tanker_war_reflagging,3,3,sector_proxy,mapped
k5_to_k10,5,10,eval_natural_gas_fertilizer_shock,eval_natural_gas_fertilizer_shock,freight_routes,FDX,FedEx Corporation,Stock,related_exposure,case_2021_belarus_potash_sanctions;case_black_sea_grain_export_disruption,2,case_2021_belarus_potash_sanctions;case_black_sea_grain_export_disruption,2,2,sector_proxy,mapped
k5_to_k10,5,10,eval_natural_gas_fertilizer_shock,eval_natural_gas_fertilizer_shock,freight_routes,UPS,United Parcel Service Inc,Stock,related_exposure,case_2021_belarus_potash_sanctions;case_black_sea_grain_export_disruption,2,case_2021_belarus_potash_sanctions;case_black_sea_grain_export_disruption,2,2,sector_proxy,mapped
k5_to_k10,5,10,eval_natural_gas_fertilizer_shock,eval_natural_gas_fertilizer_shock,grain_exports,BG,Bunge Global SA,Stock,related_exposure,case_black_sea_grain_export_disruption;case_2022_india_wheat_export_ban,2,case_black_sea_grain_export_disruption;case_2022_india_wheat_export_ban,2,2,sector_proxy,mapped
k5_to_k10,5,10,eval_natural_gas_fertilizer_shock,eval_natural_gas_fertilizer_shock,lng_shipping,FLNG,FLEX LNG Ltd,Stock,direct_exposure,case_russia_ukraine_energy_shock,1,case_russia_ukraine_energy_shock;case_2009_russia_ukraine_gas_transit_dispute,2,2,historical_supported,mapped
k5_to_k10,5,10,eval_natural_gas_fertilizer_shock,eval_natural_gas_fertilizer_shock,lng_shipping,LNG,Cheniere Energy Inc,Stock,related_exposure,case_russia_ukraine_energy_shock,1,case_russia_ukraine_energy_shock;case_2009_russia_ukraine_gas_transit_dispute,2,2,historical_supported,mapped
k5_to_k10,5,10,eval_natural_gas_fertilizer_shock,eval_natural_gas_fertilizer_shock,refining,MPC,Marathon Petroleum Corporation,Stock,direct_exposure,case_opec_production_cut_policy_shock,1,case_russia_ukraine_energy_shock;case_opec_production_cut_policy_shock,2,2,historical_supported,mapped
k5_to_k10,5,10,eval_natural_gas_fertilizer_shock,eval_natural_gas_fertilizer_shock,refining,VLO,Valero Energy Corporation,Stock,direct_exposure,case_opec_production_cut_policy_shock,1,case_russia_ukraine_energy_shock;case_opec_production_cut_policy_shock,2,2,historical_supported,mapped
k5_to_k10,5,10,eval_opec_oil_policy_shock,eval_opec_oil_policy_shock,financial_sanctions,EUFN,iShares MSCI Europe Financials ETF,ETF,broad_proxy,case_2019_venezuela_oil_sanctions;case_2018_iran_oil_sanctions_reimposition,2,case_2019_venezuela_oil_sanctions;case_2018_iran_oil_sanctions_reimposition,2,2,sector_proxy,mapped
k5_to_k10,5,10,eval_opec_oil_policy_shock,eval_opec_oil_policy_shock,financial_sanctions,XLF,Financial Select Sector SPDR Fund,ETF,broad_proxy,case_2019_venezuela_oil_sanctions;case_2018_iran_oil_sanctions_reimposition,2,case_2019_venezuela_oil_sanctions;case_2018_iran_oil_sanctions_reimposition,2,2,sector_proxy,mapped
k5_to_k10,5,10,eval_opec_oil_policy_shock,eval_opec_oil_policy_shock,lng_shipping,FLNG,FLEX LNG Ltd,Stock,direct_exposure,case_hormuz_tanker_tensions;case_russia_ukraine_energy_shock,2,case_hormuz_tanker_tensions;case_russia_ukraine_energy_shock,2,2,historical_supported,mapped
k5_to_k10,5,10,eval_opec_oil_policy_shock,eval_opec_oil_policy_shock,lng_shipping,LNG,Cheniere Energy Inc,Stock,related_exposure,case_hormuz_tanker_tensions;case_russia_ukraine_energy_shock,2,case_hormuz_tanker_tensions;case_russia_ukraine_energy_shock,2,2,historical_supported,mapped
k5_to_k10,5,10,eval_opec_oil_policy_shock,eval_opec_oil_policy_shock,marine_insurance,CB,Chubb Limited,Stock,related_exposure,case_hormuz_tanker_tensions;case_2018_iran_oil_sanctions_reimposition,2,case_hormuz_tanker_tensions;case_2018_iran_oil_sanctions_reimposition,2,2,sector_proxy,mapped
k5_to_k10,5,10,eval_opec_oil_policy_shock,eval_opec_oil_policy_shock,marine_insurance,TRV,The Travelers Companies Inc,Stock,related_exposure,case_hormuz_tanker_tensions;case_2018_iran_oil_sanctions_reimposition,2,case_hormuz_tanker_tensions;case_2018_iran_oil_sanctions_reimposition,2,2,sector_proxy,mapped
k5_to_k10,5,10,eval_opec_oil_policy_shock,eval_opec_oil_policy_shock,payment_networks,MA,Mastercard Incorporated,Stock,direct_exposure,case_2019_venezuela_oil_sanctions;case_2018_iran_oil_sanctions_reimposition,2,case_2019_venezuela_oil_sanctions;case_2018_iran_oil_sanctions_reimposition,2,2,sector_proxy,mapped
k5_to_k10,5,10,eval_opec_oil_policy_shock,eval_opec_oil_policy_shock,payment_networks,V,Visa Inc,Stock,direct_exposure,case_2019_venezuela_oil_sanctions;case_2018_iran_oil_sanctions_reimposition,2,case_2019_venezuela_oil_sanctions;case_2018_iran_oil_sanctions_reimposition,2,2,sector_proxy,mapped
k5_to_k10,5,10,eval_panama_canal_drought_shipping,eval_panama_canal_drought_shipping,customs,CHRW,C H Robinson Worldwide Inc,Stock,related_exposure,case_2022_india_wheat_export_ban;case_2008_rice_export_restrictions_food_security;case_2023_panama_cobre_mine_closure,3,case_2022_india_wheat_export_ban;case_2008_rice_export_restrictions_food_security;case_2023_panama_cobre_mine_closure,3,3,sector_proxy,mapped
k5_to_k10,5,10,eval_panama_canal_drought_shipping,eval_panama_canal_drought_shipping,customs,DSGX,The Descartes Systems Group Inc,Stock,direct_exposure,case_2022_india_wheat_export_ban;case_2008_rice_export_restrictions_food_security;case_2023_panama_cobre_mine_closure,3,case_2022_india_wheat_export_ban;case_2008_rice_export_restrictions_food_security;case_2023_panama_cobre_mine_closure,3,3,sector_proxy,mapped
k5_to_k10,5,10,eval_panama_canal_drought_shipping,eval_panama_canal_drought_shipping,energy,XLE,Energy Select Sector SPDR Fund,ETF,broad_proxy,case_2021_suez_blockage;case_2023_arctic_lng_russian_energy_shipping_sanctions,2,case_2021_suez_blockage;case_2023_arctic_lng_russian_energy_shipping_sanctions,2,2,sector_proxy,mapped
k5_to_k10,5,10,eval_panama_canal_drought_shipping,eval_panama_canal_drought_shipping,energy,XOM,Exxon Mobil Corporation,Stock,related_exposure,case_2021_suez_blockage;case_2023_arctic_lng_russian_energy_shipping_sanctions,2,case_2021_suez_blockage;case_2023_arctic_lng_russian_energy_shipping_sanctions,2,2,sector_proxy,mapped
k5_to_k10,5,10,eval_panama_canal_drought_shipping,eval_panama_canal_drought_shipping,food_export_controls,DBA,Invesco DB Agriculture Fund,ETF,broad_proxy,case_2022_india_wheat_export_ban;case_2008_rice_export_restrictions_food_security,2,case_2022_india_wheat_export_ban;case_2008_rice_export_restrictions_food_security,2,2,sector_proxy,mapped
k5_to_k10,5,10,eval_panama_canal_drought_shipping,eval_panama_canal_drought_shipping,food_export_controls,WEAT,Teucrium Wheat Fund,ETF,broad_proxy,case_2022_india_wheat_export_ban;case_2008_rice_export_restrictions_food_security,2,case_2022_india_wheat_export_ban;case_2008_rice_export_restrictions_food_security,2,2,sector_proxy,mapped
k5_to_k10,5,10,eval_panama_canal_drought_shipping,eval_panama_canal_drought_shipping,grain_exports,BG,Bunge Global SA,Stock,related_exposure,case_2022_india_wheat_export_ban;case_2008_rice_export_restrictions_food_security;case_black_sea_grain_export_disruption,3,case_2022_india_wheat_export_ban;case_2008_rice_export_restrictions_food_security;case_black_sea_grain_export_disruption,3,3,sector_proxy,mapped
k5_to_k10,5,10,eval_panama_canal_drought_shipping,eval_panama_canal_drought_shipping,marine_insurance,CB,Chubb Limited,Stock,related_exposure,case_2023_red_sea_attacks;case_2023_south_china_sea_shipping_tensions;case_2023_arctic_lng_russian_energy_shipping_sanctions,3,case_2023_red_sea_attacks;case_2023_south_china_sea_shipping_tensions;case_2023_arctic_lng_russian_energy_shipping_sanctions,3,3,sector_proxy,mapped
k5_to_k10,5,10,eval_panama_canal_drought_shipping,eval_panama_canal_drought_shipping,marine_insurance,TRV,The Travelers Companies Inc,Stock,related_exposure,case_2023_red_sea_attacks;case_2023_south_china_sea_shipping_tensions;case_2023_arctic_lng_russian_energy_shipping_sanctions,3,case_2023_red_sea_attacks;case_2023_south_china_sea_shipping_tensions;case_2023_arctic_lng_russian_energy_shipping_sanctions,3,3,sector_proxy,mapped
k5_to_k10,5,10,eval_panama_canal_drought_shipping,eval_panama_canal_drought_shipping,oil_shipping,DHT,DHT Holdings Inc,Stock,direct_exposure,case_2023_red_sea_attacks,1,case_2023_red_sea_attacks;case_2023_arctic_lng_russian_energy_shipping_sanctions,2,2,historical_supported,mapped
k5_to_k10,5,10,eval_panama_canal_drought_shipping,eval_panama_canal_drought_shipping,oil_shipping,FRO,Frontline plc,Stock,direct_exposure,case_2023_red_sea_attacks,1,case_2023_red_sea_attacks;case_2023_arctic_lng_russian_energy_shipping_sanctions,2,2,historical_supported,mapped
k5_to_k10,5,10,eval_rare_earth_critical_minerals_controls,eval_rare_earth_critical_minerals_controls,energy,XLE,Energy Select Sector SPDR Fund,ETF,broad_proxy,case_rare_earth_export_restriction_risk;case_2023_eu_carbon_border_adjustment_mechanism,2,case_rare_earth_export_restriction_risk;case_2023_eu_carbon_border_adjustment_mechanism,2,2,sector_proxy,mapped
k5_to_k10,5,10,eval_rare_earth_critical_minerals_controls,eval_rare_earth_critical_minerals_controls,energy,XOM,Exxon Mobil Corporation,Stock,related_exposure,case_rare_earth_export_restriction_risk;case_2023_eu_carbon_border_adjustment_mechanism,2,case_rare_earth_export_restriction_risk;case_2023_eu_carbon_border_adjustment_mechanism,2,2,sector_proxy,mapped
k5_to_k10,5,10,eval_rare_earth_critical_minerals_controls,eval_rare_earth_critical_minerals_controls,logistics,JBHT,J B Hunt Transport Services Inc,Stock,direct_exposure,case_2024_drc_cobalt_copper_mining_disruption;case_2022_peru_mine_protests_copper_supply,2,case_2024_drc_cobalt_copper_mining_disruption;case_2022_peru_mine_protests_copper_supply,2,2,sector_proxy,mapped
k5_to_k10,5,10,eval_rare_earth_critical_minerals_controls,eval_rare_earth_critical_minerals_controls,logistics,KNIN.SW,Kuehne + Nagel International AG,Stock,direct_exposure,case_2024_drc_cobalt_copper_mining_disruption;case_2022_peru_mine_protests_copper_supply,2,case_2024_drc_cobalt_copper_mining_disruption;case_2022_peru_mine_protests_copper_supply,2,2,sector_proxy,mapped
k5_to_k10,5,10,eval_red_sea_shipping_disruption,eval_red_sea_shipping_disruption,agriculture,ADM,Archer-Daniels-Midland Company,Stock,related_exposure,case_panama_canal_drought_shipping_capacity;case_2023_black_sea_shipping_insurance_restrictions,2,case_panama_canal_drought_shipping_capacity;case_2023_black_sea_shipping_insurance_restrictions,2,2,sector_proxy,mapped
k5_to_k10,5,10,eval_red_sea_shipping_disruption,eval_red_sea_shipping_disruption,agriculture,MOO,VanEck Agribusiness ETF,ETF,broad_proxy,case_panama_canal_drought_shipping_capacity;case_2023_black_sea_shipping_insurance_restrictions,2,case_panama_canal_drought_shipping_capacity;case_2023_black_sea_shipping_insurance_restrictions,2,2,sector_proxy,mapped
k5_to_k10,5,10,eval_red_sea_shipping_disruption,eval_red_sea_shipping_disruption,defense,ITA,iShares U S Aerospace & Defense ETF,ETF,broad_proxy,case_2023_south_china_sea_shipping_tensions;case_1987_1988_tanker_war_reflagging;case_2019_india_pakistan_airspace_closure,3,case_2023_south_china_sea_shipping_tensions;case_1987_1988_tanker_war_reflagging;case_2019_india_pakistan_airspace_closure,3,3,sector_proxy,mapped
k5_to_k10,5,10,eval_red_sea_shipping_disruption,eval_red_sea_shipping_disruption,defense,LMT,Lockheed Martin Corporation,Stock,direct_exposure,case_2023_south_china_sea_shipping_tensions;case_1987_1988_tanker_war_reflagging;case_2019_india_pakistan_airspace_closure,3,case_2023_south_china_sea_shipping_tensions;case_1987_1988_tanker_war_reflagging;case_2019_india_pakistan_airspace_closure,3,3,sector_proxy,mapped
k5_to_k10,5,10,eval_red_sea_shipping_disruption,eval_red_sea_shipping_disruption,financial_sanctions,EUFN,iShares MSCI Europe Financials ETF,ETF,broad_proxy,case_2023_arctic_lng_russian_energy_shipping_sanctions;case_2022_turkey_strait_tanker_insurance_backlog,2,case_2023_arctic_lng_russian_energy_shipping_sanctions;case_2022_turkey_strait_tanker_insurance_backlog,2,2,sector_proxy,mapped
k5_to_k10,5,10,eval_red_sea_shipping_disruption,eval_red_sea_shipping_disruption,financial_sanctions,XLF,Financial Select Sector SPDR Fund,ETF,broad_proxy,case_2023_arctic_lng_russian_energy_shipping_sanctions;case_2022_turkey_strait_tanker_insurance_backlog,2,case_2023_arctic_lng_russian_energy_shipping_sanctions;case_2022_turkey_strait_tanker_insurance_backlog,2,2,sector_proxy,mapped
k5_to_k10,5,10,eval_russia_europe_gas_disruption,eval_russia_europe_gas_disruption,aviation,DAL,Delta Air Lines Inc,Stock,direct_exposure,case_2024_ukraine_drone_attacks_russian_refineries;case_middle_east_oil_supply_disruption,2,case_2024_ukraine_drone_attacks_russian_refineries;case_middle_east_oil_supply_disruption,2,2,sector_proxy,mapped
k5_to_k10,5,10,eval_russia_europe_gas_disruption,eval_russia_europe_gas_disruption,aviation,JETS,U S Global Jets ETF,ETF,broad_proxy,case_2024_ukraine_drone_attacks_russian_refineries;case_middle_east_oil_supply_disruption,2,case_2024_ukraine_drone_attacks_russian_refineries;case_middle_east_oil_supply_disruption,2,2,sector_proxy,mapped
k5_to_k10,5,10,eval_russia_europe_gas_disruption,eval_russia_europe_gas_disruption,customs,CHRW,C H Robinson Worldwide Inc,Stock,related_exposure,case_uranium_nuclear_fuel_supply_disruption;case_2022_russia_swift_financial_sanctions;case_2014_crimea_financial_sanctions,3,case_uranium_nuclear_fuel_supply_disruption;case_2022_russia_swift_financial_sanctions;case_2014_crimea_financial_sanctions,3,3,sector_proxy,mapped
k5_to_k10,5,10,eval_russia_europe_gas_disruption,eval_russia_europe_gas_disruption,customs,DSGX,The Descartes Systems Group Inc,Stock,direct_exposure,case_uranium_nuclear_fuel_supply_disruption;case_2022_russia_swift_financial_sanctions;case_2014_crimea_financial_sanctions,3,case_uranium_nuclear_fuel_supply_disruption;case_2022_russia_swift_financial_sanctions;case_2014_crimea_financial_sanctions,3,3,sector_proxy,mapped
k5_to_k10,5,10,eval_russia_europe_gas_disruption,eval_russia_europe_gas_disruption,financial_sanctions,EUFN,iShares MSCI Europe Financials ETF,ETF,broad_proxy,case_2023_arctic_lng_russian_energy_shipping_sanctions;case_2022_russia_swift_financial_sanctions;case_2019_venezuela_oil_sanctions;case_2014_crimea_financial_sanctions,4,case_2023_arctic_lng_russian_energy_shipping_sanctions;case_2022_russia_swift_financial_sanctions;case_2019_venezuela_oil_sanctions;case_2014_crimea_financial_sanctions,4,4,sector_proxy,mapped
k5_to_k10,5,10,eval_russia_europe_gas_disruption,eval_russia_europe_gas_disruption,financial_sanctions,XLF,Financial Select Sector SPDR Fund,ETF,broad_proxy,case_2023_arctic_lng_russian_energy_shipping_sanctions;case_2022_russia_swift_financial_sanctions;case_2019_venezuela_oil_sanctions;case_2014_crimea_financial_sanctions,4,case_2023_arctic_lng_russian_energy_shipping_sanctions;case_2022_russia_swift_financial_sanctions;case_2019_venezuela_oil_sanctions;case_2014_crimea_financial_sanctions,4,4,sector_proxy,mapped
k5_to_k10,5,10,eval_russia_europe_gas_disruption,eval_russia_europe_gas_disruption,oil_shipping,DHT,DHT Holdings Inc,Stock,direct_exposure,case_2024_ukraine_drone_attacks_russian_refineries;case_middle_east_oil_supply_disruption;case_2019_venezuela_oil_sanctions,3,case_2023_arctic_lng_russian_energy_shipping_sanctions;case_2024_ukraine_drone_attacks_russian_refineries;case_middle_east_oil_supply_disruption;case_2019_venezuela_oil_sanctions,4,4,historical_supported,mapped
k5_to_k10,5,10,eval_russia_europe_gas_disruption,eval_russia_europe_gas_disruption,oil_shipping,FRO,Frontline plc,Stock,direct_exposure,case_2024_ukraine_drone_attacks_russian_refineries;case_middle_east_oil_supply_disruption;case_2019_venezuela_oil_sanctions,3,case_2023_arctic_lng_russian_energy_shipping_sanctions;case_2024_ukraine_drone_attacks_russian_refineries;case_middle_east_oil_supply_disruption;case_2019_venezuela_oil_sanctions,4,4,historical_supported,mapped
k5_to_k10,5,10,eval_russia_europe_gas_disruption,eval_russia_europe_gas_disruption,payment_networks,MA,Mastercard Incorporated,Stock,direct_exposure,case_2023_arctic_lng_russian_energy_shipping_sanctions;case_2022_russia_swift_financial_sanctions;case_2019_venezuela_oil_sanctions;case_2014_crimea_financial_sanctions,4,case_2023_arctic_lng_russian_energy_shipping_sanctions;case_2022_russia_swift_financial_sanctions;case_2019_venezuela_oil_sanctions;case_2014_crimea_financial_sanctions,4,4,sector_proxy,mapped
k5_to_k10,5,10,eval_russia_europe_gas_disruption,eval_russia_europe_gas_disruption,payment_networks,V,Visa Inc,Stock,direct_exposure,case_2023_arctic_lng_russian_energy_shipping_sanctions;case_2022_russia_swift_financial_sanctions;case_2019_venezuela_oil_sanctions;case_2014_crimea_financial_sanctions,4,case_2023_arctic_lng_russian_energy_shipping_sanctions;case_2022_russia_swift_financial_sanctions;case_2019_venezuela_oil_sanctions;case_2014_crimea_financial_sanctions,4,4,sector_proxy,mapped
k5_to_k10,5,10,eval_semiconductor_export_controls,eval_semiconductor_export_controls,critical_minerals,PICK,iShares MSCI Global Metals & Mining Producers ETF,ETF,broad_proxy,case_2010_china_japan_rare_earth_embargo;case_china_gallium_germanium_graphite_controls,2,case_2010_china_japan_rare_earth_embargo;case_china_gallium_germanium_graphite_controls,2,2,sector_proxy,mapped
k5_to_k10,5,10,eval_semiconductor_export_controls,eval_semiconductor_export_controls,critical_minerals,REMX,VanEck Rare Earth and Strategic Metals ETF,ETF,broad_proxy,case_2010_china_japan_rare_earth_embargo;case_china_gallium_germanium_graphite_controls,2,case_2010_china_japan_rare_earth_embargo;case_china_gallium_germanium_graphite_controls,2,2,sector_proxy,mapped
k5_to_k10,5,10,eval_semiconductor_export_controls,eval_semiconductor_export_controls,defense,ITA,iShares U S Aerospace & Defense ETF,ETF,broad_proxy,case_2024_taiwan_strait_drills_semiconductor_supply;case_2010_china_japan_rare_earth_embargo;case_taiwan_strait_semiconductor_risk;case_2019_turkey_f35_s400_defense_restrictions,4,case_2024_taiwan_strait_drills_semiconductor_supply;case_2010_china_japan_rare_earth_embargo;case_taiwan_strait_semiconductor_risk;case_2019_turkey_f35_s400_defense_restrictions,4,4,sector_proxy,mapped
k5_to_k10,5,10,eval_semiconductor_export_controls,eval_semiconductor_export_controls,defense,LMT,Lockheed Martin Corporation,Stock,direct_exposure,case_2024_taiwan_strait_drills_semiconductor_supply;case_2010_china_japan_rare_earth_embargo;case_taiwan_strait_semiconductor_risk;case_2019_turkey_f35_s400_defense_restrictions,4,case_2024_taiwan_strait_drills_semiconductor_supply;case_2010_china_japan_rare_earth_embargo;case_taiwan_strait_semiconductor_risk;case_2019_turkey_f35_s400_defense_restrictions,4,4,sector_proxy,mapped
k5_to_k10,5,10,eval_semiconductor_export_controls,eval_semiconductor_export_controls,trade_lanes,DHL.DE,DHL Group,Stock,related_exposure,case_2010_china_japan_rare_earth_embargo;case_2019_turkey_f35_s400_defense_restrictions,2,case_2010_china_japan_rare_earth_embargo;case_2019_turkey_f35_s400_defense_restrictions,2,2,sector_proxy,mapped
k5_to_k10,5,10,eval_semiconductor_export_controls,eval_semiconductor_export_controls,trade_lanes,EXPD,Expeditors International of Washington Inc,Stock,related_exposure,case_2010_china_japan_rare_earth_embargo;case_2019_turkey_f35_s400_defense_restrictions,2,case_2010_china_japan_rare_earth_embargo;case_2019_turkey_f35_s400_defense_restrictions,2,2,sector_proxy,mapped
k5_to_k10,5,10,eval_suez_canal_blockage,eval_suez_canal_blockage,customs,CHRW,C H Robinson Worldwide Inc,Stock,related_exposure,case_2022_turkey_strait_tanker_insurance_backlog;case_2019_cosco_shipping_sanctions_tanker_market,2,case_2022_turkey_strait_tanker_insurance_backlog;case_2019_cosco_shipping_sanctions_tanker_market,2,2,sector_proxy,mapped
k5_to_k10,5,10,eval_suez_canal_blockage,eval_suez_canal_blockage,customs,DSGX,The Descartes Systems Group Inc,Stock,direct_exposure,case_2022_turkey_strait_tanker_insurance_backlog;case_2019_cosco_shipping_sanctions_tanker_market,2,case_2022_turkey_strait_tanker_insurance_backlog;case_2019_cosco_shipping_sanctions_tanker_market,2,2,sector_proxy,mapped
k5_to_k10,5,10,eval_suez_canal_blockage,eval_suez_canal_blockage,cyber_infrastructure,CIBR,First Trust NASDAQ Cybersecurity ETF,ETF,broad_proxy,case_2023_dp_world_australia_cyber_port_disruption;case_2017_notpetya_shipping_logistics_cyberattack,2,case_2023_dp_world_australia_cyber_port_disruption;case_2017_notpetya_shipping_logistics_cyberattack,2,2,sector_proxy,mapped
k5_to_k10,5,10,eval_suez_canal_blockage,eval_suez_canal_blockage,cyber_infrastructure,CRWD,CrowdStrike Holdings Inc,Stock,direct_exposure,case_2023_dp_world_australia_cyber_port_disruption;case_2017_notpetya_shipping_logistics_cyberattack,2,case_2023_dp_world_australia_cyber_port_disruption;case_2017_notpetya_shipping_logistics_cyberattack,2,2,sector_proxy,mapped
k5_to_k10,5,10,eval_suez_canal_blockage,eval_suez_canal_blockage,energy,XLE,Energy Select Sector SPDR Fund,ETF,broad_proxy,case_2021_suez_blockage;case_2023_arctic_lng_russian_energy_shipping_sanctions,2,case_2021_suez_blockage;case_2023_arctic_lng_russian_energy_shipping_sanctions,2,2,sector_proxy,mapped
k5_to_k10,5,10,eval_suez_canal_blockage,eval_suez_canal_blockage,energy,XOM,Exxon Mobil Corporation,Stock,related_exposure,case_2021_suez_blockage;case_2023_arctic_lng_russian_energy_shipping_sanctions,2,case_2021_suez_blockage;case_2023_arctic_lng_russian_energy_shipping_sanctions,2,2,sector_proxy,mapped
k5_to_k10,5,10,eval_suez_canal_blockage,eval_suez_canal_blockage,financial_sanctions,EUFN,iShares MSCI Europe Financials ETF,ETF,broad_proxy,case_2022_turkey_strait_tanker_insurance_backlog;case_2023_arctic_lng_russian_energy_shipping_sanctions;case_2019_cosco_shipping_sanctions_tanker_market,3,case_2022_turkey_strait_tanker_insurance_backlog;case_2023_arctic_lng_russian_energy_shipping_sanctions;case_2019_cosco_shipping_sanctions_tanker_market,3,3,sector_proxy,mapped
k5_to_k10,5,10,eval_suez_canal_blockage,eval_suez_canal_blockage,financial_sanctions,XLF,Financial Select Sector SPDR Fund,ETF,broad_proxy,case_2022_turkey_strait_tanker_insurance_backlog;case_2023_arctic_lng_russian_energy_shipping_sanctions;case_2019_cosco_shipping_sanctions_tanker_market,3,case_2022_turkey_strait_tanker_insurance_backlog;case_2023_arctic_lng_russian_energy_shipping_sanctions;case_2019_cosco_shipping_sanctions_tanker_market,3,3,sector_proxy,mapped
k5_to_k10,5,10,eval_suez_canal_blockage,eval_suez_canal_blockage,lng_shipping,FLNG,FLEX LNG Ltd,Stock,direct_exposure,case_panama_canal_drought_shipping_capacity;case_2023_arctic_lng_russian_energy_shipping_sanctions,2,case_2023_red_sea_attacks;case_panama_canal_drought_shipping_capacity;case_2023_arctic_lng_russian_energy_shipping_sanctions,3,3,historical_supported,mapped
k5_to_k10,5,10,eval_suez_canal_blockage,eval_suez_canal_blockage,lng_shipping,LNG,Cheniere Energy Inc,Stock,related_exposure,case_panama_canal_drought_shipping_capacity;case_2023_arctic_lng_russian_energy_shipping_sanctions,2,case_2023_red_sea_attacks;case_panama_canal_drought_shipping_capacity;case_2023_arctic_lng_russian_energy_shipping_sanctions,3,3,historical_supported,mapped
k5_to_k10,5,10,eval_suez_canal_blockage,eval_suez_canal_blockage,payment_networks,MA,Mastercard Incorporated,Stock,direct_exposure,case_2023_arctic_lng_russian_energy_shipping_sanctions;case_2019_cosco_shipping_sanctions_tanker_market,2,case_2023_arctic_lng_russian_energy_shipping_sanctions;case_2019_cosco_shipping_sanctions_tanker_market,2,2,sector_proxy,mapped
k5_to_k10,5,10,eval_suez_canal_blockage,eval_suez_canal_blockage,payment_networks,V,Visa Inc,Stock,direct_exposure,case_2023_arctic_lng_russian_energy_shipping_sanctions;case_2019_cosco_shipping_sanctions_tanker_market,2,case_2023_arctic_lng_russian_energy_shipping_sanctions;case_2019_cosco_shipping_sanctions_tanker_market,2,2,sector_proxy,mapped
k5_to_k10,5,10,eval_taiwan_strait_semiconductor_risk,eval_taiwan_strait_semiconductor_risk,customs,CHRW,C H Robinson Worldwide Inc,Stock,related_exposure,case_2023_japan_chip_equipment_export_controls;case_2020_smic_entity_list_semiconductor_controls;case_2019_huawei_entity_list;case_2010_china_japan_rare_earth_embargo,4,case_2023_japan_chip_equipment_export_controls;case_2020_smic_entity_list_semiconductor_controls;case_2019_huawei_entity_list;case_2010_china_japan_rare_earth_embargo,4,4,sector_proxy,mapped
k5_to_k10,5,10,eval_taiwan_strait_semiconductor_risk,eval_taiwan_strait_semiconductor_risk,customs,DSGX,The Descartes Systems Group Inc,Stock,direct_exposure,case_2023_japan_chip_equipment_export_controls;case_2020_smic_entity_list_semiconductor_controls;case_2019_huawei_entity_list;case_2010_china_japan_rare_earth_embargo,4,case_2023_japan_chip_equipment_export_controls;case_2020_smic_entity_list_semiconductor_controls;case_2019_huawei_entity_list;case_2010_china_japan_rare_earth_embargo,4,4,sector_proxy,mapped
k5_to_k10,5,10,eval_taiwan_strait_semiconductor_risk,eval_taiwan_strait_semiconductor_risk,eda_software,CDNS,Cadence Design Systems Inc,Stock,direct_exposure,case_2020_smic_entity_list_semiconductor_controls;case_2022_us_china_semiconductor_controls;case_2019_huawei_entity_list,3,case_2020_smic_entity_list_semiconductor_controls;case_2022_us_china_semiconductor_controls;case_2019_huawei_entity_list,3,3,sector_proxy,mapped
k5_to_k10,5,10,eval_taiwan_strait_semiconductor_risk,eval_taiwan_strait_semiconductor_risk,eda_software,SNPS,Synopsys Inc,Stock,direct_exposure,case_2020_smic_entity_list_semiconductor_controls;case_2022_us_china_semiconductor_controls;case_2019_huawei_entity_list,3,case_2020_smic_entity_list_semiconductor_controls;case_2022_us_china_semiconductor_controls;case_2019_huawei_entity_list,3,3,sector_proxy,mapped
k5_to_k10,5,10,eval_uranium_nuclear_fuel_disruption,eval_uranium_nuclear_fuel_disruption,logistics,JBHT,J B Hunt Transport Services Inc,Stock,direct_exposure,case_2023_niger_coup_uranium_supply_risk;case_2023_red_sea_attacks,2,case_2023_niger_coup_uranium_supply_risk;case_2023_red_sea_attacks,2,2,sector_proxy,mapped
k5_to_k10,5,10,eval_uranium_nuclear_fuel_disruption,eval_uranium_nuclear_fuel_disruption,logistics,KNIN.SW,Kuehne + Nagel International AG,Stock,direct_exposure,case_2023_niger_coup_uranium_supply_risk;case_2023_red_sea_attacks,2,case_2023_niger_coup_uranium_supply_risk;case_2023_red_sea_attacks,2,2,sector_proxy,mapped
k5_to_k10,5,10,eval_uranium_nuclear_fuel_disruption,eval_uranium_nuclear_fuel_disruption,marine_insurance,CB,Chubb Limited,Stock,related_exposure,case_2023_arctic_lng_russian_energy_shipping_sanctions;case_israel_iran_escalation_energy_risk;case_2023_red_sea_attacks;case_hormuz_tanker_tensions,4,case_2023_arctic_lng_russian_energy_shipping_sanctions;case_israel_iran_escalation_energy_risk;case_2023_red_sea_attacks;case_hormuz_tanker_tensions,4,4,sector_proxy,mapped
k5_to_k10,5,10,eval_uranium_nuclear_fuel_disruption,eval_uranium_nuclear_fuel_disruption,marine_insurance,TRV,The Travelers Companies Inc,Stock,related_exposure,case_2023_arctic_lng_russian_energy_shipping_sanctions;case_israel_iran_escalation_energy_risk;case_2023_red_sea_attacks;case_hormuz_tanker_tensions,4,case_2023_arctic_lng_russian_energy_shipping_sanctions;case_israel_iran_escalation_energy_risk;case_2023_red_sea_attacks;case_hormuz_tanker_tensions,4,4,sector_proxy,mapped
k5_to_k10,5,10,eval_uranium_nuclear_fuel_disruption,eval_uranium_nuclear_fuel_disruption,maritime_chokepoint,BOAT,SonicShares Global Shipping ETF,ETF,broad_proxy,case_2023_red_sea_attacks,1,case_2023_arctic_lng_russian_energy_shipping_sanctions;case_israel_iran_escalation_energy_risk;case_2023_red_sea_attacks;case_hormuz_tanker_tensions,4,4,historical_supported,mapped
k5_to_k10,5,10,eval_uranium_nuclear_fuel_disruption,eval_uranium_nuclear_fuel_disruption,maritime_chokepoint,MATX,Matson Inc,Stock,related_exposure,case_2023_red_sea_attacks,1,case_2023_arctic_lng_russian_energy_shipping_sanctions;case_israel_iran_escalation_energy_risk;case_2023_red_sea_attacks;case_hormuz_tanker_tensions,4,4,historical_supported,mapped
k5_to_k10,5,10,eval_uranium_nuclear_fuel_disruption,eval_uranium_nuclear_fuel_disruption,oil_shipping,DHT,DHT Holdings Inc,Stock,direct_exposure,case_israel_iran_escalation_energy_risk;case_2023_red_sea_attacks;case_hormuz_tanker_tensions,3,case_2023_arctic_lng_russian_energy_shipping_sanctions;case_israel_iran_escalation_energy_risk;case_2023_red_sea_attacks;case_hormuz_tanker_tensions,4,4,historical_supported,mapped
k5_to_k10,5,10,eval_uranium_nuclear_fuel_disruption,eval_uranium_nuclear_fuel_disruption,oil_shipping,FRO,Frontline plc,Stock,direct_exposure,case_israel_iran_escalation_energy_risk;case_2023_red_sea_attacks;case_hormuz_tanker_tensions,3,case_2023_arctic_lng_russian_energy_shipping_sanctions;case_israel_iran_escalation_energy_risk;case_2023_red_sea_attacks;case_hormuz_tanker_tensions,4,4,historical_supported,mapped
k5_to_k10,5,10,eval_uranium_nuclear_fuel_disruption,eval_uranium_nuclear_fuel_disruption,pipeline_infrastructure,ENB,Enbridge Inc,Stock,direct_exposure,case_2009_russia_ukraine_gas_transit_dispute;case_2022_nord_stream_pipeline_sabotage,2,case_2009_russia_ukraine_gas_transit_dispute;case_2022_nord_stream_pipeline_sabotage,2,2,sector_proxy,mapped
k5_to_k10,5,10,eval_uranium_nuclear_fuel_disruption,eval_uranium_nuclear_fuel_disruption,pipeline_infrastructure,TRP.TO,TC Energy Corporation,Stock,direct_exposure,case_2009_russia_ukraine_gas_transit_dispute;case_2022_nord_stream_pipeline_sabotage,2,case_2009_russia_ukraine_gas_transit_dispute;case_2022_nord_stream_pipeline_sabotage,2,2,sector_proxy,mapped
k5_to_k10,5,10,eval_uranium_nuclear_fuel_disruption,eval_uranium_nuclear_fuel_disruption,refining,MPC,Marathon Petroleum Corporation,Stock,direct_exposure,case_israel_iran_escalation_energy_risk;case_hormuz_tanker_tensions,2,case_russia_ukraine_energy_shock;case_israel_iran_escalation_energy_risk;case_hormuz_tanker_tensions,3,3,historical_supported,mapped
k5_to_k10,5,10,eval_uranium_nuclear_fuel_disruption,eval_uranium_nuclear_fuel_disruption,refining,VLO,Valero Energy Corporation,Stock,direct_exposure,case_israel_iran_escalation_energy_risk;case_hormuz_tanker_tensions,2,case_russia_ukraine_energy_shock;case_israel_iran_escalation_energy_risk;case_hormuz_tanker_tensions,3,3,historical_supported,mapped
k5_to_k10,5,10,eval_us_china_tariffs,eval_us_china_tariffs,ai_chips,AMD,Advanced Micro Devices Inc,Stock,related_exposure,case_2019_huawei_entity_list;case_2023_japan_chip_equipment_export_controls,2,case_2019_huawei_entity_list;case_2023_japan_chip_equipment_export_controls,2,2,sector_proxy,mapped
k5_to_k10,5,10,eval_us_china_tariffs,eval_us_china_tariffs,ai_chips,NVDA,NVIDIA Corporation,Stock,direct_exposure,case_2019_huawei_entity_list;case_2023_japan_chip_equipment_export_controls,2,case_2019_huawei_entity_list;case_2023_japan_chip_equipment_export_controls,2,2,sector_proxy,mapped
k5_to_k10,5,10,eval_us_china_tariffs,eval_us_china_tariffs,data_centers,DLR,Digital Realty Trust Inc,REIT,direct_exposure,case_2019_huawei_entity_list;case_2023_japan_chip_equipment_export_controls,2,case_2019_huawei_entity_list;case_2023_japan_chip_equipment_export_controls,2,2,sector_proxy,mapped
k5_to_k10,5,10,eval_us_china_tariffs,eval_us_china_tariffs,data_centers,EQIX,Equinix Inc,REIT,direct_exposure,case_2019_huawei_entity_list;case_2023_japan_chip_equipment_export_controls,2,case_2019_huawei_entity_list;case_2023_japan_chip_equipment_export_controls,2,2,sector_proxy,mapped
k5_to_k10,5,10,eval_us_china_tariffs,eval_us_china_tariffs,food_export_controls,DBA,Invesco DB Agriculture Fund,ETF,broad_proxy,case_2008_rice_export_restrictions_food_security;case_2022_india_wheat_export_ban,2,case_2008_rice_export_restrictions_food_security;case_2022_india_wheat_export_ban,2,2,sector_proxy,mapped
k5_to_k10,5,10,eval_us_china_tariffs,eval_us_china_tariffs,food_export_controls,WEAT,Teucrium Wheat Fund,ETF,broad_proxy,case_2008_rice_export_restrictions_food_security;case_2022_india_wheat_export_ban,2,case_2008_rice_export_restrictions_food_security;case_2022_india_wheat_export_ban,2,2,sector_proxy,mapped
k5_to_k10,5,10,eval_us_china_tariffs,eval_us_china_tariffs,grain_exports,BG,Bunge Global SA,Stock,related_exposure,case_2008_rice_export_restrictions_food_security;case_2022_india_wheat_export_ban,2,case_2008_rice_export_restrictions_food_security;case_2022_india_wheat_export_ban,2,2,sector_proxy,mapped
k5_to_k10,5,10,eval_us_china_tariffs,eval_us_china_tariffs,ports,0144.HK,China Merchants Port Holdings Company Limited,Stock,direct_exposure,case_2023_mexico_nearshoring_cross_border_policy_risk;case_2021_myanmar_coup_supply_chain_disruption,2,case_2023_mexico_nearshoring_cross_border_policy_risk;case_2021_myanmar_coup_supply_chain_disruption,2,2,sector_proxy,mapped
k5_to_k10,5,10,eval_us_china_tariffs,eval_us_china_tariffs,ports,1199.HK,COSCO SHIPPING Ports Limited,Stock,direct_exposure,case_2023_mexico_nearshoring_cross_border_policy_risk;case_2021_myanmar_coup_supply_chain_disruption,2,case_2023_mexico_nearshoring_cross_border_policy_risk;case_2021_myanmar_coup_supply_chain_disruption,2,2,sector_proxy,mapped
k5_to_k10,5,10,eval_us_china_tariffs,eval_us_china_tariffs,semiconductor_equipment,AMAT,Applied Materials Inc,Stock,direct_exposure,case_2019_huawei_entity_list;case_2023_japan_chip_equipment_export_controls,2,case_2019_huawei_entity_list;case_2023_japan_chip_equipment_export_controls,2,2,sector_proxy,mapped
k5_to_k10,5,10,eval_us_china_tariffs,eval_us_china_tariffs,semiconductor_equipment,ASML,ASML Holding NV ADR,ADR,direct_exposure,case_2019_huawei_entity_list;case_2023_japan_chip_equipment_export_controls,2,case_2019_huawei_entity_list;case_2023_japan_chip_equipment_export_controls,2,2,sector_proxy,mapped
k5_to_k10,5,10,hard_cyber_infrastructure_indirect,hard_cyber_infrastructure_indirect,lng_shipping,FLNG,FLEX LNG Ltd,Stock,direct_exposure,case_2022_nord_stream_pipeline_sabotage,1,case_2023_red_sea_attacks;case_2022_nord_stream_pipeline_sabotage,2,2,historical_supported,mapped
k5_to_k10,5,10,hard_cyber_infrastructure_indirect,hard_cyber_infrastructure_indirect,lng_shipping,LNG,Cheniere Energy Inc,Stock,related_exposure,case_2022_nord_stream_pipeline_sabotage,1,case_2023_red_sea_attacks;case_2022_nord_stream_pipeline_sabotage,2,2,historical_supported,mapped
k5_to_k10,5,10,hard_cyber_infrastructure_indirect,hard_cyber_infrastructure_indirect,marine_insurance,CB,Chubb Limited,Stock,related_exposure,case_2023_red_sea_attacks;case_2022_turkey_strait_tanker_insurance_backlog,2,case_2023_red_sea_attacks;case_2022_turkey_strait_tanker_insurance_backlog,2,2,sector_proxy,mapped
k5_to_k10,5,10,hard_cyber_infrastructure_indirect,hard_cyber_infrastructure_indirect,marine_insurance,TRV,The Travelers Companies Inc,Stock,related_exposure,case_2023_red_sea_attacks;case_2022_turkey_strait_tanker_insurance_backlog,2,case_2023_red_sea_attacks;case_2022_turkey_strait_tanker_insurance_backlog,2,2,sector_proxy,mapped
k5_to_k10,5,10,hard_cyber_infrastructure_indirect,hard_cyber_infrastructure_indirect,maritime_chokepoint,BOAT,SonicShares Global Shipping ETF,ETF,broad_proxy,case_2023_red_sea_attacks;case_2021_suez_blockage,2,case_2023_red_sea_attacks;case_2021_suez_blockage;case_2022_turkey_strait_tanker_insurance_backlog,3,3,historical_supported,mapped
k5_to_k10,5,10,hard_cyber_infrastructure_indirect,hard_cyber_infrastructure_indirect,maritime_chokepoint,MATX,Matson Inc,Stock,related_exposure,case_2023_red_sea_attacks;case_2021_suez_blockage,2,case_2023_red_sea_attacks;case_2021_suez_blockage;case_2022_turkey_strait_tanker_insurance_backlog,3,3,historical_supported,mapped
k5_to_k10,5,10,hard_cyber_infrastructure_indirect,hard_cyber_infrastructure_indirect,oil_shipping,DHT,DHT Holdings Inc,Stock,direct_exposure,case_2023_red_sea_attacks;case_2022_turkey_strait_tanker_insurance_backlog,2,case_2023_red_sea_attacks;case_2022_turkey_strait_tanker_insurance_backlog,2,2,historical_supported,mapped
k5_to_k10,5,10,hard_cyber_infrastructure_indirect,hard_cyber_infrastructure_indirect,oil_shipping,FRO,Frontline plc,Stock,direct_exposure,case_2023_red_sea_attacks;case_2022_turkey_strait_tanker_insurance_backlog,2,case_2023_red_sea_attacks;case_2022_turkey_strait_tanker_insurance_backlog,2,2,historical_supported,mapped
k5_to_k10,5,10,hard_cyber_infrastructure_indirect,hard_cyber_infrastructure_indirect,trade_lanes,DHL.DE,DHL Group,Stock,related_exposure,case_2023_dp_world_australia_cyber_port_disruption;case_2024_us_east_gulf_port_strike,2,case_2023_dp_world_australia_cyber_port_disruption;case_2024_us_east_gulf_port_strike,2,2,sector_proxy,mapped
k5_to_k10,5,10,hard_cyber_infrastructure_indirect,hard_cyber_infrastructure_indirect,trade_lanes,EXPD,Expeditors International of Washington Inc,Stock,related_exposure,case_2023_dp_world_australia_cyber_port_disruption;case_2024_us_east_gulf_port_strike,2,case_2023_dp_world_australia_cyber_port_disruption;case_2024_us_east_gulf_port_strike,2,2,sector_proxy,mapped
k5_to_k10,5,10,hard_hormuz_ambiguous_energy_shipping,hard_hormuz_ambiguous_energy_shipping,aviation,DAL,Delta Air Lines Inc,Stock,direct_exposure,case_middle_east_oil_supply_disruption;case_opec_production_cut_policy_shock;case_2022_abu_dhabi_oil_facility_attack,3,case_middle_east_oil_supply_disruption;case_opec_production_cut_policy_shock;case_2022_abu_dhabi_oil_facility_attack,3,3,sector_proxy,mapped
k5_to_k10,5,10,hard_hormuz_ambiguous_energy_shipping,hard_hormuz_ambiguous_energy_shipping,aviation,JETS,U S Global Jets ETF,ETF,broad_proxy,case_middle_east_oil_supply_disruption;case_opec_production_cut_policy_shock;case_2022_abu_dhabi_oil_facility_attack,3,case_middle_east_oil_supply_disruption;case_opec_production_cut_policy_shock;case_2022_abu_dhabi_oil_facility_attack,3,3,sector_proxy,mapped
k5_to_k10,5,10,hard_hormuz_ambiguous_energy_shipping,hard_hormuz_ambiguous_energy_shipping,defense,ITA,iShares U S Aerospace & Defense ETF,ETF,broad_proxy,case_israel_iran_escalation_energy_risk;case_2022_abu_dhabi_oil_facility_attack;case_1987_1988_tanker_war_reflagging,3,case_israel_iran_escalation_energy_risk;case_2022_abu_dhabi_oil_facility_attack;case_1987_1988_tanker_war_reflagging,3,3,sector_proxy,mapped
k5_to_k10,5,10,hard_hormuz_ambiguous_energy_shipping,hard_hormuz_ambiguous_energy_shipping,defense,LMT,Lockheed Martin Corporation,Stock,direct_exposure,case_israel_iran_escalation_energy_risk;case_2022_abu_dhabi_oil_facility_attack;case_1987_1988_tanker_war_reflagging,3,case_israel_iran_escalation_energy_risk;case_2022_abu_dhabi_oil_facility_attack;case_1987_1988_tanker_war_reflagging,3,3,sector_proxy,mapped
k5_to_k10,5,10,hard_hormuz_ambiguous_energy_shipping,hard_hormuz_ambiguous_energy_shipping,financial_sanctions,EUFN,iShares MSCI Europe Financials ETF,ETF,broad_proxy,case_2023_arctic_lng_russian_energy_shipping_sanctions;case_2022_turkey_strait_tanker_insurance_backlog,2,case_2023_arctic_lng_russian_energy_shipping_sanctions;case_2022_turkey_strait_tanker_insurance_backlog,2,2,sector_proxy,mapped
k5_to_k10,5,10,hard_hormuz_ambiguous_energy_shipping,hard_hormuz_ambiguous_energy_shipping,financial_sanctions,XLF,Financial Select Sector SPDR Fund,ETF,broad_proxy,case_2023_arctic_lng_russian_energy_shipping_sanctions;case_2022_turkey_strait_tanker_insurance_backlog,2,case_2023_arctic_lng_russian_energy_shipping_sanctions;case_2022_turkey_strait_tanker_insurance_backlog,2,2,sector_proxy,mapped
k5_to_k10,5,10,hard_hormuz_ambiguous_energy_shipping,hard_hormuz_ambiguous_energy_shipping,freight_routes,FDX,FedEx Corporation,Stock,related_exposure,case_2023_red_sea_attacks;case_1987_1988_tanker_war_reflagging;case_2022_turkey_strait_tanker_insurance_backlog,3,case_2023_red_sea_attacks;case_1987_1988_tanker_war_reflagging;case_2022_turkey_strait_tanker_insurance_backlog,3,3,sector_proxy,mapped
k5_to_k10,5,10,hard_hormuz_ambiguous_energy_shipping,hard_hormuz_ambiguous_energy_shipping,freight_routes,UPS,United Parcel Service Inc,Stock,related_exposure,case_2023_red_sea_attacks;case_1987_1988_tanker_war_reflagging;case_2022_turkey_strait_tanker_insurance_backlog,3,case_2023_red_sea_attacks;case_1987_1988_tanker_war_reflagging;case_2022_turkey_strait_tanker_insurance_backlog,3,3,sector_proxy,mapped
k5_to_k10,5,10,hard_hormuz_ambiguous_energy_shipping,hard_hormuz_ambiguous_energy_shipping,logistics,JBHT,J B Hunt Transport Services Inc,Stock,direct_exposure,case_2023_red_sea_attacks;case_1987_1988_tanker_war_reflagging;case_2022_turkey_strait_tanker_insurance_backlog,3,case_2023_red_sea_attacks;case_1987_1988_tanker_war_reflagging;case_2022_turkey_strait_tanker_insurance_backlog,3,3,sector_proxy,mapped
k5_to_k10,5,10,hard_hormuz_ambiguous_energy_shipping,hard_hormuz_ambiguous_energy_shipping,logistics,KNIN.SW,Kuehne + Nagel International AG,Stock,direct_exposure,case_2023_red_sea_attacks;case_1987_1988_tanker_war_reflagging;case_2022_turkey_strait_tanker_insurance_backlog,3,case_2023_red_sea_attacks;case_1987_1988_tanker_war_reflagging;case_2022_turkey_strait_tanker_insurance_backlog,3,3,sector_proxy,mapped
k5_to_k10,5,10,hard_semiconductor_controls_paraphrased,hard_semiconductor_controls_paraphrased,critical_minerals,PICK,iShares MSCI Global Metals & Mining Producers ETF,ETF,broad_proxy,case_2021_xinjiang_forced_labor_import_restrictions;case_2010_china_japan_rare_earth_embargo;case_2024_ev_tariff_escalation_china,3,case_2021_xinjiang_forced_labor_import_restrictions;case_2010_china_japan_rare_earth_embargo;case_2024_ev_tariff_escalation_china,3,3,sector_proxy,mapped
k5_to_k10,5,10,hard_semiconductor_controls_paraphrased,hard_semiconductor_controls_paraphrased,critical_minerals,REMX,VanEck Rare Earth and Strategic Metals ETF,ETF,broad_proxy,case_2021_xinjiang_forced_labor_import_restrictions;case_2010_china_japan_rare_earth_embargo;case_2024_ev_tariff_escalation_china,3,case_2021_xinjiang_forced_labor_import_restrictions;case_2010_china_japan_rare_earth_embargo;case_2024_ev_tariff_escalation_china,3,3,sector_proxy,mapped
k5_to_k10,5,10,hard_semiconductor_controls_paraphrased,hard_semiconductor_controls_paraphrased,defense,ITA,iShares U S Aerospace & Defense ETF,ETF,broad_proxy,case_2024_taiwan_strait_drills_semiconductor_supply;case_taiwan_strait_semiconductor_risk;case_2010_china_japan_rare_earth_embargo,3,case_2024_taiwan_strait_drills_semiconductor_supply;case_taiwan_strait_semiconductor_risk;case_2010_china_japan_rare_earth_embargo,3,3,sector_proxy,mapped
k5_to_k10,5,10,hard_semiconductor_controls_paraphrased,hard_semiconductor_controls_paraphrased,defense,LMT,Lockheed Martin Corporation,Stock,direct_exposure,case_2024_taiwan_strait_drills_semiconductor_supply;case_taiwan_strait_semiconductor_risk;case_2010_china_japan_rare_earth_embargo,3,case_2024_taiwan_strait_drills_semiconductor_supply;case_taiwan_strait_semiconductor_risk;case_2010_china_japan_rare_earth_embargo,3,3,sector_proxy,mapped
k5_to_k10,5,10,hard_semiconductor_controls_paraphrased,hard_semiconductor_controls_paraphrased,logistics,JBHT,J B Hunt Transport Services Inc,Stock,direct_exposure,case_2021_xinjiang_forced_labor_import_restrictions;case_2024_ev_tariff_escalation_china,2,case_2021_xinjiang_forced_labor_import_restrictions;case_2024_ev_tariff_escalation_china,2,2,sector_proxy,mapped
k5_to_k10,5,10,hard_semiconductor_controls_paraphrased,hard_semiconductor_controls_paraphrased,logistics,KNIN.SW,Kuehne + Nagel International AG,Stock,direct_exposure,case_2021_xinjiang_forced_labor_import_restrictions;case_2024_ev_tariff_escalation_china,2,case_2021_xinjiang_forced_labor_import_restrictions;case_2024_ev_tariff_escalation_china,2,2,sector_proxy,mapped
k5_to_k10,5,10,hard_semiconductor_controls_paraphrased,hard_semiconductor_controls_paraphrased,trade_lanes,DHL.DE,DHL Group,Stock,related_exposure,case_2021_xinjiang_forced_labor_import_restrictions;case_2010_china_japan_rare_earth_embargo;case_2024_ev_tariff_escalation_china,3,case_2021_xinjiang_forced_labor_import_restrictions;case_2010_china_japan_rare_earth_embargo;case_2024_ev_tariff_escalation_china,3,3,sector_proxy,mapped
k5_to_k10,5,10,hard_semiconductor_controls_paraphrased,hard_semiconductor_controls_paraphrased,trade_lanes,EXPD,Expeditors International of Washington Inc,Stock,related_exposure,case_2021_xinjiang_forced_labor_import_restrictions;case_2010_china_japan_rare_earth_embargo;case_2024_ev_tariff_escalation_china,3,case_2021_xinjiang_forced_labor_import_restrictions;case_2010_china_japan_rare_earth_embargo;case_2024_ev_tariff_escalation_china,3,3,sector_proxy,mapped
k5_to_k10,5,10,hard_taiwan_semiconductor_indirect,hard_taiwan_semiconductor_indirect,aerospace_supply_chain,AIR.PA,Airbus SE,Stock,related_exposure,case_2019_turkey_f35_s400_defense_restrictions;case_2023_middle_east_defense_supply_escalation,2,case_2019_turkey_f35_s400_defense_restrictions;case_2023_middle_east_defense_supply_escalation,2,2,sector_proxy,mapped
k5_to_k10,5,10,hard_taiwan_semiconductor_indirect,hard_taiwan_semiconductor_indirect,aerospace_supply_chain,BA,Boeing Company,Stock,related_exposure,case_2019_turkey_f35_s400_defense_restrictions;case_2023_middle_east_defense_supply_escalation,2,case_2019_turkey_f35_s400_defense_restrictions;case_2023_middle_east_defense_supply_escalation,2,2,sector_proxy,mapped
k5_to_k10,5,10,hard_taiwan_semiconductor_indirect,hard_taiwan_semiconductor_indirect,trade_lanes,DHL.DE,DHL Group,Stock,related_exposure,case_2019_turkey_f35_s400_defense_restrictions;case_2010_china_japan_rare_earth_embargo,2,case_2019_turkey_f35_s400_defense_restrictions;case_2010_china_japan_rare_earth_embargo,2,2,sector_proxy,mapped
k5_to_k10,5,10,hard_taiwan_semiconductor_indirect,hard_taiwan_semiconductor_indirect,trade_lanes,EXPD,Expeditors International of Washington Inc,Stock,related_exposure,case_2019_turkey_f35_s400_defense_restrictions;case_2010_china_japan_rare_earth_embargo,2,case_2019_turkey_f35_s400_defense_restrictions;case_2010_china_japan_rare_earth_embargo,2,2,sector_proxy,mapped
k5_to_k10,5,10,v3_20240223_sovcomflot_sanctions,U.S. sanctions Sovcomflot and tankers tied to Russian oil shipping,aviation,DAL,Delta Air Lines Inc,Stock,direct_exposure,case_2024_ukraine_drone_attacks_russian_refineries;case_middle_east_oil_supply_disruption,2,case_2024_ukraine_drone_attacks_russian_refineries;case_middle_east_oil_supply_disruption,2,2,sector_proxy,mapped
k5_to_k10,5,10,v3_20240223_sovcomflot_sanctions,U.S. sanctions Sovcomflot and tankers tied to Russian oil shipping,aviation,JETS,U S Global Jets ETF,ETF,broad_proxy,case_2024_ukraine_drone_attacks_russian_refineries;case_middle_east_oil_supply_disruption,2,case_2024_ukraine_drone_attacks_russian_refineries;case_middle_east_oil_supply_disruption,2,2,sector_proxy,mapped
k5_to_k10,5,10,v3_20240223_sovcomflot_sanctions,U.S. sanctions Sovcomflot and tankers tied to Russian oil shipping,customs,CHRW,C H Robinson Worldwide Inc,Stock,related_exposure,case_2019_cosco_shipping_sanctions_tanker_market;case_2014_crimea_financial_sanctions;case_2022_turkey_strait_tanker_insurance_backlog,3,case_2019_cosco_shipping_sanctions_tanker_market;case_2014_crimea_financial_sanctions;case_2022_turkey_strait_tanker_insurance_backlog,3,3,sector_proxy,mapped
k5_to_k10,5,10,v3_20240223_sovcomflot_sanctions,U.S. sanctions Sovcomflot and tankers tied to Russian oil shipping,customs,DSGX,The Descartes Systems Group Inc,Stock,direct_exposure,case_2019_cosco_shipping_sanctions_tanker_market;case_2014_crimea_financial_sanctions;case_2022_turkey_strait_tanker_insurance_backlog,3,case_2019_cosco_shipping_sanctions_tanker_market;case_2014_crimea_financial_sanctions;case_2022_turkey_strait_tanker_insurance_backlog,3,3,sector_proxy,mapped
k5_to_k10,5,10,v3_20240223_sovcomflot_sanctions,U.S. sanctions Sovcomflot and tankers tied to Russian oil shipping,freight_routes,FDX,FedEx Corporation,Stock,related_exposure,case_2022_turkey_strait_tanker_insurance_backlog;case_1987_1988_tanker_war_reflagging,2,case_2022_turkey_strait_tanker_insurance_backlog;case_1987_1988_tanker_war_reflagging,2,2,sector_proxy,mapped
k5_to_k10,5,10,v3_20240223_sovcomflot_sanctions,U.S. sanctions Sovcomflot and tankers tied to Russian oil shipping,freight_routes,UPS,United Parcel Service Inc,Stock,related_exposure,case_2022_turkey_strait_tanker_insurance_backlog;case_1987_1988_tanker_war_reflagging,2,case_2022_turkey_strait_tanker_insurance_backlog;case_1987_1988_tanker_war_reflagging,2,2,sector_proxy,mapped
k5_to_k10,5,10,v3_20240223_sovcomflot_sanctions,U.S. sanctions Sovcomflot and tankers tied to Russian oil shipping,logistics,JBHT,J B Hunt Transport Services Inc,Stock,direct_exposure,case_2019_cosco_shipping_sanctions_tanker_market;case_2022_turkey_strait_tanker_insurance_backlog;case_1987_1988_tanker_war_reflagging,3,case_2019_cosco_shipping_sanctions_tanker_market;case_2022_turkey_strait_tanker_insurance_backlog;case_1987_1988_tanker_war_reflagging,3,3,sector_proxy,mapped
k5_to_k10,5,10,v3_20240223_sovcomflot_sanctions,U.S. sanctions Sovcomflot and tankers tied to Russian oil shipping,logistics,KNIN.SW,Kuehne + Nagel International AG,Stock,direct_exposure,case_2019_cosco_shipping_sanctions_tanker_market;case_2022_turkey_strait_tanker_insurance_backlog;case_1987_1988_tanker_war_reflagging,3,case_2019_cosco_shipping_sanctions_tanker_market;case_2022_turkey_strait_tanker_insurance_backlog;case_1987_1988_tanker_war_reflagging,3,3,sector_proxy,mapped
k5_to_k10,5,10,v3_20240223_sovcomflot_sanctions,U.S. sanctions Sovcomflot and tankers tied to Russian oil shipping,maritime_chokepoint,BOAT,SonicShares Global Shipping ETF,ETF,broad_proxy,case_2023_arctic_lng_russian_energy_shipping_sanctions;case_2022_turkey_strait_tanker_insurance_backlog;case_1987_1988_tanker_war_reflagging,3,case_2023_arctic_lng_russian_energy_shipping_sanctions;case_2022_turkey_strait_tanker_insurance_backlog;case_1987_1988_tanker_war_reflagging,3,3,sector_proxy,mapped
k5_to_k10,5,10,v3_20240223_sovcomflot_sanctions,U.S. sanctions Sovcomflot and tankers tied to Russian oil shipping,maritime_chokepoint,MATX,Matson Inc,Stock,related_exposure,case_2023_arctic_lng_russian_energy_shipping_sanctions;case_2022_turkey_strait_tanker_insurance_backlog;case_1987_1988_tanker_war_reflagging,3,case_2023_arctic_lng_russian_energy_shipping_sanctions;case_2022_turkey_strait_tanker_insurance_backlog;case_1987_1988_tanker_war_reflagging,3,3,sector_proxy,mapped
k5_to_k10,5,10,v3_20240223_sovcomflot_sanctions,U.S. sanctions Sovcomflot and tankers tied to Russian oil shipping,trade_lanes,DHL.DE,DHL Group,Stock,related_exposure,case_2019_cosco_shipping_sanctions_tanker_market;case_2014_crimea_financial_sanctions,2,case_2019_cosco_shipping_sanctions_tanker_market;case_2014_crimea_financial_sanctions,2,2,sector_proxy,mapped
k5_to_k10,5,10,v3_20240223_sovcomflot_sanctions,U.S. sanctions Sovcomflot and tankers tied to Russian oil shipping,trade_lanes,EXPD,Expeditors International of Washington Inc,Stock,related_exposure,case_2019_cosco_shipping_sanctions_tanker_market;case_2014_crimea_financial_sanctions,2,case_2019_cosco_shipping_sanctions_tanker_market;case_2014_crimea_financial_sanctions,2,2,sector_proxy,mapped
k5_to_k10,5,10,v3_20240306_true_confidence_attack,Houthi anti-ship missile strikes M/V True Confidence in Gulf of Aden,aviation,DAL,Delta Air Lines Inc,Stock,direct_exposure,case_2017_north_korea_missile_escalation;case_2019_india_pakistan_airspace_closure;case_2022_abu_dhabi_oil_facility_attack,3,case_2017_north_korea_missile_escalation;case_2019_india_pakistan_airspace_closure;case_2022_abu_dhabi_oil_facility_attack,3,3,sector_proxy,mapped
k5_to_k10,5,10,v3_20240306_true_confidence_attack,Houthi anti-ship missile strikes M/V True Confidence in Gulf of Aden,aviation,JETS,U S Global Jets ETF,ETF,broad_proxy,case_2017_north_korea_missile_escalation;case_2019_india_pakistan_airspace_closure;case_2022_abu_dhabi_oil_facility_attack,3,case_2017_north_korea_missile_escalation;case_2019_india_pakistan_airspace_closure;case_2022_abu_dhabi_oil_facility_attack,3,3,sector_proxy,mapped
k5_to_k10,5,10,v3_20240306_true_confidence_attack,Houthi anti-ship missile strikes M/V True Confidence in Gulf of Aden,energy,XLE,Energy Select Sector SPDR Fund,ETF,broad_proxy,case_1987_1988_tanker_war_reflagging;case_israel_iran_escalation_energy_risk;case_hormuz_tanker_tensions;case_2022_abu_dhabi_oil_facility_attack,4,case_1987_1988_tanker_war_reflagging;case_israel_iran_escalation_energy_risk;case_hormuz_tanker_tensions;case_2022_abu_dhabi_oil_facility_attack,4,4,sector_proxy,mapped
k5_to_k10,5,10,v3_20240306_true_confidence_attack,Houthi anti-ship missile strikes M/V True Confidence in Gulf of Aden,energy,XOM,Exxon Mobil Corporation,Stock,related_exposure,case_1987_1988_tanker_war_reflagging;case_israel_iran_escalation_energy_risk;case_hormuz_tanker_tensions;case_2022_abu_dhabi_oil_facility_attack,4,case_1987_1988_tanker_war_reflagging;case_israel_iran_escalation_energy_risk;case_hormuz_tanker_tensions;case_2022_abu_dhabi_oil_facility_attack,4,4,sector_proxy,mapped
k5_to_k10,5,10,v3_20240306_true_confidence_attack,Houthi anti-ship missile strikes M/V True Confidence in Gulf of Aden,manufacturing_inputs,CAT,Caterpillar Inc,Stock,related_exposure,case_2017_north_korea_missile_escalation;case_2019_india_pakistan_airspace_closure,2,case_2017_north_korea_missile_escalation;case_2019_india_pakistan_airspace_closure,2,2,sector_proxy,mapped
k5_to_k10,5,10,v3_20240306_true_confidence_attack,Houthi anti-ship missile strikes M/V True Confidence in Gulf of Aden,manufacturing_inputs,DE,Deere & Company,Stock,related_exposure,case_2017_north_korea_missile_escalation;case_2019_india_pakistan_airspace_closure,2,case_2017_north_korea_missile_escalation;case_2019_india_pakistan_airspace_closure,2,2,sector_proxy,mapped
k5_to_k10,5,10,v3_20240306_true_confidence_attack,Houthi anti-ship missile strikes M/V True Confidence in Gulf of Aden,refining,MPC,Marathon Petroleum Corporation,Stock,direct_exposure,case_israel_iran_escalation_energy_risk;case_hormuz_tanker_tensions;case_2022_abu_dhabi_oil_facility_attack,3,case_israel_iran_escalation_energy_risk;case_hormuz_tanker_tensions;case_2022_abu_dhabi_oil_facility_attack,3,3,historical_supported,mapped
k5_to_k10,5,10,v3_20240306_true_confidence_attack,Houthi anti-ship missile strikes M/V True Confidence in Gulf of Aden,refining,VLO,Valero Energy Corporation,Stock,direct_exposure,case_israel_iran_escalation_energy_risk;case_hormuz_tanker_tensions;case_2022_abu_dhabi_oil_facility_attack,3,case_israel_iran_escalation_energy_risk;case_hormuz_tanker_tensions;case_2022_abu_dhabi_oil_facility_attack,3,3,historical_supported,mapped
k5_to_k10,5,10,v3_20240624_eu_russian_lng_transshipment_ban,EU sanctions package bans Russian LNG transshipment services through EU territory,pipeline_infrastructure,ENB,Enbridge Inc,Stock,direct_exposure,case_2022_nord_stream_pipeline_sabotage;case_2009_russia_ukraine_gas_transit_dispute,2,case_2022_nord_stream_pipeline_sabotage;case_2009_russia_ukraine_gas_transit_dispute,2,2,sector_proxy,mapped
k5_to_k10,5,10,v3_20240624_eu_russian_lng_transshipment_ban,EU sanctions package bans Russian LNG transshipment services through EU territory,pipeline_infrastructure,TRP.TO,TC Energy Corporation,Stock,direct_exposure,case_2022_nord_stream_pipeline_sabotage;case_2009_russia_ukraine_gas_transit_dispute,2,case_2022_nord_stream_pipeline_sabotage;case_2009_russia_ukraine_gas_transit_dispute,2,2,sector_proxy,mapped
k5_to_k10,5,10,v3_20240821_sounion_tanker_attack,MV Sounion oil tanker attacked in the Red Sea,aviation,DAL,Delta Air Lines Inc,Stock,direct_exposure,case_2022_abu_dhabi_oil_facility_attack;case_middle_east_oil_supply_disruption,2,case_2022_abu_dhabi_oil_facility_attack;case_middle_east_oil_supply_disruption,2,2,sector_proxy,mapped
k5_to_k10,5,10,v3_20240821_sounion_tanker_attack,MV Sounion oil tanker attacked in the Red Sea,aviation,JETS,U S Global Jets ETF,ETF,broad_proxy,case_2022_abu_dhabi_oil_facility_attack;case_middle_east_oil_supply_disruption,2,case_2022_abu_dhabi_oil_facility_attack;case_middle_east_oil_supply_disruption,2,2,sector_proxy,mapped
k5_to_k10,5,10,v3_20240821_sounion_tanker_attack,MV Sounion oil tanker attacked in the Red Sea,financial_sanctions,EUFN,iShares MSCI Europe Financials ETF,ETF,broad_proxy,case_2023_arctic_lng_russian_energy_shipping_sanctions;case_2022_turkey_strait_tanker_insurance_backlog,2,case_2023_arctic_lng_russian_energy_shipping_sanctions;case_2022_turkey_strait_tanker_insurance_backlog,2,2,sector_proxy,mapped
k5_to_k10,5,10,v3_20240821_sounion_tanker_attack,MV Sounion oil tanker attacked in the Red Sea,financial_sanctions,XLF,Financial Select Sector SPDR Fund,ETF,broad_proxy,case_2023_arctic_lng_russian_energy_shipping_sanctions;case_2022_turkey_strait_tanker_insurance_backlog,2,case_2023_arctic_lng_russian_energy_shipping_sanctions;case_2022_turkey_strait_tanker_insurance_backlog,2,2,sector_proxy,mapped
k5_to_k10,5,10,v3_20240821_sounion_tanker_attack,MV Sounion oil tanker attacked in the Red Sea,petrochemicals,DOW,Dow Inc,Stock,direct_exposure,case_2022_abu_dhabi_oil_facility_attack;case_middle_east_oil_supply_disruption,2,case_2022_abu_dhabi_oil_facility_attack;case_middle_east_oil_supply_disruption,2,2,sector_proxy,mapped
k5_to_k10,5,10,v3_20240821_sounion_tanker_attack,MV Sounion oil tanker attacked in the Red Sea,petrochemicals,LYB,LyondellBasell Industries NV,Stock,direct_exposure,case_2022_abu_dhabi_oil_facility_attack;case_middle_east_oil_supply_disruption,2,case_2022_abu_dhabi_oil_facility_attack;case_middle_east_oil_supply_disruption,2,2,sector_proxy,mapped
k5_to_k10,5,10,v3_20240913_ustr_section301_tariffs_final,USTR finalizes China Section 301 tariff modifications after four-year review,defense,ITA,iShares U S Aerospace & Defense ETF,ETF,broad_proxy,case_2010_china_japan_rare_earth_embargo;case_rare_earth_export_restriction_risk,2,case_2010_china_japan_rare_earth_embargo;case_rare_earth_export_restriction_risk,2,2,sector_proxy,mapped
k5_to_k10,5,10,v3_20240913_ustr_section301_tariffs_final,USTR finalizes China Section 301 tariff modifications after four-year review,defense,LMT,Lockheed Martin Corporation,Stock,direct_exposure,case_2010_china_japan_rare_earth_embargo;case_rare_earth_export_restriction_risk,2,case_2010_china_japan_rare_earth_embargo;case_rare_earth_export_restriction_risk,2,2,sector_proxy,mapped
k5_to_k10,5,10,v3_20241203_iran_shadow_fleet_sanctions,U.S. sanctions Iranian shadow-fleet petroleum transport entities and vessels,petrochemicals,DOW,Dow Inc,Stock,direct_exposure,case_2018_iran_oil_sanctions_reimposition;case_2019_venezuela_oil_sanctions;case_russia_ukraine_energy_shock;case_middle_east_oil_supply_disruption,4,case_2018_iran_oil_sanctions_reimposition;case_2019_venezuela_oil_sanctions;case_russia_ukraine_energy_shock;case_middle_east_oil_supply_disruption,4,4,sector_proxy,mapped
k5_to_k10,5,10,v3_20241203_iran_shadow_fleet_sanctions,U.S. sanctions Iranian shadow-fleet petroleum transport entities and vessels,petrochemicals,LYB,LyondellBasell Industries NV,Stock,direct_exposure,case_2018_iran_oil_sanctions_reimposition;case_2019_venezuela_oil_sanctions;case_russia_ukraine_energy_shock;case_middle_east_oil_supply_disruption,4,case_2018_iran_oil_sanctions_reimposition;case_2019_venezuela_oil_sanctions;case_russia_ukraine_energy_shock;case_middle_east_oil_supply_disruption,4,4,sector_proxy,mapped
k5_to_k10,5,10,v3_20250110_us_russia_oil_sanctions,U.S. sanctions Russian oil producers and shadow-fleet vessels,aviation,DAL,Delta Air Lines Inc,Stock,direct_exposure,case_2022_russia_aviation_supply_chain_sanctions;case_2024_ukraine_drone_attacks_russian_refineries,2,case_2022_russia_aviation_supply_chain_sanctions;case_2024_ukraine_drone_attacks_russian_refineries,2,2,sector_proxy,mapped
k5_to_k10,5,10,v3_20250110_us_russia_oil_sanctions,U.S. sanctions Russian oil producers and shadow-fleet vessels,aviation,JETS,U S Global Jets ETF,ETF,broad_proxy,case_2022_russia_aviation_supply_chain_sanctions;case_2024_ukraine_drone_attacks_russian_refineries,2,case_2022_russia_aviation_supply_chain_sanctions;case_2024_ukraine_drone_attacks_russian_refineries,2,2,sector_proxy,mapped
k5_to_k10,5,10,v3_20250201_canada_mexico_china_tariffs,"U.S. imposes tariffs on imports from Canada, Mexico and China",battery_materials,ALB,Albemarle Corporation,Stock,direct_exposure,case_2024_ev_tariff_escalation_china;case_2023_panama_cobre_mine_closure;case_2023_china_graphite_battery_export_controls,3,case_2024_ev_tariff_escalation_china;case_2023_panama_cobre_mine_closure;case_2023_china_graphite_battery_export_controls,3,3,sector_proxy,mapped
k5_to_k10,5,10,v3_20250201_canada_mexico_china_tariffs,"U.S. imposes tariffs on imports from Canada, Mexico and China",battery_materials,LIT,Global X Lithium & Battery Tech ETF,ETF,broad_proxy,case_2024_ev_tariff_escalation_china;case_2023_panama_cobre_mine_closure;case_2023_china_graphite_battery_export_controls,3,case_2024_ev_tariff_escalation_china;case_2023_panama_cobre_mine_closure;case_2023_china_graphite_battery_export_controls,3,3,sector_proxy,mapped
k5_to_k10,5,10,v3_20250201_canada_mexico_china_tariffs,"U.S. imposes tariffs on imports from Canada, Mexico and China",energy,XLE,Energy Select Sector SPDR Fund,ETF,broad_proxy,case_2023_eu_carbon_border_adjustment_mechanism;case_2022_russia_fertilizer_export_restrictions,2,case_2023_eu_carbon_border_adjustment_mechanism;case_2022_russia_fertilizer_export_restrictions,2,2,sector_proxy,mapped
k5_to_k10,5,10,v3_20250201_canada_mexico_china_tariffs,"U.S. imposes tariffs on imports from Canada, Mexico and China",energy,XOM,Exxon Mobil Corporation,Stock,related_exposure,case_2023_eu_carbon_border_adjustment_mechanism;case_2022_russia_fertilizer_export_restrictions,2,case_2023_eu_carbon_border_adjustment_mechanism;case_2022_russia_fertilizer_export_restrictions,2,2,sector_proxy,mapped
k5_to_k10,5,10,v3_20250201_canada_mexico_china_tariffs,"U.S. imposes tariffs on imports from Canada, Mexico and China",fertilizer,CF,CF Industries Holdings Inc,Stock,direct_exposure,case_2023_eu_carbon_border_adjustment_mechanism;case_2022_russia_fertilizer_export_restrictions,2,case_2023_eu_carbon_border_adjustment_mechanism;case_2022_russia_fertilizer_export_restrictions,2,2,sector_proxy,mapped
k5_to_k10,5,10,v3_20250201_canada_mexico_china_tariffs,"U.S. imposes tariffs on imports from Canada, Mexico and China",fertilizer,NTR,Nutrien Ltd,Stock,direct_exposure,case_2023_eu_carbon_border_adjustment_mechanism;case_2022_russia_fertilizer_export_restrictions,2,case_2023_eu_carbon_border_adjustment_mechanism;case_2022_russia_fertilizer_export_restrictions,2,2,sector_proxy,mapped
k5_to_k10,5,10,v3_20250201_canada_mexico_china_tariffs,"U.S. imposes tariffs on imports from Canada, Mexico and China",ports,0144.HK,China Merchants Port Holdings Company Limited,Stock,direct_exposure,case_2023_mexico_nearshoring_cross_border_policy_risk;case_2023_panama_cobre_mine_closure,2,case_2023_mexico_nearshoring_cross_border_policy_risk;case_2023_panama_cobre_mine_closure,2,2,sector_proxy,mapped
k5_to_k10,5,10,v3_20250201_canada_mexico_china_tariffs,"U.S. imposes tariffs on imports from Canada, Mexico and China",ports,1199.HK,COSCO SHIPPING Ports Limited,Stock,direct_exposure,case_2023_mexico_nearshoring_cross_border_policy_risk;case_2023_panama_cobre_mine_closure,2,case_2023_mexico_nearshoring_cross_border_policy_risk;case_2023_panama_cobre_mine_closure,2,2,sector_proxy,mapped
k5_to_k10,5,10,v3_20250224_eu_16th_russia_sanctions,EU adopts 16th Russia sanctions package targeting shadow fleet and military suppliers,logistics,JBHT,J B Hunt Transport Services Inc,Stock,direct_exposure,case_2019_cosco_shipping_sanctions_tanker_market;case_2022_turkey_strait_tanker_insurance_backlog,2,case_2019_cosco_shipping_sanctions_tanker_market;case_2022_turkey_strait_tanker_insurance_backlog,2,2,sector_proxy,mapped
k5_to_k10,5,10,v3_20250224_eu_16th_russia_sanctions,EU adopts 16th Russia sanctions package targeting shadow fleet and military suppliers,logistics,KNIN.SW,Kuehne + Nagel International AG,Stock,direct_exposure,case_2019_cosco_shipping_sanctions_tanker_market;case_2022_turkey_strait_tanker_insurance_backlog,2,case_2019_cosco_shipping_sanctions_tanker_market;case_2022_turkey_strait_tanker_insurance_backlog,2,2,sector_proxy,mapped
k5_to_k10,5,10,v3_20250224_eu_16th_russia_sanctions,EU adopts 16th Russia sanctions package targeting shadow fleet and military suppliers,maritime_chokepoint,BOAT,SonicShares Global Shipping ETF,ETF,broad_proxy,case_2023_arctic_lng_russian_energy_shipping_sanctions;case_2022_turkey_strait_tanker_insurance_backlog,2,case_2023_arctic_lng_russian_energy_shipping_sanctions;case_2022_turkey_strait_tanker_insurance_backlog,2,2,sector_proxy,mapped
k5_to_k10,5,10,v3_20250224_eu_16th_russia_sanctions,EU adopts 16th Russia sanctions package targeting shadow fleet and military suppliers,maritime_chokepoint,MATX,Matson Inc,Stock,related_exposure,case_2023_arctic_lng_russian_energy_shipping_sanctions;case_2022_turkey_strait_tanker_insurance_backlog,2,case_2023_arctic_lng_russian_energy_shipping_sanctions;case_2022_turkey_strait_tanker_insurance_backlog,2,2,sector_proxy,mapped
k5_to_k10,5,10,v3_20250225_copper_import_investigation,U.S. launches Section 232 investigation into copper import dependence,defense,ITA,iShares U S Aerospace & Defense ETF,ETF,broad_proxy,case_rare_earth_export_restriction_risk;case_2010_china_japan_rare_earth_embargo,2,case_rare_earth_export_restriction_risk;case_2010_china_japan_rare_earth_embargo,2,2,sector_proxy,mapped
k5_to_k10,5,10,v3_20250225_copper_import_investigation,U.S. launches Section 232 investigation into copper import dependence,defense,LMT,Lockheed Martin Corporation,Stock,direct_exposure,case_rare_earth_export_restriction_risk;case_2010_china_japan_rare_earth_embargo,2,case_rare_earth_export_restriction_risk;case_2010_china_japan_rare_earth_embargo,2,2,sector_proxy,mapped
k5_to_k10,5,10,v3_20250225_copper_import_investigation,U.S. launches Section 232 investigation into copper import dependence,energy,XLE,Energy Select Sector SPDR Fund,ETF,broad_proxy,case_rare_earth_export_restriction_risk;case_2023_eu_carbon_border_adjustment_mechanism;case_uranium_nuclear_fuel_supply_disruption,3,case_rare_earth_export_restriction_risk;case_2023_eu_carbon_border_adjustment_mechanism;case_uranium_nuclear_fuel_supply_disruption,3,3,sector_proxy,mapped
k5_to_k10,5,10,v3_20250225_copper_import_investigation,U.S. launches Section 232 investigation into copper import dependence,energy,XOM,Exxon Mobil Corporation,Stock,related_exposure,case_rare_earth_export_restriction_risk;case_2023_eu_carbon_border_adjustment_mechanism;case_uranium_nuclear_fuel_supply_disruption,3,case_rare_earth_export_restriction_risk;case_2023_eu_carbon_border_adjustment_mechanism;case_uranium_nuclear_fuel_supply_disruption,3,3,sector_proxy,mapped
k5_to_k10,5,10,v3_20250404_china_rare_earth_export_controls,China imposes rare-earth export controls after U.S. tariff escalation,ai_chips,AMD,Advanced Micro Devices Inc,Stock,related_exposure,case_china_gallium_germanium_graphite_controls;case_2019_huawei_entity_list,2,case_china_gallium_germanium_graphite_controls;case_2019_huawei_entity_list,2,2,sector_proxy,mapped
k5_to_k10,5,10,v3_20250404_china_rare_earth_export_controls,China imposes rare-earth export controls after U.S. tariff escalation,ai_chips,NVDA,NVIDIA Corporation,Stock,direct_exposure,case_china_gallium_germanium_graphite_controls;case_2019_huawei_entity_list,2,case_china_gallium_germanium_graphite_controls;case_2019_huawei_entity_list,2,2,sector_proxy,mapped
k5_to_k10,5,10,v3_20250404_china_rare_earth_export_controls,China imposes rare-earth export controls after U.S. tariff escalation,logistics,JBHT,J B Hunt Transport Services Inc,Stock,direct_exposure,case_2024_ev_tariff_escalation_china;case_2021_xinjiang_forced_labor_import_restrictions;case_2022_peru_mine_protests_copper_supply,3,case_2024_ev_tariff_escalation_china;case_2021_xinjiang_forced_labor_import_restrictions;case_2022_peru_mine_protests_copper_supply,3,3,sector_proxy,mapped
k5_to_k10,5,10,v3_20250404_china_rare_earth_export_controls,China imposes rare-earth export controls after U.S. tariff escalation,logistics,KNIN.SW,Kuehne + Nagel International AG,Stock,direct_exposure,case_2024_ev_tariff_escalation_china;case_2021_xinjiang_forced_labor_import_restrictions;case_2022_peru_mine_protests_copper_supply,3,case_2024_ev_tariff_escalation_china;case_2021_xinjiang_forced_labor_import_restrictions;case_2022_peru_mine_protests_copper_supply,3,3,sector_proxy,mapped
k5_to_k10,5,10,v3_20250404_china_rare_earth_export_controls,China imposes rare-earth export controls after U.S. tariff escalation,semiconductor_equipment,AMAT,Applied Materials Inc,Stock,direct_exposure,case_china_gallium_germanium_graphite_controls;case_2019_huawei_entity_list,2,case_china_gallium_germanium_graphite_controls;case_2019_huawei_entity_list,2,2,sector_proxy,mapped
k5_to_k10,5,10,v3_20250404_china_rare_earth_export_controls,China imposes rare-earth export controls after U.S. tariff escalation,semiconductor_equipment,ASML,ASML Holding NV ADR,ADR,direct_exposure,case_china_gallium_germanium_graphite_controls;case_2019_huawei_entity_list,2,case_china_gallium_germanium_graphite_controls;case_2019_huawei_entity_list,2,2,sector_proxy,mapped
k5_to_k10,5,10,v3_20250730_copper_tariffs,U.S. imposes Section 232 tariffs on copper products,ai_chips,AMD,Advanced Micro Devices Inc,Stock,related_exposure,case_china_gallium_germanium_graphite_controls;case_2019_huawei_entity_list,2,case_china_gallium_germanium_graphite_controls;case_2019_huawei_entity_list,2,2,sector_proxy,mapped
k5_to_k10,5,10,v3_20250730_copper_tariffs,U.S. imposes Section 232 tariffs on copper products,ai_chips,NVDA,NVIDIA Corporation,Stock,direct_exposure,case_china_gallium_germanium_graphite_controls;case_2019_huawei_entity_list,2,case_china_gallium_germanium_graphite_controls;case_2019_huawei_entity_list,2,2,sector_proxy,mapped
k5_to_k10,5,10,v3_20250730_copper_tariffs,U.S. imposes Section 232 tariffs on copper products,ports,0144.HK,China Merchants Port Holdings Company Limited,Stock,direct_exposure,case_2023_panama_cobre_mine_closure;case_2023_mexico_nearshoring_cross_border_policy_risk,2,case_2023_panama_cobre_mine_closure;case_2023_mexico_nearshoring_cross_border_policy_risk,2,2,sector_proxy,mapped
k5_to_k10,5,10,v3_20250730_copper_tariffs,U.S. imposes Section 232 tariffs on copper products,ports,1199.HK,COSCO SHIPPING Ports Limited,Stock,direct_exposure,case_2023_panama_cobre_mine_closure;case_2023_mexico_nearshoring_cross_border_policy_risk,2,case_2023_panama_cobre_mine_closure;case_2023_mexico_nearshoring_cross_border_policy_risk,2,2,sector_proxy,mapped
k5_to_k10,5,10,v3_20250730_copper_tariffs,U.S. imposes Section 232 tariffs on copper products,semiconductor_equipment,AMAT,Applied Materials Inc,Stock,direct_exposure,case_china_gallium_germanium_graphite_controls;case_2019_huawei_entity_list,2,case_china_gallium_germanium_graphite_controls;case_2019_huawei_entity_list,2,2,sector_proxy,mapped
k5_to_k10,5,10,v3_20250730_copper_tariffs,U.S. imposes Section 232 tariffs on copper products,semiconductor_equipment,ASML,ASML Holding NV ADR,ADR,direct_exposure,case_china_gallium_germanium_graphite_controls;case_2019_huawei_entity_list,2,case_china_gallium_germanium_graphite_controls;case_2019_huawei_entity_list,2,2,sector_proxy,mapped
