event_id,event_name,event_type,node,ticker,asset_name,evidence_level,supporting_case_count,supporting_case_ids,supporting_case_event_types,supporting_case_nodes,supporting_case_affected_assets,supporting_case_affected_asset_types,mapping_node,mapping_asset_type,linkage_tier,linkage_rationale,retrieval_ranks_of_supporting_cases,max_retrieval_rank_of_supporting_cases,node_specificity,node_specificity_reason,mechanism_consistency,mechanism_consistency_reason,mapping_quality,mapping_quality_reason,candidate_quality,candidate_quality_reason,noise_sources
hard_taiwan_semiconductor_indirect,hard_taiwan_semiconductor_indirect,technology_export_controls,aerospace_supply_chain,AIR.PA,Airbus SE,sector_proxy,2,case_2019_turkey_f35_s400_defense_restrictions;case_2023_middle_east_defense_supply_escalation,defense procurement restriction and aerospace supply-chain adjustment;defense supply-chain escalation,aerospace_supply_chain;ai_chips;customs;cyber_infrastructure;defense;manufacturing_inputs;semiconductor_equipment;trade_lanes,F-35 supplier network;Turkish aerospace components;defense electronics inputs;defense electronics supply chains;export-controlled manufacturing flows;missile defense systems;precision munitions;radar components;secure communications equipment,aerospace manufacturers;aerospace suppliers;component suppliers;cybersecurity providers;defense contractors;defense electronics firms;electronics suppliers;munitions producers;trade compliance providers,aerospace_supply_chain,Stock,related_exposure,"Aircraft manufacturing depends on aerospace supply chains, but supply-chain disruption is an input dependency rather than Airbus's primary revenue-generating activity.",8;10,10,potentially_broad,"All mapped assets are related_exposure, indicating meaningful but indirect node specificity.",consistent,Supporting cases show overlapping event mechanisms or affected asset-type vocabulary.,broad,Mapping is economically related but indirect/diversified according to asset_mapping metadata.,borderline,"Candidate has some ex-ante support, but at least one dimension is broad or mixed.",broad_node;broad_asset_mapping
hard_taiwan_semiconductor_indirect,hard_taiwan_semiconductor_indirect,technology_export_controls,aerospace_supply_chain,BA,Boeing Company,sector_proxy,2,case_2019_turkey_f35_s400_defense_restrictions;case_2023_middle_east_defense_supply_escalation,defense procurement restriction and aerospace supply-chain adjustment;defense supply-chain escalation,aerospace_supply_chain;ai_chips;customs;cyber_infrastructure;defense;manufacturing_inputs;semiconductor_equipment;trade_lanes,F-35 supplier network;Turkish aerospace components;defense electronics inputs;defense electronics supply chains;export-controlled manufacturing flows;missile defense systems;precision munitions;radar components;secure communications equipment,aerospace manufacturers;aerospace suppliers;component suppliers;cybersecurity providers;defense contractors;defense electronics firms;electronics suppliers;munitions producers;trade compliance providers,aerospace_supply_chain,Stock,related_exposure,"Aircraft manufacturing depends on aerospace supply chains, but supply-chain disruption is an input dependency rather than Boeing's primary revenue-generating activity.",8;10,10,potentially_broad,"All mapped assets are related_exposure, indicating meaningful but indirect node specificity.",consistent,Supporting cases show overlapping event mechanisms or affected asset-type vocabulary.,broad,Mapping is economically related but indirect/diversified according to asset_mapping metadata.,borderline,"Candidate has some ex-ante support, but at least one dimension is broad or mixed.",broad_node;broad_asset_mapping
eval_red_sea_shipping_disruption,eval_red_sea_shipping_disruption,maritime_security_disruption,agriculture,ADM,Archer-Daniels-Midland Company,sector_proxy,2,case_panama_canal_drought_shipping_capacity;case_2023_black_sea_shipping_insurance_restrictions,climate-related shipping chokepoint disruption;war-related maritime insurance and grain export disruption,agriculture;container_shipping;freight_routes;grain_exports;lng_shipping;logistics;marine_insurance;maritime_chokepoint;panama_canal,Black Sea shipping routes;LNG cargo routes;Panama Canal transit slots;US Gulf grain exports;Ukrainian grain exports;container shipping schedules;grain import supply chains;marine war-risk insurance,LNG cargoes;agricultural commodities;food producers;freight forwarders;grain exporters;grain traders;import-dependent supply chains;marine insurers;shipping companies,agriculture,Stock,related_exposure,"ADM materially participates in agriculture, but agriculture is a broad sector node spanning diversified processing, merchandising, and supply-chain operations.",6;8,8,potentially_broad,"Node label represents a broad function, sector, or channel in the current mapping vocabulary.",mixed,"Supporting cases share related node context, but event mechanisms are only partially aligned.",broad,Mapping is economically related but indirect/diversified according to asset_mapping metadata.,borderline,"Candidate has some ex-ante support, but at least one dimension is broad or mixed.",broad_node;broad_asset_mapping
eval_red_sea_shipping_disruption,eval_red_sea_shipping_disruption,maritime_security_disruption,agriculture,MOO,VanEck Agribusiness ETF,sector_proxy,2,case_panama_canal_drought_shipping_capacity;case_2023_black_sea_shipping_insurance_restrictions,climate-related shipping chokepoint disruption;war-related maritime insurance and grain export disruption,agriculture;container_shipping;freight_routes;grain_exports;lng_shipping;logistics;marine_insurance;maritime_chokepoint;panama_canal,Black Sea shipping routes;LNG cargo routes;Panama Canal transit slots;US Gulf grain exports;Ukrainian grain exports;container shipping schedules;grain import supply chains;marine war-risk insurance,LNG cargoes;agricultural commodities;food producers;freight forwarders;grain exporters;grain traders;import-dependent supply chains;marine insurers;shipping companies,agriculture,ETF,broad_proxy,"Ticker is an ETF, fund, or basket used as broad proxy exposure for the agriculture node: Basket exposure to agribusiness equipment inputs and food supply chains",6;8,8,potentially_broad,"Node label represents a broad function, sector, or channel in the current mapping vocabulary.",mixed,"Supporting cases share related node context, but event mechanisms are only partially aligned.",broad,Mapped ticker is a broad_proxy instrument or ETF/basket exposure.,borderline,"Candidate has some ex-ante support, but at least one dimension is broad or mixed.",broad_node;broad_asset_mapping
eval_us_china_tariffs,eval_us_china_tariffs,trade_policy_and_tariffs,ai_chips,AMD,Advanced Micro Devices Inc,sector_proxy,2,case_2019_huawei_entity_list;case_2023_japan_chip_equipment_export_controls,technology sanctions and trade restrictions;semiconductor equipment export control and customs licensing risk,ai_chips;customs;data_centers;eda_software;foundry;manufacturing_inputs;semiconductor_equipment,AI accelerator supply chains;Huawei supply chain;Japanese chipmaking tools;US chip suppliers;advanced foundry capacity;data center hardware procurement;mobile device software ecosystems;telecom carrier procurement plans,5G infrastructure;AI chip designers;consumer electronics;data center operators;electronics manufacturers;foundries;semiconductor equipment suppliers;semiconductor suppliers;software providers;telecom equipment vendors,ai_chips,Stock,related_exposure,"AMD participates in AI accelerators, but AI chips are one component of a diversified CPU, GPU, data-center, and client processor business.",8;10,10,specific,Node maps to operating-company/direct exposures in a concentrated asset vocabulary.,mixed,"Supporting cases share related node context, but event mechanisms are only partially aligned.",broad,Mapped ticker is related_exposure rather than direct exposure for an otherwise specific node.,borderline,"Candidate has some ex-ante support, but at least one dimension is broad or mixed.",broad_asset_mapping
eval_us_china_tariffs,eval_us_china_tariffs,trade_policy_and_tariffs,ai_chips,NVDA,NVIDIA Corporation,sector_proxy,2,case_2019_huawei_entity_list;case_2023_japan_chip_equipment_export_controls,technology sanctions and trade restrictions;semiconductor equipment export control and customs licensing risk,ai_chips;customs;data_centers;eda_software;foundry;manufacturing_inputs;semiconductor_equipment,AI accelerator supply chains;Huawei supply chain;Japanese chipmaking tools;US chip suppliers;advanced foundry capacity;data center hardware procurement;mobile device software ecosystems;telecom carrier procurement plans,5G infrastructure;AI chip designers;consumer electronics;data center operators;electronics manufacturers;foundries;semiconductor equipment suppliers;semiconductor suppliers;software providers;telecom equipment vendors,ai_chips,Stock,direct_exposure,Core operations or products are directly tied to the ai_chips node: Advanced accelerator and GPU supplier exposed to AI chip demand and export controls,8;10,10,specific,Node maps to operating-company/direct exposures in a concentrated asset vocabulary.,mixed,"Supporting cases share related node context, but event mechanisms are only partially aligned.",specific,Mapped ticker has direct_exposure metadata for a specific node.,borderline,"Candidate has some ex-ante support, but at least one dimension is broad or mixed.",
v3_20250404_china_rare_earth_export_controls,China imposes rare-earth export controls after U.S. tariff escalation,critical_minerals_export_controls,ai_chips,AMD,Advanced Micro Devices Inc,sector_proxy,2,case_china_gallium_germanium_graphite_controls;case_2019_huawei_entity_list,critical minerals export controls;technology sanctions and trade restrictions,ai_chips;critical_minerals;customs;data_centers;eda_software;gallium_germanium_graphite;manufacturing_inputs;semiconductor_equipment,Huawei supply chain;US chip suppliers;battery material supply chains;compound semiconductor inputs;gallium and germanium supply;graphite anode materials;mobile device software ecosystems;telecom carrier procurement plans,5G infrastructure;EV supply chains;battery manufacturers;consumer electronics;critical mineral processors;semiconductor suppliers;software providers;solar equipment producers;telecom equipment vendors,ai_chips,Stock,related_exposure,"AMD participates in AI accelerators, but AI chips are one component of a diversified CPU, GPU, data-center, and client processor business.",3;10,10,specific,Node maps to operating-company/direct exposures in a concentrated asset vocabulary.,mixed,"Supporting cases share related node context, but event mechanisms are only partially aligned.",broad,Mapped ticker is related_exposure rather than direct exposure for an otherwise specific node.,borderline,"Candidate has some ex-ante support, but at least one dimension is broad or mixed.",broad_asset_mapping
v3_20250404_china_rare_earth_export_controls,China imposes rare-earth export controls after U.S. tariff escalation,critical_minerals_export_controls,ai_chips,NVDA,NVIDIA Corporation,sector_proxy,2,case_china_gallium_germanium_graphite_controls;case_2019_huawei_entity_list,critical minerals export controls;technology sanctions and trade restrictions,ai_chips;critical_minerals;customs;data_centers;eda_software;gallium_germanium_graphite;manufacturing_inputs;semiconductor_equipment,Huawei supply chain;US chip suppliers;battery material supply chains;compound semiconductor inputs;gallium and germanium supply;graphite anode materials;mobile device software ecosystems;telecom carrier procurement plans,5G infrastructure;EV supply chains;battery manufacturers;consumer electronics;critical mineral processors;semiconductor suppliers;software providers;solar equipment producers;telecom equipment vendors,ai_chips,Stock,direct_exposure,Core operations or products are directly tied to the ai_chips node: Advanced accelerator and GPU supplier exposed to AI chip demand and export controls,3;10,10,specific,Node maps to operating-company/direct exposures in a concentrated asset vocabulary.,mixed,"Supporting cases share related node context, but event mechanisms are only partially aligned.",specific,Mapped ticker has direct_exposure metadata for a specific node.,borderline,"Candidate has some ex-ante support, but at least one dimension is broad or mixed.",
v3_20250730_copper_tariffs,U.S. imposes Section 232 tariffs on copper products,critical_minerals_export_controls,ai_chips,AMD,Advanced Micro Devices Inc,sector_proxy,2,case_china_gallium_germanium_graphite_controls;case_2019_huawei_entity_list,critical minerals export controls;technology sanctions and trade restrictions,ai_chips;critical_minerals;customs;data_centers;eda_software;gallium_germanium_graphite;manufacturing_inputs;semiconductor_equipment,Huawei supply chain;US chip suppliers;battery material supply chains;compound semiconductor inputs;gallium and germanium supply;graphite anode materials;mobile device software ecosystems;telecom carrier procurement plans,5G infrastructure;EV supply chains;battery manufacturers;consumer electronics;critical mineral processors;semiconductor suppliers;software providers;solar equipment producers;telecom equipment vendors,ai_chips,Stock,related_exposure,"AMD participates in AI accelerators, but AI chips are one component of a diversified CPU, GPU, data-center, and client processor business.",8;10,10,specific,Node maps to operating-company/direct exposures in a concentrated asset vocabulary.,mixed,"Supporting cases share related node context, but event mechanisms are only partially aligned.",broad,Mapped ticker is related_exposure rather than direct exposure for an otherwise specific node.,borderline,"Candidate has some ex-ante support, but at least one dimension is broad or mixed.",broad_asset_mapping
v3_20250730_copper_tariffs,U.S. imposes Section 232 tariffs on copper products,critical_minerals_export_controls,ai_chips,NVDA,NVIDIA Corporation,sector_proxy,2,case_china_gallium_germanium_graphite_controls;case_2019_huawei_entity_list,critical minerals export controls;technology sanctions and trade restrictions,ai_chips;critical_minerals;customs;data_centers;eda_software;gallium_germanium_graphite;manufacturing_inputs;semiconductor_equipment,Huawei supply chain;US chip suppliers;battery material supply chains;compound semiconductor inputs;gallium and germanium supply;graphite anode materials;mobile device software ecosystems;telecom carrier procurement plans,5G infrastructure;EV supply chains;battery manufacturers;consumer electronics;critical mineral processors;semiconductor suppliers;software providers;solar equipment producers;telecom equipment vendors,ai_chips,Stock,direct_exposure,Core operations or products are directly tied to the ai_chips node: Advanced accelerator and GPU supplier exposed to AI chip demand and export controls,8;10,10,specific,Node maps to operating-company/direct exposures in a concentrated asset vocabulary.,mixed,"Supporting cases share related node context, but event mechanisms are only partially aligned.",specific,Mapped ticker has direct_exposure metadata for a specific node.,borderline,"Candidate has some ex-ante support, but at least one dimension is broad or mixed.",
eval_russia_europe_gas_disruption,eval_russia_europe_gas_disruption,war_and_sanctions_energy_disruption,aviation,DAL,Delta Air Lines Inc,sector_proxy,2,case_2024_ukraine_drone_attacks_russian_refineries;case_middle_east_oil_supply_disruption,wartime refinery disruption and refined-product supply risk;energy infrastructure disruption,aviation;energy;oil_shipping;petrochemicals;pipeline_infrastructure;refining,Russian refinery capacity;Saudi crude exports;diesel and gasoline export flows;global crude benchmarks;jet fuel supply chains;petrochemical feedstocks;petrochemical inputs;refinery feedstocks,airlines;crude oil;energy producers;petrochemical companies;petrochemical producers;refiners;tanker operators,aviation,Stock,direct_exposure,Core operations or products are directly tied to the aviation node: Airline exposed to jet fuel and international travel disruption risks,6;7,7,potentially_broad,"Node label represents a broad function, sector, or channel in the current mapping vocabulary.",consistent,Supporting cases show overlapping event mechanisms or affected asset-type vocabulary.,specific,"Mapped ticker is direct_exposure, though the node itself may be broad.",borderline,"Candidate has some ex-ante support, but at least one dimension is broad or mixed.",broad_node
eval_russia_europe_gas_disruption,eval_russia_europe_gas_disruption,war_and_sanctions_energy_disruption,aviation,JETS,U S Global Jets ETF,sector_proxy,2,case_2024_ukraine_drone_attacks_russian_refineries;case_middle_east_oil_supply_disruption,wartime refinery disruption and refined-product supply risk;energy infrastructure disruption,aviation;energy;oil_shipping;petrochemicals;pipeline_infrastructure;refining,Russian refinery capacity;Saudi crude exports;diesel and gasoline export flows;global crude benchmarks;jet fuel supply chains;petrochemical feedstocks;petrochemical inputs;refinery feedstocks,airlines;crude oil;energy producers;petrochemical companies;petrochemical producers;refiners;tanker operators,aviation,ETF,broad_proxy,"Ticker is an ETF, fund, or basket used as broad proxy exposure for the aviation node: Airline ETF exposed to fuel costs travel demand and route disruptions",6;7,7,potentially_broad,"Node label represents a broad function, sector, or channel in the current mapping vocabulary.",consistent,Supporting cases show overlapping event mechanisms or affected asset-type vocabulary.,broad,Mapped ticker is a broad_proxy instrument or ETF/basket exposure.,borderline,"Candidate has some ex-ante support, but at least one dimension is broad or mixed.",broad_node;broad_asset_mapping
hard_hormuz_ambiguous_energy_shipping,hard_hormuz_ambiguous_energy_shipping,war_and_sanctions_energy_disruption,aviation,DAL,Delta Air Lines Inc,sector_proxy,3,case_middle_east_oil_supply_disruption;case_opec_production_cut_policy_shock;case_2022_abu_dhabi_oil_facility_attack,energy infrastructure disruption;oil supply policy shock;energy infrastructure disruption,aviation;defense;energy;oil_shipping;petrochemicals;refining,Saudi crude exports;UAE energy infrastructure;air defense systems;global crude benchmarks;jet fuel supply chains;petrochemical inputs;refinery feedstocks;regional crude exports;tanker routes;transport fuel costs,airlines;crude oil;defense contractors;energy producers;petrochemical producers;refiners;tanker operators;transportation companies,aviation,Stock,direct_exposure,Core operations or products are directly tied to the aviation node: Airline exposed to jet fuel and international travel disruption risks,6;7;8,8,potentially_broad,"Node label represents a broad function, sector, or channel in the current mapping vocabulary.",consistent,Supporting cases show overlapping event mechanisms or affected asset-type vocabulary.,specific,"Mapped ticker is direct_exposure, though the node itself may be broad.",borderline,"Candidate has some ex-ante support, but at least one dimension is broad or mixed.",broad_node
hard_hormuz_ambiguous_energy_shipping,hard_hormuz_ambiguous_energy_shipping,war_and_sanctions_energy_disruption,aviation,JETS,U S Global Jets ETF,sector_proxy,3,case_middle_east_oil_supply_disruption;case_opec_production_cut_policy_shock;case_2022_abu_dhabi_oil_facility_attack,energy infrastructure disruption;oil supply policy shock;energy infrastructure disruption,aviation;defense;energy;oil_shipping;petrochemicals;refining,Saudi crude exports;UAE energy infrastructure;air defense systems;global crude benchmarks;jet fuel supply chains;petrochemical inputs;refinery feedstocks;regional crude exports;tanker routes;transport fuel costs,airlines;crude oil;defense contractors;energy producers;petrochemical producers;refiners;tanker operators;transportation companies,aviation,ETF,broad_proxy,"Ticker is an ETF, fund, or basket used as broad proxy exposure for the aviation node: Airline ETF exposed to fuel costs travel demand and route disruptions",6;7;8,8,potentially_broad,"Node label represents a broad function, sector, or channel in the current mapping vocabulary.",consistent,Supporting cases show overlapping event mechanisms or affected asset-type vocabulary.,broad,Mapped ticker is a broad_proxy instrument or ETF/basket exposure.,borderline,"Candidate has some ex-ante support, but at least one dimension is broad or mixed.",broad_node;broad_asset_mapping
v3_20240223_sovcomflot_sanctions,U.S. sanctions Sovcomflot and tankers tied to Russian oil shipping,war_and_sanctions_energy_disruption,aviation,DAL,Delta Air Lines Inc,sector_proxy,2,case_2024_ukraine_drone_attacks_russian_refineries;case_middle_east_oil_supply_disruption,wartime refinery disruption and refined-product supply risk;energy infrastructure disruption,aviation;energy;oil_shipping;petrochemicals;pipeline_infrastructure;refining,Russian refinery capacity;Saudi crude exports;diesel and gasoline export flows;global crude benchmarks;jet fuel supply chains;petrochemical feedstocks;petrochemical inputs;refinery feedstocks,airlines;crude oil;energy producers;petrochemical companies;petrochemical producers;refiners;tanker operators,aviation,Stock,direct_exposure,Core operations or products are directly tied to the aviation node: Airline exposed to jet fuel and international travel disruption risks,5;7,7,potentially_broad,"Node label represents a broad function, sector, or channel in the current mapping vocabulary.",consistent,Supporting cases show overlapping event mechanisms or affected asset-type vocabulary.,specific,"Mapped ticker is direct_exposure, though the node itself may be broad.",borderline,"Candidate has some ex-ante support, but at least one dimension is broad or mixed.",broad_node
v3_20240223_sovcomflot_sanctions,U.S. sanctions Sovcomflot and tankers tied to Russian oil shipping,war_and_sanctions_energy_disruption,aviation,JETS,U S Global Jets ETF,sector_proxy,2,case_2024_ukraine_drone_attacks_russian_refineries;case_middle_east_oil_supply_disruption,wartime refinery disruption and refined-product supply risk;energy infrastructure disruption,aviation;energy;oil_shipping;petrochemicals;pipeline_infrastructure;refining,Russian refinery capacity;Saudi crude exports;diesel and gasoline export flows;global crude benchmarks;jet fuel supply chains;petrochemical feedstocks;petrochemical inputs;refinery feedstocks,airlines;crude oil;energy producers;petrochemical companies;petrochemical producers;refiners;tanker operators,aviation,ETF,broad_proxy,"Ticker is an ETF, fund, or basket used as broad proxy exposure for the aviation node: Airline ETF exposed to fuel costs travel demand and route disruptions",5;7,7,potentially_broad,"Node label represents a broad function, sector, or channel in the current mapping vocabulary.",consistent,Supporting cases show overlapping event mechanisms or affected asset-type vocabulary.,broad,Mapped ticker is a broad_proxy instrument or ETF/basket exposure.,borderline,"Candidate has some ex-ante support, but at least one dimension is broad or mixed.",broad_node;broad_asset_mapping
v3_20240306_true_confidence_attack,Houthi anti-ship missile strikes M/V True Confidence in Gulf of Aden,maritime_security_disruption,aviation,DAL,Delta Air Lines Inc,sector_proxy,3,case_2017_north_korea_missile_escalation;case_2019_india_pakistan_airspace_closure;case_2022_abu_dhabi_oil_facility_attack,missile escalation and regional security risk;border military escalation and airspace disruption;energy infrastructure disruption,aviation;defense;energy;freight_routes;logistics;manufacturing_inputs;oil_shipping;petrochemicals;refining;semiconductor_equipment;trade_lanes,East Asian air routes;Europe-Asia long-haul flights;South Asia air routes;UAE energy infrastructure;air cargo schedules;air defense systems;electronics manufacturing supply chains;jet fuel supply chains;missile defense systems;regional crude exports;regional defense procurement;regional logistics networks;tanker routes,air cargo operators;airlines;crude oil;defense contractors;electronics manufacturers;energy producers;freight forwarders;logistics providers;manufacturers;refiners;regional exporters;tanker operators,aviation,Stock,direct_exposure,Core operations or products are directly tied to the aviation node: Airline exposed to jet fuel and international travel disruption risks,5;7;10,10,potentially_broad,"Node label represents a broad function, sector, or channel in the current mapping vocabulary.",mixed,"Supporting cases share related node context, but event mechanisms are only partially aligned.",specific,"Mapped ticker is direct_exposure, though the node itself may be broad.",borderline,"Candidate has some ex-ante support, but at least one dimension is broad or mixed.",broad_node
v3_20240306_true_confidence_attack,Houthi anti-ship missile strikes M/V True Confidence in Gulf of Aden,maritime_security_disruption,aviation,JETS,U S Global Jets ETF,sector_proxy,3,case_2017_north_korea_missile_escalation;case_2019_india_pakistan_airspace_closure;case_2022_abu_dhabi_oil_facility_attack,missile escalation and regional security risk;border military escalation and airspace disruption;energy infrastructure disruption,aviation;defense;energy;freight_routes;logistics;manufacturing_inputs;oil_shipping;petrochemicals;refining;semiconductor_equipment;trade_lanes,East Asian air routes;Europe-Asia long-haul flights;South Asia air routes;UAE energy infrastructure;air cargo schedules;air defense systems;electronics manufacturing supply chains;jet fuel supply chains;missile defense systems;regional crude exports;regional defense procurement;regional logistics networks;tanker routes,air cargo operators;airlines;crude oil;defense contractors;electronics manufacturers;energy producers;freight forwarders;logistics providers;manufacturers;refiners;regional exporters;tanker operators,aviation,ETF,broad_proxy,"Ticker is an ETF, fund, or basket used as broad proxy exposure for the aviation node: Airline ETF exposed to fuel costs travel demand and route disruptions",5;7;10,10,potentially_broad,"Node label represents a broad function, sector, or channel in the current mapping vocabulary.",mixed,"Supporting cases share related node context, but event mechanisms are only partially aligned.",broad,Mapped ticker is a broad_proxy instrument or ETF/basket exposure.,borderline,"Candidate has some ex-ante support, but at least one dimension is broad or mixed.",broad_node;broad_asset_mapping
v3_20240821_sounion_tanker_attack,MV Sounion oil tanker attacked in the Red Sea,maritime_security_disruption,aviation,DAL,Delta Air Lines Inc,sector_proxy,2,case_2022_abu_dhabi_oil_facility_attack;case_middle_east_oil_supply_disruption,energy infrastructure disruption;energy infrastructure disruption,aviation;defense;energy;oil_shipping;petrochemicals;refining,Saudi crude exports;UAE energy infrastructure;air defense systems;global crude benchmarks;jet fuel supply chains;petrochemical inputs;refinery feedstocks;regional crude exports;tanker routes,airlines;crude oil;defense contractors;energy producers;petrochemical producers;refiners;tanker operators,aviation,Stock,direct_exposure,Core operations or products are directly tied to the aviation node: Airline exposed to jet fuel and international travel disruption risks,5;6,6,potentially_broad,"Node label represents a broad function, sector, or channel in the current mapping vocabulary.",consistent,Supporting cases show overlapping event mechanisms or affected asset-type vocabulary.,specific,"Mapped ticker is direct_exposure, though the node itself may be broad.",borderline,"Candidate has some ex-ante support, but at least one dimension is broad or mixed.",broad_node
v3_20240821_sounion_tanker_attack,MV Sounion oil tanker attacked in the Red Sea,maritime_security_disruption,aviation,JETS,U S Global Jets ETF,sector_proxy,2,case_2022_abu_dhabi_oil_facility_attack;case_middle_east_oil_supply_disruption,energy infrastructure disruption;energy infrastructure disruption,aviation;defense;energy;oil_shipping;petrochemicals;refining,Saudi crude exports;UAE energy infrastructure;air defense systems;global crude benchmarks;jet fuel supply chains;petrochemical inputs;refinery feedstocks;regional crude exports;tanker routes,airlines;crude oil;defense contractors;energy producers;petrochemical producers;refiners;tanker operators,aviation,ETF,broad_proxy,"Ticker is an ETF, fund, or basket used as broad proxy exposure for the aviation node: Airline ETF exposed to fuel costs travel demand and route disruptions",5;6,6,potentially_broad,"Node label represents a broad function, sector, or channel in the current mapping vocabulary.",consistent,Supporting cases show overlapping event mechanisms or affected asset-type vocabulary.,broad,Mapped ticker is a broad_proxy instrument or ETF/basket exposure.,borderline,"Candidate has some ex-ante support, but at least one dimension is broad or mixed.",broad_node;broad_asset_mapping
v3_20250201_canada_mexico_china_tariffs,"U.S. imposes tariffs on imports from Canada, Mexico and China",trade_policy_and_tariffs,battery_materials,ALB,Albemarle Corporation,sector_proxy,3,case_2024_ev_tariff_escalation_china;case_2023_panama_cobre_mine_closure;case_2023_china_graphite_battery_export_controls,tariff escalation and clean technology trade restriction;resource contract dispute and critical mineral supply disruption;battery material export controls,battery_materials;critical_minerals;customs;gallium_germanium_graphite;graphite;logistics;manufacturing_inputs;ports;trade_lanes,EV battery supply chains;EV import flows;Panama copper concentrate supply;battery and grid supply chains;battery cell inputs;battery component supply chains;clean technology manufacturing inputs;critical mineral processing capacity;graphite anode materials;industrial copper inputs;mine export logistics;solar equipment imports,EV manufacturers;battery material producers;battery suppliers;battery supply chains;commodity traders;critical mineral processors;electronics supply chains;graphite miners;industrial manufacturers;logistics providers;manufacturers;miners;port operators;solar equipment producers,battery_materials,Stock,direct_exposure,Core operations or products are directly tied to the battery_materials node: Lithium producer exposed to battery material supply chains,2;6;7,7,specific,Node maps to operating-company/direct exposures in a concentrated asset vocabulary.,mixed,"Supporting cases share related node context, but event mechanisms are only partially aligned.",specific,Mapped ticker has direct_exposure metadata for a specific node.,borderline,"Candidate has some ex-ante support, but at least one dimension is broad or mixed.",
v3_20250201_canada_mexico_china_tariffs,"U.S. imposes tariffs on imports from Canada, Mexico and China",trade_policy_and_tariffs,battery_materials,LIT,Global X Lithium & Battery Tech ETF,sector_proxy,3,case_2024_ev_tariff_escalation_china;case_2023_panama_cobre_mine_closure;case_2023_china_graphite_battery_export_controls,tariff escalation and clean technology trade restriction;resource contract dispute and critical mineral supply disruption;battery material export controls,battery_materials;critical_minerals;customs;gallium_germanium_graphite;graphite;logistics;manufacturing_inputs;ports;trade_lanes,EV battery supply chains;EV import flows;Panama copper concentrate supply;battery and grid supply chains;battery cell inputs;battery component supply chains;clean technology manufacturing inputs;critical mineral processing capacity;graphite anode materials;industrial copper inputs;mine export logistics;solar equipment imports,EV manufacturers;battery material producers;battery suppliers;battery supply chains;commodity traders;critical mineral processors;electronics supply chains;graphite miners;industrial manufacturers;logistics providers;manufacturers;miners;port operators;solar equipment producers,battery_materials,ETF,broad_proxy,"Ticker is an ETF, fund, or basket used as broad proxy exposure for the battery_materials node: Basket exposure to lithium battery materials and battery technology supply chains",2;6;7,7,specific,Node maps to operating-company/direct exposures in a concentrated asset vocabulary.,mixed,"Supporting cases share related node context, but event mechanisms are only partially aligned.",broad,Mapped ticker is a broad_proxy instrument or ETF/basket exposure.,borderline,"Candidate has some ex-ante support, but at least one dimension is broad or mixed.",broad_asset_mapping
eval_dutch_asml_export_controls,eval_dutch_asml_export_controls,technology_export_controls,critical_minerals,PICK,iShares MSCI Global Metals & Mining Producers ETF,sector_proxy,3,case_2010_china_japan_rare_earth_embargo;case_2021_xinjiang_forced_labor_import_restrictions;case_china_gallium_germanium_graphite_controls,rare earth export restriction and electronics input disruption;forced-labor import restriction and customs compliance risk;critical minerals export controls,ai_chips;critical_minerals;customs;defense;gallium_germanium_graphite;logistics;manufacturing_inputs;rare_earths;semiconductor_equipment;trade_lanes,battery material supply chains;compound semiconductor inputs;customs compliance workflows;defense and automotive supply chains;electronics components;electronics imports;gallium and germanium supply;graphite anode materials;magnet materials;polysilicon-linked inputs;rare earth oxide supply;solar module supply chains,EV supply chains;automakers;battery manufacturers;clean technology manufacturers;critical mineral processors;customs brokers;defense contractors;electronics importers;electronics manufacturers;logistics providers;rare earth producers;retailers;semiconductor suppliers;solar equipment manufacturers;solar equipment producers,critical_minerals,ETF,broad_proxy,"Ticker is an ETF, fund, or basket used as broad proxy exposure for the critical_minerals node: Broad metals and mining producer ETF with critical materials exposure",8;9;10,10,potentially_broad,"All mapped assets for this node are broad proxies, suggesting category-level rather than mechanism-specific exposure.",mixed,"Supporting cases share related node context, but event mechanisms are only partially aligned.",broad,Mapped ticker is a broad_proxy instrument or ETF/basket exposure.,borderline,"Candidate has some ex-ante support, but at least one dimension is broad or mixed.",broad_node;broad_asset_mapping
eval_dutch_asml_export_controls,eval_dutch_asml_export_controls,technology_export_controls,critical_minerals,REMX,VanEck Rare Earth and Strategic Metals ETF,sector_proxy,3,case_2010_china_japan_rare_earth_embargo;case_2021_xinjiang_forced_labor_import_restrictions;case_china_gallium_germanium_graphite_controls,rare earth export restriction and electronics input disruption;forced-labor import restriction and customs compliance risk;critical minerals export controls,ai_chips;critical_minerals;customs;defense;gallium_germanium_graphite;logistics;manufacturing_inputs;rare_earths;semiconductor_equipment;trade_lanes,battery material supply chains;compound semiconductor inputs;customs compliance workflows;defense and automotive supply chains;electronics components;electronics imports;gallium and germanium supply;graphite anode materials;magnet materials;polysilicon-linked inputs;rare earth oxide supply;solar module supply chains,EV supply chains;automakers;battery manufacturers;clean technology manufacturers;critical mineral processors;customs brokers;defense contractors;electronics importers;electronics manufacturers;logistics providers;rare earth producers;retailers;semiconductor suppliers;solar equipment manufacturers;solar equipment producers,critical_minerals,ETF,broad_proxy,"Ticker is an ETF, fund, or basket used as broad proxy exposure for the critical_minerals node: Basket exposure to rare earth and strategic metals producers used in critical supply chains",8;9;10,10,potentially_broad,"All mapped assets for this node are broad proxies, suggesting category-level rather than mechanism-specific exposure.",mixed,"Supporting cases share related node context, but event mechanisms are only partially aligned.",broad,Mapped ticker is a broad_proxy instrument or ETF/basket exposure.,borderline,"Candidate has some ex-ante support, but at least one dimension is broad or mixed.",broad_node;broad_asset_mapping
eval_huawei_entity_list,eval_huawei_entity_list,technology_export_controls,critical_minerals,PICK,iShares MSCI Global Metals & Mining Producers ETF,sector_proxy,2,case_2021_xinjiang_forced_labor_import_restrictions;case_2010_china_japan_rare_earth_embargo,forced-labor import restriction and customs compliance risk;rare earth export restriction and electronics input disruption,critical_minerals;customs;defense;logistics;manufacturing_inputs;rare_earths;trade_lanes,customs compliance workflows;defense and automotive supply chains;electronics components;electronics imports;magnet materials;polysilicon-linked inputs;rare earth oxide supply;solar module supply chains,automakers;clean technology manufacturers;customs brokers;defense contractors;electronics importers;electronics manufacturers;logistics providers;rare earth producers;retailers;solar equipment manufacturers,critical_minerals,ETF,broad_proxy,"Ticker is an ETF, fund, or basket used as broad proxy exposure for the critical_minerals node: Broad metals and mining producer ETF with critical materials exposure",7;8,8,potentially_broad,"All mapped assets for this node are broad proxies, suggesting category-level rather than mechanism-specific exposure.",mixed,"Supporting cases share related node context, but event mechanisms are only partially aligned.",broad,Mapped ticker is a broad_proxy instrument or ETF/basket exposure.,borderline,"Candidate has some ex-ante support, but at least one dimension is broad or mixed.",broad_node;broad_asset_mapping
eval_huawei_entity_list,eval_huawei_entity_list,technology_export_controls,critical_minerals,REMX,VanEck Rare Earth and Strategic Metals ETF,sector_proxy,2,case_2021_xinjiang_forced_labor_import_restrictions;case_2010_china_japan_rare_earth_embargo,forced-labor import restriction and customs compliance risk;rare earth export restriction and electronics input disruption,critical_minerals;customs;defense;logistics;manufacturing_inputs;rare_earths;trade_lanes,customs compliance workflows;defense and automotive supply chains;electronics components;electronics imports;magnet materials;polysilicon-linked inputs;rare earth oxide supply;solar module supply chains,automakers;clean technology manufacturers;customs brokers;defense contractors;electronics importers;electronics manufacturers;logistics providers;rare earth producers;retailers;solar equipment manufacturers,critical_minerals,ETF,broad_proxy,"Ticker is an ETF, fund, or basket used as broad proxy exposure for the critical_minerals node: Basket exposure to rare earth and strategic metals producers used in critical supply chains",7;8,8,potentially_broad,"All mapped assets for this node are broad proxies, suggesting category-level rather than mechanism-specific exposure.",mixed,"Supporting cases share related node context, but event mechanisms are only partially aligned.",broad,Mapped ticker is a broad_proxy instrument or ETF/basket exposure.,borderline,"Candidate has some ex-ante support, but at least one dimension is broad or mixed.",broad_node;broad_asset_mapping
eval_semiconductor_export_controls,eval_semiconductor_export_controls,technology_export_controls,critical_minerals,PICK,iShares MSCI Global Metals & Mining Producers ETF,sector_proxy,2,case_2010_china_japan_rare_earth_embargo;case_china_gallium_germanium_graphite_controls,rare earth export restriction and electronics input disruption;critical minerals export controls,ai_chips;critical_minerals;customs;defense;gallium_germanium_graphite;manufacturing_inputs;rare_earths;semiconductor_equipment;trade_lanes,battery material supply chains;compound semiconductor inputs;defense and automotive supply chains;electronics components;gallium and germanium supply;graphite anode materials;magnet materials;rare earth oxide supply,EV supply chains;automakers;battery manufacturers;clean technology manufacturers;critical mineral processors;defense contractors;electronics manufacturers;rare earth producers;semiconductor suppliers;solar equipment producers,critical_minerals,ETF,broad_proxy,"Ticker is an ETF, fund, or basket used as broad proxy exposure for the critical_minerals node: Broad metals and mining producer ETF with critical materials exposure",7;9,9,potentially_broad,"All mapped assets for this node are broad proxies, suggesting category-level rather than mechanism-specific exposure.",mixed,Cases share the node but available structured metadata indicates mixed transmission context.,broad,Mapped ticker is a broad_proxy instrument or ETF/basket exposure.,borderline,"Candidate has some ex-ante support, but at least one dimension is broad or mixed.",broad_node;broad_asset_mapping
eval_semiconductor_export_controls,eval_semiconductor_export_controls,technology_export_controls,critical_minerals,REMX,VanEck Rare Earth and Strategic Metals ETF,sector_proxy,2,case_2010_china_japan_rare_earth_embargo;case_china_gallium_germanium_graphite_controls,rare earth export restriction and electronics input disruption;critical minerals export controls,ai_chips;critical_minerals;customs;defense;gallium_germanium_graphite;manufacturing_inputs;rare_earths;semiconductor_equipment;trade_lanes,battery material supply chains;compound semiconductor inputs;defense and automotive supply chains;electronics components;gallium and germanium supply;graphite anode materials;magnet materials;rare earth oxide supply,EV supply chains;automakers;battery manufacturers;clean technology manufacturers;critical mineral processors;defense contractors;electronics manufacturers;rare earth producers;semiconductor suppliers;solar equipment producers,critical_minerals,ETF,broad_proxy,"Ticker is an ETF, fund, or basket used as broad proxy exposure for the critical_minerals node: Basket exposure to rare earth and strategic metals producers used in critical supply chains",7;9,9,potentially_broad,"All mapped assets for this node are broad proxies, suggesting category-level rather than mechanism-specific exposure.",mixed,Cases share the node but available structured metadata indicates mixed transmission context.,broad,Mapped ticker is a broad_proxy instrument or ETF/basket exposure.,borderline,"Candidate has some ex-ante support, but at least one dimension is broad or mixed.",broad_node;broad_asset_mapping
hard_semiconductor_controls_paraphrased,hard_semiconductor_controls_paraphrased,technology_export_controls,critical_minerals,PICK,iShares MSCI Global Metals & Mining Producers ETF,sector_proxy,3,case_2021_xinjiang_forced_labor_import_restrictions;case_2010_china_japan_rare_earth_embargo;case_2024_ev_tariff_escalation_china,forced-labor import restriction and customs compliance risk;rare earth export restriction and electronics input disruption;tariff escalation and clean technology trade restriction,battery_materials;critical_minerals;customs;defense;logistics;manufacturing_inputs;rare_earths;trade_lanes,EV import flows;battery component supply chains;clean technology manufacturing inputs;customs compliance workflows;defense and automotive supply chains;electronics components;electronics imports;magnet materials;polysilicon-linked inputs;rare earth oxide supply;solar equipment imports;solar module supply chains,EV manufacturers;automakers;battery suppliers;clean technology manufacturers;customs brokers;defense contractors;electronics importers;electronics manufacturers;logistics providers;manufacturers;rare earth producers;retailers;solar equipment manufacturers;solar equipment producers,critical_minerals,ETF,broad_proxy,"Ticker is an ETF, fund, or basket used as broad proxy exposure for the critical_minerals node: Broad metals and mining producer ETF with critical materials exposure",6;9;10,10,potentially_broad,"All mapped assets for this node are broad proxies, suggesting category-level rather than mechanism-specific exposure.",mixed,"Supporting cases share related node context, but event mechanisms are only partially aligned.",broad,Mapped ticker is a broad_proxy instrument or ETF/basket exposure.,borderline,"Candidate has some ex-ante support, but at least one dimension is broad or mixed.",broad_node;broad_asset_mapping
hard_semiconductor_controls_paraphrased,hard_semiconductor_controls_paraphrased,technology_export_controls,critical_minerals,REMX,VanEck Rare Earth and Strategic Metals ETF,sector_proxy,3,case_2021_xinjiang_forced_labor_import_restrictions;case_2010_china_japan_rare_earth_embargo;case_2024_ev_tariff_escalation_china,forced-labor import restriction and customs compliance risk;rare earth export restriction and electronics input disruption;tariff escalation and clean technology trade restriction,battery_materials;critical_minerals;customs;defense;logistics;manufacturing_inputs;rare_earths;trade_lanes,EV import flows;battery component supply chains;clean technology manufacturing inputs;customs compliance workflows;defense and automotive supply chains;electronics components;electronics imports;magnet materials;polysilicon-linked inputs;rare earth oxide supply;solar equipment imports;solar module supply chains,EV manufacturers;automakers;battery suppliers;clean technology manufacturers;customs brokers;defense contractors;electronics importers;electronics manufacturers;logistics providers;manufacturers;rare earth producers;retailers;solar equipment manufacturers;solar equipment producers,critical_minerals,ETF,broad_proxy,"Ticker is an ETF, fund, or basket used as broad proxy exposure for the critical_minerals node: Basket exposure to rare earth and strategic metals producers used in critical supply chains",6;9;10,10,potentially_broad,"All mapped assets for this node are broad proxies, suggesting category-level rather than mechanism-specific exposure.",mixed,"Supporting cases share related node context, but event mechanisms are only partially aligned.",broad,Mapped ticker is a broad_proxy instrument or ETF/basket exposure.,borderline,"Candidate has some ex-ante support, but at least one dimension is broad or mixed.",broad_node;broad_asset_mapping
eval_panama_canal_drought_shipping,eval_panama_canal_drought_shipping,canal_shipping_disruption,customs,CHRW,C H Robinson Worldwide Inc,sector_proxy,3,case_2022_india_wheat_export_ban;case_2008_rice_export_restrictions_food_security;case_2023_panama_cobre_mine_closure,food export ban and grain trade restriction;food export controls and agricultural trade disruption;resource contract dispute and critical mineral supply disruption,agriculture;battery_materials;critical_minerals;customs;food_export_controls;grain_exports;logistics;manufacturing_inputs;ports;trade_lanes,Panama copper concentrate supply;agricultural logistics;agricultural trade lanes;battery and grid supply chains;food manufacturing inputs;food processing inputs;grain import procurement;grain import supply chains;industrial copper inputs;mine export logistics;rice export flows;wheat export flows,agricultural commodities;agricultural processors;battery supply chains;commodity funds;commodity traders;fertilizer producers;food producers;grain traders;industrial manufacturers;logistics providers;miners;port operators,customs,Stock,related_exposure,"Freight brokerage and logistics services are affected by customs flows, but customs is one operating component within broader logistics activity.",5;7;10,10,potentially_broad,"Node label represents a broad function, sector, or channel in the current mapping vocabulary.",mixed,"Supporting cases share related node context, but event mechanisms are only partially aligned.",broad,Mapping is economically related but indirect/diversified according to asset_mapping metadata.,borderline,"Candidate has some ex-ante support, but at least one dimension is broad or mixed.",broad_node;broad_asset_mapping
eval_panama_canal_drought_shipping,eval_panama_canal_drought_shipping,canal_shipping_disruption,customs,DSGX,The Descartes Systems Group Inc,sector_proxy,3,case_2022_india_wheat_export_ban;case_2008_rice_export_restrictions_food_security;case_2023_panama_cobre_mine_closure,food export ban and grain trade restriction;food export controls and agricultural trade disruption;resource contract dispute and critical mineral supply disruption,agriculture;battery_materials;critical_minerals;customs;food_export_controls;grain_exports;logistics;manufacturing_inputs;ports;trade_lanes,Panama copper concentrate supply;agricultural logistics;agricultural trade lanes;battery and grid supply chains;food manufacturing inputs;food processing inputs;grain import procurement;grain import supply chains;industrial copper inputs;mine export logistics;rice export flows;wheat export flows,agricultural commodities;agricultural processors;battery supply chains;commodity funds;commodity traders;fertilizer producers;food producers;grain traders;industrial manufacturers;logistics providers;miners;port operators,customs,Stock,direct_exposure,Core operations or products are directly tied to the customs node: Logistics software provider with customs and trade compliance exposure,5;7;10,10,potentially_broad,"Node label represents a broad function, sector, or channel in the current mapping vocabulary.",mixed,"Supporting cases share related node context, but event mechanisms are only partially aligned.",specific,"Mapped ticker is direct_exposure, though the node itself may be broad.",borderline,"Candidate has some ex-ante support, but at least one dimension is broad or mixed.",broad_node
eval_suez_canal_blockage,eval_suez_canal_blockage,shipping_chokepoint_disruption,customs,CHRW,C H Robinson Worldwide Inc,sector_proxy,2,case_2022_turkey_strait_tanker_insurance_backlog;case_2019_cosco_shipping_sanctions_tanker_market,maritime insurance verification and tanker-route disruption;shipping sanctions and marine insurance compliance disruption,customs;financial_sanctions;freight_routes;logistics;marine_insurance;maritime_chokepoint;oil_shipping;payment_networks;trade_lanes,Black Sea oil cargoes;Turkish straits tanker transits;crude tanker chartering;energy trade compliance workflows;energy trade payments;marine insurance approvals;marine insurance documentation;sanctions-screened oil cargoes,banks;energy traders;freight brokers;logistics providers;marine insurers;tanker operators;trade compliance providers,customs,Stock,related_exposure,"Freight brokerage and logistics services are affected by customs flows, but customs is one operating component within broader logistics activity.",5;10,10,potentially_broad,"Node label represents a broad function, sector, or channel in the current mapping vocabulary.",consistent,Supporting cases show overlapping event mechanisms or affected asset-type vocabulary.,broad,Mapping is economically related but indirect/diversified according to asset_mapping metadata.,borderline,"Candidate has some ex-ante support, but at least one dimension is broad or mixed.",broad_node;broad_asset_mapping
eval_suez_canal_blockage,eval_suez_canal_blockage,shipping_chokepoint_disruption,customs,DSGX,The Descartes Systems Group Inc,sector_proxy,2,case_2022_turkey_strait_tanker_insurance_backlog;case_2019_cosco_shipping_sanctions_tanker_market,maritime insurance verification and tanker-route disruption;shipping sanctions and marine insurance compliance disruption,customs;financial_sanctions;freight_routes;logistics;marine_insurance;maritime_chokepoint;oil_shipping;payment_networks;trade_lanes,Black Sea oil cargoes;Turkish straits tanker transits;crude tanker chartering;energy trade compliance workflows;energy trade payments;marine insurance approvals;marine insurance documentation;sanctions-screened oil cargoes,banks;energy traders;freight brokers;logistics providers;marine insurers;tanker operators;trade compliance providers,customs,Stock,direct_exposure,Core operations or products are directly tied to the customs node: Logistics software provider with customs and trade compliance exposure,5;10,10,potentially_broad,"Node label represents a broad function, sector, or channel in the current mapping vocabulary.",consistent,Supporting cases show overlapping event mechanisms or affected asset-type vocabulary.,specific,"Mapped ticker is direct_exposure, though the node itself may be broad.",borderline,"Candidate has some ex-ante support, but at least one dimension is broad or mixed.",broad_node
v3_20240223_sovcomflot_sanctions,U.S. sanctions Sovcomflot and tankers tied to Russian oil shipping,war_and_sanctions_energy_disruption,customs,CHRW,C H Robinson Worldwide Inc,sector_proxy,3,case_2019_cosco_shipping_sanctions_tanker_market;case_2014_crimea_financial_sanctions;case_2022_turkey_strait_tanker_insurance_backlog,shipping sanctions and marine insurance compliance disruption;financial sanctions and trade finance restriction;maritime insurance verification and tanker-route disruption,customs;energy;financial_sanctions;freight_routes;logistics;manufacturing_inputs;marine_insurance;maritime_chokepoint;oil_shipping;payment_networks;trade_lanes,Black Sea oil cargoes;Russia-linked trade finance;Turkish straits tanker transits;cross-border payment flows;crude tanker chartering;energy trade compliance workflows;energy trade payments;energy-sector financing;marine insurance approvals;marine insurance documentation;sanctions compliance systems;sanctions-screened oil cargoes,banks;energy companies;energy traders;freight brokers;industrial exporters;logistics firms;logistics providers;marine insurers;tanker operators;trade compliance providers;trade finance providers,customs,Stock,related_exposure,"Freight brokerage and logistics services are affected by customs flows, but customs is one operating component within broader logistics activity.",6;8;9,9,potentially_broad,"Node label represents a broad function, sector, or channel in the current mapping vocabulary.",mixed,"Supporting cases share related node context, but event mechanisms are only partially aligned.",broad,Mapping is economically related but indirect/diversified according to asset_mapping metadata.,borderline,"Candidate has some ex-ante support, but at least one dimension is broad or mixed.",broad_node;broad_asset_mapping
v3_20240223_sovcomflot_sanctions,U.S. sanctions Sovcomflot and tankers tied to Russian oil shipping,war_and_sanctions_energy_disruption,customs,DSGX,The Descartes Systems Group Inc,sector_proxy,3,case_2019_cosco_shipping_sanctions_tanker_market;case_2014_crimea_financial_sanctions;case_2022_turkey_strait_tanker_insurance_backlog,shipping sanctions and marine insurance compliance disruption;financial sanctions and trade finance restriction;maritime insurance verification and tanker-route disruption,customs;energy;financial_sanctions;freight_routes;logistics;manufacturing_inputs;marine_insurance;maritime_chokepoint;oil_shipping;payment_networks;trade_lanes,Black Sea oil cargoes;Russia-linked trade finance;Turkish straits tanker transits;cross-border payment flows;crude tanker chartering;energy trade compliance workflows;energy trade payments;energy-sector financing;marine insurance approvals;marine insurance documentation;sanctions compliance systems;sanctions-screened oil cargoes,banks;energy companies;energy traders;freight brokers;industrial exporters;logistics firms;logistics providers;marine insurers;tanker operators;trade compliance providers;trade finance providers,customs,Stock,direct_exposure,Core operations or products are directly tied to the customs node: Logistics software provider with customs and trade compliance exposure,6;8;9,9,potentially_broad,"Node label represents a broad function, sector, or channel in the current mapping vocabulary.",mixed,"Supporting cases share related node context, but event mechanisms are only partially aligned.",specific,"Mapped ticker is direct_exposure, though the node itself may be broad.",borderline,"Candidate has some ex-ante support, but at least one dimension is broad or mixed.",broad_node
eval_suez_canal_blockage,eval_suez_canal_blockage,shipping_chokepoint_disruption,cyber_infrastructure,CIBR,First Trust NASDAQ Cybersecurity ETF,sector_proxy,2,case_2023_dp_world_australia_cyber_port_disruption;case_2017_notpetya_shipping_logistics_cyberattack,cyberattack on port logistics infrastructure;geopolitical cyberattack and logistics disruption,container_shipping;cyber_infrastructure;freight_routes;logistics;manufacturing_inputs;ports;trade_lanes,Asia-Pacific freight routes;Australian container terminals;container booking systems;global freight schedules;manufacturing delivery networks;port operating systems;retail import logistics;terminal operations,container shipping companies;cybersecurity providers;freight forwarders;logistics providers;manufacturers;port operators;retailers;shipping companies,cyber_infrastructure,ETF,broad_proxy,"Ticker is an ETF, fund, or basket used as broad proxy exposure for the cyber_infrastructure node: Cybersecurity ETF exposure to companies supporting infrastructure cyber resilience",6;8,8,specific,Node maps to operating-company/direct exposures in a concentrated asset vocabulary.,consistent,Supporting cases show overlapping event mechanisms or affected asset-type vocabulary.,broad,Mapped ticker is a broad_proxy instrument or ETF/basket exposure.,borderline,"Candidate has some ex-ante support, but at least one dimension is broad or mixed.",broad_asset_mapping
eval_us_china_tariffs,eval_us_china_tariffs,trade_policy_and_tariffs,data_centers,DLR,Digital Realty Trust Inc,sector_proxy,2,case_2019_huawei_entity_list;case_2023_japan_chip_equipment_export_controls,technology sanctions and trade restrictions;semiconductor equipment export control and customs licensing risk,ai_chips;customs;data_centers;eda_software;foundry;manufacturing_inputs;semiconductor_equipment,AI accelerator supply chains;Huawei supply chain;Japanese chipmaking tools;US chip suppliers;advanced foundry capacity;data center hardware procurement;mobile device software ecosystems;telecom carrier procurement plans,5G infrastructure;AI chip designers;consumer electronics;data center operators;electronics manufacturers;foundries;semiconductor equipment suppliers;semiconductor suppliers;software providers;telecom equipment vendors,data_centers,REIT,direct_exposure,Core operations or products are directly tied to the data_centers node: Data center REIT with global colocation and cloud infrastructure exposure,8;10,10,specific,Node maps to operating-company/direct exposures in a concentrated asset vocabulary.,mixed,"Supporting cases share related node context, but event mechanisms are only partially aligned.",specific,Mapped ticker has direct_exposure metadata for a specific node.,borderline,"Candidate has some ex-ante support, but at least one dimension is broad or mixed.",
eval_us_china_tariffs,eval_us_china_tariffs,trade_policy_and_tariffs,data_centers,EQIX,Equinix Inc,sector_proxy,2,case_2019_huawei_entity_list;case_2023_japan_chip_equipment_export_controls,technology sanctions and trade restrictions;semiconductor equipment export control and customs licensing risk,ai_chips;customs;data_centers;eda_software;foundry;manufacturing_inputs;semiconductor_equipment,AI accelerator supply chains;Huawei supply chain;Japanese chipmaking tools;US chip suppliers;advanced foundry capacity;data center hardware procurement;mobile device software ecosystems;telecom carrier procurement plans,5G infrastructure;AI chip designers;consumer electronics;data center operators;electronics manufacturers;foundries;semiconductor equipment suppliers;semiconductor suppliers;software providers;telecom equipment vendors,data_centers,REIT,direct_exposure,Core operations or products are directly tied to the data_centers node: Data center REIT exposed to cloud and colocation demand,8;10,10,specific,Node maps to operating-company/direct exposures in a concentrated asset vocabulary.,mixed,"Supporting cases share related node context, but event mechanisms are only partially aligned.",specific,Mapped ticker has direct_exposure metadata for a specific node.,borderline,"Candidate has some ex-ante support, but at least one dimension is broad or mixed.",
eval_china_graphite_battery_controls,eval_china_graphite_battery_controls,critical_minerals_export_controls,defense,ITA,iShares U S Aerospace & Defense ETF,sector_proxy,2,case_rare_earth_export_restriction_risk;case_2010_china_japan_rare_earth_embargo,critical minerals export restriction;rare earth export restriction and electronics input disruption,critical_minerals;customs;defense;energy;manufacturing_inputs;rare_earths;trade_lanes,EV motor components;defense and automotive supply chains;defense sensor components;electronics components;magnet materials;permanent magnet supply chains;rare earth oxide supply;wind turbine components,EV supply chains;automakers;clean technology manufacturers;defense contractors;defense electronics suppliers;electronics manufacturers;magnet producers;rare earth miners;rare earth producers;wind turbine manufacturers,defense,ETF,broad_proxy,"Ticker is an ETF, fund, or basket used as broad proxy exposure for the defense node: ETF exposure to US aerospace and defense companies",3;8,8,potentially_broad,"Node label represents a broad function, sector, or channel in the current mapping vocabulary.",mixed,"Supporting cases share related node context, but event mechanisms are only partially aligned.",broad,Mapped ticker is a broad_proxy instrument or ETF/basket exposure.,borderline,"Candidate has some ex-ante support, but at least one dimension is broad or mixed.",broad_node;broad_asset_mapping
eval_china_graphite_battery_controls,eval_china_graphite_battery_controls,critical_minerals_export_controls,defense,LMT,Lockheed Martin Corporation,sector_proxy,2,case_rare_earth_export_restriction_risk;case_2010_china_japan_rare_earth_embargo,critical minerals export restriction;rare earth export restriction and electronics input disruption,critical_minerals;customs;defense;energy;manufacturing_inputs;rare_earths;trade_lanes,EV motor components;defense and automotive supply chains;defense sensor components;electronics components;magnet materials;permanent magnet supply chains;rare earth oxide supply;wind turbine components,EV supply chains;automakers;clean technology manufacturers;defense contractors;defense electronics suppliers;electronics manufacturers;magnet producers;rare earth miners;rare earth producers;wind turbine manufacturers,defense,Stock,direct_exposure,Core operations or products are directly tied to the defense node: Defense contractor exposed to government security and defense spending priorities,3;8,8,potentially_broad,"Node label represents a broad function, sector, or channel in the current mapping vocabulary.",mixed,"Supporting cases share related node context, but event mechanisms are only partially aligned.",specific,"Mapped ticker is direct_exposure, though the node itself may be broad.",borderline,"Candidate has some ex-ante support, but at least one dimension is broad or mixed.",broad_node
eval_dutch_asml_export_controls,eval_dutch_asml_export_controls,technology_export_controls,defense,ITA,iShares U S Aerospace & Defense ETF,sector_proxy,3,case_2024_taiwan_strait_drills_semiconductor_supply;case_taiwan_strait_semiconductor_risk;case_2010_china_japan_rare_earth_embargo,taiwan strait semiconductor supply-chain disruption;regional military tension and semiconductor supply risk;rare earth export restriction and electronics input disruption,ai_chips;critical_minerals;customs;data_centers;defense;foundry;manufacturing_inputs;rare_earths;semiconductor_equipment;taiwan_semiconductor_supply;trade_lanes,AI accelerator supply chains;Taiwan advanced foundry capacity;Taiwan semiconductor fabrication capacity;advanced GPU supply chains;cloud data center hardware;consumer electronics supply chains;defense and automotive supply chains;electronics components;electronics hardware supply;magnet materials;rare earth oxide supply;semiconductor equipment demand planning,AI chip designers;advanced chip designers;automakers;clean technology manufacturers;data center suppliers;defense contractors;electronics manufacturers;rare earth producers;semiconductor equipment companies;semiconductor foundries,defense,ETF,broad_proxy,"Ticker is an ETF, fund, or basket used as broad proxy exposure for the defense node: ETF exposure to US aerospace and defense companies",6;7;8,8,potentially_broad,"Node label represents a broad function, sector, or channel in the current mapping vocabulary.",consistent,Supporting cases show overlapping event mechanisms or affected asset-type vocabulary.,broad,Mapped ticker is a broad_proxy instrument or ETF/basket exposure.,borderline,"Candidate has some ex-ante support, but at least one dimension is broad or mixed.",broad_node;broad_asset_mapping
eval_dutch_asml_export_controls,eval_dutch_asml_export_controls,technology_export_controls,defense,LMT,Lockheed Martin Corporation,sector_proxy,3,case_2024_taiwan_strait_drills_semiconductor_supply;case_taiwan_strait_semiconductor_risk;case_2010_china_japan_rare_earth_embargo,taiwan strait semiconductor supply-chain disruption;regional military tension and semiconductor supply risk;rare earth export restriction and electronics input disruption,ai_chips;critical_minerals;customs;data_centers;defense;foundry;manufacturing_inputs;rare_earths;semiconductor_equipment;taiwan_semiconductor_supply;trade_lanes,AI accelerator supply chains;Taiwan advanced foundry capacity;Taiwan semiconductor fabrication capacity;advanced GPU supply chains;cloud data center hardware;consumer electronics supply chains;defense and automotive supply chains;electronics components;electronics hardware supply;magnet materials;rare earth oxide supply;semiconductor equipment demand planning,AI chip designers;advanced chip designers;automakers;clean technology manufacturers;data center suppliers;defense contractors;electronics manufacturers;rare earth producers;semiconductor equipment companies;semiconductor foundries,defense,Stock,direct_exposure,Core operations or products are directly tied to the defense node: Defense contractor exposed to government security and defense spending priorities,6;7;8,8,potentially_broad,"Node label represents a broad function, sector, or channel in the current mapping vocabulary.",consistent,Supporting cases show overlapping event mechanisms or affected asset-type vocabulary.,specific,"Mapped ticker is direct_exposure, though the node itself may be broad.",borderline,"Candidate has some ex-ante support, but at least one dimension is broad or mixed.",broad_node
eval_middle_east_oil_infrastructure_attack,eval_middle_east_oil_infrastructure_attack,energy_infrastructure_disruption,defense,ITA,iShares U S Aerospace & Defense ETF,sector_proxy,3,case_2022_abu_dhabi_oil_facility_attack;case_israel_iran_escalation_energy_risk;case_1987_1988_tanker_war_reflagging,energy infrastructure disruption;regional military escalation and energy chokepoint risk;maritime chokepoint security and oil shipping disruption,aviation;defense;energy;freight_routes;lng_shipping;logistics;marine_insurance;maritime_chokepoint;oil_shipping;petrochemicals;refining,LNG cargo flows;Persian Gulf crude exports;Persian Gulf tanker routes;UAE energy infrastructure;air defense systems;crude oil cargo schedules;energy shipping logistics;jet fuel supply chains;marine insurance premiums;marine war-risk insurance;regional crude exports;regional defense demand;tanker routes,LNG;airlines;crude oil;defense contractors;energy producers;logistics providers;marine insurers;refiners;tanker operators,defense,ETF,broad_proxy,"Ticker is an ETF, fund, or basket used as broad proxy exposure for the defense node: ETF exposure to US aerospace and defense companies",2;6;9,9,potentially_broad,"Node label represents a broad function, sector, or channel in the current mapping vocabulary.",consistent,Supporting cases show overlapping event mechanisms or affected asset-type vocabulary.,broad,Mapped ticker is a broad_proxy instrument or ETF/basket exposure.,borderline,"Candidate has some ex-ante support, but at least one dimension is broad or mixed.",broad_node;broad_asset_mapping
eval_middle_east_oil_infrastructure_attack,eval_middle_east_oil_infrastructure_attack,energy_infrastructure_disruption,defense,LMT,Lockheed Martin Corporation,sector_proxy,3,case_2022_abu_dhabi_oil_facility_attack;case_israel_iran_escalation_energy_risk;case_1987_1988_tanker_war_reflagging,energy infrastructure disruption;regional military escalation and energy chokepoint risk;maritime chokepoint security and oil shipping disruption,aviation;defense;energy;freight_routes;lng_shipping;logistics;marine_insurance;maritime_chokepoint;oil_shipping;petrochemicals;refining,LNG cargo flows;Persian Gulf crude exports;Persian Gulf tanker routes;UAE energy infrastructure;air defense systems;crude oil cargo schedules;energy shipping logistics;jet fuel supply chains;marine insurance premiums;marine war-risk insurance;regional crude exports;regional defense demand;tanker routes,LNG;airlines;crude oil;defense contractors;energy producers;logistics providers;marine insurers;refiners;tanker operators,defense,Stock,direct_exposure,Core operations or products are directly tied to the defense node: Defense contractor exposed to government security and defense spending priorities,2;6;9,9,potentially_broad,"Node label represents a broad function, sector, or channel in the current mapping vocabulary.",consistent,Supporting cases show overlapping event mechanisms or affected asset-type vocabulary.,specific,"Mapped ticker is direct_exposure, though the node itself may be broad.",borderline,"Candidate has some ex-ante support, but at least one dimension is broad or mixed.",broad_node
eval_red_sea_shipping_disruption,eval_red_sea_shipping_disruption,maritime_security_disruption,defense,ITA,iShares U S Aerospace & Defense ETF,sector_proxy,3,case_2023_south_china_sea_shipping_tensions;case_1987_1988_tanker_war_reflagging;case_2019_india_pakistan_airspace_closure,maritime military tension and shipping-route risk;maritime chokepoint security and oil shipping disruption;border military escalation and airspace disruption,aviation;container_shipping;defense;energy;freight_routes;logistics;manufacturing_inputs;marine_insurance;maritime_chokepoint;oil_shipping;trade_lanes,Asia container shipping routes;Europe-Asia long-haul flights;Persian Gulf tanker routes;South Asia air routes;South China Sea trade lanes;air cargo schedules;crude oil cargo schedules;energy shipping logistics;marine insurance coverage;marine war-risk insurance;regional defense procurement;regional electronics supply chains,air cargo operators;airlines;container shipping companies;defense contractors;electronics manufacturers;energy producers;freight forwarders;logistics providers;manufacturers;marine insurers;tanker operators,defense,ETF,broad_proxy,"Ticker is an ETF, fund, or basket used as broad proxy exposure for the defense node: ETF exposure to US aerospace and defense companies",5;7;9,9,potentially_broad,"Node label represents a broad function, sector, or channel in the current mapping vocabulary.",mixed,"Supporting cases share related node context, but event mechanisms are only partially aligned.",broad,Mapped ticker is a broad_proxy instrument or ETF/basket exposure.,borderline,"Candidate has some ex-ante support, but at least one dimension is broad or mixed.",broad_node;broad_asset_mapping
eval_red_sea_shipping_disruption,eval_red_sea_shipping_disruption,maritime_security_disruption,defense,LMT,Lockheed Martin Corporation,sector_proxy,3,case_2023_south_china_sea_shipping_tensions;case_1987_1988_tanker_war_reflagging;case_2019_india_pakistan_airspace_closure,maritime military tension and shipping-route risk;maritime chokepoint security and oil shipping disruption;border military escalation and airspace disruption,aviation;container_shipping;defense;energy;freight_routes;logistics;manufacturing_inputs;marine_insurance;maritime_chokepoint;oil_shipping;trade_lanes,Asia container shipping routes;Europe-Asia long-haul flights;Persian Gulf tanker routes;South Asia air routes;South China Sea trade lanes;air cargo schedules;crude oil cargo schedules;energy shipping logistics;marine insurance coverage;marine war-risk insurance;regional defense procurement;regional electronics supply chains,air cargo operators;airlines;container shipping companies;defense contractors;electronics manufacturers;energy producers;freight forwarders;logistics providers;manufacturers;marine insurers;tanker operators,defense,Stock,direct_exposure,Core operations or products are directly tied to the defense node: Defense contractor exposed to government security and defense spending priorities,5;7;9,9,potentially_broad,"Node label represents a broad function, sector, or channel in the current mapping vocabulary.",mixed,"Supporting cases share related node context, but event mechanisms are only partially aligned.",specific,"Mapped ticker is direct_exposure, though the node itself may be broad.",borderline,"Candidate has some ex-ante support, but at least one dimension is broad or mixed.",broad_node
hard_hormuz_ambiguous_energy_shipping,hard_hormuz_ambiguous_energy_shipping,war_and_sanctions_energy_disruption,defense,ITA,iShares U S Aerospace & Defense ETF,sector_proxy,3,case_israel_iran_escalation_energy_risk;case_2022_abu_dhabi_oil_facility_attack;case_1987_1988_tanker_war_reflagging,regional military escalation and energy chokepoint risk;energy infrastructure disruption;maritime chokepoint security and oil shipping disruption,aviation;defense;energy;freight_routes;lng_shipping;logistics;marine_insurance;maritime_chokepoint;oil_shipping;petrochemicals;refining,LNG cargo flows;Persian Gulf crude exports;Persian Gulf tanker routes;UAE energy infrastructure;air defense systems;crude oil cargo schedules;energy shipping logistics;jet fuel supply chains;marine insurance premiums;marine war-risk insurance;regional crude exports;regional defense demand;tanker routes,LNG;airlines;crude oil;defense contractors;energy producers;logistics providers;marine insurers;refiners;tanker operators,defense,ETF,broad_proxy,"Ticker is an ETF, fund, or basket used as broad proxy exposure for the defense node: ETF exposure to US aerospace and defense companies",5;8;9,9,potentially_broad,"Node label represents a broad function, sector, or channel in the current mapping vocabulary.",consistent,Supporting cases show overlapping event mechanisms or affected asset-type vocabulary.,broad,Mapped ticker is a broad_proxy instrument or ETF/basket exposure.,borderline,"Candidate has some ex-ante support, but at least one dimension is broad or mixed.",broad_node;broad_asset_mapping
hard_hormuz_ambiguous_energy_shipping,hard_hormuz_ambiguous_energy_shipping,war_and_sanctions_energy_disruption,defense,LMT,Lockheed Martin Corporation,sector_proxy,3,case_israel_iran_escalation_energy_risk;case_2022_abu_dhabi_oil_facility_attack;case_1987_1988_tanker_war_reflagging,regional military escalation and energy chokepoint risk;energy infrastructure disruption;maritime chokepoint security and oil shipping disruption,aviation;defense;energy;freight_routes;lng_shipping;logistics;marine_insurance;maritime_chokepoint;oil_shipping;petrochemicals;refining,LNG cargo flows;Persian Gulf crude exports;Persian Gulf tanker routes;UAE energy infrastructure;air defense systems;crude oil cargo schedules;energy shipping logistics;jet fuel supply chains;marine insurance premiums;marine war-risk insurance;regional crude exports;regional defense demand;tanker routes,LNG;airlines;crude oil;defense contractors;energy producers;logistics providers;marine insurers;refiners;tanker operators,defense,Stock,direct_exposure,Core operations or products are directly tied to the defense node: Defense contractor exposed to government security and defense spending priorities,5;8;9,9,potentially_broad,"Node label represents a broad function, sector, or channel in the current mapping vocabulary.",consistent,Supporting cases show overlapping event mechanisms or affected asset-type vocabulary.,specific,"Mapped ticker is direct_exposure, though the node itself may be broad.",borderline,"Candidate has some ex-ante support, but at least one dimension is broad or mixed.",broad_node
hard_semiconductor_controls_paraphrased,hard_semiconductor_controls_paraphrased,technology_export_controls,defense,ITA,iShares U S Aerospace & Defense ETF,sector_proxy,3,case_2024_taiwan_strait_drills_semiconductor_supply;case_taiwan_strait_semiconductor_risk;case_2010_china_japan_rare_earth_embargo,taiwan strait semiconductor supply-chain disruption;regional military tension and semiconductor supply risk;rare earth export restriction and electronics input disruption,ai_chips;critical_minerals;customs;data_centers;defense;foundry;manufacturing_inputs;rare_earths;semiconductor_equipment;taiwan_semiconductor_supply;trade_lanes,AI accelerator supply chains;Taiwan advanced foundry capacity;Taiwan semiconductor fabrication capacity;advanced GPU supply chains;cloud data center hardware;consumer electronics supply chains;defense and automotive supply chains;electronics components;electronics hardware supply;magnet materials;rare earth oxide supply;semiconductor equipment demand planning,AI chip designers;advanced chip designers;automakers;clean technology manufacturers;data center suppliers;defense contractors;electronics manufacturers;rare earth producers;semiconductor equipment companies;semiconductor foundries,defense,ETF,broad_proxy,"Ticker is an ETF, fund, or basket used as broad proxy exposure for the defense node: ETF exposure to US aerospace and defense companies",7;8;9,9,potentially_broad,"Node label represents a broad function, sector, or channel in the current mapping vocabulary.",consistent,Supporting cases show overlapping event mechanisms or affected asset-type vocabulary.,broad,Mapped ticker is a broad_proxy instrument or ETF/basket exposure.,borderline,"Candidate has some ex-ante support, but at least one dimension is broad or mixed.",broad_node;broad_asset_mapping
hard_semiconductor_controls_paraphrased,hard_semiconductor_controls_paraphrased,technology_export_controls,defense,LMT,Lockheed Martin Corporation,sector_proxy,3,case_2024_taiwan_strait_drills_semiconductor_supply;case_taiwan_strait_semiconductor_risk;case_2010_china_japan_rare_earth_embargo,taiwan strait semiconductor supply-chain disruption;regional military tension and semiconductor supply risk;rare earth export restriction and electronics input disruption,ai_chips;critical_minerals;customs;data_centers;defense;foundry;manufacturing_inputs;rare_earths;semiconductor_equipment;taiwan_semiconductor_supply;trade_lanes,AI accelerator supply chains;Taiwan advanced foundry capacity;Taiwan semiconductor fabrication capacity;advanced GPU supply chains;cloud data center hardware;consumer electronics supply chains;defense and automotive supply chains;electronics components;electronics hardware supply;magnet materials;rare earth oxide supply;semiconductor equipment demand planning,AI chip designers;advanced chip designers;automakers;clean technology manufacturers;data center suppliers;defense contractors;electronics manufacturers;rare earth producers;semiconductor equipment companies;semiconductor foundries,defense,Stock,direct_exposure,Core operations or products are directly tied to the defense node: Defense contractor exposed to government security and defense spending priorities,7;8;9,9,potentially_broad,"Node label represents a broad function, sector, or channel in the current mapping vocabulary.",consistent,Supporting cases show overlapping event mechanisms or affected asset-type vocabulary.,specific,"Mapped ticker is direct_exposure, though the node itself may be broad.",borderline,"Candidate has some ex-ante support, but at least one dimension is broad or mixed.",broad_node
v3_20240913_ustr_section301_tariffs_final,USTR finalizes China Section 301 tariff modifications after four-year review,critical_minerals_export_controls,defense,ITA,iShares U S Aerospace & Defense ETF,sector_proxy,2,case_2010_china_japan_rare_earth_embargo;case_rare_earth_export_restriction_risk,rare earth export restriction and electronics input disruption;critical minerals export restriction,critical_minerals;customs;defense;energy;manufacturing_inputs;rare_earths;trade_lanes,EV motor components;defense and automotive supply chains;defense sensor components;electronics components;magnet materials;permanent magnet supply chains;rare earth oxide supply;wind turbine components,EV supply chains;automakers;clean technology manufacturers;defense contractors;defense electronics suppliers;electronics manufacturers;magnet producers;rare earth miners;rare earth producers;wind turbine manufacturers,defense,ETF,broad_proxy,"Ticker is an ETF, fund, or basket used as broad proxy exposure for the defense node: ETF exposure to US aerospace and defense companies",7;9,9,potentially_broad,"Node label represents a broad function, sector, or channel in the current mapping vocabulary.",mixed,"Supporting cases share related node context, but event mechanisms are only partially aligned.",broad,Mapped ticker is a broad_proxy instrument or ETF/basket exposure.,borderline,"Candidate has some ex-ante support, but at least one dimension is broad or mixed.",broad_node;broad_asset_mapping
v3_20240913_ustr_section301_tariffs_final,USTR finalizes China Section 301 tariff modifications after four-year review,critical_minerals_export_controls,defense,LMT,Lockheed Martin Corporation,sector_proxy,2,case_2010_china_japan_rare_earth_embargo;case_rare_earth_export_restriction_risk,rare earth export restriction and electronics input disruption;critical minerals export restriction,critical_minerals;customs;defense;energy;manufacturing_inputs;rare_earths;trade_lanes,EV motor components;defense and automotive supply chains;defense sensor components;electronics components;magnet materials;permanent magnet supply chains;rare earth oxide supply;wind turbine components,EV supply chains;automakers;clean technology manufacturers;defense contractors;defense electronics suppliers;electronics manufacturers;magnet producers;rare earth miners;rare earth producers;wind turbine manufacturers,defense,Stock,direct_exposure,Core operations or products are directly tied to the defense node: Defense contractor exposed to government security and defense spending priorities,7;9,9,potentially_broad,"Node label represents a broad function, sector, or channel in the current mapping vocabulary.",mixed,"Supporting cases share related node context, but event mechanisms are only partially aligned.",specific,"Mapped ticker is direct_exposure, though the node itself may be broad.",borderline,"Candidate has some ex-ante support, but at least one dimension is broad or mixed.",broad_node
v3_20250225_copper_import_investigation,U.S. launches Section 232 investigation into copper import dependence,critical_minerals_export_controls,defense,ITA,iShares U S Aerospace & Defense ETF,sector_proxy,2,case_rare_earth_export_restriction_risk;case_2010_china_japan_rare_earth_embargo,critical minerals export restriction;rare earth export restriction and electronics input disruption,critical_minerals;customs;defense;energy;manufacturing_inputs;rare_earths;trade_lanes,EV motor components;defense and automotive supply chains;defense sensor components;electronics components;magnet materials;permanent magnet supply chains;rare earth oxide supply;wind turbine components,EV supply chains;automakers;clean technology manufacturers;defense contractors;defense electronics suppliers;electronics manufacturers;magnet producers;rare earth miners;rare earth producers;wind turbine manufacturers,defense,ETF,broad_proxy,"Ticker is an ETF, fund, or basket used as broad proxy exposure for the defense node: ETF exposure to US aerospace and defense companies",3;10,10,potentially_broad,"Node label represents a broad function, sector, or channel in the current mapping vocabulary.",mixed,"Supporting cases share related node context, but event mechanisms are only partially aligned.",broad,Mapped ticker is a broad_proxy instrument or ETF/basket exposure.,borderline,"Candidate has some ex-ante support, but at least one dimension is broad or mixed.",broad_node;broad_asset_mapping
v3_20250225_copper_import_investigation,U.S. launches Section 232 investigation into copper import dependence,critical_minerals_export_controls,defense,LMT,Lockheed Martin Corporation,sector_proxy,2,case_rare_earth_export_restriction_risk;case_2010_china_japan_rare_earth_embargo,critical minerals export restriction;rare earth export restriction and electronics input disruption,critical_minerals;customs;defense;energy;manufacturing_inputs;rare_earths;trade_lanes,EV motor components;defense and automotive supply chains;defense sensor components;electronics components;magnet materials;permanent magnet supply chains;rare earth oxide supply;wind turbine components,EV supply chains;automakers;clean technology manufacturers;defense contractors;defense electronics suppliers;electronics manufacturers;magnet producers;rare earth miners;rare earth producers;wind turbine manufacturers,defense,Stock,direct_exposure,Core operations or products are directly tied to the defense node: Defense contractor exposed to government security and defense spending priorities,3;10,10,potentially_broad,"Node label represents a broad function, sector, or channel in the current mapping vocabulary.",mixed,"Supporting cases share related node context, but event mechanisms are only partially aligned.",specific,"Mapped ticker is direct_exposure, though the node itself may be broad.",borderline,"Candidate has some ex-ante support, but at least one dimension is broad or mixed.",broad_node
eval_taiwan_strait_semiconductor_risk,eval_taiwan_strait_semiconductor_risk,taiwan_strait_semiconductor_risk,eda_software,CDNS,Cadence Design Systems Inc,sector_proxy,3,case_2020_smic_entity_list_semiconductor_controls;case_2022_us_china_semiconductor_controls;case_2019_huawei_entity_list,semiconductor entity-list export control and foundry access risk;technology export controls;technology sanctions and trade restrictions,ai_chips;customs;data_centers;eda_software;foundry;manufacturing_inputs;semiconductor_equipment,China foundry capacity;Chinese data center operators;EDA design workflows;EDA software access;Huawei supply chain;US chip suppliers;advanced GPU supply;chip equipment licenses;electronics manufacturing inputs;global semiconductor suppliers;mobile device software ecosystems;telecom carrier procurement plans;wafer fabrication equipment,5G infrastructure;Chinese technology firms;EDA software providers;advanced chip designers;consumer electronics;data center hardware suppliers;electronics manufacturers;electronics supply chains;foundries;semiconductor equipment companies;semiconductor equipment suppliers;semiconductor suppliers;software providers;telecom equipment vendors,eda_software,Stock,direct_exposure,Core operations or products are directly tied to the eda_software node: Electronic design automation software provider for semiconductor design,6;8;9,9,specific,Node maps to operating-company/direct exposures in a concentrated asset vocabulary.,mixed,"Supporting cases share related node context, but event mechanisms are only partially aligned.",specific,Mapped ticker has direct_exposure metadata for a specific node.,borderline,"Candidate has some ex-ante support, but at least one dimension is broad or mixed.",
eval_taiwan_strait_semiconductor_risk,eval_taiwan_strait_semiconductor_risk,taiwan_strait_semiconductor_risk,eda_software,SNPS,Synopsys Inc,sector_proxy,3,case_2020_smic_entity_list_semiconductor_controls;case_2022_us_china_semiconductor_controls;case_2019_huawei_entity_list,semiconductor entity-list export control and foundry access risk;technology export controls;technology sanctions and trade restrictions,ai_chips;customs;data_centers;eda_software;foundry;manufacturing_inputs;semiconductor_equipment,China foundry capacity;Chinese data center operators;EDA design workflows;EDA software access;Huawei supply chain;US chip suppliers;advanced GPU supply;chip equipment licenses;electronics manufacturing inputs;global semiconductor suppliers;mobile device software ecosystems;telecom carrier procurement plans;wafer fabrication equipment,5G infrastructure;Chinese technology firms;EDA software providers;advanced chip designers;consumer electronics;data center hardware suppliers;electronics manufacturers;electronics supply chains;foundries;semiconductor equipment companies;semiconductor equipment suppliers;semiconductor suppliers;software providers;telecom equipment vendors,eda_software,Stock,direct_exposure,Core operations or products are directly tied to the eda_software node: Electronic design automation software provider for chip design workflows,6;8;9,9,specific,Node maps to operating-company/direct exposures in a concentrated asset vocabulary.,mixed,"Supporting cases share related node context, but event mechanisms are only partially aligned.",specific,Mapped ticker has direct_exposure metadata for a specific node.,borderline,"Candidate has some ex-ante support, but at least one dimension is broad or mixed.",
eval_panama_canal_drought_shipping,eval_panama_canal_drought_shipping,canal_shipping_disruption,energy,XLE,Energy Select Sector SPDR Fund,sector_proxy,2,case_2021_suez_blockage;case_2023_arctic_lng_russian_energy_shipping_sanctions,shipping chokepoint disruption;energy shipping sanctions and Arctic LNG disruption risk,container_shipping;energy;financial_sanctions;freight_routes;lng_shipping;logistics;marine_insurance;maritime_chokepoint;oil_shipping;payment_networks;ports,Asian LNG procurement;European and Asian importers;Russian Arctic LNG cargoes;container shipping operators;energy trade finance;freight forwarders;ice-class LNG carrier availability;marine insurance coverage;oil and LNG cargo flows,LNG carriers;banks;energy cargoes;energy producers;gas utilities;logistics companies;marine insurers;port operators;retail supply chains;shipbuilders;shipping equities,energy,ETF,broad_proxy,"Ticker is an ETF, fund, or basket used as broad proxy exposure for the energy node: Broad ETF exposure to US energy companies",4;9,9,potentially_broad,"Node label represents a broad function, sector, or channel in the current mapping vocabulary.",consistent,Supporting cases show overlapping event mechanisms or affected asset-type vocabulary.,broad,Mapped ticker is a broad_proxy instrument or ETF/basket exposure.,borderline,"Candidate has some ex-ante support, but at least one dimension is broad or mixed.",broad_node;broad_asset_mapping
eval_panama_canal_drought_shipping,eval_panama_canal_drought_shipping,canal_shipping_disruption,energy,XOM,Exxon Mobil Corporation,sector_proxy,2,case_2021_suez_blockage;case_2023_arctic_lng_russian_energy_shipping_sanctions,shipping chokepoint disruption;energy shipping sanctions and Arctic LNG disruption risk,container_shipping;energy;financial_sanctions;freight_routes;lng_shipping;logistics;marine_insurance;maritime_chokepoint;oil_shipping;payment_networks;ports,Asian LNG procurement;European and Asian importers;Russian Arctic LNG cargoes;container shipping operators;energy trade finance;freight forwarders;ice-class LNG carrier availability;marine insurance coverage;oil and LNG cargo flows,LNG carriers;banks;energy cargoes;energy producers;gas utilities;logistics companies;marine insurers;port operators;retail supply chains;shipbuilders;shipping equities,energy,Stock,related_exposure,Business has meaningful but diversified or indirect economic linkage to the energy node: Integrated energy producer with upstream and downstream exposure,4;9,9,potentially_broad,"Node label represents a broad function, sector, or channel in the current mapping vocabulary.",consistent,Supporting cases show overlapping event mechanisms or affected asset-type vocabulary.,broad,Mapping is economically related but indirect/diversified according to asset_mapping metadata.,borderline,"Candidate has some ex-ante support, but at least one dimension is broad or mixed.",broad_node;broad_asset_mapping
eval_suez_canal_blockage,eval_suez_canal_blockage,shipping_chokepoint_disruption,energy,XLE,Energy Select Sector SPDR Fund,sector_proxy,2,case_2021_suez_blockage;case_2023_arctic_lng_russian_energy_shipping_sanctions,shipping chokepoint disruption;energy shipping sanctions and Arctic LNG disruption risk,container_shipping;energy;financial_sanctions;freight_routes;lng_shipping;logistics;marine_insurance;maritime_chokepoint;oil_shipping;payment_networks;ports,Asian LNG procurement;European and Asian importers;Russian Arctic LNG cargoes;container shipping operators;energy trade finance;freight forwarders;ice-class LNG carrier availability;marine insurance coverage;oil and LNG cargo flows,LNG carriers;banks;energy cargoes;energy producers;gas utilities;logistics companies;marine insurers;port operators;retail supply chains;shipbuilders;shipping equities,energy,ETF,broad_proxy,"Ticker is an ETF, fund, or basket used as broad proxy exposure for the energy node: Broad ETF exposure to US energy companies",1;9,9,potentially_broad,"Node label represents a broad function, sector, or channel in the current mapping vocabulary.",consistent,Supporting cases show overlapping event mechanisms or affected asset-type vocabulary.,broad,Mapped ticker is a broad_proxy instrument or ETF/basket exposure.,borderline,"Candidate has some ex-ante support, but at least one dimension is broad or mixed.",broad_node;broad_asset_mapping
eval_suez_canal_blockage,eval_suez_canal_blockage,shipping_chokepoint_disruption,energy,XOM,Exxon Mobil Corporation,sector_proxy,2,case_2021_suez_blockage;case_2023_arctic_lng_russian_energy_shipping_sanctions,shipping chokepoint disruption;energy shipping sanctions and Arctic LNG disruption risk,container_shipping;energy;financial_sanctions;freight_routes;lng_shipping;logistics;marine_insurance;maritime_chokepoint;oil_shipping;payment_networks;ports,Asian LNG procurement;European and Asian importers;Russian Arctic LNG cargoes;container shipping operators;energy trade finance;freight forwarders;ice-class LNG carrier availability;marine insurance coverage;oil and LNG cargo flows,LNG carriers;banks;energy cargoes;energy producers;gas utilities;logistics companies;marine insurers;port operators;retail supply chains;shipbuilders;shipping equities,energy,Stock,related_exposure,Business has meaningful but diversified or indirect economic linkage to the energy node: Integrated energy producer with upstream and downstream exposure,1;9,9,potentially_broad,"Node label represents a broad function, sector, or channel in the current mapping vocabulary.",consistent,Supporting cases show overlapping event mechanisms or affected asset-type vocabulary.,broad,Mapping is economically related but indirect/diversified according to asset_mapping metadata.,borderline,"Candidate has some ex-ante support, but at least one dimension is broad or mixed.",broad_node;broad_asset_mapping
v3_20240306_true_confidence_attack,Houthi anti-ship missile strikes M/V True Confidence in Gulf of Aden,maritime_security_disruption,energy,XLE,Energy Select Sector SPDR Fund,sector_proxy,4,case_1987_1988_tanker_war_reflagging;case_israel_iran_escalation_energy_risk;case_hormuz_tanker_tensions;case_2022_abu_dhabi_oil_facility_attack,maritime chokepoint security and oil shipping disruption;regional military escalation and energy chokepoint risk;energy chokepoint security risk;energy infrastructure disruption,aviation;defense;energy;freight_routes;lng_shipping;logistics;marine_insurance;maritime_chokepoint;oil_shipping;petrochemicals;refining,LNG cargo flows;LNG cargoes from Qatar;Persian Gulf crude exports;Persian Gulf tanker routes;UAE energy infrastructure;air defense systems;crude oil cargo schedules;energy shipping logistics;jet fuel supply chains;marine insurance premiums;marine war-risk insurance;oil importers;refining margins;regional crude exports;regional defense demand;tanker fleets;tanker routes,LNG;airlines;crude oil;defense contractors;energy producers;logistics providers;marine insurers;refiners;tanker operators,energy,ETF,broad_proxy,"Ticker is an ETF, fund, or basket used as broad proxy exposure for the energy node: Broad ETF exposure to US energy companies",1;6;8;10,10,potentially_broad,"Node label represents a broad function, sector, or channel in the current mapping vocabulary.",consistent,Supporting cases show overlapping event mechanisms or affected asset-type vocabulary.,broad,Mapped ticker is a broad_proxy instrument or ETF/basket exposure.,borderline,"Candidate has some ex-ante support, but at least one dimension is broad or mixed.",broad_node;broad_asset_mapping
v3_20240306_true_confidence_attack,Houthi anti-ship missile strikes M/V True Confidence in Gulf of Aden,maritime_security_disruption,energy,XOM,Exxon Mobil Corporation,sector_proxy,4,case_1987_1988_tanker_war_reflagging;case_israel_iran_escalation_energy_risk;case_hormuz_tanker_tensions;case_2022_abu_dhabi_oil_facility_attack,maritime chokepoint security and oil shipping disruption;regional military escalation and energy chokepoint risk;energy chokepoint security risk;energy infrastructure disruption,aviation;defense;energy;freight_routes;lng_shipping;logistics;marine_insurance;maritime_chokepoint;oil_shipping;petrochemicals;refining,LNG cargo flows;LNG cargoes from Qatar;Persian Gulf crude exports;Persian Gulf tanker routes;UAE energy infrastructure;air defense systems;crude oil cargo schedules;energy shipping logistics;jet fuel supply chains;marine insurance premiums;marine war-risk insurance;oil importers;refining margins;regional crude exports;regional defense demand;tanker fleets;tanker routes,LNG;airlines;crude oil;defense contractors;energy producers;logistics providers;marine insurers;refiners;tanker operators,energy,Stock,related_exposure,Business has meaningful but diversified or indirect economic linkage to the energy node: Integrated energy producer with upstream and downstream exposure,1;6;8;10,10,potentially_broad,"Node label represents a broad function, sector, or channel in the current mapping vocabulary.",consistent,Supporting cases show overlapping event mechanisms or affected asset-type vocabulary.,broad,Mapping is economically related but indirect/diversified according to asset_mapping metadata.,borderline,"Candidate has some ex-ante support, but at least one dimension is broad or mixed.",broad_node;broad_asset_mapping
v3_20250201_canada_mexico_china_tariffs,"U.S. imposes tariffs on imports from Canada, Mexico and China",trade_policy_and_tariffs,fertilizer,CF,CF Industries Holdings Inc,sector_proxy,2,case_2023_eu_carbon_border_adjustment_mechanism;case_2022_russia_fertilizer_export_restrictions,green trade compliance and carbon border adjustment risk;fertilizer export restriction and agricultural input shock,agriculture;critical_minerals;customs;energy;fertilizer;logistics;manufacturing_inputs;trade_lanes,Brazil crop input supply;EU-bound steel imports;agricultural logistics;aluminum and cement trade flows;fertilizer imports;food production input costs;industrial emissions reporting systems;nitrogen and potash fertilizer flows,agribusiness firms;aluminum producers;cement exporters;fertilizer producers;food producers;grain traders;industrial manufacturers;logistics providers;steel producers,fertilizer,Stock,direct_exposure,Core operations or products are directly tied to the fertilizer node: Nitrogen fertilizer producer exposed to natural gas feedstock costs,5;8,8,specific,Node maps to operating-company/direct exposures in a concentrated asset vocabulary.,mixed,"Supporting cases share related node context, but event mechanisms are only partially aligned.",specific,Mapped ticker has direct_exposure metadata for a specific node.,borderline,"Candidate has some ex-ante support, but at least one dimension is broad or mixed.",
v3_20250201_canada_mexico_china_tariffs,"U.S. imposes tariffs on imports from Canada, Mexico and China",trade_policy_and_tariffs,fertilizer,NTR,Nutrien Ltd,sector_proxy,2,case_2023_eu_carbon_border_adjustment_mechanism;case_2022_russia_fertilizer_export_restrictions,green trade compliance and carbon border adjustment risk;fertilizer export restriction and agricultural input shock,agriculture;critical_minerals;customs;energy;fertilizer;logistics;manufacturing_inputs;trade_lanes,Brazil crop input supply;EU-bound steel imports;agricultural logistics;aluminum and cement trade flows;fertilizer imports;food production input costs;industrial emissions reporting systems;nitrogen and potash fertilizer flows,agribusiness firms;aluminum producers;cement exporters;fertilizer producers;food producers;grain traders;industrial manufacturers;logistics providers;steel producers,fertilizer,Stock,direct_exposure,Core operations or products are directly tied to the fertilizer node: Fertilizer producer and distributor exposed to potash nitrogen and crop input demand,5;8,8,specific,Node maps to operating-company/direct exposures in a concentrated asset vocabulary.,mixed,"Supporting cases share related node context, but event mechanisms are only partially aligned.",specific,Mapped ticker has direct_exposure metadata for a specific node.,borderline,"Candidate has some ex-ante support, but at least one dimension is broad or mixed.",
eval_opec_oil_policy_shock,eval_opec_oil_policy_shock,oil_policy_shock,financial_sanctions,EUFN,iShares MSCI Europe Financials ETF,sector_proxy,2,case_2019_venezuela_oil_sanctions;case_2018_iran_oil_sanctions_reimposition,oil sanctions and refinery feedstock disruption;oil sanctions and shipping finance restriction,energy;financial_sanctions;marine_insurance;oil_shipping;payment_networks;petrochemicals;refining,Iranian crude exports;US Gulf Coast refinery feedstocks;Venezuelan crude exports;oil shipping routes;oil tanker routes;refinery feedstock sourcing;shipping insurance services;trade finance channels;trade finance services,banks;crude oil;energy producers;heavy crude;marine insurers;petrochemical producers;refiners;tanker operators,financial_sanctions,ETF,broad_proxy,"Ticker is an ETF, fund, or basket used as broad proxy exposure for the financial_sanctions node: European financial sector ETF for cross-border banking exposure context",7;8,8,potentially_broad,"Node label represents a broad function, sector, or channel in the current mapping vocabulary.",consistent,Supporting cases show overlapping event mechanisms or affected asset-type vocabulary.,broad,Mapped ticker is a broad_proxy instrument or ETF/basket exposure.,borderline,"Candidate has some ex-ante support, but at least one dimension is broad or mixed.",broad_node;broad_asset_mapping
eval_opec_oil_policy_shock,eval_opec_oil_policy_shock,oil_policy_shock,financial_sanctions,XLF,Financial Select Sector SPDR Fund,sector_proxy,2,case_2019_venezuela_oil_sanctions;case_2018_iran_oil_sanctions_reimposition,oil sanctions and refinery feedstock disruption;oil sanctions and shipping finance restriction,energy;financial_sanctions;marine_insurance;oil_shipping;payment_networks;petrochemicals;refining,Iranian crude exports;US Gulf Coast refinery feedstocks;Venezuelan crude exports;oil shipping routes;oil tanker routes;refinery feedstock sourcing;shipping insurance services;trade finance channels;trade finance services,banks;crude oil;energy producers;heavy crude;marine insurers;petrochemical producers;refiners;tanker operators,financial_sanctions,ETF,broad_proxy,"Ticker is an ETF, fund, or basket used as broad proxy exposure for the financial_sanctions node: Broad US financial sector ETF for sanctions and banking exposure context",7;8,8,potentially_broad,"Node label represents a broad function, sector, or channel in the current mapping vocabulary.",consistent,Supporting cases show overlapping event mechanisms or affected asset-type vocabulary.,broad,Mapped ticker is a broad_proxy instrument or ETF/basket exposure.,borderline,"Candidate has some ex-ante support, but at least one dimension is broad or mixed.",broad_node;broad_asset_mapping
eval_russia_europe_gas_disruption,eval_russia_europe_gas_disruption,war_and_sanctions_energy_disruption,financial_sanctions,EUFN,iShares MSCI Europe Financials ETF,sector_proxy,4,case_2023_arctic_lng_russian_energy_shipping_sanctions;case_2022_russia_swift_financial_sanctions;case_2019_venezuela_oil_sanctions;case_2014_crimea_financial_sanctions,energy shipping sanctions and Arctic LNG disruption risk;financial sanctions and payment network disruption;oil sanctions and refinery feedstock disruption;financial sanctions and trade finance restriction,customs;energy;financial_sanctions;lng_shipping;manufacturing_inputs;marine_insurance;maritime_chokepoint;oil_shipping;payment_networks;petrochemicals;refining;trade_lanes,Asian LNG procurement;Russia-linked trade finance;Russian Arctic LNG cargoes;Russian bank exposure;US Gulf Coast refinery feedstocks;Venezuelan crude exports;commodity settlement workflows;cross-border payment flows;energy trade finance;energy-sector financing;ice-class LNG carrier availability;marine insurance coverage;oil shipping routes;sanctions compliance systems;trade finance channels;trade finance services,LNG carriers;banks;energy companies;energy producers;energy traders;exporters;financial infrastructure providers;gas utilities;heavy crude;industrial exporters;logistics firms;marine insurers;payment networks;refiners;shipbuilders;tanker operators;trade finance providers,financial_sanctions,ETF,broad_proxy,"Ticker is an ETF, fund, or basket used as broad proxy exposure for the financial_sanctions node: European financial sector ETF for cross-border banking exposure context",4;8;9;10,10,potentially_broad,"Node label represents a broad function, sector, or channel in the current mapping vocabulary.",mixed,"Supporting cases share related node context, but event mechanisms are only partially aligned.",broad,Mapped ticker is a broad_proxy instrument or ETF/basket exposure.,borderline,"Candidate has some ex-ante support, but at least one dimension is broad or mixed.",broad_node;broad_asset_mapping
eval_russia_europe_gas_disruption,eval_russia_europe_gas_disruption,war_and_sanctions_energy_disruption,financial_sanctions,XLF,Financial Select Sector SPDR Fund,sector_proxy,4,case_2023_arctic_lng_russian_energy_shipping_sanctions;case_2022_russia_swift_financial_sanctions;case_2019_venezuela_oil_sanctions;case_2014_crimea_financial_sanctions,energy shipping sanctions and Arctic LNG disruption risk;financial sanctions and payment network disruption;oil sanctions and refinery feedstock disruption;financial sanctions and trade finance restriction,customs;energy;financial_sanctions;lng_shipping;manufacturing_inputs;marine_insurance;maritime_chokepoint;oil_shipping;payment_networks;petrochemicals;refining;trade_lanes,Asian LNG procurement;Russia-linked trade finance;Russian Arctic LNG cargoes;Russian bank exposure;US Gulf Coast refinery feedstocks;Venezuelan crude exports;commodity settlement workflows;cross-border payment flows;energy trade finance;energy-sector financing;ice-class LNG carrier availability;marine insurance coverage;oil shipping routes;sanctions compliance systems;trade finance channels;trade finance services,LNG carriers;banks;energy companies;energy producers;energy traders;exporters;financial infrastructure providers;gas utilities;heavy crude;industrial exporters;logistics firms;marine insurers;payment networks;refiners;shipbuilders;tanker operators;trade finance providers,financial_sanctions,ETF,broad_proxy,"Ticker is an ETF, fund, or basket used as broad proxy exposure for the financial_sanctions node: Broad US financial sector ETF for sanctions and banking exposure context",4;8;9;10,10,potentially_broad,"Node label represents a broad function, sector, or channel in the current mapping vocabulary.",mixed,"Supporting cases share related node context, but event mechanisms are only partially aligned.",broad,Mapped ticker is a broad_proxy instrument or ETF/basket exposure.,borderline,"Candidate has some ex-ante support, but at least one dimension is broad or mixed.",broad_node;broad_asset_mapping
eval_suez_canal_blockage,eval_suez_canal_blockage,shipping_chokepoint_disruption,financial_sanctions,EUFN,iShares MSCI Europe Financials ETF,sector_proxy,3,case_2022_turkey_strait_tanker_insurance_backlog;case_2023_arctic_lng_russian_energy_shipping_sanctions;case_2019_cosco_shipping_sanctions_tanker_market,maritime insurance verification and tanker-route disruption;energy shipping sanctions and Arctic LNG disruption risk;shipping sanctions and marine insurance compliance disruption,customs;energy;financial_sanctions;freight_routes;lng_shipping;logistics;marine_insurance;maritime_chokepoint;oil_shipping;payment_networks;trade_lanes,Asian LNG procurement;Black Sea oil cargoes;Russian Arctic LNG cargoes;Turkish straits tanker transits;crude tanker chartering;energy trade compliance workflows;energy trade finance;energy trade payments;ice-class LNG carrier availability;marine insurance approvals;marine insurance coverage;marine insurance documentation;sanctions-screened oil cargoes,LNG carriers;banks;energy producers;energy traders;freight brokers;gas utilities;logistics providers;marine insurers;shipbuilders;tanker operators;trade compliance providers,financial_sanctions,ETF,broad_proxy,"Ticker is an ETF, fund, or basket used as broad proxy exposure for the financial_sanctions node: European financial sector ETF for cross-border banking exposure context",5;9;10,10,potentially_broad,"Node label represents a broad function, sector, or channel in the current mapping vocabulary.",consistent,Supporting cases show overlapping event mechanisms or affected asset-type vocabulary.,broad,Mapped ticker is a broad_proxy instrument or ETF/basket exposure.,borderline,"Candidate has some ex-ante support, but at least one dimension is broad or mixed.",broad_node;broad_asset_mapping
eval_suez_canal_blockage,eval_suez_canal_blockage,shipping_chokepoint_disruption,financial_sanctions,XLF,Financial Select Sector SPDR Fund,sector_proxy,3,case_2022_turkey_strait_tanker_insurance_backlog;case_2023_arctic_lng_russian_energy_shipping_sanctions;case_2019_cosco_shipping_sanctions_tanker_market,maritime insurance verification and tanker-route disruption;energy shipping sanctions and Arctic LNG disruption risk;shipping sanctions and marine insurance compliance disruption,customs;energy;financial_sanctions;freight_routes;lng_shipping;logistics;marine_insurance;maritime_chokepoint;oil_shipping;payment_networks;trade_lanes,Asian LNG procurement;Black Sea oil cargoes;Russian Arctic LNG cargoes;Turkish straits tanker transits;crude tanker chartering;energy trade compliance workflows;energy trade finance;energy trade payments;ice-class LNG carrier availability;marine insurance approvals;marine insurance coverage;marine insurance documentation;sanctions-screened oil cargoes,LNG carriers;banks;energy producers;energy traders;freight brokers;gas utilities;logistics providers;marine insurers;shipbuilders;tanker operators;trade compliance providers,financial_sanctions,ETF,broad_proxy,"Ticker is an ETF, fund, or basket used as broad proxy exposure for the financial_sanctions node: Broad US financial sector ETF for sanctions and banking exposure context",5;9;10,10,potentially_broad,"Node label represents a broad function, sector, or channel in the current mapping vocabulary.",consistent,Supporting cases show overlapping event mechanisms or affected asset-type vocabulary.,broad,Mapped ticker is a broad_proxy instrument or ETF/basket exposure.,borderline,"Candidate has some ex-ante support, but at least one dimension is broad or mixed.",broad_node;broad_asset_mapping
eval_panama_canal_drought_shipping,eval_panama_canal_drought_shipping,canal_shipping_disruption,food_export_controls,DBA,Invesco DB Agriculture Fund,sector_proxy,2,case_2022_india_wheat_export_ban;case_2008_rice_export_restrictions_food_security,food export ban and grain trade restriction;food export controls and agricultural trade disruption,agriculture;customs;food_export_controls;grain_exports;logistics;trade_lanes,agricultural logistics;agricultural trade lanes;food manufacturing inputs;food processing inputs;grain import procurement;grain import supply chains;rice export flows;wheat export flows,agricultural commodities;agricultural processors;commodity funds;fertilizer producers;food producers;grain traders;logistics providers,food_export_controls,ETF,broad_proxy,"Ticker is an ETF, fund, or basket used as broad proxy exposure for the food_export_controls node: Agriculture commodity ETF exposure for food export restriction monitoring",5;7,7,potentially_broad,"All mapped assets for this node are broad proxies, suggesting category-level rather than mechanism-specific exposure.",consistent,Supporting cases show overlapping event mechanisms or affected asset-type vocabulary.,broad,Mapped ticker is a broad_proxy instrument or ETF/basket exposure.,borderline,"Candidate has some ex-ante support, but at least one dimension is broad or mixed.",broad_node;broad_asset_mapping
eval_panama_canal_drought_shipping,eval_panama_canal_drought_shipping,canal_shipping_disruption,food_export_controls,WEAT,Teucrium Wheat Fund,sector_proxy,2,case_2022_india_wheat_export_ban;case_2008_rice_export_restrictions_food_security,food export ban and grain trade restriction;food export controls and agricultural trade disruption,agriculture;customs;food_export_controls;grain_exports;logistics;trade_lanes,agricultural logistics;agricultural trade lanes;food manufacturing inputs;food processing inputs;grain import procurement;grain import supply chains;rice export flows;wheat export flows,agricultural commodities;agricultural processors;commodity funds;fertilizer producers;food producers;grain traders;logistics providers,food_export_controls,ETF,broad_proxy,"Ticker is an ETF, fund, or basket used as broad proxy exposure for the food_export_controls node: Wheat-focused commodity ETF exposure for grain trade restriction monitoring",5;7,7,potentially_broad,"All mapped assets for this node are broad proxies, suggesting category-level rather than mechanism-specific exposure.",consistent,Supporting cases show overlapping event mechanisms or affected asset-type vocabulary.,broad,Mapped ticker is a broad_proxy instrument or ETF/basket exposure.,borderline,"Candidate has some ex-ante support, but at least one dimension is broad or mixed.",broad_node;broad_asset_mapping
eval_us_china_tariffs,eval_us_china_tariffs,trade_policy_and_tariffs,food_export_controls,DBA,Invesco DB Agriculture Fund,sector_proxy,2,case_2008_rice_export_restrictions_food_security;case_2022_india_wheat_export_ban,food export controls and agricultural trade disruption;food export ban and grain trade restriction,agriculture;customs;food_export_controls;grain_exports;logistics;trade_lanes,agricultural logistics;agricultural trade lanes;food manufacturing inputs;food processing inputs;grain import procurement;grain import supply chains;rice export flows;wheat export flows,agricultural commodities;agricultural processors;commodity funds;fertilizer producers;food producers;grain traders;logistics providers,food_export_controls,ETF,broad_proxy,"Ticker is an ETF, fund, or basket used as broad proxy exposure for the food_export_controls node: Agriculture commodity ETF exposure for food export restriction monitoring",5;7,7,potentially_broad,"All mapped assets for this node are broad proxies, suggesting category-level rather than mechanism-specific exposure.",consistent,Supporting cases show overlapping event mechanisms or affected asset-type vocabulary.,broad,Mapped ticker is a broad_proxy instrument or ETF/basket exposure.,borderline,"Candidate has some ex-ante support, but at least one dimension is broad or mixed.",broad_node;broad_asset_mapping
eval_us_china_tariffs,eval_us_china_tariffs,trade_policy_and_tariffs,food_export_controls,WEAT,Teucrium Wheat Fund,sector_proxy,2,case_2008_rice_export_restrictions_food_security;case_2022_india_wheat_export_ban,food export controls and agricultural trade disruption;food export ban and grain trade restriction,agriculture;customs;food_export_controls;grain_exports;logistics;trade_lanes,agricultural logistics;agricultural trade lanes;food manufacturing inputs;food processing inputs;grain import procurement;grain import supply chains;rice export flows;wheat export flows,agricultural commodities;agricultural processors;commodity funds;fertilizer producers;food producers;grain traders;logistics providers,food_export_controls,ETF,broad_proxy,"Ticker is an ETF, fund, or basket used as broad proxy exposure for the food_export_controls node: Wheat-focused commodity ETF exposure for grain trade restriction monitoring",5;7,7,potentially_broad,"All mapped assets for this node are broad proxies, suggesting category-level rather than mechanism-specific exposure.",consistent,Supporting cases show overlapping event mechanisms or affected asset-type vocabulary.,broad,Mapped ticker is a broad_proxy instrument or ETF/basket exposure.,borderline,"Candidate has some ex-ante support, but at least one dimension is broad or mixed.",broad_node;broad_asset_mapping
eval_natural_gas_fertilizer_shock,eval_natural_gas_fertilizer_shock,energy_and_agricultural_input_shock,freight_routes,FDX,FedEx Corporation,sector_proxy,2,case_2021_belarus_potash_sanctions;case_black_sea_grain_export_disruption,fertilizer sanctions and agricultural input disruption;war-related agricultural export disruption,agriculture;customs;fertilizer;freight_routes;grain_exports;logistics;maritime_chokepoint;trade_lanes,Baltic port logistics;Belarus potash exports;Black Sea wheat exports;agricultural input costs;corn export flows;fertilizer import supply chains;food manufacturing inputs;grain shipping corridors,agricultural commodities;fertilizer producers;food producers;grain producers;grain traders;logistics providers;shipping companies,freight_routes,Stock,related_exposure,"Parcel and freight networks are materially affected by freight-route disruption, but freight routes are a broad network condition rather than a specific primary revenue activity.",2;8,8,potentially_broad,"Node label represents a broad function, sector, or channel in the current mapping vocabulary.",consistent,Supporting cases show overlapping event mechanisms or affected asset-type vocabulary.,broad,Mapping is economically related but indirect/diversified according to asset_mapping metadata.,borderline,"Candidate has some ex-ante support, but at least one dimension is broad or mixed.",broad_node;broad_asset_mapping
eval_natural_gas_fertilizer_shock,eval_natural_gas_fertilizer_shock,energy_and_agricultural_input_shock,freight_routes,UPS,United Parcel Service Inc,sector_proxy,2,case_2021_belarus_potash_sanctions;case_black_sea_grain_export_disruption,fertilizer sanctions and agricultural input disruption;war-related agricultural export disruption,agriculture;customs;fertilizer;freight_routes;grain_exports;logistics;maritime_chokepoint;trade_lanes,Baltic port logistics;Belarus potash exports;Black Sea wheat exports;agricultural input costs;corn export flows;fertilizer import supply chains;food manufacturing inputs;grain shipping corridors,agricultural commodities;fertilizer producers;food producers;grain producers;grain traders;logistics providers;shipping companies,freight_routes,Stock,related_exposure,"Parcel and freight networks are materially affected by freight-route disruption, but freight routes are a broad cross-modal operating condition rather than a specific core business activity.",2;8,8,potentially_broad,"Node label represents a broad function, sector, or channel in the current mapping vocabulary.",consistent,Supporting cases show overlapping event mechanisms or affected asset-type vocabulary.,broad,Mapping is economically related but indirect/diversified according to asset_mapping metadata.,borderline,"Candidate has some ex-ante support, but at least one dimension is broad or mixed.",broad_node;broad_asset_mapping
hard_hormuz_ambiguous_energy_shipping,hard_hormuz_ambiguous_energy_shipping,war_and_sanctions_energy_disruption,freight_routes,FDX,FedEx Corporation,sector_proxy,3,case_2023_red_sea_attacks;case_1987_1988_tanker_war_reflagging;case_2022_turkey_strait_tanker_insurance_backlog,maritime security disruption;maritime chokepoint security and oil shipping disruption;maritime insurance verification and tanker-route disruption,container_shipping;customs;defense;energy;financial_sanctions;freight_routes;lng_shipping;logistics;marine_insurance;maritime_chokepoint;oil_shipping,Asian exporters;Black Sea oil cargoes;European importers;Persian Gulf tanker routes;Turkish straits tanker transits;container carriers;crude oil cargo schedules;energy shipping logistics;energy trade compliance workflows;marine insurance documentation;marine insurance underwriters;marine war-risk insurance;tanker operators,defense contractors;energy producers;energy traders;energy transport;freight rates;import-dependent retailers;logistics providers;marine insurers;shipping equities;tanker operators;trade compliance providers,freight_routes,Stock,related_exposure,"Parcel and freight networks are materially affected by freight-route disruption, but freight routes are a broad network condition rather than a specific primary revenue activity.",2;9;10,10,potentially_broad,"Node label represents a broad function, sector, or channel in the current mapping vocabulary.",consistent,Supporting cases show overlapping event mechanisms or affected asset-type vocabulary.,broad,Mapping is economically related but indirect/diversified according to asset_mapping metadata.,borderline,"Candidate has some ex-ante support, but at least one dimension is broad or mixed.",broad_node;broad_asset_mapping
hard_hormuz_ambiguous_energy_shipping,hard_hormuz_ambiguous_energy_shipping,war_and_sanctions_energy_disruption,freight_routes,UPS,United Parcel Service Inc,sector_proxy,3,case_2023_red_sea_attacks;case_1987_1988_tanker_war_reflagging;case_2022_turkey_strait_tanker_insurance_backlog,maritime security disruption;maritime chokepoint security and oil shipping disruption;maritime insurance verification and tanker-route disruption,container_shipping;customs;defense;energy;financial_sanctions;freight_routes;lng_shipping;logistics;marine_insurance;maritime_chokepoint;oil_shipping,Asian exporters;Black Sea oil cargoes;European importers;Persian Gulf tanker routes;Turkish straits tanker transits;container carriers;crude oil cargo schedules;energy shipping logistics;energy trade compliance workflows;marine insurance documentation;marine insurance underwriters;marine war-risk insurance;tanker operators,defense contractors;energy producers;energy traders;energy transport;freight rates;import-dependent retailers;logistics providers;marine insurers;shipping equities;tanker operators;trade compliance providers,freight_routes,Stock,related_exposure,"Parcel and freight networks are materially affected by freight-route disruption, but freight routes are a broad cross-modal operating condition rather than a specific core business activity.",2;9;10,10,potentially_broad,"Node label represents a broad function, sector, or channel in the current mapping vocabulary.",consistent,Supporting cases show overlapping event mechanisms or affected asset-type vocabulary.,broad,Mapping is economically related but indirect/diversified according to asset_mapping metadata.,borderline,"Candidate has some ex-ante support, but at least one dimension is broad or mixed.",broad_node;broad_asset_mapping
v3_20240223_sovcomflot_sanctions,U.S. sanctions Sovcomflot and tankers tied to Russian oil shipping,war_and_sanctions_energy_disruption,freight_routes,FDX,FedEx Corporation,sector_proxy,2,case_2022_turkey_strait_tanker_insurance_backlog;case_1987_1988_tanker_war_reflagging,maritime insurance verification and tanker-route disruption;maritime chokepoint security and oil shipping disruption,customs;defense;energy;financial_sanctions;freight_routes;logistics;marine_insurance;maritime_chokepoint;oil_shipping,Black Sea oil cargoes;Persian Gulf tanker routes;Turkish straits tanker transits;crude oil cargo schedules;energy shipping logistics;energy trade compliance workflows;marine insurance documentation;marine war-risk insurance,defense contractors;energy producers;energy traders;logistics providers;marine insurers;tanker operators;trade compliance providers,freight_routes,Stock,related_exposure,"Parcel and freight networks are materially affected by freight-route disruption, but freight routes are a broad network condition rather than a specific primary revenue activity.",9;10,10,potentially_broad,"Node label represents a broad function, sector, or channel in the current mapping vocabulary.",consistent,Supporting cases show overlapping event mechanisms or affected asset-type vocabulary.,broad,Mapping is economically related but indirect/diversified according to asset_mapping metadata.,borderline,"Candidate has some ex-ante support, but at least one dimension is broad or mixed.",broad_node;broad_asset_mapping
v3_20240223_sovcomflot_sanctions,U.S. sanctions Sovcomflot and tankers tied to Russian oil shipping,war_and_sanctions_energy_disruption,freight_routes,UPS,United Parcel Service Inc,sector_proxy,2,case_2022_turkey_strait_tanker_insurance_backlog;case_1987_1988_tanker_war_reflagging,maritime insurance verification and tanker-route disruption;maritime chokepoint security and oil shipping disruption,customs;defense;energy;financial_sanctions;freight_routes;logistics;marine_insurance;maritime_chokepoint;oil_shipping,Black Sea oil cargoes;Persian Gulf tanker routes;Turkish straits tanker transits;crude oil cargo schedules;energy shipping logistics;energy trade compliance workflows;marine insurance documentation;marine war-risk insurance,defense contractors;energy producers;energy traders;logistics providers;marine insurers;tanker operators;trade compliance providers,freight_routes,Stock,related_exposure,"Parcel and freight networks are materially affected by freight-route disruption, but freight routes are a broad cross-modal operating condition rather than a specific core business activity.",9;10,10,potentially_broad,"Node label represents a broad function, sector, or channel in the current mapping vocabulary.",consistent,Supporting cases show overlapping event mechanisms or affected asset-type vocabulary.,broad,Mapping is economically related but indirect/diversified according to asset_mapping metadata.,borderline,"Candidate has some ex-ante support, but at least one dimension is broad or mixed.",broad_node;broad_asset_mapping
eval_natural_gas_fertilizer_shock,eval_natural_gas_fertilizer_shock,energy_and_agricultural_input_shock,grain_exports,BG,Bunge Global SA,sector_proxy,2,case_black_sea_grain_export_disruption;case_2022_india_wheat_export_ban,war-related agricultural export disruption;food export ban and grain trade restriction,agriculture;customs;fertilizer;food_export_controls;freight_routes;grain_exports;logistics;maritime_chokepoint;trade_lanes,Black Sea wheat exports;agricultural logistics;corn export flows;food manufacturing inputs;grain import supply chains;grain shipping corridors;wheat export flows,agricultural commodities;fertilizer producers;food producers;grain traders;logistics providers;shipping companies,grain_exports,Stock,related_exposure,"Bunge participates in grain and oilseed export flows, but grain_exports is one channel within a diversified agribusiness and commodity platform.",8;9,9,potentially_broad,"All mapped assets are related_exposure, indicating meaningful but indirect node specificity.",consistent,Supporting cases show overlapping event mechanisms or affected asset-type vocabulary.,broad,Mapping is economically related but indirect/diversified according to asset_mapping metadata.,borderline,"Candidate has some ex-ante support, but at least one dimension is broad or mixed.",broad_node;broad_asset_mapping
eval_panama_canal_drought_shipping,eval_panama_canal_drought_shipping,canal_shipping_disruption,grain_exports,BG,Bunge Global SA,sector_proxy,3,case_2022_india_wheat_export_ban;case_2008_rice_export_restrictions_food_security;case_black_sea_grain_export_disruption,food export ban and grain trade restriction;food export controls and agricultural trade disruption;war-related agricultural export disruption,agriculture;customs;fertilizer;food_export_controls;freight_routes;grain_exports;logistics;maritime_chokepoint;trade_lanes,Black Sea wheat exports;agricultural logistics;agricultural trade lanes;corn export flows;food manufacturing inputs;food processing inputs;grain import procurement;grain import supply chains;grain shipping corridors;rice export flows;wheat export flows,agricultural commodities;agricultural processors;commodity funds;fertilizer producers;food producers;grain traders;logistics providers;shipping companies,grain_exports,Stock,related_exposure,"Bunge participates in grain and oilseed export flows, but grain_exports is one channel within a diversified agribusiness and commodity platform.",5;7;8,8,potentially_broad,"All mapped assets are related_exposure, indicating meaningful but indirect node specificity.",consistent,Supporting cases show overlapping event mechanisms or affected asset-type vocabulary.,broad,Mapping is economically related but indirect/diversified according to asset_mapping metadata.,borderline,"Candidate has some ex-ante support, but at least one dimension is broad or mixed.",broad_node;broad_asset_mapping
eval_us_china_tariffs,eval_us_china_tariffs,trade_policy_and_tariffs,grain_exports,BG,Bunge Global SA,sector_proxy,2,case_2008_rice_export_restrictions_food_security;case_2022_india_wheat_export_ban,food export controls and agricultural trade disruption;food export ban and grain trade restriction,agriculture;customs;food_export_controls;grain_exports;logistics;trade_lanes,agricultural logistics;agricultural trade lanes;food manufacturing inputs;food processing inputs;grain import procurement;grain import supply chains;rice export flows;wheat export flows,agricultural commodities;agricultural processors;commodity funds;fertilizer producers;food producers;grain traders;logistics providers,grain_exports,Stock,related_exposure,"Bunge participates in grain and oilseed export flows, but grain_exports is one channel within a diversified agribusiness and commodity platform.",5;7,7,potentially_broad,"All mapped assets are related_exposure, indicating meaningful but indirect node specificity.",consistent,Supporting cases show overlapping event mechanisms or affected asset-type vocabulary.,broad,Mapping is economically related but indirect/diversified according to asset_mapping metadata.,borderline,"Candidate has some ex-ante support, but at least one dimension is broad or mixed.",broad_node;broad_asset_mapping
eval_black_sea_grain_export_disruption,eval_black_sea_grain_export_disruption,grain_export_disruption,lng_shipping,FLNG,FLEX LNG Ltd,historical_supported,2,case_2023_red_sea_attacks;case_panama_canal_drought_shipping_capacity,maritime security disruption;climate-related shipping chokepoint disruption,agriculture;container_shipping;freight_routes;lng_shipping;logistics;marine_insurance;maritime_chokepoint;oil_shipping;panama_canal,Asian exporters;European importers;LNG cargo routes;Panama Canal transit slots;US Gulf grain exports;container carriers;container shipping schedules;marine insurance underwriters;tanker operators,LNG cargoes;energy transport;freight forwarders;freight rates;grain exporters;import-dependent retailers;import-dependent supply chains;marine insurers;shipping companies;shipping equities,lng_shipping,Stock,direct_exposure,Core operations or products are directly tied to the lng_shipping node: LNG carrier owner exposed to seaborne LNG transportation,3;7,7,specific,Node maps to operating-company/direct exposures in a concentrated asset vocabulary.,mixed,"Supporting cases share related node context, but event mechanisms are only partially aligned.",specific,Mapped ticker has direct_exposure metadata for a specific node.,borderline,"Candidate has some ex-ante support, but at least one dimension is broad or mixed.",
eval_black_sea_grain_export_disruption,eval_black_sea_grain_export_disruption,grain_export_disruption,lng_shipping,LNG,Cheniere Energy Inc,historical_supported,2,case_2023_red_sea_attacks;case_panama_canal_drought_shipping_capacity,maritime security disruption;climate-related shipping chokepoint disruption,agriculture;container_shipping;freight_routes;lng_shipping;logistics;marine_insurance;maritime_chokepoint;oil_shipping;panama_canal,Asian exporters;European importers;LNG cargo routes;Panama Canal transit slots;US Gulf grain exports;container carriers;container shipping schedules;marine insurance underwriters;tanker operators,LNG cargoes;energy transport;freight forwarders;freight rates;grain exporters;import-dependent retailers;import-dependent supply chains;marine insurers;shipping companies;shipping equities,lng_shipping,Stock,related_exposure,"LNG export and liquefaction operations are tied to global LNG trade, but seaborne LNG shipping is a downstream transport linkage rather than the company's primary operating activity.",3;7,7,specific,Node maps to operating-company/direct exposures in a concentrated asset vocabulary.,mixed,"Supporting cases share related node context, but event mechanisms are only partially aligned.",broad,Mapped ticker is related_exposure rather than direct exposure for an otherwise specific node.,borderline,"Candidate has some ex-ante support, but at least one dimension is broad or mixed.",broad_asset_mapping
eval_cyber_port_pipeline_disruption,eval_cyber_port_pipeline_disruption,cyber_infrastructure_disruption,lng_shipping,LNG,Cheniere Energy Inc,historical_supported,3,case_2022_nord_stream_pipeline_sabotage;case_2009_russia_ukraine_gas_transit_dispute;case_2023_red_sea_attacks,energy infrastructure sabotage and pipeline disruption;pipeline gas transit disruption and energy security shock;maritime security disruption,container_shipping;cyber_infrastructure;energy;freight_routes;lng_shipping;logistics;manufacturing_inputs;marine_insurance;maritime_chokepoint;oil_shipping;petrochemicals;pipeline_infrastructure;trade_lanes,Asian exporters;European gas infrastructure;European gas storage;European importers;LNG import capacity;LNG procurement options;Ukraine gas transit routes;container carriers;energy-intensive manufacturing;marine insurance underwriters;power generation inputs;tanker operators,LNG infrastructure;LNG suppliers;chemical producers;energy transport;freight rates;gas utilities;import-dependent retailers;industrial manufacturers;manufacturers;marine insurers;natural gas;pipeline operators;shipping equities;utilities,lng_shipping,Stock,related_exposure,"LNG export and liquefaction operations are tied to global LNG trade, but seaborne LNG shipping is a downstream transport linkage rather than the company's primary operating activity.",6;9;10,10,specific,Node maps to operating-company/direct exposures in a concentrated asset vocabulary.,consistent,Supporting cases show overlapping event mechanisms or affected asset-type vocabulary.,broad,Mapped ticker is related_exposure rather than direct exposure for an otherwise specific node.,borderline,"Candidate has some ex-ante support, but at least one dimension is broad or mixed.",broad_asset_mapping
eval_food_export_grain_restriction,eval_food_export_grain_restriction,grain_export_disruption,lng_shipping,FLNG,FLEX LNG Ltd,historical_supported,2,case_2023_red_sea_attacks;case_panama_canal_drought_shipping_capacity,maritime security disruption;climate-related shipping chokepoint disruption,agriculture;container_shipping;freight_routes;lng_shipping;logistics;marine_insurance;maritime_chokepoint;oil_shipping;panama_canal,Asian exporters;European importers;LNG cargo routes;Panama Canal transit slots;US Gulf grain exports;container carriers;container shipping schedules;marine insurance underwriters;tanker operators,LNG cargoes;energy transport;freight forwarders;freight rates;grain exporters;import-dependent retailers;import-dependent supply chains;marine insurers;shipping companies;shipping equities,lng_shipping,Stock,direct_exposure,Core operations or products are directly tied to the lng_shipping node: LNG carrier owner exposed to seaborne LNG transportation,7;8,8,specific,Node maps to operating-company/direct exposures in a concentrated asset vocabulary.,mixed,"Supporting cases share related node context, but event mechanisms are only partially aligned.",specific,Mapped ticker has direct_exposure metadata for a specific node.,borderline,"Candidate has some ex-ante support, but at least one dimension is broad or mixed.",
eval_food_export_grain_restriction,eval_food_export_grain_restriction,grain_export_disruption,lng_shipping,LNG,Cheniere Energy Inc,historical_supported,2,case_2023_red_sea_attacks;case_panama_canal_drought_shipping_capacity,maritime security disruption;climate-related shipping chokepoint disruption,agriculture;container_shipping;freight_routes;lng_shipping;logistics;marine_insurance;maritime_chokepoint;oil_shipping;panama_canal,Asian exporters;European importers;LNG cargo routes;Panama Canal transit slots;US Gulf grain exports;container carriers;container shipping schedules;marine insurance underwriters;tanker operators,LNG cargoes;energy transport;freight forwarders;freight rates;grain exporters;import-dependent retailers;import-dependent supply chains;marine insurers;shipping companies;shipping equities,lng_shipping,Stock,related_exposure,"LNG export and liquefaction operations are tied to global LNG trade, but seaborne LNG shipping is a downstream transport linkage rather than the company's primary operating activity.",7;8,8,specific,Node maps to operating-company/direct exposures in a concentrated asset vocabulary.,mixed,"Supporting cases share related node context, but event mechanisms are only partially aligned.",broad,Mapped ticker is related_exposure rather than direct exposure for an otherwise specific node.,borderline,"Candidate has some ex-ante support, but at least one dimension is broad or mixed.",broad_asset_mapping
eval_middle_east_oil_infrastructure_attack,eval_middle_east_oil_infrastructure_attack,energy_infrastructure_disruption,lng_shipping,LNG,Cheniere Energy Inc,historical_supported,2,case_israel_iran_escalation_energy_risk;case_hormuz_tanker_tensions,regional military escalation and energy chokepoint risk;energy chokepoint security risk,defense;energy;lng_shipping;marine_insurance;maritime_chokepoint;oil_shipping;refining,LNG cargo flows;LNG cargoes from Qatar;Persian Gulf crude exports;marine insurance premiums;oil importers;refining margins;regional defense demand;tanker fleets;tanker routes,LNG;crude oil;defense contractors;energy producers;marine insurers;refiners;tanker operators,lng_shipping,Stock,related_exposure,"LNG export and liquefaction operations are tied to global LNG trade, but seaborne LNG shipping is a downstream transport linkage rather than the company's primary operating activity.",6;7,7,specific,Node maps to operating-company/direct exposures in a concentrated asset vocabulary.,consistent,Supporting cases show overlapping event mechanisms or affected asset-type vocabulary.,broad,Mapped ticker is related_exposure rather than direct exposure for an otherwise specific node.,borderline,"Candidate has some ex-ante support, but at least one dimension is broad or mixed.",broad_asset_mapping
eval_natural_gas_fertilizer_shock,eval_natural_gas_fertilizer_shock,energy_and_agricultural_input_shock,lng_shipping,LNG,Cheniere Energy Inc,historical_supported,2,case_russia_ukraine_energy_shock;case_2009_russia_ukraine_gas_transit_dispute,war and sanctions energy disruption;pipeline gas transit disruption and energy security shock,energy;lng_shipping;manufacturing_inputs;petrochemicals;pipeline_infrastructure;refining;trade_lanes,European gas benchmarks;European gas storage;LNG import terminals;LNG procurement options;Ukraine gas transit routes;energy-intensive manufacturers;energy-intensive manufacturing;fertilizer producers;power utilities,LNG infrastructure;LNG suppliers;chemical producers;chemicals;crude oil;gas utilities;industrial manufacturers;metals producers;natural gas;pipeline operators;utilities,lng_shipping,Stock,related_exposure,"LNG export and liquefaction operations are tied to global LNG trade, but seaborne LNG shipping is a downstream transport linkage rather than the company's primary operating activity.",4;7,7,specific,Node maps to operating-company/direct exposures in a concentrated asset vocabulary.,consistent,Supporting cases show overlapping event mechanisms or affected asset-type vocabulary.,broad,Mapped ticker is related_exposure rather than direct exposure for an otherwise specific node.,borderline,"Candidate has some ex-ante support, but at least one dimension is broad or mixed.",broad_asset_mapping
eval_opec_oil_policy_shock,eval_opec_oil_policy_shock,oil_policy_shock,lng_shipping,FLNG,FLEX LNG Ltd,historical_supported,2,case_hormuz_tanker_tensions;case_russia_ukraine_energy_shock,energy chokepoint security risk;war and sanctions energy disruption,energy;lng_shipping;manufacturing_inputs;marine_insurance;maritime_chokepoint;oil_shipping;petrochemicals;refining,European gas benchmarks;LNG cargoes from Qatar;LNG import terminals;Persian Gulf crude exports;energy-intensive manufacturers;fertilizer producers;oil importers;power utilities;refining margins;tanker fleets,LNG;LNG infrastructure;chemicals;crude oil;energy producers;marine insurers;metals producers;natural gas;refiners;tanker operators;utilities,lng_shipping,Stock,direct_exposure,Core operations or products are directly tied to the lng_shipping node: LNG carrier owner exposed to seaborne LNG transportation,6;9,9,specific,Node maps to operating-company/direct exposures in a concentrated asset vocabulary.,mixed,Cases share the node but available structured metadata indicates mixed transmission context.,specific,Mapped ticker has direct_exposure metadata for a specific node.,borderline,"Candidate has some ex-ante support, but at least one dimension is broad or mixed.",
eval_opec_oil_policy_shock,eval_opec_oil_policy_shock,oil_policy_shock,lng_shipping,LNG,Cheniere Energy Inc,historical_supported,2,case_hormuz_tanker_tensions;case_russia_ukraine_energy_shock,energy chokepoint security risk;war and sanctions energy disruption,energy;lng_shipping;manufacturing_inputs;marine_insurance;maritime_chokepoint;oil_shipping;petrochemicals;refining,European gas benchmarks;LNG cargoes from Qatar;LNG import terminals;Persian Gulf crude exports;energy-intensive manufacturers;fertilizer producers;oil importers;power utilities;refining margins;tanker fleets,LNG;LNG infrastructure;chemicals;crude oil;energy producers;marine insurers;metals producers;natural gas;refiners;tanker operators;utilities,lng_shipping,Stock,related_exposure,"LNG export and liquefaction operations are tied to global LNG trade, but seaborne LNG shipping is a downstream transport linkage rather than the company's primary operating activity.",6;9,9,specific,Node maps to operating-company/direct exposures in a concentrated asset vocabulary.,mixed,Cases share the node but available structured metadata indicates mixed transmission context.,broad,Mapped ticker is related_exposure rather than direct exposure for an otherwise specific node.,borderline,"Candidate has some ex-ante support, but at least one dimension is broad or mixed.",broad_asset_mapping
eval_suez_canal_blockage,eval_suez_canal_blockage,shipping_chokepoint_disruption,lng_shipping,FLNG,FLEX LNG Ltd,historical_supported,3,case_2023_red_sea_attacks;case_panama_canal_drought_shipping_capacity;case_2023_arctic_lng_russian_energy_shipping_sanctions,maritime security disruption;climate-related shipping chokepoint disruption;energy shipping sanctions and Arctic LNG disruption risk,agriculture;container_shipping;energy;financial_sanctions;freight_routes;lng_shipping;logistics;marine_insurance;maritime_chokepoint;oil_shipping;panama_canal;payment_networks,Asian LNG procurement;Asian exporters;European importers;LNG cargo routes;Panama Canal transit slots;Russian Arctic LNG cargoes;US Gulf grain exports;container carriers;container shipping schedules;energy trade finance;ice-class LNG carrier availability;marine insurance coverage;marine insurance underwriters;tanker operators,LNG cargoes;LNG carriers;banks;energy producers;energy transport;freight forwarders;freight rates;gas utilities;grain exporters;import-dependent retailers;import-dependent supply chains;marine insurers;shipbuilders;shipping companies;shipping equities,lng_shipping,Stock,direct_exposure,Core operations or products are directly tied to the lng_shipping node: LNG carrier owner exposed to seaborne LNG transportation,2;7;9,9,specific,Node maps to operating-company/direct exposures in a concentrated asset vocabulary.,mixed,"Supporting cases share related node context, but event mechanisms are only partially aligned.",specific,Mapped ticker has direct_exposure metadata for a specific node.,borderline,"Candidate has some ex-ante support, but at least one dimension is broad or mixed.",
eval_suez_canal_blockage,eval_suez_canal_blockage,shipping_chokepoint_disruption,lng_shipping,LNG,Cheniere Energy Inc,historical_supported,3,case_2023_red_sea_attacks;case_panama_canal_drought_shipping_capacity;case_2023_arctic_lng_russian_energy_shipping_sanctions,maritime security disruption;climate-related shipping chokepoint disruption;energy shipping sanctions and Arctic LNG disruption risk,agriculture;container_shipping;energy;financial_sanctions;freight_routes;lng_shipping;logistics;marine_insurance;maritime_chokepoint;oil_shipping;panama_canal;payment_networks,Asian LNG procurement;Asian exporters;European importers;LNG cargo routes;Panama Canal transit slots;Russian Arctic LNG cargoes;US Gulf grain exports;container carriers;container shipping schedules;energy trade finance;ice-class LNG carrier availability;marine insurance coverage;marine insurance underwriters;tanker operators,LNG cargoes;LNG carriers;banks;energy producers;energy transport;freight forwarders;freight rates;gas utilities;grain exporters;import-dependent retailers;import-dependent supply chains;marine insurers;shipbuilders;shipping companies;shipping equities,lng_shipping,Stock,related_exposure,"LNG export and liquefaction operations are tied to global LNG trade, but seaborne LNG shipping is a downstream transport linkage rather than the company's primary operating activity.",2;7;9,9,specific,Node maps to operating-company/direct exposures in a concentrated asset vocabulary.,mixed,"Supporting cases share related node context, but event mechanisms are only partially aligned.",broad,Mapped ticker is related_exposure rather than direct exposure for an otherwise specific node.,borderline,"Candidate has some ex-ante support, but at least one dimension is broad or mixed.",broad_asset_mapping
hard_cyber_infrastructure_indirect,hard_cyber_infrastructure_indirect,cyber_infrastructure_disruption,lng_shipping,FLNG,FLEX LNG Ltd,historical_supported,2,case_2023_red_sea_attacks;case_2022_nord_stream_pipeline_sabotage,maritime security disruption;energy infrastructure sabotage and pipeline disruption,container_shipping;cyber_infrastructure;energy;freight_routes;lng_shipping;logistics;manufacturing_inputs;marine_insurance;maritime_chokepoint;oil_shipping;petrochemicals;pipeline_infrastructure,Asian exporters;European gas infrastructure;European importers;LNG import capacity;container carriers;energy-intensive manufacturing;marine insurance underwriters;power generation inputs;tanker operators,LNG infrastructure;chemical producers;energy transport;freight rates;import-dependent retailers;manufacturers;marine insurers;natural gas;pipeline operators;shipping equities;utilities,lng_shipping,Stock,direct_exposure,Core operations or products are directly tied to the lng_shipping node: LNG carrier owner exposed to seaborne LNG transportation,6;10,10,specific,Node maps to operating-company/direct exposures in a concentrated asset vocabulary.,mixed,Cases share the node but available structured metadata indicates mixed transmission context.,specific,Mapped ticker has direct_exposure metadata for a specific node.,borderline,"Candidate has some ex-ante support, but at least one dimension is broad or mixed.",
hard_cyber_infrastructure_indirect,hard_cyber_infrastructure_indirect,cyber_infrastructure_disruption,lng_shipping,LNG,Cheniere Energy Inc,historical_supported,2,case_2023_red_sea_attacks;case_2022_nord_stream_pipeline_sabotage,maritime security disruption;energy infrastructure sabotage and pipeline disruption,container_shipping;cyber_infrastructure;energy;freight_routes;lng_shipping;logistics;manufacturing_inputs;marine_insurance;maritime_chokepoint;oil_shipping;petrochemicals;pipeline_infrastructure,Asian exporters;European gas infrastructure;European importers;LNG import capacity;container carriers;energy-intensive manufacturing;marine insurance underwriters;power generation inputs;tanker operators,LNG infrastructure;chemical producers;energy transport;freight rates;import-dependent retailers;manufacturers;marine insurers;natural gas;pipeline operators;shipping equities;utilities,lng_shipping,Stock,related_exposure,"LNG export and liquefaction operations are tied to global LNG trade, but seaborne LNG shipping is a downstream transport linkage rather than the company's primary operating activity.",6;10,10,specific,Node maps to operating-company/direct exposures in a concentrated asset vocabulary.,mixed,Cases share the node but available structured metadata indicates mixed transmission context.,broad,Mapped ticker is related_exposure rather than direct exposure for an otherwise specific node.,borderline,"Candidate has some ex-ante support, but at least one dimension is broad or mixed.",broad_asset_mapping
eval_china_graphite_battery_controls,eval_china_graphite_battery_controls,critical_minerals_export_controls,logistics,JBHT,J B Hunt Transport Services Inc,sector_proxy,3,case_2024_ev_tariff_escalation_china;case_2024_drc_cobalt_copper_mining_disruption;case_2022_peru_mine_protests_copper_supply,tariff escalation and clean technology trade restriction;critical mineral mining disruption and political instability;mining unrest and critical mineral shipment disruption,battery_materials;critical_minerals;customs;logistics;manufacturing_inputs;trade_lanes,Central African copper exports;DRC cobalt supply;EV import flows;EV manufacturing supply chains;Peru copper concentrate exports;battery and grid input supply;battery cathode inputs;battery component supply chains;clean technology manufacturing inputs;industrial metal procurement;mineral logistics corridors;solar equipment imports,EV manufacturers;EV supply chains;battery manufacturers;battery suppliers;battery supply chains;commodity traders;critical mineral miners;electronics manufacturers;industrial manufacturers;logistics providers;manufacturers;mining companies;solar equipment producers,logistics,Stock,direct_exposure,Core operations or products are directly tied to the logistics node: Intermodal and trucking logistics provider exposed to freight demand,6;9;10,10,potentially_broad,"Node label represents a broad function, sector, or channel in the current mapping vocabulary.",mixed,"Supporting cases share related node context, but event mechanisms are only partially aligned.",specific,"Mapped ticker is direct_exposure, though the node itself may be broad.",borderline,"Candidate has some ex-ante support, but at least one dimension is broad or mixed.",broad_node
eval_china_graphite_battery_controls,eval_china_graphite_battery_controls,critical_minerals_export_controls,logistics,KNIN.SW,Kuehne + Nagel International AG,sector_proxy,3,case_2024_ev_tariff_escalation_china;case_2024_drc_cobalt_copper_mining_disruption;case_2022_peru_mine_protests_copper_supply,tariff escalation and clean technology trade restriction;critical mineral mining disruption and political instability;mining unrest and critical mineral shipment disruption,battery_materials;critical_minerals;customs;logistics;manufacturing_inputs;trade_lanes,Central African copper exports;DRC cobalt supply;EV import flows;EV manufacturing supply chains;Peru copper concentrate exports;battery and grid input supply;battery cathode inputs;battery component supply chains;clean technology manufacturing inputs;industrial metal procurement;mineral logistics corridors;solar equipment imports,EV manufacturers;EV supply chains;battery manufacturers;battery suppliers;battery supply chains;commodity traders;critical mineral miners;electronics manufacturers;industrial manufacturers;logistics providers;manufacturers;mining companies;solar equipment producers,logistics,Stock,direct_exposure,Core operations or products are directly tied to the logistics node: Global freight forwarding and logistics company,6;9;10,10,potentially_broad,"Node label represents a broad function, sector, or channel in the current mapping vocabulary.",mixed,"Supporting cases share related node context, but event mechanisms are only partially aligned.",specific,"Mapped ticker is direct_exposure, though the node itself may be broad.",borderline,"Candidate has some ex-ante support, but at least one dimension is broad or mixed.",broad_node
eval_rare_earth_critical_minerals_controls,eval_rare_earth_critical_minerals_controls,critical_minerals_export_controls,logistics,JBHT,J B Hunt Transport Services Inc,sector_proxy,2,case_2024_drc_cobalt_copper_mining_disruption;case_2022_peru_mine_protests_copper_supply,critical mineral mining disruption and political instability;mining unrest and critical mineral shipment disruption,battery_materials;critical_minerals;customs;logistics;manufacturing_inputs;trade_lanes,Central African copper exports;DRC cobalt supply;EV manufacturing supply chains;Peru copper concentrate exports;battery and grid input supply;battery cathode inputs;industrial metal procurement;mineral logistics corridors,EV supply chains;battery manufacturers;battery supply chains;commodity traders;critical mineral miners;electronics manufacturers;industrial manufacturers;logistics providers;mining companies,logistics,Stock,direct_exposure,Core operations or products are directly tied to the logistics node: Intermodal and trucking logistics provider exposed to freight demand,8;9,9,potentially_broad,"Node label represents a broad function, sector, or channel in the current mapping vocabulary.",consistent,Supporting cases show overlapping event mechanisms or affected asset-type vocabulary.,specific,"Mapped ticker is direct_exposure, though the node itself may be broad.",borderline,"Candidate has some ex-ante support, but at least one dimension is broad or mixed.",broad_node
eval_rare_earth_critical_minerals_controls,eval_rare_earth_critical_minerals_controls,critical_minerals_export_controls,logistics,KNIN.SW,Kuehne + Nagel International AG,sector_proxy,2,case_2024_drc_cobalt_copper_mining_disruption;case_2022_peru_mine_protests_copper_supply,critical mineral mining disruption and political instability;mining unrest and critical mineral shipment disruption,battery_materials;critical_minerals;customs;logistics;manufacturing_inputs;trade_lanes,Central African copper exports;DRC cobalt supply;EV manufacturing supply chains;Peru copper concentrate exports;battery and grid input supply;battery cathode inputs;industrial metal procurement;mineral logistics corridors,EV supply chains;battery manufacturers;battery supply chains;commodity traders;critical mineral miners;electronics manufacturers;industrial manufacturers;logistics providers;mining companies,logistics,Stock,direct_exposure,Core operations or products are directly tied to the logistics node: Global freight forwarding and logistics company,8;9,9,potentially_broad,"Node label represents a broad function, sector, or channel in the current mapping vocabulary.",consistent,Supporting cases show overlapping event mechanisms or affected asset-type vocabulary.,specific,"Mapped ticker is direct_exposure, though the node itself may be broad.",borderline,"Candidate has some ex-ante support, but at least one dimension is broad or mixed.",broad_node
hard_hormuz_ambiguous_energy_shipping,hard_hormuz_ambiguous_energy_shipping,war_and_sanctions_energy_disruption,logistics,JBHT,J B Hunt Transport Services Inc,sector_proxy,3,case_2023_red_sea_attacks;case_1987_1988_tanker_war_reflagging;case_2022_turkey_strait_tanker_insurance_backlog,maritime security disruption;maritime chokepoint security and oil shipping disruption;maritime insurance verification and tanker-route disruption,container_shipping;customs;defense;energy;financial_sanctions;freight_routes;lng_shipping;logistics;marine_insurance;maritime_chokepoint;oil_shipping,Asian exporters;Black Sea oil cargoes;European importers;Persian Gulf tanker routes;Turkish straits tanker transits;container carriers;crude oil cargo schedules;energy shipping logistics;energy trade compliance workflows;marine insurance documentation;marine insurance underwriters;marine war-risk insurance;tanker operators,defense contractors;energy producers;energy traders;energy transport;freight rates;import-dependent retailers;logistics providers;marine insurers;shipping equities;tanker operators;trade compliance providers,logistics,Stock,direct_exposure,Core operations or products are directly tied to the logistics node: Intermodal and trucking logistics provider exposed to freight demand,2;9;10,10,potentially_broad,"Node label represents a broad function, sector, or channel in the current mapping vocabulary.",consistent,Supporting cases show overlapping event mechanisms or affected asset-type vocabulary.,specific,"Mapped ticker is direct_exposure, though the node itself may be broad.",borderline,"Candidate has some ex-ante support, but at least one dimension is broad or mixed.",broad_node
hard_hormuz_ambiguous_energy_shipping,hard_hormuz_ambiguous_energy_shipping,war_and_sanctions_energy_disruption,logistics,KNIN.SW,Kuehne + Nagel International AG,sector_proxy,3,case_2023_red_sea_attacks;case_1987_1988_tanker_war_reflagging;case_2022_turkey_strait_tanker_insurance_backlog,maritime security disruption;maritime chokepoint security and oil shipping disruption;maritime insurance verification and tanker-route disruption,container_shipping;customs;defense;energy;financial_sanctions;freight_routes;lng_shipping;logistics;marine_insurance;maritime_chokepoint;oil_shipping,Asian exporters;Black Sea oil cargoes;European importers;Persian Gulf tanker routes;Turkish straits tanker transits;container carriers;crude oil cargo schedules;energy shipping logistics;energy trade compliance workflows;marine insurance documentation;marine insurance underwriters;marine war-risk insurance;tanker operators,defense contractors;energy producers;energy traders;energy transport;freight rates;import-dependent retailers;logistics providers;marine insurers;shipping equities;tanker operators;trade compliance providers,logistics,Stock,direct_exposure,Core operations or products are directly tied to the logistics node: Global freight forwarding and logistics company,2;9;10,10,potentially_broad,"Node label represents a broad function, sector, or channel in the current mapping vocabulary.",consistent,Supporting cases show overlapping event mechanisms or affected asset-type vocabulary.,specific,"Mapped ticker is direct_exposure, though the node itself may be broad.",borderline,"Candidate has some ex-ante support, but at least one dimension is broad or mixed.",broad_node
v3_20240223_sovcomflot_sanctions,U.S. sanctions Sovcomflot and tankers tied to Russian oil shipping,war_and_sanctions_energy_disruption,logistics,JBHT,J B Hunt Transport Services Inc,sector_proxy,3,case_2019_cosco_shipping_sanctions_tanker_market;case_2022_turkey_strait_tanker_insurance_backlog;case_1987_1988_tanker_war_reflagging,shipping sanctions and marine insurance compliance disruption;maritime insurance verification and tanker-route disruption;maritime chokepoint security and oil shipping disruption,customs;defense;energy;financial_sanctions;freight_routes;logistics;marine_insurance;maritime_chokepoint;oil_shipping;payment_networks;trade_lanes,Black Sea oil cargoes;Persian Gulf tanker routes;Turkish straits tanker transits;crude oil cargo schedules;crude tanker chartering;energy shipping logistics;energy trade compliance workflows;energy trade payments;marine insurance approvals;marine insurance documentation;marine war-risk insurance;sanctions-screened oil cargoes,banks;defense contractors;energy producers;energy traders;freight brokers;logistics providers;marine insurers;tanker operators;trade compliance providers,logistics,Stock,direct_exposure,Core operations or products are directly tied to the logistics node: Intermodal and trucking logistics provider exposed to freight demand,6;9;10,10,potentially_broad,"Node label represents a broad function, sector, or channel in the current mapping vocabulary.",consistent,Supporting cases show overlapping event mechanisms or affected asset-type vocabulary.,specific,"Mapped ticker is direct_exposure, though the node itself may be broad.",borderline,"Candidate has some ex-ante support, but at least one dimension is broad or mixed.",broad_node
v3_20240223_sovcomflot_sanctions,U.S. sanctions Sovcomflot and tankers tied to Russian oil shipping,war_and_sanctions_energy_disruption,logistics,KNIN.SW,Kuehne + Nagel International AG,sector_proxy,3,case_2019_cosco_shipping_sanctions_tanker_market;case_2022_turkey_strait_tanker_insurance_backlog;case_1987_1988_tanker_war_reflagging,shipping sanctions and marine insurance compliance disruption;maritime insurance verification and tanker-route disruption;maritime chokepoint security and oil shipping disruption,customs;defense;energy;financial_sanctions;freight_routes;logistics;marine_insurance;maritime_chokepoint;oil_shipping;payment_networks;trade_lanes,Black Sea oil cargoes;Persian Gulf tanker routes;Turkish straits tanker transits;crude oil cargo schedules;crude tanker chartering;energy shipping logistics;energy trade compliance workflows;energy trade payments;marine insurance approvals;marine insurance documentation;marine war-risk insurance;sanctions-screened oil cargoes,banks;defense contractors;energy producers;energy traders;freight brokers;logistics providers;marine insurers;tanker operators;trade compliance providers,logistics,Stock,direct_exposure,Core operations or products are directly tied to the logistics node: Global freight forwarding and logistics company,6;9;10,10,potentially_broad,"Node label represents a broad function, sector, or channel in the current mapping vocabulary.",consistent,Supporting cases show overlapping event mechanisms or affected asset-type vocabulary.,specific,"Mapped ticker is direct_exposure, though the node itself may be broad.",borderline,"Candidate has some ex-ante support, but at least one dimension is broad or mixed.",broad_node
v3_20250224_eu_16th_russia_sanctions,EU adopts 16th Russia sanctions package targeting shadow fleet and military suppliers,war_and_sanctions_energy_disruption,logistics,JBHT,J B Hunt Transport Services Inc,sector_proxy,2,case_2019_cosco_shipping_sanctions_tanker_market;case_2022_turkey_strait_tanker_insurance_backlog,shipping sanctions and marine insurance compliance disruption;maritime insurance verification and tanker-route disruption,customs;financial_sanctions;freight_routes;logistics;marine_insurance;maritime_chokepoint;oil_shipping;payment_networks;trade_lanes,Black Sea oil cargoes;Turkish straits tanker transits;crude tanker chartering;energy trade compliance workflows;energy trade payments;marine insurance approvals;marine insurance documentation;sanctions-screened oil cargoes,banks;energy traders;freight brokers;logistics providers;marine insurers;tanker operators;trade compliance providers,logistics,Stock,direct_exposure,Core operations or products are directly tied to the logistics node: Intermodal and trucking logistics provider exposed to freight demand,8;10,10,potentially_broad,"Node label represents a broad function, sector, or channel in the current mapping vocabulary.",consistent,Supporting cases show overlapping event mechanisms or affected asset-type vocabulary.,specific,"Mapped ticker is direct_exposure, though the node itself may be broad.",borderline,"Candidate has some ex-ante support, but at least one dimension is broad or mixed.",broad_node
v3_20250224_eu_16th_russia_sanctions,EU adopts 16th Russia sanctions package targeting shadow fleet and military suppliers,war_and_sanctions_energy_disruption,logistics,KNIN.SW,Kuehne + Nagel International AG,sector_proxy,2,case_2019_cosco_shipping_sanctions_tanker_market;case_2022_turkey_strait_tanker_insurance_backlog,shipping sanctions and marine insurance compliance disruption;maritime insurance verification and tanker-route disruption,customs;financial_sanctions;freight_routes;logistics;marine_insurance;maritime_chokepoint;oil_shipping;payment_networks;trade_lanes,Black Sea oil cargoes;Turkish straits tanker transits;crude tanker chartering;energy trade compliance workflows;energy trade payments;marine insurance approvals;marine insurance documentation;sanctions-screened oil cargoes,banks;energy traders;freight brokers;logistics providers;marine insurers;tanker operators;trade compliance providers,logistics,Stock,direct_exposure,Core operations or products are directly tied to the logistics node: Global freight forwarding and logistics company,8;10,10,potentially_broad,"Node label represents a broad function, sector, or channel in the current mapping vocabulary.",consistent,Supporting cases show overlapping event mechanisms or affected asset-type vocabulary.,specific,"Mapped ticker is direct_exposure, though the node itself may be broad.",borderline,"Candidate has some ex-ante support, but at least one dimension is broad or mixed.",broad_node
v3_20240306_true_confidence_attack,Houthi anti-ship missile strikes M/V True Confidence in Gulf of Aden,maritime_security_disruption,manufacturing_inputs,CAT,Caterpillar Inc,sector_proxy,2,case_2017_north_korea_missile_escalation;case_2019_india_pakistan_airspace_closure,missile escalation and regional security risk;border military escalation and airspace disruption,aviation;defense;freight_routes;logistics;manufacturing_inputs;semiconductor_equipment;trade_lanes,East Asian air routes;Europe-Asia long-haul flights;South Asia air routes;air cargo schedules;electronics manufacturing supply chains;missile defense systems;regional defense procurement;regional logistics networks,air cargo operators;airlines;defense contractors;electronics manufacturers;freight forwarders;logistics providers;manufacturers;regional exporters,manufacturing_inputs,Stock,related_exposure,Business has meaningful but diversified or indirect economic linkage to the manufacturing_inputs node: Heavy equipment manufacturer exposed to construction mining and infrastructure inputs,5;7,7,potentially_broad,"Node label represents a broad function, sector, or channel in the current mapping vocabulary.",consistent,Supporting cases show overlapping event mechanisms or affected asset-type vocabulary.,broad,Mapping is economically related but indirect/diversified according to asset_mapping metadata.,borderline,"Candidate has some ex-ante support, but at least one dimension is broad or mixed.",broad_node;broad_asset_mapping
v3_20240306_true_confidence_attack,Houthi anti-ship missile strikes M/V True Confidence in Gulf of Aden,maritime_security_disruption,manufacturing_inputs,DE,Deere & Company,sector_proxy,2,case_2017_north_korea_missile_escalation;case_2019_india_pakistan_airspace_closure,missile escalation and regional security risk;border military escalation and airspace disruption,aviation;defense;freight_routes;logistics;manufacturing_inputs;semiconductor_equipment;trade_lanes,East Asian air routes;Europe-Asia long-haul flights;South Asia air routes;air cargo schedules;electronics manufacturing supply chains;missile defense systems;regional defense procurement;regional logistics networks,air cargo operators;airlines;defense contractors;electronics manufacturers;freight forwarders;logistics providers;manufacturers;regional exporters,manufacturing_inputs,Stock,related_exposure,Business has meaningful but diversified or indirect economic linkage to the manufacturing_inputs node: Equipment manufacturer exposed to agriculture and industrial input cycles,5;7,7,potentially_broad,"Node label represents a broad function, sector, or channel in the current mapping vocabulary.",consistent,Supporting cases show overlapping event mechanisms or affected asset-type vocabulary.,broad,Mapping is economically related but indirect/diversified according to asset_mapping metadata.,borderline,"Candidate has some ex-ante support, but at least one dimension is broad or mixed.",broad_node;broad_asset_mapping
eval_food_export_grain_restriction,eval_food_export_grain_restriction,grain_export_disruption,marine_insurance,CB,Chubb Limited,sector_proxy,2,case_2023_black_sea_shipping_insurance_restrictions;case_2023_red_sea_attacks,war-related maritime insurance and grain export disruption;maritime security disruption,agriculture;container_shipping;freight_routes;grain_exports;lng_shipping;logistics;marine_insurance;maritime_chokepoint;oil_shipping,Asian exporters;Black Sea shipping routes;European importers;Ukrainian grain exports;container carriers;grain import supply chains;marine insurance underwriters;marine war-risk insurance;tanker operators,agricultural commodities;energy transport;food producers;freight rates;grain traders;import-dependent retailers;marine insurers;shipping companies;shipping equities,marine_insurance,Stock,related_exposure,Business has meaningful but diversified or indirect economic linkage to the marine_insurance node: Commercial insurer with marine and specialty insurance exposure,4;7,7,potentially_broad,"Node label represents a broad function, sector, or channel in the current mapping vocabulary.",consistent,Supporting cases show overlapping event mechanisms or affected asset-type vocabulary.,broad,Mapping is economically related but indirect/diversified according to asset_mapping metadata.,borderline,"Candidate has some ex-ante support, but at least one dimension is broad or mixed.",broad_node;broad_asset_mapping
eval_food_export_grain_restriction,eval_food_export_grain_restriction,grain_export_disruption,marine_insurance,TRV,The Travelers Companies Inc,sector_proxy,2,case_2023_black_sea_shipping_insurance_restrictions;case_2023_red_sea_attacks,war-related maritime insurance and grain export disruption;maritime security disruption,agriculture;container_shipping;freight_routes;grain_exports;lng_shipping;logistics;marine_insurance;maritime_chokepoint;oil_shipping,Asian exporters;Black Sea shipping routes;European importers;Ukrainian grain exports;container carriers;grain import supply chains;marine insurance underwriters;marine war-risk insurance;tanker operators,agricultural commodities;energy transport;food producers;freight rates;grain traders;import-dependent retailers;marine insurers;shipping companies;shipping equities,marine_insurance,Stock,related_exposure,Business has meaningful but diversified or indirect economic linkage to the marine_insurance node: Property casualty insurer with commercial insurance exposure,4;7,7,potentially_broad,"Node label represents a broad function, sector, or channel in the current mapping vocabulary.",consistent,Supporting cases show overlapping event mechanisms or affected asset-type vocabulary.,broad,Mapping is economically related but indirect/diversified according to asset_mapping metadata.,borderline,"Candidate has some ex-ante support, but at least one dimension is broad or mixed.",broad_node;broad_asset_mapping
eval_middle_east_oil_infrastructure_attack,eval_middle_east_oil_infrastructure_attack,energy_infrastructure_disruption,marine_insurance,CB,Chubb Limited,sector_proxy,3,case_israel_iran_escalation_energy_risk;case_hormuz_tanker_tensions;case_1987_1988_tanker_war_reflagging,regional military escalation and energy chokepoint risk;energy chokepoint security risk;maritime chokepoint security and oil shipping disruption,defense;energy;freight_routes;lng_shipping;logistics;marine_insurance;maritime_chokepoint;oil_shipping;refining,LNG cargo flows;LNG cargoes from Qatar;Persian Gulf crude exports;Persian Gulf tanker routes;crude oil cargo schedules;energy shipping logistics;marine insurance premiums;marine war-risk insurance;oil importers;refining margins;regional defense demand;tanker fleets;tanker routes,LNG;crude oil;defense contractors;energy producers;logistics providers;marine insurers;refiners;tanker operators,marine_insurance,Stock,related_exposure,Business has meaningful but diversified or indirect economic linkage to the marine_insurance node: Commercial insurer with marine and specialty insurance exposure,6;7;9,9,potentially_broad,"Node label represents a broad function, sector, or channel in the current mapping vocabulary.",consistent,Supporting cases show overlapping event mechanisms or affected asset-type vocabulary.,broad,Mapping is economically related but indirect/diversified according to asset_mapping metadata.,borderline,"Candidate has some ex-ante support, but at least one dimension is broad or mixed.",broad_node;broad_asset_mapping
eval_middle_east_oil_infrastructure_attack,eval_middle_east_oil_infrastructure_attack,energy_infrastructure_disruption,marine_insurance,TRV,The Travelers Companies Inc,sector_proxy,3,case_israel_iran_escalation_energy_risk;case_hormuz_tanker_tensions;case_1987_1988_tanker_war_reflagging,regional military escalation and energy chokepoint risk;energy chokepoint security risk;maritime chokepoint security and oil shipping disruption,defense;energy;freight_routes;lng_shipping;logistics;marine_insurance;maritime_chokepoint;oil_shipping;refining,LNG cargo flows;LNG cargoes from Qatar;Persian Gulf crude exports;Persian Gulf tanker routes;crude oil cargo schedules;energy shipping logistics;marine insurance premiums;marine war-risk insurance;oil importers;refining margins;regional defense demand;tanker fleets;tanker routes,LNG;crude oil;defense contractors;energy producers;logistics providers;marine insurers;refiners;tanker operators,marine_insurance,Stock,related_exposure,Business has meaningful but diversified or indirect economic linkage to the marine_insurance node: Property casualty insurer with commercial insurance exposure,6;7;9,9,potentially_broad,"Node label represents a broad function, sector, or channel in the current mapping vocabulary.",consistent,Supporting cases show overlapping event mechanisms or affected asset-type vocabulary.,broad,Mapping is economically related but indirect/diversified according to asset_mapping metadata.,borderline,"Candidate has some ex-ante support, but at least one dimension is broad or mixed.",broad_node;broad_asset_mapping
eval_opec_oil_policy_shock,eval_opec_oil_policy_shock,oil_policy_shock,marine_insurance,CB,Chubb Limited,sector_proxy,2,case_hormuz_tanker_tensions;case_2018_iran_oil_sanctions_reimposition,energy chokepoint security risk;oil sanctions and shipping finance restriction,energy;financial_sanctions;lng_shipping;marine_insurance;maritime_chokepoint;oil_shipping;payment_networks;petrochemicals;refining,Iranian crude exports;LNG cargoes from Qatar;Persian Gulf crude exports;oil importers;oil tanker routes;refinery feedstock sourcing;refining margins;shipping insurance services;tanker fleets;trade finance channels,LNG;banks;crude oil;energy producers;marine insurers;petrochemical producers;refiners;tanker operators,marine_insurance,Stock,related_exposure,Business has meaningful but diversified or indirect economic linkage to the marine_insurance node: Commercial insurer with marine and specialty insurance exposure,6;8,8,potentially_broad,"Node label represents a broad function, sector, or channel in the current mapping vocabulary.",consistent,Supporting cases show overlapping event mechanisms or affected asset-type vocabulary.,broad,Mapping is economically related but indirect/diversified according to asset_mapping metadata.,borderline,"Candidate has some ex-ante support, but at least one dimension is broad or mixed.",broad_node;broad_asset_mapping
eval_opec_oil_policy_shock,eval_opec_oil_policy_shock,oil_policy_shock,marine_insurance,TRV,The Travelers Companies Inc,sector_proxy,2,case_hormuz_tanker_tensions;case_2018_iran_oil_sanctions_reimposition,energy chokepoint security risk;oil sanctions and shipping finance restriction,energy;financial_sanctions;lng_shipping;marine_insurance;maritime_chokepoint;oil_shipping;payment_networks;petrochemicals;refining,Iranian crude exports;LNG cargoes from Qatar;Persian Gulf crude exports;oil importers;oil tanker routes;refinery feedstock sourcing;refining margins;shipping insurance services;tanker fleets;trade finance channels,LNG;banks;crude oil;energy producers;marine insurers;petrochemical producers;refiners;tanker operators,marine_insurance,Stock,related_exposure,Business has meaningful but diversified or indirect economic linkage to the marine_insurance node: Property casualty insurer with commercial insurance exposure,6;8,8,potentially_broad,"Node label represents a broad function, sector, or channel in the current mapping vocabulary.",consistent,Supporting cases show overlapping event mechanisms or affected asset-type vocabulary.,broad,Mapping is economically related but indirect/diversified according to asset_mapping metadata.,borderline,"Candidate has some ex-ante support, but at least one dimension is broad or mixed.",broad_node;broad_asset_mapping
hard_cyber_infrastructure_indirect,hard_cyber_infrastructure_indirect,cyber_infrastructure_disruption,marine_insurance,CB,Chubb Limited,sector_proxy,2,case_2023_red_sea_attacks;case_2022_turkey_strait_tanker_insurance_backlog,maritime security disruption;maritime insurance verification and tanker-route disruption,container_shipping;customs;financial_sanctions;freight_routes;lng_shipping;logistics;marine_insurance;maritime_chokepoint;oil_shipping,Asian exporters;Black Sea oil cargoes;European importers;Turkish straits tanker transits;container carriers;energy trade compliance workflows;marine insurance documentation;marine insurance underwriters;tanker operators,energy traders;energy transport;freight rates;import-dependent retailers;logistics providers;marine insurers;shipping equities;tanker operators;trade compliance providers,marine_insurance,Stock,related_exposure,Business has meaningful but diversified or indirect economic linkage to the marine_insurance node: Commercial insurer with marine and specialty insurance exposure,6;9,9,potentially_broad,"Node label represents a broad function, sector, or channel in the current mapping vocabulary.",consistent,Supporting cases show overlapping event mechanisms or affected asset-type vocabulary.,broad,Mapping is economically related but indirect/diversified according to asset_mapping metadata.,borderline,"Candidate has some ex-ante support, but at least one dimension is broad or mixed.",broad_node;broad_asset_mapping
hard_cyber_infrastructure_indirect,hard_cyber_infrastructure_indirect,cyber_infrastructure_disruption,marine_insurance,TRV,The Travelers Companies Inc,sector_proxy,2,case_2023_red_sea_attacks;case_2022_turkey_strait_tanker_insurance_backlog,maritime security disruption;maritime insurance verification and tanker-route disruption,container_shipping;customs;financial_sanctions;freight_routes;lng_shipping;logistics;marine_insurance;maritime_chokepoint;oil_shipping,Asian exporters;Black Sea oil cargoes;European importers;Turkish straits tanker transits;container carriers;energy trade compliance workflows;marine insurance documentation;marine insurance underwriters;tanker operators,energy traders;energy transport;freight rates;import-dependent retailers;logistics providers;marine insurers;shipping equities;tanker operators;trade compliance providers,marine_insurance,Stock,related_exposure,Business has meaningful but diversified or indirect economic linkage to the marine_insurance node: Property casualty insurer with commercial insurance exposure,6;9,9,potentially_broad,"Node label represents a broad function, sector, or channel in the current mapping vocabulary.",consistent,Supporting cases show overlapping event mechanisms or affected asset-type vocabulary.,broad,Mapping is economically related but indirect/diversified according to asset_mapping metadata.,borderline,"Candidate has some ex-ante support, but at least one dimension is broad or mixed.",broad_node;broad_asset_mapping
eval_cyber_port_pipeline_disruption,eval_cyber_port_pipeline_disruption,cyber_infrastructure_disruption,maritime_chokepoint,BOAT,SonicShares Global Shipping ETF,historical_supported,2,case_2021_suez_blockage;case_2023_red_sea_attacks,shipping chokepoint disruption;maritime security disruption,container_shipping;energy;freight_routes;lng_shipping;logistics;marine_insurance;maritime_chokepoint;oil_shipping;ports,Asian exporters;European and Asian importers;European importers;container carriers;container shipping operators;freight forwarders;marine insurance underwriters;oil and LNG cargo flows;tanker operators,energy cargoes;energy transport;freight rates;import-dependent retailers;logistics companies;marine insurers;port operators;retail supply chains;shipping equities,maritime_chokepoint,ETF,broad_proxy,"Ticker is an ETF, fund, or basket used as broad proxy exposure for the maritime_chokepoint node: Basket exposure to global shipping companies sensitive to maritime route disruptions",8;10,10,potentially_broad,"Node label represents a broad function, sector, or channel in the current mapping vocabulary.",mixed,"Supporting cases share related node context, but event mechanisms are only partially aligned.",broad,Mapped ticker is a broad_proxy instrument or ETF/basket exposure.,borderline,"Candidate has some ex-ante support, but at least one dimension is broad or mixed.",broad_node;broad_asset_mapping
eval_cyber_port_pipeline_disruption,eval_cyber_port_pipeline_disruption,cyber_infrastructure_disruption,maritime_chokepoint,MATX,Matson Inc,historical_supported,2,case_2021_suez_blockage;case_2023_red_sea_attacks,shipping chokepoint disruption;maritime security disruption,container_shipping;energy;freight_routes;lng_shipping;logistics;marine_insurance;maritime_chokepoint;oil_shipping;ports,Asian exporters;European and Asian importers;European importers;container carriers;container shipping operators;freight forwarders;marine insurance underwriters;oil and LNG cargo flows;tanker operators,energy cargoes;energy transport;freight rates;import-dependent retailers;logistics companies;marine insurers;port operators;retail supply chains;shipping equities,maritime_chokepoint,Stock,related_exposure,"Ocean transportation and logistics operations are materially route-dependent, but maritime chokepoints are route constraints rather than Matson's core node-specific business activity.",8;10,10,potentially_broad,"Node label represents a broad function, sector, or channel in the current mapping vocabulary.",mixed,"Supporting cases share related node context, but event mechanisms are only partially aligned.",broad,Mapping is economically related but indirect/diversified according to asset_mapping metadata.,borderline,"Candidate has some ex-ante support, but at least one dimension is broad or mixed.",broad_node;broad_asset_mapping
eval_middle_east_oil_infrastructure_attack,eval_middle_east_oil_infrastructure_attack,energy_infrastructure_disruption,maritime_chokepoint,BOAT,SonicShares Global Shipping ETF,sector_proxy,3,case_israel_iran_escalation_energy_risk;case_hormuz_tanker_tensions;case_1987_1988_tanker_war_reflagging,regional military escalation and energy chokepoint risk;energy chokepoint security risk;maritime chokepoint security and oil shipping disruption,defense;energy;freight_routes;lng_shipping;logistics;marine_insurance;maritime_chokepoint;oil_shipping;refining,LNG cargo flows;LNG cargoes from Qatar;Persian Gulf crude exports;Persian Gulf tanker routes;crude oil cargo schedules;energy shipping logistics;marine insurance premiums;marine war-risk insurance;oil importers;refining margins;regional defense demand;tanker fleets;tanker routes,LNG;crude oil;defense contractors;energy producers;logistics providers;marine insurers;refiners;tanker operators,maritime_chokepoint,ETF,broad_proxy,"Ticker is an ETF, fund, or basket used as broad proxy exposure for the maritime_chokepoint node: Basket exposure to global shipping companies sensitive to maritime route disruptions",6;7;9,9,potentially_broad,"Node label represents a broad function, sector, or channel in the current mapping vocabulary.",consistent,Supporting cases show overlapping event mechanisms or affected asset-type vocabulary.,broad,Mapped ticker is a broad_proxy instrument or ETF/basket exposure.,borderline,"Candidate has some ex-ante support, but at least one dimension is broad or mixed.",broad_node;broad_asset_mapping
eval_middle_east_oil_infrastructure_attack,eval_middle_east_oil_infrastructure_attack,energy_infrastructure_disruption,maritime_chokepoint,MATX,Matson Inc,sector_proxy,3,case_israel_iran_escalation_energy_risk;case_hormuz_tanker_tensions;case_1987_1988_tanker_war_reflagging,regional military escalation and energy chokepoint risk;energy chokepoint security risk;maritime chokepoint security and oil shipping disruption,defense;energy;freight_routes;lng_shipping;logistics;marine_insurance;maritime_chokepoint;oil_shipping;refining,LNG cargo flows;LNG cargoes from Qatar;Persian Gulf crude exports;Persian Gulf tanker routes;crude oil cargo schedules;energy shipping logistics;marine insurance premiums;marine war-risk insurance;oil importers;refining margins;regional defense demand;tanker fleets;tanker routes,LNG;crude oil;defense contractors;energy producers;logistics providers;marine insurers;refiners;tanker operators,maritime_chokepoint,Stock,related_exposure,"Ocean transportation and logistics operations are materially route-dependent, but maritime chokepoints are route constraints rather than Matson's core node-specific business activity.",6;7;9,9,potentially_broad,"Node label represents a broad function, sector, or channel in the current mapping vocabulary.",consistent,Supporting cases show overlapping event mechanisms or affected asset-type vocabulary.,broad,Mapping is economically related but indirect/diversified according to asset_mapping metadata.,borderline,"Candidate has some ex-ante support, but at least one dimension is broad or mixed.",broad_node;broad_asset_mapping
hard_cyber_infrastructure_indirect,hard_cyber_infrastructure_indirect,cyber_infrastructure_disruption,maritime_chokepoint,BOAT,SonicShares Global Shipping ETF,historical_supported,3,case_2023_red_sea_attacks;case_2021_suez_blockage;case_2022_turkey_strait_tanker_insurance_backlog,maritime security disruption;shipping chokepoint disruption;maritime insurance verification and tanker-route disruption,container_shipping;customs;energy;financial_sanctions;freight_routes;lng_shipping;logistics;marine_insurance;maritime_chokepoint;oil_shipping;ports,Asian exporters;Black Sea oil cargoes;European and Asian importers;European importers;Turkish straits tanker transits;container carriers;container shipping operators;energy trade compliance workflows;freight forwarders;marine insurance documentation;marine insurance underwriters;oil and LNG cargo flows;tanker operators,energy cargoes;energy traders;energy transport;freight rates;import-dependent retailers;logistics companies;logistics providers;marine insurers;port operators;retail supply chains;shipping equities;tanker operators;trade compliance providers,maritime_chokepoint,ETF,broad_proxy,"Ticker is an ETF, fund, or basket used as broad proxy exposure for the maritime_chokepoint node: Basket exposure to global shipping companies sensitive to maritime route disruptions",6;8;9,9,potentially_broad,"Node label represents a broad function, sector, or channel in the current mapping vocabulary.",mixed,"Supporting cases share related node context, but event mechanisms are only partially aligned.",broad,Mapped ticker is a broad_proxy instrument or ETF/basket exposure.,borderline,"Candidate has some ex-ante support, but at least one dimension is broad or mixed.",broad_node;broad_asset_mapping
hard_cyber_infrastructure_indirect,hard_cyber_infrastructure_indirect,cyber_infrastructure_disruption,maritime_chokepoint,MATX,Matson Inc,historical_supported,3,case_2023_red_sea_attacks;case_2021_suez_blockage;case_2022_turkey_strait_tanker_insurance_backlog,maritime security disruption;shipping chokepoint disruption;maritime insurance verification and tanker-route disruption,container_shipping;customs;energy;financial_sanctions;freight_routes;lng_shipping;logistics;marine_insurance;maritime_chokepoint;oil_shipping;ports,Asian exporters;Black Sea oil cargoes;European and Asian importers;European importers;Turkish straits tanker transits;container carriers;container shipping operators;energy trade compliance workflows;freight forwarders;marine insurance documentation;marine insurance underwriters;oil and LNG cargo flows;tanker operators,energy cargoes;energy traders;energy transport;freight rates;import-dependent retailers;logistics companies;logistics providers;marine insurers;port operators;retail supply chains;shipping equities;tanker operators;trade compliance providers,maritime_chokepoint,Stock,related_exposure,"Ocean transportation and logistics operations are materially route-dependent, but maritime chokepoints are route constraints rather than Matson's core node-specific business activity.",6;8;9,9,potentially_broad,"Node label represents a broad function, sector, or channel in the current mapping vocabulary.",mixed,"Supporting cases share related node context, but event mechanisms are only partially aligned.",broad,Mapping is economically related but indirect/diversified according to asset_mapping metadata.,borderline,"Candidate has some ex-ante support, but at least one dimension is broad or mixed.",broad_node;broad_asset_mapping
v3_20240223_sovcomflot_sanctions,U.S. sanctions Sovcomflot and tankers tied to Russian oil shipping,war_and_sanctions_energy_disruption,maritime_chokepoint,BOAT,SonicShares Global Shipping ETF,sector_proxy,3,case_2023_arctic_lng_russian_energy_shipping_sanctions;case_2022_turkey_strait_tanker_insurance_backlog;case_1987_1988_tanker_war_reflagging,energy shipping sanctions and Arctic LNG disruption risk;maritime insurance verification and tanker-route disruption;maritime chokepoint security and oil shipping disruption,customs;defense;energy;financial_sanctions;freight_routes;lng_shipping;logistics;marine_insurance;maritime_chokepoint;oil_shipping;payment_networks,Asian LNG procurement;Black Sea oil cargoes;Persian Gulf tanker routes;Russian Arctic LNG cargoes;Turkish straits tanker transits;crude oil cargo schedules;energy shipping logistics;energy trade compliance workflows;energy trade finance;ice-class LNG carrier availability;marine insurance coverage;marine insurance documentation;marine war-risk insurance,LNG carriers;banks;defense contractors;energy producers;energy traders;gas utilities;logistics providers;marine insurers;shipbuilders;tanker operators;trade compliance providers,maritime_chokepoint,ETF,broad_proxy,"Ticker is an ETF, fund, or basket used as broad proxy exposure for the maritime_chokepoint node: Basket exposure to global shipping companies sensitive to maritime route disruptions",1;9;10,10,potentially_broad,"Node label represents a broad function, sector, or channel in the current mapping vocabulary.",consistent,Supporting cases show overlapping event mechanisms or affected asset-type vocabulary.,broad,Mapped ticker is a broad_proxy instrument or ETF/basket exposure.,borderline,"Candidate has some ex-ante support, but at least one dimension is broad or mixed.",broad_node;broad_asset_mapping
v3_20240223_sovcomflot_sanctions,U.S. sanctions Sovcomflot and tankers tied to Russian oil shipping,war_and_sanctions_energy_disruption,maritime_chokepoint,MATX,Matson Inc,sector_proxy,3,case_2023_arctic_lng_russian_energy_shipping_sanctions;case_2022_turkey_strait_tanker_insurance_backlog;case_1987_1988_tanker_war_reflagging,energy shipping sanctions and Arctic LNG disruption risk;maritime insurance verification and tanker-route disruption;maritime chokepoint security and oil shipping disruption,customs;defense;energy;financial_sanctions;freight_routes;lng_shipping;logistics;marine_insurance;maritime_chokepoint;oil_shipping;payment_networks,Asian LNG procurement;Black Sea oil cargoes;Persian Gulf tanker routes;Russian Arctic LNG cargoes;Turkish straits tanker transits;crude oil cargo schedules;energy shipping logistics;energy trade compliance workflows;energy trade finance;ice-class LNG carrier availability;marine insurance coverage;marine insurance documentation;marine war-risk insurance,LNG carriers;banks;defense contractors;energy producers;energy traders;gas utilities;logistics providers;marine insurers;shipbuilders;tanker operators;trade compliance providers,maritime_chokepoint,Stock,related_exposure,"Ocean transportation and logistics operations are materially route-dependent, but maritime chokepoints are route constraints rather than Matson's core node-specific business activity.",1;9;10,10,potentially_broad,"Node label represents a broad function, sector, or channel in the current mapping vocabulary.",consistent,Supporting cases show overlapping event mechanisms or affected asset-type vocabulary.,broad,Mapping is economically related but indirect/diversified according to asset_mapping metadata.,borderline,"Candidate has some ex-ante support, but at least one dimension is broad or mixed.",broad_node;broad_asset_mapping
eval_defense_supply_chain_escalation,eval_defense_supply_chain_escalation,defense_spending_shock,oil_shipping,DHT,DHT Holdings Inc,historical_supported,2,case_israel_iran_escalation_energy_risk;case_2011_libya_civil_war_oil_disruption,regional military escalation and energy chokepoint risk;civil conflict and oil infrastructure supply disruption,aviation;defense;energy;lng_shipping;logistics;marine_insurance;maritime_chokepoint;oil_shipping;petrochemicals;refining;trade_lanes,LNG cargo flows;Libyan crude exports;Mediterranean refinery feedstocks;Persian Gulf crude exports;jet fuel exposure;marine insurance premiums;petrochemical inputs;regional defense demand;tanker routes,LNG;airlines;crude oil;defense contractors;energy producers;marine insurers;petrochemical producers;refiners;shipping companies;tanker operators,oil_shipping,Stock,direct_exposure,Core operations or products are directly tied to the oil_shipping node: Crude oil tanker company exposed to VLCC market conditions,9;10,10,specific,Node maps to operating-company/direct exposures in a concentrated asset vocabulary.,mixed,Cases share the node but available structured metadata indicates mixed transmission context.,specific,Mapped ticker has direct_exposure metadata for a specific node.,borderline,"Candidate has some ex-ante support, but at least one dimension is broad or mixed.",
eval_defense_supply_chain_escalation,eval_defense_supply_chain_escalation,defense_spending_shock,oil_shipping,FRO,Frontline plc,historical_supported,2,case_israel_iran_escalation_energy_risk;case_2011_libya_civil_war_oil_disruption,regional military escalation and energy chokepoint risk;civil conflict and oil infrastructure supply disruption,aviation;defense;energy;lng_shipping;logistics;marine_insurance;maritime_chokepoint;oil_shipping;petrochemicals;refining;trade_lanes,LNG cargo flows;Libyan crude exports;Mediterranean refinery feedstocks;Persian Gulf crude exports;jet fuel exposure;marine insurance premiums;petrochemical inputs;regional defense demand;tanker routes,LNG;airlines;crude oil;defense contractors;energy producers;marine insurers;petrochemical producers;refiners;shipping companies;tanker operators,oil_shipping,Stock,direct_exposure,Core operations or products are directly tied to the oil_shipping node: Crude tanker operator exposed to oil shipping routes and tanker rates,9;10,10,specific,Node maps to operating-company/direct exposures in a concentrated asset vocabulary.,mixed,Cases share the node but available structured metadata indicates mixed transmission context.,specific,Mapped ticker has direct_exposure metadata for a specific node.,borderline,"Candidate has some ex-ante support, but at least one dimension is broad or mixed.",
eval_panama_canal_drought_shipping,eval_panama_canal_drought_shipping,canal_shipping_disruption,oil_shipping,DHT,DHT Holdings Inc,historical_supported,2,case_2023_red_sea_attacks;case_2023_arctic_lng_russian_energy_shipping_sanctions,maritime security disruption;energy shipping sanctions and Arctic LNG disruption risk,container_shipping;energy;financial_sanctions;freight_routes;lng_shipping;logistics;marine_insurance;maritime_chokepoint;oil_shipping;payment_networks,Asian LNG procurement;Asian exporters;European importers;Russian Arctic LNG cargoes;container carriers;energy trade finance;ice-class LNG carrier availability;marine insurance coverage;marine insurance underwriters;tanker operators,LNG carriers;banks;energy producers;energy transport;freight rates;gas utilities;import-dependent retailers;marine insurers;shipbuilders;shipping equities,oil_shipping,Stock,direct_exposure,Core operations or products are directly tied to the oil_shipping node: Crude oil tanker company exposed to VLCC market conditions,2;9,9,specific,Node maps to operating-company/direct exposures in a concentrated asset vocabulary.,mixed,"Supporting cases share related node context, but event mechanisms are only partially aligned.",specific,Mapped ticker has direct_exposure metadata for a specific node.,borderline,"Candidate has some ex-ante support, but at least one dimension is broad or mixed.",
eval_panama_canal_drought_shipping,eval_panama_canal_drought_shipping,canal_shipping_disruption,oil_shipping,FRO,Frontline plc,historical_supported,2,case_2023_red_sea_attacks;case_2023_arctic_lng_russian_energy_shipping_sanctions,maritime security disruption;energy shipping sanctions and Arctic LNG disruption risk,container_shipping;energy;financial_sanctions;freight_routes;lng_shipping;logistics;marine_insurance;maritime_chokepoint;oil_shipping;payment_networks,Asian LNG procurement;Asian exporters;European importers;Russian Arctic LNG cargoes;container carriers;energy trade finance;ice-class LNG carrier availability;marine insurance coverage;marine insurance underwriters;tanker operators,LNG carriers;banks;energy producers;energy transport;freight rates;gas utilities;import-dependent retailers;marine insurers;shipbuilders;shipping equities,oil_shipping,Stock,direct_exposure,Core operations or products are directly tied to the oil_shipping node: Crude tanker operator exposed to oil shipping routes and tanker rates,2;9,9,specific,Node maps to operating-company/direct exposures in a concentrated asset vocabulary.,mixed,"Supporting cases share related node context, but event mechanisms are only partially aligned.",specific,Mapped ticker has direct_exposure metadata for a specific node.,borderline,"Candidate has some ex-ante support, but at least one dimension is broad or mixed.",
eval_uranium_nuclear_fuel_disruption,eval_uranium_nuclear_fuel_disruption,uranium_supply_chain_risk,oil_shipping,DHT,DHT Holdings Inc,historical_supported,4,case_2023_arctic_lng_russian_energy_shipping_sanctions;case_israel_iran_escalation_energy_risk;case_2023_red_sea_attacks;case_hormuz_tanker_tensions,energy shipping sanctions and Arctic LNG disruption risk;regional military escalation and energy chokepoint risk;maritime security disruption;energy chokepoint security risk,container_shipping;defense;energy;financial_sanctions;freight_routes;lng_shipping;logistics;marine_insurance;maritime_chokepoint;oil_shipping;payment_networks;refining,Asian LNG procurement;Asian exporters;European importers;LNG cargo flows;LNG cargoes from Qatar;Persian Gulf crude exports;Russian Arctic LNG cargoes;container carriers;energy trade finance;ice-class LNG carrier availability;marine insurance coverage;marine insurance premiums;marine insurance underwriters;oil importers;refining margins;regional defense demand;tanker fleets;tanker operators;tanker routes,LNG;LNG carriers;banks;crude oil;defense contractors;energy producers;energy transport;freight rates;gas utilities;import-dependent retailers;marine insurers;refiners;shipbuilders;shipping equities;tanker operators,oil_shipping,Stock,direct_exposure,Core operations or products are directly tied to the oil_shipping node: Crude oil tanker company exposed to VLCC market conditions,4;6;8;10,10,specific,Node maps to operating-company/direct exposures in a concentrated asset vocabulary.,mixed,Cases share the node but available structured metadata indicates mixed transmission context.,specific,Mapped ticker has direct_exposure metadata for a specific node.,borderline,"Candidate has some ex-ante support, but at least one dimension is broad or mixed.",
eval_uranium_nuclear_fuel_disruption,eval_uranium_nuclear_fuel_disruption,uranium_supply_chain_risk,oil_shipping,FRO,Frontline plc,historical_supported,4,case_2023_arctic_lng_russian_energy_shipping_sanctions;case_israel_iran_escalation_energy_risk;case_2023_red_sea_attacks;case_hormuz_tanker_tensions,energy shipping sanctions and Arctic LNG disruption risk;regional military escalation and energy chokepoint risk;maritime security disruption;energy chokepoint security risk,container_shipping;defense;energy;financial_sanctions;freight_routes;lng_shipping;logistics;marine_insurance;maritime_chokepoint;oil_shipping;payment_networks;refining,Asian LNG procurement;Asian exporters;European importers;LNG cargo flows;LNG cargoes from Qatar;Persian Gulf crude exports;Russian Arctic LNG cargoes;container carriers;energy trade finance;ice-class LNG carrier availability;marine insurance coverage;marine insurance premiums;marine insurance underwriters;oil importers;refining margins;regional defense demand;tanker fleets;tanker operators;tanker routes,LNG;LNG carriers;banks;crude oil;defense contractors;energy producers;energy transport;freight rates;gas utilities;import-dependent retailers;marine insurers;refiners;shipbuilders;shipping equities;tanker operators,oil_shipping,Stock,direct_exposure,Core operations or products are directly tied to the oil_shipping node: Crude tanker operator exposed to oil shipping routes and tanker rates,4;6;8;10,10,specific,Node maps to operating-company/direct exposures in a concentrated asset vocabulary.,mixed,Cases share the node but available structured metadata indicates mixed transmission context.,specific,Mapped ticker has direct_exposure metadata for a specific node.,borderline,"Candidate has some ex-ante support, but at least one dimension is broad or mixed.",
eval_opec_oil_policy_shock,eval_opec_oil_policy_shock,oil_policy_shock,payment_networks,MA,Mastercard Incorporated,sector_proxy,2,case_2019_venezuela_oil_sanctions;case_2018_iran_oil_sanctions_reimposition,oil sanctions and refinery feedstock disruption;oil sanctions and shipping finance restriction,energy;financial_sanctions;marine_insurance;oil_shipping;payment_networks;petrochemicals;refining,Iranian crude exports;US Gulf Coast refinery feedstocks;Venezuelan crude exports;oil shipping routes;oil tanker routes;refinery feedstock sourcing;shipping insurance services;trade finance channels;trade finance services,banks;crude oil;energy producers;heavy crude;marine insurers;petrochemical producers;refiners;tanker operators,payment_networks,Stock,direct_exposure,Core operations or products are directly tied to the payment_networks node: Global payments network exposed to payment-routing and compliance channels,7;8,8,potentially_broad,"Node label represents a broad function, sector, or channel in the current mapping vocabulary.",consistent,Supporting cases show overlapping event mechanisms or affected asset-type vocabulary.,specific,"Mapped ticker is direct_exposure, though the node itself may be broad.",borderline,"Candidate has some ex-ante support, but at least one dimension is broad or mixed.",broad_node
eval_opec_oil_policy_shock,eval_opec_oil_policy_shock,oil_policy_shock,payment_networks,V,Visa Inc,sector_proxy,2,case_2019_venezuela_oil_sanctions;case_2018_iran_oil_sanctions_reimposition,oil sanctions and refinery feedstock disruption;oil sanctions and shipping finance restriction,energy;financial_sanctions;marine_insurance;oil_shipping;payment_networks;petrochemicals;refining,Iranian crude exports;US Gulf Coast refinery feedstocks;Venezuelan crude exports;oil shipping routes;oil tanker routes;refinery feedstock sourcing;shipping insurance services;trade finance channels;trade finance services,banks;crude oil;energy producers;heavy crude;marine insurers;petrochemical producers;refiners;tanker operators,payment_networks,Stock,direct_exposure,Core operations or products are directly tied to the payment_networks node: Global payments network exposed to cross-border payment and compliance channels,7;8,8,potentially_broad,"Node label represents a broad function, sector, or channel in the current mapping vocabulary.",consistent,Supporting cases show overlapping event mechanisms or affected asset-type vocabulary.,specific,"Mapped ticker is direct_exposure, though the node itself may be broad.",borderline,"Candidate has some ex-ante support, but at least one dimension is broad or mixed.",broad_node
eval_russia_europe_gas_disruption,eval_russia_europe_gas_disruption,war_and_sanctions_energy_disruption,payment_networks,MA,Mastercard Incorporated,sector_proxy,4,case_2023_arctic_lng_russian_energy_shipping_sanctions;case_2022_russia_swift_financial_sanctions;case_2019_venezuela_oil_sanctions;case_2014_crimea_financial_sanctions,energy shipping sanctions and Arctic LNG disruption risk;financial sanctions and payment network disruption;oil sanctions and refinery feedstock disruption;financial sanctions and trade finance restriction,customs;energy;financial_sanctions;lng_shipping;manufacturing_inputs;marine_insurance;maritime_chokepoint;oil_shipping;payment_networks;petrochemicals;refining;trade_lanes,Asian LNG procurement;Russia-linked trade finance;Russian Arctic LNG cargoes;Russian bank exposure;US Gulf Coast refinery feedstocks;Venezuelan crude exports;commodity settlement workflows;cross-border payment flows;energy trade finance;energy-sector financing;ice-class LNG carrier availability;marine insurance coverage;oil shipping routes;sanctions compliance systems;trade finance channels;trade finance services,LNG carriers;banks;energy companies;energy producers;energy traders;exporters;financial infrastructure providers;gas utilities;heavy crude;industrial exporters;logistics firms;marine insurers;payment networks;refiners;shipbuilders;tanker operators;trade finance providers,payment_networks,Stock,direct_exposure,Core operations or products are directly tied to the payment_networks node: Global payments network exposed to payment-routing and compliance channels,4;8;9;10,10,potentially_broad,"Node label represents a broad function, sector, or channel in the current mapping vocabulary.",mixed,"Supporting cases share related node context, but event mechanisms are only partially aligned.",specific,"Mapped ticker is direct_exposure, though the node itself may be broad.",borderline,"Candidate has some ex-ante support, but at least one dimension is broad or mixed.",broad_node
eval_russia_europe_gas_disruption,eval_russia_europe_gas_disruption,war_and_sanctions_energy_disruption,payment_networks,V,Visa Inc,sector_proxy,4,case_2023_arctic_lng_russian_energy_shipping_sanctions;case_2022_russia_swift_financial_sanctions;case_2019_venezuela_oil_sanctions;case_2014_crimea_financial_sanctions,energy shipping sanctions and Arctic LNG disruption risk;financial sanctions and payment network disruption;oil sanctions and refinery feedstock disruption;financial sanctions and trade finance restriction,customs;energy;financial_sanctions;lng_shipping;manufacturing_inputs;marine_insurance;maritime_chokepoint;oil_shipping;payment_networks;petrochemicals;refining;trade_lanes,Asian LNG procurement;Russia-linked trade finance;Russian Arctic LNG cargoes;Russian bank exposure;US Gulf Coast refinery feedstocks;Venezuelan crude exports;commodity settlement workflows;cross-border payment flows;energy trade finance;energy-sector financing;ice-class LNG carrier availability;marine insurance coverage;oil shipping routes;sanctions compliance systems;trade finance channels;trade finance services,LNG carriers;banks;energy companies;energy producers;energy traders;exporters;financial infrastructure providers;gas utilities;heavy crude;industrial exporters;logistics firms;marine insurers;payment networks;refiners;shipbuilders;tanker operators;trade finance providers,payment_networks,Stock,direct_exposure,Core operations or products are directly tied to the payment_networks node: Global payments network exposed to cross-border payment and compliance channels,4;8;9;10,10,potentially_broad,"Node label represents a broad function, sector, or channel in the current mapping vocabulary.",mixed,"Supporting cases share related node context, but event mechanisms are only partially aligned.",specific,"Mapped ticker is direct_exposure, though the node itself may be broad.",borderline,"Candidate has some ex-ante support, but at least one dimension is broad or mixed.",broad_node
eval_suez_canal_blockage,eval_suez_canal_blockage,shipping_chokepoint_disruption,payment_networks,MA,Mastercard Incorporated,sector_proxy,2,case_2023_arctic_lng_russian_energy_shipping_sanctions;case_2019_cosco_shipping_sanctions_tanker_market,energy shipping sanctions and Arctic LNG disruption risk;shipping sanctions and marine insurance compliance disruption,customs;energy;financial_sanctions;lng_shipping;logistics;marine_insurance;maritime_chokepoint;oil_shipping;payment_networks;trade_lanes,Asian LNG procurement;Russian Arctic LNG cargoes;crude tanker chartering;energy trade finance;energy trade payments;ice-class LNG carrier availability;marine insurance approvals;marine insurance coverage;sanctions-screened oil cargoes,LNG carriers;banks;energy producers;energy traders;freight brokers;gas utilities;marine insurers;shipbuilders;tanker operators,payment_networks,Stock,direct_exposure,Core operations or products are directly tied to the payment_networks node: Global payments network exposed to payment-routing and compliance channels,9;10,10,potentially_broad,"Node label represents a broad function, sector, or channel in the current mapping vocabulary.",consistent,Supporting cases show overlapping event mechanisms or affected asset-type vocabulary.,specific,"Mapped ticker is direct_exposure, though the node itself may be broad.",borderline,"Candidate has some ex-ante support, but at least one dimension is broad or mixed.",broad_node
eval_suez_canal_blockage,eval_suez_canal_blockage,shipping_chokepoint_disruption,payment_networks,V,Visa Inc,sector_proxy,2,case_2023_arctic_lng_russian_energy_shipping_sanctions;case_2019_cosco_shipping_sanctions_tanker_market,energy shipping sanctions and Arctic LNG disruption risk;shipping sanctions and marine insurance compliance disruption,customs;energy;financial_sanctions;lng_shipping;logistics;marine_insurance;maritime_chokepoint;oil_shipping;payment_networks;trade_lanes,Asian LNG procurement;Russian Arctic LNG cargoes;crude tanker chartering;energy trade finance;energy trade payments;ice-class LNG carrier availability;marine insurance approvals;marine insurance coverage;sanctions-screened oil cargoes,LNG carriers;banks;energy producers;energy traders;freight brokers;gas utilities;marine insurers;shipbuilders;tanker operators,payment_networks,Stock,direct_exposure,Core operations or products are directly tied to the payment_networks node: Global payments network exposed to cross-border payment and compliance channels,9;10,10,potentially_broad,"Node label represents a broad function, sector, or channel in the current mapping vocabulary.",consistent,Supporting cases show overlapping event mechanisms or affected asset-type vocabulary.,specific,"Mapped ticker is direct_exposure, though the node itself may be broad.",borderline,"Candidate has some ex-ante support, but at least one dimension is broad or mixed.",broad_node
v3_20241203_iran_shadow_fleet_sanctions,U.S. sanctions Iranian shadow-fleet petroleum transport entities and vessels,regional_energy_escalation,petrochemicals,DOW,Dow Inc,sector_proxy,4,case_2018_iran_oil_sanctions_reimposition;case_2019_venezuela_oil_sanctions;case_russia_ukraine_energy_shock;case_middle_east_oil_supply_disruption,oil sanctions and shipping finance restriction;oil sanctions and refinery feedstock disruption;war and sanctions energy disruption;energy infrastructure disruption,aviation;energy;financial_sanctions;lng_shipping;manufacturing_inputs;marine_insurance;oil_shipping;payment_networks;petrochemicals;refining,European gas benchmarks;Iranian crude exports;LNG import terminals;Saudi crude exports;US Gulf Coast refinery feedstocks;Venezuelan crude exports;energy-intensive manufacturers;fertilizer producers;global crude benchmarks;jet fuel supply chains;oil shipping routes;oil tanker routes;petrochemical inputs;power utilities;refinery feedstock sourcing;refinery feedstocks;shipping insurance services;trade finance channels;trade finance services,LNG infrastructure;airlines;banks;chemicals;crude oil;energy producers;heavy crude;marine insurers;metals producers;natural gas;petrochemical producers;refiners;tanker operators;utilities,petrochemicals,Stock,direct_exposure,Core operations or products are directly tied to the petrochemicals node: Commodity chemicals producer exposed to petrochemical feedstocks,1;6;7;9,9,specific,Node maps to operating-company/direct exposures in a concentrated asset vocabulary.,mixed,"Supporting cases share related node context, but event mechanisms are only partially aligned.",specific,Mapped ticker has direct_exposure metadata for a specific node.,borderline,"Candidate has some ex-ante support, but at least one dimension is broad or mixed.",
v3_20241203_iran_shadow_fleet_sanctions,U.S. sanctions Iranian shadow-fleet petroleum transport entities and vessels,regional_energy_escalation,petrochemicals,LYB,LyondellBasell Industries NV,sector_proxy,4,case_2018_iran_oil_sanctions_reimposition;case_2019_venezuela_oil_sanctions;case_russia_ukraine_energy_shock;case_middle_east_oil_supply_disruption,oil sanctions and shipping finance restriction;oil sanctions and refinery feedstock disruption;war and sanctions energy disruption;energy infrastructure disruption,aviation;energy;financial_sanctions;lng_shipping;manufacturing_inputs;marine_insurance;oil_shipping;payment_networks;petrochemicals;refining,European gas benchmarks;Iranian crude exports;LNG import terminals;Saudi crude exports;US Gulf Coast refinery feedstocks;Venezuelan crude exports;energy-intensive manufacturers;fertilizer producers;global crude benchmarks;jet fuel supply chains;oil shipping routes;oil tanker routes;petrochemical inputs;power utilities;refinery feedstock sourcing;refinery feedstocks;shipping insurance services;trade finance channels;trade finance services,LNG infrastructure;airlines;banks;chemicals;crude oil;energy producers;heavy crude;marine insurers;metals producers;natural gas;petrochemical producers;refiners;tanker operators;utilities,petrochemicals,Stock,direct_exposure,Core operations or products are directly tied to the petrochemicals node: Petrochemical producer exposed to olefins polymers and feedstock costs,1;6;7;9,9,specific,Node maps to operating-company/direct exposures in a concentrated asset vocabulary.,mixed,"Supporting cases share related node context, but event mechanisms are only partially aligned.",specific,Mapped ticker has direct_exposure metadata for a specific node.,borderline,"Candidate has some ex-ante support, but at least one dimension is broad or mixed.",
v3_20250201_canada_mexico_china_tariffs,"U.S. imposes tariffs on imports from Canada, Mexico and China",trade_policy_and_tariffs,ports,0144.HK,China Merchants Port Holdings Company Limited,sector_proxy,2,case_2023_mexico_nearshoring_cross_border_policy_risk;case_2023_panama_cobre_mine_closure,nearshoring policy and cross-border manufacturing risk;resource contract dispute and critical mineral supply disruption,battery_materials;critical_minerals;customs;freight_routes;logistics;manufacturing_inputs;ports;trade_lanes,Mexico-US border freight flows;Panama copper concentrate supply;automotive supplier networks;battery and grid supply chains;customs brokerage and logistics operations;electronics assembly supply chains;industrial copper inputs;mine export logistics,auto suppliers;battery supply chains;commodity traders;electronics producers;industrial manufacturers;industrial real estate and infrastructure;logistics providers;manufacturers;miners;port operators,ports,Stock,direct_exposure,Core operations or products are directly tied to the ports node: Port infrastructure operator exposed to container throughput,4;6,6,specific,Node maps to operating-company/direct exposures in a concentrated asset vocabulary.,mixed,"Supporting cases share related node context, but event mechanisms are only partially aligned.",specific,Mapped ticker has direct_exposure metadata for a specific node.,borderline,"Candidate has some ex-ante support, but at least one dimension is broad or mixed.",
v3_20250201_canada_mexico_china_tariffs,"U.S. imposes tariffs on imports from Canada, Mexico and China",trade_policy_and_tariffs,ports,1199.HK,COSCO SHIPPING Ports Limited,sector_proxy,2,case_2023_mexico_nearshoring_cross_border_policy_risk;case_2023_panama_cobre_mine_closure,nearshoring policy and cross-border manufacturing risk;resource contract dispute and critical mineral supply disruption,battery_materials;critical_minerals;customs;freight_routes;logistics;manufacturing_inputs;ports;trade_lanes,Mexico-US border freight flows;Panama copper concentrate supply;automotive supplier networks;battery and grid supply chains;customs brokerage and logistics operations;electronics assembly supply chains;industrial copper inputs;mine export logistics,auto suppliers;battery supply chains;commodity traders;electronics producers;industrial manufacturers;industrial real estate and infrastructure;logistics providers;manufacturers;miners;port operators,ports,Stock,direct_exposure,Core operations or products are directly tied to the ports node: Port operator with container terminal exposure across major trade lanes,4;6,6,specific,Node maps to operating-company/direct exposures in a concentrated asset vocabulary.,mixed,"Supporting cases share related node context, but event mechanisms are only partially aligned.",specific,Mapped ticker has direct_exposure metadata for a specific node.,borderline,"Candidate has some ex-ante support, but at least one dimension is broad or mixed.",
v3_20250730_copper_tariffs,U.S. imposes Section 232 tariffs on copper products,critical_minerals_export_controls,ports,0144.HK,China Merchants Port Holdings Company Limited,sector_proxy,2,case_2023_panama_cobre_mine_closure;case_2023_mexico_nearshoring_cross_border_policy_risk,resource contract dispute and critical mineral supply disruption;nearshoring policy and cross-border manufacturing risk,battery_materials;critical_minerals;customs;freight_routes;logistics;manufacturing_inputs;ports;trade_lanes,Mexico-US border freight flows;Panama copper concentrate supply;automotive supplier networks;battery and grid supply chains;customs brokerage and logistics operations;electronics assembly supply chains;industrial copper inputs;mine export logistics,auto suppliers;battery supply chains;commodity traders;electronics producers;industrial manufacturers;industrial real estate and infrastructure;logistics providers;manufacturers;miners;port operators,ports,Stock,direct_exposure,Core operations or products are directly tied to the ports node: Port infrastructure operator exposed to container throughput,1;6,6,specific,Node maps to operating-company/direct exposures in a concentrated asset vocabulary.,mixed,"Supporting cases share related node context, but event mechanisms are only partially aligned.",specific,Mapped ticker has direct_exposure metadata for a specific node.,borderline,"Candidate has some ex-ante support, but at least one dimension is broad or mixed.",
v3_20250730_copper_tariffs,U.S. imposes Section 232 tariffs on copper products,critical_minerals_export_controls,ports,1199.HK,COSCO SHIPPING Ports Limited,sector_proxy,2,case_2023_panama_cobre_mine_closure;case_2023_mexico_nearshoring_cross_border_policy_risk,resource contract dispute and critical mineral supply disruption;nearshoring policy and cross-border manufacturing risk,battery_materials;critical_minerals;customs;freight_routes;logistics;manufacturing_inputs;ports;trade_lanes,Mexico-US border freight flows;Panama copper concentrate supply;automotive supplier networks;battery and grid supply chains;customs brokerage and logistics operations;electronics assembly supply chains;industrial copper inputs;mine export logistics,auto suppliers;battery supply chains;commodity traders;electronics producers;industrial manufacturers;industrial real estate and infrastructure;logistics providers;manufacturers;miners;port operators,ports,Stock,direct_exposure,Core operations or products are directly tied to the ports node: Port operator with container terminal exposure across major trade lanes,1;6,6,specific,Node maps to operating-company/direct exposures in a concentrated asset vocabulary.,mixed,"Supporting cases share related node context, but event mechanisms are only partially aligned.",specific,Mapped ticker has direct_exposure metadata for a specific node.,borderline,"Candidate has some ex-ante support, but at least one dimension is broad or mixed.",
eval_defense_supply_chain_escalation,eval_defense_supply_chain_escalation,defense_spending_shock,refining,MPC,Marathon Petroleum Corporation,historical_supported,2,case_israel_iran_escalation_energy_risk;case_2011_libya_civil_war_oil_disruption,regional military escalation and energy chokepoint risk;civil conflict and oil infrastructure supply disruption,aviation;defense;energy;lng_shipping;logistics;marine_insurance;maritime_chokepoint;oil_shipping;petrochemicals;refining;trade_lanes,LNG cargo flows;Libyan crude exports;Mediterranean refinery feedstocks;Persian Gulf crude exports;jet fuel exposure;marine insurance premiums;petrochemical inputs;regional defense demand;tanker routes,LNG;airlines;crude oil;defense contractors;energy producers;marine insurers;petrochemical producers;refiners;shipping companies;tanker operators,refining,Stock,direct_exposure,Core operations or products are directly tied to the refining node: Refining and midstream operator exposed to fuel markets,9;10,10,specific,Node maps to operating-company/direct exposures in a concentrated asset vocabulary.,mixed,Cases share the node but available structured metadata indicates mixed transmission context.,specific,Mapped ticker has direct_exposure metadata for a specific node.,borderline,"Candidate has some ex-ante support, but at least one dimension is broad or mixed.",
eval_defense_supply_chain_escalation,eval_defense_supply_chain_escalation,defense_spending_shock,refining,VLO,Valero Energy Corporation,historical_supported,2,case_israel_iran_escalation_energy_risk;case_2011_libya_civil_war_oil_disruption,regional military escalation and energy chokepoint risk;civil conflict and oil infrastructure supply disruption,aviation;defense;energy;lng_shipping;logistics;marine_insurance;maritime_chokepoint;oil_shipping;petrochemicals;refining;trade_lanes,LNG cargo flows;Libyan crude exports;Mediterranean refinery feedstocks;Persian Gulf crude exports;jet fuel exposure;marine insurance premiums;petrochemical inputs;regional defense demand;tanker routes,LNG;airlines;crude oil;defense contractors;energy producers;marine insurers;petrochemical producers;refiners;shipping companies;tanker operators,refining,Stock,direct_exposure,Core operations or products are directly tied to the refining node: Refiner exposed to crude supply and refined product margins,9;10,10,specific,Node maps to operating-company/direct exposures in a concentrated asset vocabulary.,mixed,Cases share the node but available structured metadata indicates mixed transmission context.,specific,Mapped ticker has direct_exposure metadata for a specific node.,borderline,"Candidate has some ex-ante support, but at least one dimension is broad or mixed.",
eval_natural_gas_fertilizer_shock,eval_natural_gas_fertilizer_shock,energy_and_agricultural_input_shock,refining,MPC,Marathon Petroleum Corporation,historical_supported,2,case_russia_ukraine_energy_shock;case_opec_production_cut_policy_shock,war and sanctions energy disruption;oil supply policy shock,aviation;energy;lng_shipping;manufacturing_inputs;oil_shipping;petrochemicals;refining,European gas benchmarks;LNG import terminals;energy-intensive manufacturers;fertilizer producers;global crude benchmarks;jet fuel supply chains;petrochemical inputs;power utilities;refinery feedstocks;transport fuel costs,LNG infrastructure;airlines;chemicals;crude oil;energy producers;metals producers;natural gas;petrochemical producers;refiners;transportation companies;utilities,refining,Stock,direct_exposure,Core operations or products are directly tied to the refining node: Refining and midstream operator exposed to fuel markets,4;6,6,specific,Node maps to operating-company/direct exposures in a concentrated asset vocabulary.,mixed,"Supporting cases share related node context, but event mechanisms are only partially aligned.",specific,Mapped ticker has direct_exposure metadata for a specific node.,borderline,"Candidate has some ex-ante support, but at least one dimension is broad or mixed.",
eval_natural_gas_fertilizer_shock,eval_natural_gas_fertilizer_shock,energy_and_agricultural_input_shock,refining,VLO,Valero Energy Corporation,historical_supported,2,case_russia_ukraine_energy_shock;case_opec_production_cut_policy_shock,war and sanctions energy disruption;oil supply policy shock,aviation;energy;lng_shipping;manufacturing_inputs;oil_shipping;petrochemicals;refining,European gas benchmarks;LNG import terminals;energy-intensive manufacturers;fertilizer producers;global crude benchmarks;jet fuel supply chains;petrochemical inputs;power utilities;refinery feedstocks;transport fuel costs,LNG infrastructure;airlines;chemicals;crude oil;energy producers;metals producers;natural gas;petrochemical producers;refiners;transportation companies;utilities,refining,Stock,direct_exposure,Core operations or products are directly tied to the refining node: Refiner exposed to crude supply and refined product margins,4;6,6,specific,Node maps to operating-company/direct exposures in a concentrated asset vocabulary.,mixed,"Supporting cases share related node context, but event mechanisms are only partially aligned.",specific,Mapped ticker has direct_exposure metadata for a specific node.,borderline,"Candidate has some ex-ante support, but at least one dimension is broad or mixed.",
eval_us_china_tariffs,eval_us_china_tariffs,trade_policy_and_tariffs,semiconductor_equipment,AMAT,Applied Materials Inc,sector_proxy,2,case_2019_huawei_entity_list;case_2023_japan_chip_equipment_export_controls,technology sanctions and trade restrictions;semiconductor equipment export control and customs licensing risk,ai_chips;customs;data_centers;eda_software;foundry;manufacturing_inputs;semiconductor_equipment,AI accelerator supply chains;Huawei supply chain;Japanese chipmaking tools;US chip suppliers;advanced foundry capacity;data center hardware procurement;mobile device software ecosystems;telecom carrier procurement plans,5G infrastructure;AI chip designers;consumer electronics;data center operators;electronics manufacturers;foundries;semiconductor equipment suppliers;semiconductor suppliers;software providers;telecom equipment vendors,semiconductor_equipment,Stock,direct_exposure,Core operations or products are directly tied to the semiconductor_equipment node: Semiconductor manufacturing equipment supplier,8;10,10,specific,Node maps to operating-company/direct exposures in a concentrated asset vocabulary.,mixed,"Supporting cases share related node context, but event mechanisms are only partially aligned.",specific,Mapped ticker has direct_exposure metadata for a specific node.,borderline,"Candidate has some ex-ante support, but at least one dimension is broad or mixed.",
eval_us_china_tariffs,eval_us_china_tariffs,trade_policy_and_tariffs,semiconductor_equipment,ASML,ASML Holding NV ADR,sector_proxy,2,case_2019_huawei_entity_list;case_2023_japan_chip_equipment_export_controls,technology sanctions and trade restrictions;semiconductor equipment export control and customs licensing risk,ai_chips;customs;data_centers;eda_software;foundry;manufacturing_inputs;semiconductor_equipment,AI accelerator supply chains;Huawei supply chain;Japanese chipmaking tools;US chip suppliers;advanced foundry capacity;data center hardware procurement;mobile device software ecosystems;telecom carrier procurement plans,5G infrastructure;AI chip designers;consumer electronics;data center operators;electronics manufacturers;foundries;semiconductor equipment suppliers;semiconductor suppliers;software providers;telecom equipment vendors,semiconductor_equipment,ADR,direct_exposure,Core operations or products are directly tied to the semiconductor_equipment node: Advanced lithography supplier exposed to semiconductor equipment controls,8;10,10,specific,Node maps to operating-company/direct exposures in a concentrated asset vocabulary.,mixed,"Supporting cases share related node context, but event mechanisms are only partially aligned.",specific,Mapped ticker has direct_exposure metadata for a specific node.,borderline,"Candidate has some ex-ante support, but at least one dimension is broad or mixed.",
v3_20250404_china_rare_earth_export_controls,China imposes rare-earth export controls after U.S. tariff escalation,critical_minerals_export_controls,semiconductor_equipment,AMAT,Applied Materials Inc,sector_proxy,2,case_china_gallium_germanium_graphite_controls;case_2019_huawei_entity_list,critical minerals export controls;technology sanctions and trade restrictions,ai_chips;critical_minerals;customs;data_centers;eda_software;gallium_germanium_graphite;manufacturing_inputs;semiconductor_equipment,Huawei supply chain;US chip suppliers;battery material supply chains;compound semiconductor inputs;gallium and germanium supply;graphite anode materials;mobile device software ecosystems;telecom carrier procurement plans,5G infrastructure;EV supply chains;battery manufacturers;consumer electronics;critical mineral processors;semiconductor suppliers;software providers;solar equipment producers;telecom equipment vendors,semiconductor_equipment,Stock,direct_exposure,Core operations or products are directly tied to the semiconductor_equipment node: Semiconductor manufacturing equipment supplier,3;10,10,specific,Node maps to operating-company/direct exposures in a concentrated asset vocabulary.,mixed,"Supporting cases share related node context, but event mechanisms are only partially aligned.",specific,Mapped ticker has direct_exposure metadata for a specific node.,borderline,"Candidate has some ex-ante support, but at least one dimension is broad or mixed.",
v3_20250404_china_rare_earth_export_controls,China imposes rare-earth export controls after U.S. tariff escalation,critical_minerals_export_controls,semiconductor_equipment,ASML,ASML Holding NV ADR,sector_proxy,2,case_china_gallium_germanium_graphite_controls;case_2019_huawei_entity_list,critical minerals export controls;technology sanctions and trade restrictions,ai_chips;critical_minerals;customs;data_centers;eda_software;gallium_germanium_graphite;manufacturing_inputs;semiconductor_equipment,Huawei supply chain;US chip suppliers;battery material supply chains;compound semiconductor inputs;gallium and germanium supply;graphite anode materials;mobile device software ecosystems;telecom carrier procurement plans,5G infrastructure;EV supply chains;battery manufacturers;consumer electronics;critical mineral processors;semiconductor suppliers;software providers;solar equipment producers;telecom equipment vendors,semiconductor_equipment,ADR,direct_exposure,Core operations or products are directly tied to the semiconductor_equipment node: Advanced lithography supplier exposed to semiconductor equipment controls,3;10,10,specific,Node maps to operating-company/direct exposures in a concentrated asset vocabulary.,mixed,"Supporting cases share related node context, but event mechanisms are only partially aligned.",specific,Mapped ticker has direct_exposure metadata for a specific node.,borderline,"Candidate has some ex-ante support, but at least one dimension is broad or mixed.",
v3_20250730_copper_tariffs,U.S. imposes Section 232 tariffs on copper products,critical_minerals_export_controls,semiconductor_equipment,AMAT,Applied Materials Inc,sector_proxy,2,case_china_gallium_germanium_graphite_controls;case_2019_huawei_entity_list,critical minerals export controls;technology sanctions and trade restrictions,ai_chips;critical_minerals;customs;data_centers;eda_software;gallium_germanium_graphite;manufacturing_inputs;semiconductor_equipment,Huawei supply chain;US chip suppliers;battery material supply chains;compound semiconductor inputs;gallium and germanium supply;graphite anode materials;mobile device software ecosystems;telecom carrier procurement plans,5G infrastructure;EV supply chains;battery manufacturers;consumer electronics;critical mineral processors;semiconductor suppliers;software providers;solar equipment producers;telecom equipment vendors,semiconductor_equipment,Stock,direct_exposure,Core operations or products are directly tied to the semiconductor_equipment node: Semiconductor manufacturing equipment supplier,8;10,10,specific,Node maps to operating-company/direct exposures in a concentrated asset vocabulary.,mixed,"Supporting cases share related node context, but event mechanisms are only partially aligned.",specific,Mapped ticker has direct_exposure metadata for a specific node.,borderline,"Candidate has some ex-ante support, but at least one dimension is broad or mixed.",
v3_20250730_copper_tariffs,U.S. imposes Section 232 tariffs on copper products,critical_minerals_export_controls,semiconductor_equipment,ASML,ASML Holding NV ADR,sector_proxy,2,case_china_gallium_germanium_graphite_controls;case_2019_huawei_entity_list,critical minerals export controls;technology sanctions and trade restrictions,ai_chips;critical_minerals;customs;data_centers;eda_software;gallium_germanium_graphite;manufacturing_inputs;semiconductor_equipment,Huawei supply chain;US chip suppliers;battery material supply chains;compound semiconductor inputs;gallium and germanium supply;graphite anode materials;mobile device software ecosystems;telecom carrier procurement plans,5G infrastructure;EV supply chains;battery manufacturers;consumer electronics;critical mineral processors;semiconductor suppliers;software providers;solar equipment producers;telecom equipment vendors,semiconductor_equipment,ADR,direct_exposure,Core operations or products are directly tied to the semiconductor_equipment node: Advanced lithography supplier exposed to semiconductor equipment controls,8;10,10,specific,Node maps to operating-company/direct exposures in a concentrated asset vocabulary.,mixed,"Supporting cases share related node context, but event mechanisms are only partially aligned.",specific,Mapped ticker has direct_exposure metadata for a specific node.,borderline,"Candidate has some ex-ante support, but at least one dimension is broad or mixed.",
hard_cyber_infrastructure_indirect,hard_cyber_infrastructure_indirect,cyber_infrastructure_disruption,trade_lanes,DHL.DE,DHL Group,sector_proxy,2,case_2023_dp_world_australia_cyber_port_disruption;case_2024_us_east_gulf_port_strike,cyberattack on port logistics infrastructure;port labor and shipping logistics disruption,container_shipping;cyber_infrastructure;freight_routes;logistics;port_labor;ports;trade_lanes,Asia-Pacific freight routes;Australian container terminals;US East Coast port throughput;container shipping schedules;manufacturing inputs;port operating systems;retail import flows;retail import logistics,container shipping companies;cybersecurity providers;freight forwarders;manufacturers;port operators;retailers,trade_lanes,Stock,related_exposure,"Global logistics operations participate in trade lanes, but trade_lanes is a broad cross-border flow condition rather than a specific core node business.",3;7,7,potentially_broad,"Node label represents a broad function, sector, or channel in the current mapping vocabulary.",consistent,Supporting cases show overlapping event mechanisms or affected asset-type vocabulary.,broad,Mapping is economically related but indirect/diversified according to asset_mapping metadata.,borderline,"Candidate has some ex-ante support, but at least one dimension is broad or mixed.",broad_node;broad_asset_mapping
hard_cyber_infrastructure_indirect,hard_cyber_infrastructure_indirect,cyber_infrastructure_disruption,trade_lanes,EXPD,Expeditors International of Washington Inc,sector_proxy,2,case_2023_dp_world_australia_cyber_port_disruption;case_2024_us_east_gulf_port_strike,cyberattack on port logistics infrastructure;port labor and shipping logistics disruption,container_shipping;cyber_infrastructure;freight_routes;logistics;port_labor;ports;trade_lanes,Asia-Pacific freight routes;Australian container terminals;US East Coast port throughput;container shipping schedules;manufacturing inputs;port operating systems;retail import flows;retail import logistics,container shipping companies;cybersecurity providers;freight forwarders;manufacturers;port operators;retailers,trade_lanes,Stock,related_exposure,"Freight forwarding participates in global trade-lane activity, but trade_lanes is a broad route and flow condition across diversified logistics services.",3;7,7,potentially_broad,"Node label represents a broad function, sector, or channel in the current mapping vocabulary.",consistent,Supporting cases show overlapping event mechanisms or affected asset-type vocabulary.,broad,Mapping is economically related but indirect/diversified according to asset_mapping metadata.,borderline,"Candidate has some ex-ante support, but at least one dimension is broad or mixed.",broad_node;broad_asset_mapping
eval_defense_supply_chain_escalation,eval_defense_supply_chain_escalation,defense_spending_shock,aviation,DAL,Delta Air Lines Inc,sector_proxy,3,case_2017_north_korea_missile_escalation;case_2019_india_pakistan_airspace_closure;case_2011_libya_civil_war_oil_disruption,missile escalation and regional security risk;border military escalation and airspace disruption;civil conflict and oil infrastructure supply disruption,aviation;defense;energy;freight_routes;logistics;manufacturing_inputs;oil_shipping;petrochemicals;refining;semiconductor_equipment;trade_lanes,East Asian air routes;Europe-Asia long-haul flights;Libyan crude exports;Mediterranean refinery feedstocks;South Asia air routes;air cargo schedules;electronics manufacturing supply chains;jet fuel exposure;missile defense systems;petrochemical inputs;regional defense procurement;regional logistics networks,air cargo operators;airlines;defense contractors;electronics manufacturers;energy producers;freight forwarders;logistics providers;manufacturers;petrochemical producers;refiners;regional exporters;shipping companies,aviation,Stock,direct_exposure,Core operations or products are directly tied to the aviation node: Airline exposed to jet fuel and international travel disruption risks,3;8;10,10,potentially_broad,"Node label represents a broad function, sector, or channel in the current mapping vocabulary.",weak_cooccurrence,The shared support is mainly a common broad node across otherwise different cases.,specific,"Mapped ticker is direct_exposure, though the node itself may be broad.",likely_noise,Weak cross-case mechanism support combined with broad node or broad/questionable mapping.,broad_node;weak_supporting_case_consistency
eval_defense_supply_chain_escalation,eval_defense_supply_chain_escalation,defense_spending_shock,aviation,JETS,U S Global Jets ETF,sector_proxy,3,case_2017_north_korea_missile_escalation;case_2019_india_pakistan_airspace_closure;case_2011_libya_civil_war_oil_disruption,missile escalation and regional security risk;border military escalation and airspace disruption;civil conflict and oil infrastructure supply disruption,aviation;defense;energy;freight_routes;logistics;manufacturing_inputs;oil_shipping;petrochemicals;refining;semiconductor_equipment;trade_lanes,East Asian air routes;Europe-Asia long-haul flights;Libyan crude exports;Mediterranean refinery feedstocks;South Asia air routes;air cargo schedules;electronics manufacturing supply chains;jet fuel exposure;missile defense systems;petrochemical inputs;regional defense procurement;regional logistics networks,air cargo operators;airlines;defense contractors;electronics manufacturers;energy producers;freight forwarders;logistics providers;manufacturers;petrochemical producers;refiners;regional exporters;shipping companies,aviation,ETF,broad_proxy,"Ticker is an ETF, fund, or basket used as broad proxy exposure for the aviation node: Airline ETF exposed to fuel costs travel demand and route disruptions",3;8;10,10,potentially_broad,"Node label represents a broad function, sector, or channel in the current mapping vocabulary.",weak_cooccurrence,The shared support is mainly a common broad node across otherwise different cases.,broad,Mapped ticker is a broad_proxy instrument or ETF/basket exposure.,likely_noise,Weak cross-case mechanism support combined with broad node or broad/questionable mapping.,broad_node;weak_supporting_case_consistency;broad_asset_mapping
v3_20250110_us_russia_oil_sanctions,U.S. sanctions Russian oil producers and shadow-fleet vessels,war_and_sanctions_energy_disruption,aviation,DAL,Delta Air Lines Inc,sector_proxy,2,case_2022_russia_aviation_supply_chain_sanctions;case_2024_ukraine_drone_attacks_russian_refineries,aerospace supply-chain sanctions;wartime refinery disruption and refined-product supply risk,aerospace_supply_chain;aviation;customs;defense;energy;manufacturing_inputs;oil_shipping;petrochemicals;pipeline_infrastructure;refining;trade_lanes,Russian refinery capacity;aerospace parts supply;aircraft leasing portfolios;diesel and gasoline export flows;international route planning;jet fuel supply chains;maintenance service networks;petrochemical feedstocks,aerospace suppliers;aircraft lessors;aircraft manufacturers;airlines;defense contractors;energy producers;petrochemical companies;refiners;tanker operators,aviation,Stock,direct_exposure,Core operations or products are directly tied to the aviation node: Airline exposed to jet fuel and international travel disruption risks,9;10,10,potentially_broad,"Node label represents a broad function, sector, or channel in the current mapping vocabulary.",weak_cooccurrence,Supporting cases share a broad node but have low event-type and affected-asset-type overlap.,specific,"Mapped ticker is direct_exposure, though the node itself may be broad.",likely_noise,Weak cross-case mechanism support combined with broad node or broad/questionable mapping.,broad_node;weak_supporting_case_consistency
v3_20250110_us_russia_oil_sanctions,U.S. sanctions Russian oil producers and shadow-fleet vessels,war_and_sanctions_energy_disruption,aviation,JETS,U S Global Jets ETF,sector_proxy,2,case_2022_russia_aviation_supply_chain_sanctions;case_2024_ukraine_drone_attacks_russian_refineries,aerospace supply-chain sanctions;wartime refinery disruption and refined-product supply risk,aerospace_supply_chain;aviation;customs;defense;energy;manufacturing_inputs;oil_shipping;petrochemicals;pipeline_infrastructure;refining;trade_lanes,Russian refinery capacity;aerospace parts supply;aircraft leasing portfolios;diesel and gasoline export flows;international route planning;jet fuel supply chains;maintenance service networks;petrochemical feedstocks,aerospace suppliers;aircraft lessors;aircraft manufacturers;airlines;defense contractors;energy producers;petrochemical companies;refiners;tanker operators,aviation,ETF,broad_proxy,"Ticker is an ETF, fund, or basket used as broad proxy exposure for the aviation node: Airline ETF exposed to fuel costs travel demand and route disruptions",9;10,10,potentially_broad,"Node label represents a broad function, sector, or channel in the current mapping vocabulary.",weak_cooccurrence,Supporting cases share a broad node but have low event-type and affected-asset-type overlap.,broad,Mapped ticker is a broad_proxy instrument or ETF/basket exposure.,likely_noise,Weak cross-case mechanism support combined with broad node or broad/questionable mapping.,broad_node;weak_supporting_case_consistency;broad_asset_mapping
eval_huawei_entity_list,eval_huawei_entity_list,technology_export_controls,defense,ITA,iShares U S Aerospace & Defense ETF,sector_proxy,4,case_2024_taiwan_strait_drills_semiconductor_supply;case_2010_china_japan_rare_earth_embargo;case_taiwan_strait_semiconductor_risk;case_2019_turkey_f35_s400_defense_restrictions,taiwan strait semiconductor supply-chain disruption;rare earth export restriction and electronics input disruption;regional military tension and semiconductor supply risk;defense procurement restriction and aerospace supply-chain adjustment,aerospace_supply_chain;ai_chips;critical_minerals;customs;data_centers;defense;foundry;manufacturing_inputs;rare_earths;semiconductor_equipment;taiwan_semiconductor_supply;trade_lanes,AI accelerator supply chains;F-35 supplier network;Taiwan advanced foundry capacity;Taiwan semiconductor fabrication capacity;Turkish aerospace components;advanced GPU supply chains;cloud data center hardware;consumer electronics supply chains;defense and automotive supply chains;defense electronics inputs;electronics components;electronics hardware supply;export-controlled manufacturing flows;magnet materials;rare earth oxide supply;semiconductor equipment demand planning,AI chip designers;advanced chip designers;aerospace manufacturers;automakers;clean technology manufacturers;component suppliers;data center suppliers;defense contractors;electronics manufacturers;electronics suppliers;rare earth producers;semiconductor equipment companies;semiconductor foundries;trade compliance providers,defense,ETF,broad_proxy,"Ticker is an ETF, fund, or basket used as broad proxy exposure for the defense node: ETF exposure to US aerospace and defense companies",6;8;9;10,10,potentially_broad,"Node label represents a broad function, sector, or channel in the current mapping vocabulary.",weak_cooccurrence,The shared support is mainly a common broad node across otherwise different cases.,broad,Mapped ticker is a broad_proxy instrument or ETF/basket exposure.,likely_noise,Weak cross-case mechanism support combined with broad node or broad/questionable mapping.,broad_node;weak_supporting_case_consistency;broad_asset_mapping
eval_huawei_entity_list,eval_huawei_entity_list,technology_export_controls,defense,LMT,Lockheed Martin Corporation,sector_proxy,4,case_2024_taiwan_strait_drills_semiconductor_supply;case_2010_china_japan_rare_earth_embargo;case_taiwan_strait_semiconductor_risk;case_2019_turkey_f35_s400_defense_restrictions,taiwan strait semiconductor supply-chain disruption;rare earth export restriction and electronics input disruption;regional military tension and semiconductor supply risk;defense procurement restriction and aerospace supply-chain adjustment,aerospace_supply_chain;ai_chips;critical_minerals;customs;data_centers;defense;foundry;manufacturing_inputs;rare_earths;semiconductor_equipment;taiwan_semiconductor_supply;trade_lanes,AI accelerator supply chains;F-35 supplier network;Taiwan advanced foundry capacity;Taiwan semiconductor fabrication capacity;Turkish aerospace components;advanced GPU supply chains;cloud data center hardware;consumer electronics supply chains;defense and automotive supply chains;defense electronics inputs;electronics components;electronics hardware supply;export-controlled manufacturing flows;magnet materials;rare earth oxide supply;semiconductor equipment demand planning,AI chip designers;advanced chip designers;aerospace manufacturers;automakers;clean technology manufacturers;component suppliers;data center suppliers;defense contractors;electronics manufacturers;electronics suppliers;rare earth producers;semiconductor equipment companies;semiconductor foundries;trade compliance providers,defense,Stock,direct_exposure,Core operations or products are directly tied to the defense node: Defense contractor exposed to government security and defense spending priorities,6;8;9;10,10,potentially_broad,"Node label represents a broad function, sector, or channel in the current mapping vocabulary.",weak_cooccurrence,The shared support is mainly a common broad node across otherwise different cases.,specific,"Mapped ticker is direct_exposure, though the node itself may be broad.",likely_noise,Weak cross-case mechanism support combined with broad node or broad/questionable mapping.,broad_node;weak_supporting_case_consistency
eval_semiconductor_export_controls,eval_semiconductor_export_controls,technology_export_controls,defense,ITA,iShares U S Aerospace & Defense ETF,sector_proxy,4,case_2024_taiwan_strait_drills_semiconductor_supply;case_2010_china_japan_rare_earth_embargo;case_taiwan_strait_semiconductor_risk;case_2019_turkey_f35_s400_defense_restrictions,taiwan strait semiconductor supply-chain disruption;rare earth export restriction and electronics input disruption;regional military tension and semiconductor supply risk;defense procurement restriction and aerospace supply-chain adjustment,aerospace_supply_chain;ai_chips;critical_minerals;customs;data_centers;defense;foundry;manufacturing_inputs;rare_earths;semiconductor_equipment;taiwan_semiconductor_supply;trade_lanes,AI accelerator supply chains;F-35 supplier network;Taiwan advanced foundry capacity;Taiwan semiconductor fabrication capacity;Turkish aerospace components;advanced GPU supply chains;cloud data center hardware;consumer electronics supply chains;defense and automotive supply chains;defense electronics inputs;electronics components;electronics hardware supply;export-controlled manufacturing flows;magnet materials;rare earth oxide supply;semiconductor equipment demand planning,AI chip designers;advanced chip designers;aerospace manufacturers;automakers;clean technology manufacturers;component suppliers;data center suppliers;defense contractors;electronics manufacturers;electronics suppliers;rare earth producers;semiconductor equipment companies;semiconductor foundries;trade compliance providers,defense,ETF,broad_proxy,"Ticker is an ETF, fund, or basket used as broad proxy exposure for the defense node: ETF exposure to US aerospace and defense companies",6;7;8;10,10,potentially_broad,"Node label represents a broad function, sector, or channel in the current mapping vocabulary.",weak_cooccurrence,The shared support is mainly a common broad node across otherwise different cases.,broad,Mapped ticker is a broad_proxy instrument or ETF/basket exposure.,likely_noise,Weak cross-case mechanism support combined with broad node or broad/questionable mapping.,broad_node;weak_supporting_case_consistency;broad_asset_mapping
eval_semiconductor_export_controls,eval_semiconductor_export_controls,technology_export_controls,defense,LMT,Lockheed Martin Corporation,sector_proxy,4,case_2024_taiwan_strait_drills_semiconductor_supply;case_2010_china_japan_rare_earth_embargo;case_taiwan_strait_semiconductor_risk;case_2019_turkey_f35_s400_defense_restrictions,taiwan strait semiconductor supply-chain disruption;rare earth export restriction and electronics input disruption;regional military tension and semiconductor supply risk;defense procurement restriction and aerospace supply-chain adjustment,aerospace_supply_chain;ai_chips;critical_minerals;customs;data_centers;defense;foundry;manufacturing_inputs;rare_earths;semiconductor_equipment;taiwan_semiconductor_supply;trade_lanes,AI accelerator supply chains;F-35 supplier network;Taiwan advanced foundry capacity;Taiwan semiconductor fabrication capacity;Turkish aerospace components;advanced GPU supply chains;cloud data center hardware;consumer electronics supply chains;defense and automotive supply chains;defense electronics inputs;electronics components;electronics hardware supply;export-controlled manufacturing flows;magnet materials;rare earth oxide supply;semiconductor equipment demand planning,AI chip designers;advanced chip designers;aerospace manufacturers;automakers;clean technology manufacturers;component suppliers;data center suppliers;defense contractors;electronics manufacturers;electronics suppliers;rare earth producers;semiconductor equipment companies;semiconductor foundries;trade compliance providers,defense,Stock,direct_exposure,Core operations or products are directly tied to the defense node: Defense contractor exposed to government security and defense spending priorities,6;7;8;10,10,potentially_broad,"Node label represents a broad function, sector, or channel in the current mapping vocabulary.",weak_cooccurrence,The shared support is mainly a common broad node across otherwise different cases.,specific,"Mapped ticker is direct_exposure, though the node itself may be broad.",likely_noise,Weak cross-case mechanism support combined with broad node or broad/questionable mapping.,broad_node;weak_supporting_case_consistency
eval_black_sea_grain_export_disruption,eval_black_sea_grain_export_disruption,grain_export_disruption,energy,XLE,Energy Select Sector SPDR Fund,sector_proxy,2,case_2021_suez_blockage;case_2022_russia_fertilizer_export_restrictions,shipping chokepoint disruption;fertilizer export restriction and agricultural input shock,agriculture;container_shipping;customs;energy;fertilizer;freight_routes;logistics;maritime_chokepoint;ports;trade_lanes,Brazil crop input supply;European and Asian importers;agricultural logistics;container shipping operators;food production input costs;freight forwarders;nitrogen and potash fertilizer flows;oil and LNG cargo flows,agribusiness firms;energy cargoes;fertilizer producers;food producers;grain traders;logistics companies;logistics providers;port operators;retail supply chains;shipping equities,energy,ETF,broad_proxy,"Ticker is an ETF, fund, or basket used as broad proxy exposure for the energy node: Broad ETF exposure to US energy companies",6;9,9,potentially_broad,"Node label represents a broad function, sector, or channel in the current mapping vocabulary.",weak_cooccurrence,Supporting cases share a broad node but have low event-type and affected-asset-type overlap.,broad,Mapped ticker is a broad_proxy instrument or ETF/basket exposure.,likely_noise,Weak cross-case mechanism support combined with broad node or broad/questionable mapping.,broad_node;weak_supporting_case_consistency;broad_asset_mapping
eval_black_sea_grain_export_disruption,eval_black_sea_grain_export_disruption,grain_export_disruption,energy,XOM,Exxon Mobil Corporation,sector_proxy,2,case_2021_suez_blockage;case_2022_russia_fertilizer_export_restrictions,shipping chokepoint disruption;fertilizer export restriction and agricultural input shock,agriculture;container_shipping;customs;energy;fertilizer;freight_routes;logistics;maritime_chokepoint;ports;trade_lanes,Brazil crop input supply;European and Asian importers;agricultural logistics;container shipping operators;food production input costs;freight forwarders;nitrogen and potash fertilizer flows;oil and LNG cargo flows,agribusiness firms;energy cargoes;fertilizer producers;food producers;grain traders;logistics companies;logistics providers;port operators;retail supply chains;shipping equities,energy,Stock,related_exposure,Business has meaningful but diversified or indirect economic linkage to the energy node: Integrated energy producer with upstream and downstream exposure,6;9,9,potentially_broad,"Node label represents a broad function, sector, or channel in the current mapping vocabulary.",weak_cooccurrence,Supporting cases share a broad node but have low event-type and affected-asset-type overlap.,broad,Mapping is economically related but indirect/diversified according to asset_mapping metadata.,likely_noise,Weak cross-case mechanism support combined with broad node or broad/questionable mapping.,broad_node;weak_supporting_case_consistency;broad_asset_mapping
eval_defense_supply_chain_escalation,eval_defense_supply_chain_escalation,defense_spending_shock,energy,XLE,Energy Select Sector SPDR Fund,sector_proxy,3,case_2022_ukraine_electricity_grid_attacks;case_israel_iran_escalation_energy_risk;case_2011_libya_civil_war_oil_disruption,wartime electricity grid attack and infrastructure disruption;regional military escalation and energy chokepoint risk;civil conflict and oil infrastructure supply disruption,aviation;cyber_infrastructure;defense;energy;lng_shipping;logistics;manufacturing_inputs;marine_insurance;maritime_chokepoint;oil_shipping;petrochemicals;pipeline_infrastructure;refining;trade_lanes,LNG cargo flows;Libyan crude exports;Mediterranean refinery feedstocks;Persian Gulf crude exports;Ukrainian electricity grid;grid repair equipment;industrial power supply;jet fuel exposure;marine insurance premiums;petrochemical inputs;regional defense demand;regional emergency energy logistics;tanker routes,LNG;airlines;crude oil;defense contractors;energy producers;grid equipment suppliers;logistics providers;manufacturers;marine insurers;petrochemical producers;refiners;shipping companies;tanker operators;utilities,energy,ETF,broad_proxy,"Ticker is an ETF, fund, or basket used as broad proxy exposure for the energy node: Broad ETF exposure to US energy companies",4;9;10,10,potentially_broad,"Node label represents a broad function, sector, or channel in the current mapping vocabulary.",weak_cooccurrence,Supporting cases share a broad node but have low event-type and affected-asset-type overlap.,broad,Mapped ticker is a broad_proxy instrument or ETF/basket exposure.,likely_noise,Weak cross-case mechanism support combined with broad node or broad/questionable mapping.,broad_node;weak_supporting_case_consistency;broad_asset_mapping
eval_defense_supply_chain_escalation,eval_defense_supply_chain_escalation,defense_spending_shock,energy,XOM,Exxon Mobil Corporation,sector_proxy,3,case_2022_ukraine_electricity_grid_attacks;case_israel_iran_escalation_energy_risk;case_2011_libya_civil_war_oil_disruption,wartime electricity grid attack and infrastructure disruption;regional military escalation and energy chokepoint risk;civil conflict and oil infrastructure supply disruption,aviation;cyber_infrastructure;defense;energy;lng_shipping;logistics;manufacturing_inputs;marine_insurance;maritime_chokepoint;oil_shipping;petrochemicals;pipeline_infrastructure;refining;trade_lanes,LNG cargo flows;Libyan crude exports;Mediterranean refinery feedstocks;Persian Gulf crude exports;Ukrainian electricity grid;grid repair equipment;industrial power supply;jet fuel exposure;marine insurance premiums;petrochemical inputs;regional defense demand;regional emergency energy logistics;tanker routes,LNG;airlines;crude oil;defense contractors;energy producers;grid equipment suppliers;logistics providers;manufacturers;marine insurers;petrochemical producers;refiners;shipping companies;tanker operators;utilities,energy,Stock,related_exposure,Business has meaningful but diversified or indirect economic linkage to the energy node: Integrated energy producer with upstream and downstream exposure,4;9;10,10,potentially_broad,"Node label represents a broad function, sector, or channel in the current mapping vocabulary.",weak_cooccurrence,Supporting cases share a broad node but have low event-type and affected-asset-type overlap.,broad,Mapping is economically related but indirect/diversified according to asset_mapping metadata.,likely_noise,Weak cross-case mechanism support combined with broad node or broad/questionable mapping.,broad_node;weak_supporting_case_consistency;broad_asset_mapping
eval_food_export_grain_restriction,eval_food_export_grain_restriction,grain_export_disruption,energy,XLE,Energy Select Sector SPDR Fund,sector_proxy,3,case_2022_russia_fertilizer_export_restrictions;case_2014_crimea_financial_sanctions;case_2021_suez_blockage,fertilizer export restriction and agricultural input shock;financial sanctions and trade finance restriction;shipping chokepoint disruption,agriculture;container_shipping;customs;energy;fertilizer;financial_sanctions;freight_routes;logistics;manufacturing_inputs;maritime_chokepoint;payment_networks;ports;trade_lanes,Brazil crop input supply;European and Asian importers;Russia-linked trade finance;agricultural logistics;container shipping operators;cross-border payment flows;energy-sector financing;food production input costs;freight forwarders;nitrogen and potash fertilizer flows;oil and LNG cargo flows;sanctions compliance systems,agribusiness firms;banks;energy cargoes;energy companies;fertilizer producers;food producers;grain traders;industrial exporters;logistics companies;logistics firms;logistics providers;port operators;retail supply chains;shipping equities;trade finance providers,energy,ETF,broad_proxy,"Ticker is an ETF, fund, or basket used as broad proxy exposure for the energy node: Broad ETF exposure to US energy companies",5;9;10,10,potentially_broad,"Node label represents a broad function, sector, or channel in the current mapping vocabulary.",weak_cooccurrence,Supporting cases share a broad node but have low event-type and affected-asset-type overlap.,broad,Mapped ticker is a broad_proxy instrument or ETF/basket exposure.,likely_noise,Weak cross-case mechanism support combined with broad node or broad/questionable mapping.,broad_node;weak_supporting_case_consistency;broad_asset_mapping
eval_food_export_grain_restriction,eval_food_export_grain_restriction,grain_export_disruption,energy,XOM,Exxon Mobil Corporation,sector_proxy,3,case_2022_russia_fertilizer_export_restrictions;case_2014_crimea_financial_sanctions;case_2021_suez_blockage,fertilizer export restriction and agricultural input shock;financial sanctions and trade finance restriction;shipping chokepoint disruption,agriculture;container_shipping;customs;energy;fertilizer;financial_sanctions;freight_routes;logistics;manufacturing_inputs;maritime_chokepoint;payment_networks;ports;trade_lanes,Brazil crop input supply;European and Asian importers;Russia-linked trade finance;agricultural logistics;container shipping operators;cross-border payment flows;energy-sector financing;food production input costs;freight forwarders;nitrogen and potash fertilizer flows;oil and LNG cargo flows;sanctions compliance systems,agribusiness firms;banks;energy cargoes;energy companies;fertilizer producers;food producers;grain traders;industrial exporters;logistics companies;logistics firms;logistics providers;port operators;retail supply chains;shipping equities;trade finance providers,energy,Stock,related_exposure,Business has meaningful but diversified or indirect economic linkage to the energy node: Integrated energy producer with upstream and downstream exposure,5;9;10,10,potentially_broad,"Node label represents a broad function, sector, or channel in the current mapping vocabulary.",weak_cooccurrence,Supporting cases share a broad node but have low event-type and affected-asset-type overlap.,broad,Mapping is economically related but indirect/diversified according to asset_mapping metadata.,likely_noise,Weak cross-case mechanism support combined with broad node or broad/questionable mapping.,broad_node;weak_supporting_case_consistency;broad_asset_mapping
eval_rare_earth_critical_minerals_controls,eval_rare_earth_critical_minerals_controls,critical_minerals_export_controls,energy,XLE,Energy Select Sector SPDR Fund,sector_proxy,2,case_rare_earth_export_restriction_risk;case_2023_eu_carbon_border_adjustment_mechanism,critical minerals export restriction;green trade compliance and carbon border adjustment risk,critical_minerals;customs;defense;energy;fertilizer;manufacturing_inputs;rare_earths;trade_lanes,EU-bound steel imports;EV motor components;aluminum and cement trade flows;defense sensor components;fertilizer imports;industrial emissions reporting systems;permanent magnet supply chains;rare earth oxide supply;wind turbine components,EV supply chains;aluminum producers;cement exporters;defense electronics suppliers;fertilizer producers;industrial manufacturers;magnet producers;rare earth miners;steel producers;wind turbine manufacturers,energy,ETF,broad_proxy,"Ticker is an ETF, fund, or basket used as broad proxy exposure for the energy node: Broad ETF exposure to US energy companies",2;10,10,potentially_broad,"Node label represents a broad function, sector, or channel in the current mapping vocabulary.",weak_cooccurrence,Supporting cases share a broad node but have low event-type and affected-asset-type overlap.,broad,Mapped ticker is a broad_proxy instrument or ETF/basket exposure.,likely_noise,Weak cross-case mechanism support combined with broad node or broad/questionable mapping.,broad_node;weak_supporting_case_consistency;broad_asset_mapping
eval_rare_earth_critical_minerals_controls,eval_rare_earth_critical_minerals_controls,critical_minerals_export_controls,energy,XOM,Exxon Mobil Corporation,sector_proxy,2,case_rare_earth_export_restriction_risk;case_2023_eu_carbon_border_adjustment_mechanism,critical minerals export restriction;green trade compliance and carbon border adjustment risk,critical_minerals;customs;defense;energy;fertilizer;manufacturing_inputs;rare_earths;trade_lanes,EU-bound steel imports;EV motor components;aluminum and cement trade flows;defense sensor components;fertilizer imports;industrial emissions reporting systems;permanent magnet supply chains;rare earth oxide supply;wind turbine components,EV supply chains;aluminum producers;cement exporters;defense electronics suppliers;fertilizer producers;industrial manufacturers;magnet producers;rare earth miners;steel producers;wind turbine manufacturers,energy,Stock,related_exposure,Business has meaningful but diversified or indirect economic linkage to the energy node: Integrated energy producer with upstream and downstream exposure,2;10,10,potentially_broad,"Node label represents a broad function, sector, or channel in the current mapping vocabulary.",weak_cooccurrence,Supporting cases share a broad node but have low event-type and affected-asset-type overlap.,broad,Mapping is economically related but indirect/diversified according to asset_mapping metadata.,likely_noise,Weak cross-case mechanism support combined with broad node or broad/questionable mapping.,broad_node;weak_supporting_case_consistency;broad_asset_mapping
v3_20250201_canada_mexico_china_tariffs,"U.S. imposes tariffs on imports from Canada, Mexico and China",trade_policy_and_tariffs,energy,XLE,Energy Select Sector SPDR Fund,sector_proxy,2,case_2023_eu_carbon_border_adjustment_mechanism;case_2022_russia_fertilizer_export_restrictions,green trade compliance and carbon border adjustment risk;fertilizer export restriction and agricultural input shock,agriculture;critical_minerals;customs;energy;fertilizer;logistics;manufacturing_inputs;trade_lanes,Brazil crop input supply;EU-bound steel imports;agricultural logistics;aluminum and cement trade flows;fertilizer imports;food production input costs;industrial emissions reporting systems;nitrogen and potash fertilizer flows,agribusiness firms;aluminum producers;cement exporters;fertilizer producers;food producers;grain traders;industrial manufacturers;logistics providers;steel producers,energy,ETF,broad_proxy,"Ticker is an ETF, fund, or basket used as broad proxy exposure for the energy node: Broad ETF exposure to US energy companies",5;8,8,potentially_broad,"Node label represents a broad function, sector, or channel in the current mapping vocabulary.",weak_cooccurrence,Supporting cases share a broad node but have low event-type and affected-asset-type overlap.,broad,Mapped ticker is a broad_proxy instrument or ETF/basket exposure.,likely_noise,Weak cross-case mechanism support combined with broad node or broad/questionable mapping.,broad_node;weak_supporting_case_consistency;broad_asset_mapping
v3_20250201_canada_mexico_china_tariffs,"U.S. imposes tariffs on imports from Canada, Mexico and China",trade_policy_and_tariffs,energy,XOM,Exxon Mobil Corporation,sector_proxy,2,case_2023_eu_carbon_border_adjustment_mechanism;case_2022_russia_fertilizer_export_restrictions,green trade compliance and carbon border adjustment risk;fertilizer export restriction and agricultural input shock,agriculture;critical_minerals;customs;energy;fertilizer;logistics;manufacturing_inputs;trade_lanes,Brazil crop input supply;EU-bound steel imports;agricultural logistics;aluminum and cement trade flows;fertilizer imports;food production input costs;industrial emissions reporting systems;nitrogen and potash fertilizer flows,agribusiness firms;aluminum producers;cement exporters;fertilizer producers;food producers;grain traders;industrial manufacturers;logistics providers;steel producers,energy,Stock,related_exposure,Business has meaningful but diversified or indirect economic linkage to the energy node: Integrated energy producer with upstream and downstream exposure,5;8,8,potentially_broad,"Node label represents a broad function, sector, or channel in the current mapping vocabulary.",weak_cooccurrence,Supporting cases share a broad node but have low event-type and affected-asset-type overlap.,broad,Mapping is economically related but indirect/diversified according to asset_mapping metadata.,likely_noise,Weak cross-case mechanism support combined with broad node or broad/questionable mapping.,broad_node;weak_supporting_case_consistency;broad_asset_mapping
v3_20250225_copper_import_investigation,U.S. launches Section 232 investigation into copper import dependence,critical_minerals_export_controls,energy,XLE,Energy Select Sector SPDR Fund,sector_proxy,3,case_rare_earth_export_restriction_risk;case_2023_eu_carbon_border_adjustment_mechanism;case_uranium_nuclear_fuel_supply_disruption,critical minerals export restriction;green trade compliance and carbon border adjustment risk;nuclear fuel supply-chain risk,critical_minerals;customs;defense;energy;fertilizer;manufacturing_inputs;nuclear_fuel;rare_earths;trade_lanes;uranium,EU-bound steel imports;EV motor components;aluminum and cement trade flows;conversion services;defense sensor components;enrichment services;fertilizer imports;fuel-cycle logistics;industrial emissions reporting systems;nuclear utility fuel inventories;permanent magnet supply chains;rare earth oxide supply;uranium concentrate supply;wind turbine components,EV supply chains;aluminum producers;cement exporters;defense electronics suppliers;electric utilities;energy infrastructure;fertilizer producers;industrial fuel-cycle suppliers;industrial manufacturers;magnet producers;nuclear fuel processors;rare earth miners;steel producers;uranium miners;wind turbine manufacturers,energy,ETF,broad_proxy,"Ticker is an ETF, fund, or basket used as broad proxy exposure for the energy node: Broad ETF exposure to US energy companies",3;7;9,9,potentially_broad,"Node label represents a broad function, sector, or channel in the current mapping vocabulary.",weak_cooccurrence,Supporting cases share a broad node but have low event-type and affected-asset-type overlap.,broad,Mapped ticker is a broad_proxy instrument or ETF/basket exposure.,likely_noise,Weak cross-case mechanism support combined with broad node or broad/questionable mapping.,broad_node;weak_supporting_case_consistency;broad_asset_mapping
v3_20250225_copper_import_investigation,U.S. launches Section 232 investigation into copper import dependence,critical_minerals_export_controls,energy,XOM,Exxon Mobil Corporation,sector_proxy,3,case_rare_earth_export_restriction_risk;case_2023_eu_carbon_border_adjustment_mechanism;case_uranium_nuclear_fuel_supply_disruption,critical minerals export restriction;green trade compliance and carbon border adjustment risk;nuclear fuel supply-chain risk,critical_minerals;customs;defense;energy;fertilizer;manufacturing_inputs;nuclear_fuel;rare_earths;trade_lanes;uranium,EU-bound steel imports;EV motor components;aluminum and cement trade flows;conversion services;defense sensor components;enrichment services;fertilizer imports;fuel-cycle logistics;industrial emissions reporting systems;nuclear utility fuel inventories;permanent magnet supply chains;rare earth oxide supply;uranium concentrate supply;wind turbine components,EV supply chains;aluminum producers;cement exporters;defense electronics suppliers;electric utilities;energy infrastructure;fertilizer producers;industrial fuel-cycle suppliers;industrial manufacturers;magnet producers;nuclear fuel processors;rare earth miners;steel producers;uranium miners;wind turbine manufacturers,energy,Stock,related_exposure,Business has meaningful but diversified or indirect economic linkage to the energy node: Integrated energy producer with upstream and downstream exposure,3;7;9,9,potentially_broad,"Node label represents a broad function, sector, or channel in the current mapping vocabulary.",weak_cooccurrence,Supporting cases share a broad node but have low event-type and affected-asset-type overlap.,broad,Mapping is economically related but indirect/diversified according to asset_mapping metadata.,likely_noise,Weak cross-case mechanism support combined with broad node or broad/questionable mapping.,broad_node;weak_supporting_case_consistency;broad_asset_mapping
eval_red_sea_shipping_disruption,eval_red_sea_shipping_disruption,maritime_security_disruption,financial_sanctions,EUFN,iShares MSCI Europe Financials ETF,sector_proxy,2,case_2023_arctic_lng_russian_energy_shipping_sanctions;case_2022_turkey_strait_tanker_insurance_backlog,energy shipping sanctions and Arctic LNG disruption risk;maritime insurance verification and tanker-route disruption,customs;energy;financial_sanctions;freight_routes;lng_shipping;logistics;marine_insurance;maritime_chokepoint;oil_shipping;payment_networks,Asian LNG procurement;Black Sea oil cargoes;Russian Arctic LNG cargoes;Turkish straits tanker transits;energy trade compliance workflows;energy trade finance;ice-class LNG carrier availability;marine insurance coverage;marine insurance documentation,LNG carriers;banks;energy producers;energy traders;gas utilities;logistics providers;marine insurers;shipbuilders;tanker operators;trade compliance providers,financial_sanctions,ETF,broad_proxy,"Ticker is an ETF, fund, or basket used as broad proxy exposure for the financial_sanctions node: European financial sector ETF for cross-border banking exposure context",4;10,10,potentially_broad,"Node label represents a broad function, sector, or channel in the current mapping vocabulary.",weak_cooccurrence,Supporting cases share a broad node but have low event-type and affected-asset-type overlap.,broad,Mapped ticker is a broad_proxy instrument or ETF/basket exposure.,likely_noise,Weak cross-case mechanism support combined with broad node or broad/questionable mapping.,broad_node;weak_supporting_case_consistency;broad_asset_mapping
eval_red_sea_shipping_disruption,eval_red_sea_shipping_disruption,maritime_security_disruption,financial_sanctions,XLF,Financial Select Sector SPDR Fund,sector_proxy,2,case_2023_arctic_lng_russian_energy_shipping_sanctions;case_2022_turkey_strait_tanker_insurance_backlog,energy shipping sanctions and Arctic LNG disruption risk;maritime insurance verification and tanker-route disruption,customs;energy;financial_sanctions;freight_routes;lng_shipping;logistics;marine_insurance;maritime_chokepoint;oil_shipping;payment_networks,Asian LNG procurement;Black Sea oil cargoes;Russian Arctic LNG cargoes;Turkish straits tanker transits;energy trade compliance workflows;energy trade finance;ice-class LNG carrier availability;marine insurance coverage;marine insurance documentation,LNG carriers;banks;energy producers;energy traders;gas utilities;logistics providers;marine insurers;shipbuilders;tanker operators;trade compliance providers,financial_sanctions,ETF,broad_proxy,"Ticker is an ETF, fund, or basket used as broad proxy exposure for the financial_sanctions node: Broad US financial sector ETF for sanctions and banking exposure context",4;10,10,potentially_broad,"Node label represents a broad function, sector, or channel in the current mapping vocabulary.",weak_cooccurrence,Supporting cases share a broad node but have low event-type and affected-asset-type overlap.,broad,Mapped ticker is a broad_proxy instrument or ETF/basket exposure.,likely_noise,Weak cross-case mechanism support combined with broad node or broad/questionable mapping.,broad_node;weak_supporting_case_consistency;broad_asset_mapping
hard_hormuz_ambiguous_energy_shipping,hard_hormuz_ambiguous_energy_shipping,war_and_sanctions_energy_disruption,financial_sanctions,EUFN,iShares MSCI Europe Financials ETF,sector_proxy,2,case_2023_arctic_lng_russian_energy_shipping_sanctions;case_2022_turkey_strait_tanker_insurance_backlog,energy shipping sanctions and Arctic LNG disruption risk;maritime insurance verification and tanker-route disruption,customs;energy;financial_sanctions;freight_routes;lng_shipping;logistics;marine_insurance;maritime_chokepoint;oil_shipping;payment_networks,Asian LNG procurement;Black Sea oil cargoes;Russian Arctic LNG cargoes;Turkish straits tanker transits;energy trade compliance workflows;energy trade finance;ice-class LNG carrier availability;marine insurance coverage;marine insurance documentation,LNG carriers;banks;energy producers;energy traders;gas utilities;logistics providers;marine insurers;shipbuilders;tanker operators;trade compliance providers,financial_sanctions,ETF,broad_proxy,"Ticker is an ETF, fund, or basket used as broad proxy exposure for the financial_sanctions node: European financial sector ETF for cross-border banking exposure context",4;10,10,potentially_broad,"Node label represents a broad function, sector, or channel in the current mapping vocabulary.",weak_cooccurrence,Supporting cases share a broad node but have low event-type and affected-asset-type overlap.,broad,Mapped ticker is a broad_proxy instrument or ETF/basket exposure.,likely_noise,Weak cross-case mechanism support combined with broad node or broad/questionable mapping.,broad_node;weak_supporting_case_consistency;broad_asset_mapping
hard_hormuz_ambiguous_energy_shipping,hard_hormuz_ambiguous_energy_shipping,war_and_sanctions_energy_disruption,financial_sanctions,XLF,Financial Select Sector SPDR Fund,sector_proxy,2,case_2023_arctic_lng_russian_energy_shipping_sanctions;case_2022_turkey_strait_tanker_insurance_backlog,energy shipping sanctions and Arctic LNG disruption risk;maritime insurance verification and tanker-route disruption,customs;energy;financial_sanctions;freight_routes;lng_shipping;logistics;marine_insurance;maritime_chokepoint;oil_shipping;payment_networks,Asian LNG procurement;Black Sea oil cargoes;Russian Arctic LNG cargoes;Turkish straits tanker transits;energy trade compliance workflows;energy trade finance;ice-class LNG carrier availability;marine insurance coverage;marine insurance documentation,LNG carriers;banks;energy producers;energy traders;gas utilities;logistics providers;marine insurers;shipbuilders;tanker operators;trade compliance providers,financial_sanctions,ETF,broad_proxy,"Ticker is an ETF, fund, or basket used as broad proxy exposure for the financial_sanctions node: Broad US financial sector ETF for sanctions and banking exposure context",4;10,10,potentially_broad,"Node label represents a broad function, sector, or channel in the current mapping vocabulary.",weak_cooccurrence,Supporting cases share a broad node but have low event-type and affected-asset-type overlap.,broad,Mapped ticker is a broad_proxy instrument or ETF/basket exposure.,likely_noise,Weak cross-case mechanism support combined with broad node or broad/questionable mapping.,broad_node;weak_supporting_case_consistency;broad_asset_mapping
v3_20240821_sounion_tanker_attack,MV Sounion oil tanker attacked in the Red Sea,maritime_security_disruption,financial_sanctions,EUFN,iShares MSCI Europe Financials ETF,sector_proxy,2,case_2023_arctic_lng_russian_energy_shipping_sanctions;case_2022_turkey_strait_tanker_insurance_backlog,energy shipping sanctions and Arctic LNG disruption risk;maritime insurance verification and tanker-route disruption,customs;energy;financial_sanctions;freight_routes;lng_shipping;logistics;marine_insurance;maritime_chokepoint;oil_shipping;payment_networks,Asian LNG procurement;Black Sea oil cargoes;Russian Arctic LNG cargoes;Turkish straits tanker transits;energy trade compliance workflows;energy trade finance;ice-class LNG carrier availability;marine insurance coverage;marine insurance documentation,LNG carriers;banks;energy producers;energy traders;gas utilities;logistics providers;marine insurers;shipbuilders;tanker operators;trade compliance providers,financial_sanctions,ETF,broad_proxy,"Ticker is an ETF, fund, or basket used as broad proxy exposure for the financial_sanctions node: European financial sector ETF for cross-border banking exposure context",7;9,9,potentially_broad,"Node label represents a broad function, sector, or channel in the current mapping vocabulary.",weak_cooccurrence,Supporting cases share a broad node but have low event-type and affected-asset-type overlap.,broad,Mapped ticker is a broad_proxy instrument or ETF/basket exposure.,likely_noise,Weak cross-case mechanism support combined with broad node or broad/questionable mapping.,broad_node;weak_supporting_case_consistency;broad_asset_mapping
v3_20240821_sounion_tanker_attack,MV Sounion oil tanker attacked in the Red Sea,maritime_security_disruption,financial_sanctions,XLF,Financial Select Sector SPDR Fund,sector_proxy,2,case_2023_arctic_lng_russian_energy_shipping_sanctions;case_2022_turkey_strait_tanker_insurance_backlog,energy shipping sanctions and Arctic LNG disruption risk;maritime insurance verification and tanker-route disruption,customs;energy;financial_sanctions;freight_routes;lng_shipping;logistics;marine_insurance;maritime_chokepoint;oil_shipping;payment_networks,Asian LNG procurement;Black Sea oil cargoes;Russian Arctic LNG cargoes;Turkish straits tanker transits;energy trade compliance workflows;energy trade finance;ice-class LNG carrier availability;marine insurance coverage;marine insurance documentation,LNG carriers;banks;energy producers;energy traders;gas utilities;logistics providers;marine insurers;shipbuilders;tanker operators;trade compliance providers,financial_sanctions,ETF,broad_proxy,"Ticker is an ETF, fund, or basket used as broad proxy exposure for the financial_sanctions node: Broad US financial sector ETF for sanctions and banking exposure context",7;9,9,potentially_broad,"Node label represents a broad function, sector, or channel in the current mapping vocabulary.",weak_cooccurrence,Supporting cases share a broad node but have low event-type and affected-asset-type overlap.,broad,Mapped ticker is a broad_proxy instrument or ETF/basket exposure.,likely_noise,Weak cross-case mechanism support combined with broad node or broad/questionable mapping.,broad_node;weak_supporting_case_consistency;broad_asset_mapping
eval_middle_east_oil_infrastructure_attack,eval_middle_east_oil_infrastructure_attack,energy_infrastructure_disruption,logistics,JBHT,J B Hunt Transport Services Inc,sector_proxy,2,case_2011_libya_civil_war_oil_disruption;case_1987_1988_tanker_war_reflagging,civil conflict and oil infrastructure supply disruption;maritime chokepoint security and oil shipping disruption,aviation;defense;energy;freight_routes;logistics;marine_insurance;maritime_chokepoint;oil_shipping;petrochemicals;refining;trade_lanes,Libyan crude exports;Mediterranean refinery feedstocks;Persian Gulf tanker routes;crude oil cargo schedules;energy shipping logistics;jet fuel exposure;marine war-risk insurance;petrochemical inputs,airlines;defense contractors;energy producers;logistics providers;marine insurers;petrochemical producers;refiners;shipping companies;tanker operators,logistics,Stock,direct_exposure,Core operations or products are directly tied to the logistics node: Intermodal and trucking logistics provider exposed to freight demand,8;9,9,potentially_broad,"Node label represents a broad function, sector, or channel in the current mapping vocabulary.",weak_cooccurrence,The shared support is mainly a common broad node across otherwise different cases.,specific,"Mapped ticker is direct_exposure, though the node itself may be broad.",likely_noise,Weak cross-case mechanism support combined with broad node or broad/questionable mapping.,broad_node;weak_supporting_case_consistency
eval_middle_east_oil_infrastructure_attack,eval_middle_east_oil_infrastructure_attack,energy_infrastructure_disruption,logistics,KNIN.SW,Kuehne + Nagel International AG,sector_proxy,2,case_2011_libya_civil_war_oil_disruption;case_1987_1988_tanker_war_reflagging,civil conflict and oil infrastructure supply disruption;maritime chokepoint security and oil shipping disruption,aviation;defense;energy;freight_routes;logistics;marine_insurance;maritime_chokepoint;oil_shipping;petrochemicals;refining;trade_lanes,Libyan crude exports;Mediterranean refinery feedstocks;Persian Gulf tanker routes;crude oil cargo schedules;energy shipping logistics;jet fuel exposure;marine war-risk insurance;petrochemical inputs,airlines;defense contractors;energy producers;logistics providers;marine insurers;petrochemical producers;refiners;shipping companies;tanker operators,logistics,Stock,direct_exposure,Core operations or products are directly tied to the logistics node: Global freight forwarding and logistics company,8;9,9,potentially_broad,"Node label represents a broad function, sector, or channel in the current mapping vocabulary.",weak_cooccurrence,The shared support is mainly a common broad node across otherwise different cases.,specific,"Mapped ticker is direct_exposure, though the node itself may be broad.",likely_noise,Weak cross-case mechanism support combined with broad node or broad/questionable mapping.,broad_node;weak_supporting_case_consistency
eval_uranium_nuclear_fuel_disruption,eval_uranium_nuclear_fuel_disruption,uranium_supply_chain_risk,logistics,JBHT,J B Hunt Transport Services Inc,sector_proxy,2,case_2023_niger_coup_uranium_supply_risk;case_2023_red_sea_attacks,coup and uranium supply-chain risk;maritime security disruption,container_shipping;customs;energy;freight_routes;lng_shipping;logistics;marine_insurance;maritime_chokepoint;nuclear_fuel;oil_shipping;trade_lanes;uranium,Asian exporters;European importers;European nuclear fuel procurement;Niger uranium exports;container carriers;marine insurance underwriters;tanker operators;uranium conversion and enrichment planning;utility fuel inventories,energy infrastructure;energy transport;freight rates;import-dependent retailers;logistics providers;marine insurers;nuclear fuel suppliers;shipping equities;uranium miners;utilities,logistics,Stock,direct_exposure,Core operations or products are directly tied to the logistics node: Intermodal and trucking logistics provider exposed to freight demand,2;8,8,potentially_broad,"Node label represents a broad function, sector, or channel in the current mapping vocabulary.",weak_cooccurrence,Supporting cases share a broad node but have low event-type and affected-asset-type overlap.,specific,"Mapped ticker is direct_exposure, though the node itself may be broad.",likely_noise,Weak cross-case mechanism support combined with broad node or broad/questionable mapping.,broad_node;weak_supporting_case_consistency
eval_uranium_nuclear_fuel_disruption,eval_uranium_nuclear_fuel_disruption,uranium_supply_chain_risk,logistics,KNIN.SW,Kuehne + Nagel International AG,sector_proxy,2,case_2023_niger_coup_uranium_supply_risk;case_2023_red_sea_attacks,coup and uranium supply-chain risk;maritime security disruption,container_shipping;customs;energy;freight_routes;lng_shipping;logistics;marine_insurance;maritime_chokepoint;nuclear_fuel;oil_shipping;trade_lanes;uranium,Asian exporters;European importers;European nuclear fuel procurement;Niger uranium exports;container carriers;marine insurance underwriters;tanker operators;uranium conversion and enrichment planning;utility fuel inventories,energy infrastructure;energy transport;freight rates;import-dependent retailers;logistics providers;marine insurers;nuclear fuel suppliers;shipping equities;uranium miners;utilities,logistics,Stock,direct_exposure,Core operations or products are directly tied to the logistics node: Global freight forwarding and logistics company,2;8,8,potentially_broad,"Node label represents a broad function, sector, or channel in the current mapping vocabulary.",weak_cooccurrence,Supporting cases share a broad node but have low event-type and affected-asset-type overlap.,specific,"Mapped ticker is direct_exposure, though the node itself may be broad.",likely_noise,Weak cross-case mechanism support combined with broad node or broad/questionable mapping.,broad_node;weak_supporting_case_consistency
hard_semiconductor_controls_paraphrased,hard_semiconductor_controls_paraphrased,technology_export_controls,logistics,JBHT,J B Hunt Transport Services Inc,sector_proxy,2,case_2021_xinjiang_forced_labor_import_restrictions;case_2024_ev_tariff_escalation_china,forced-labor import restriction and customs compliance risk;tariff escalation and clean technology trade restriction,battery_materials;critical_minerals;customs;logistics;manufacturing_inputs;trade_lanes,EV import flows;battery component supply chains;clean technology manufacturing inputs;customs compliance workflows;electronics imports;polysilicon-linked inputs;solar equipment imports;solar module supply chains,EV manufacturers;battery suppliers;customs brokers;electronics importers;logistics providers;manufacturers;retailers;solar equipment manufacturers;solar equipment producers,logistics,Stock,direct_exposure,Core operations or products are directly tied to the logistics node: Intermodal and trucking logistics provider exposed to freight demand,6;10,10,potentially_broad,"Node label represents a broad function, sector, or channel in the current mapping vocabulary.",weak_cooccurrence,Supporting cases share a broad node but have low event-type and affected-asset-type overlap.,specific,"Mapped ticker is direct_exposure, though the node itself may be broad.",likely_noise,Weak cross-case mechanism support combined with broad node or broad/questionable mapping.,broad_node;weak_supporting_case_consistency
hard_semiconductor_controls_paraphrased,hard_semiconductor_controls_paraphrased,technology_export_controls,logistics,KNIN.SW,Kuehne + Nagel International AG,sector_proxy,2,case_2021_xinjiang_forced_labor_import_restrictions;case_2024_ev_tariff_escalation_china,forced-labor import restriction and customs compliance risk;tariff escalation and clean technology trade restriction,battery_materials;critical_minerals;customs;logistics;manufacturing_inputs;trade_lanes,EV import flows;battery component supply chains;clean technology manufacturing inputs;customs compliance workflows;electronics imports;polysilicon-linked inputs;solar equipment imports;solar module supply chains,EV manufacturers;battery suppliers;customs brokers;electronics importers;logistics providers;manufacturers;retailers;solar equipment manufacturers;solar equipment producers,logistics,Stock,direct_exposure,Core operations or products are directly tied to the logistics node: Global freight forwarding and logistics company,6;10,10,potentially_broad,"Node label represents a broad function, sector, or channel in the current mapping vocabulary.",weak_cooccurrence,Supporting cases share a broad node but have low event-type and affected-asset-type overlap.,specific,"Mapped ticker is direct_exposure, though the node itself may be broad.",likely_noise,Weak cross-case mechanism support combined with broad node or broad/questionable mapping.,broad_node;weak_supporting_case_consistency
v3_20250404_china_rare_earth_export_controls,China imposes rare-earth export controls after U.S. tariff escalation,critical_minerals_export_controls,logistics,JBHT,J B Hunt Transport Services Inc,sector_proxy,3,case_2024_ev_tariff_escalation_china;case_2021_xinjiang_forced_labor_import_restrictions;case_2022_peru_mine_protests_copper_supply,tariff escalation and clean technology trade restriction;forced-labor import restriction and customs compliance risk;mining unrest and critical mineral shipment disruption,battery_materials;critical_minerals;customs;logistics;manufacturing_inputs;trade_lanes,EV import flows;Peru copper concentrate exports;battery and grid input supply;battery component supply chains;clean technology manufacturing inputs;customs compliance workflows;electronics imports;industrial metal procurement;mineral logistics corridors;polysilicon-linked inputs;solar equipment imports;solar module supply chains,EV manufacturers;battery suppliers;battery supply chains;commodity traders;customs brokers;electronics importers;industrial manufacturers;logistics providers;manufacturers;mining companies;retailers;solar equipment manufacturers;solar equipment producers,logistics,Stock,direct_exposure,Core operations or products are directly tied to the logistics node: Intermodal and trucking logistics provider exposed to freight demand,4;6;9,9,potentially_broad,"Node label represents a broad function, sector, or channel in the current mapping vocabulary.",weak_cooccurrence,Supporting cases share a broad node but have low event-type and affected-asset-type overlap.,specific,"Mapped ticker is direct_exposure, though the node itself may be broad.",likely_noise,Weak cross-case mechanism support combined with broad node or broad/questionable mapping.,broad_node;weak_supporting_case_consistency
v3_20250404_china_rare_earth_export_controls,China imposes rare-earth export controls after U.S. tariff escalation,critical_minerals_export_controls,logistics,KNIN.SW,Kuehne + Nagel International AG,sector_proxy,3,case_2024_ev_tariff_escalation_china;case_2021_xinjiang_forced_labor_import_restrictions;case_2022_peru_mine_protests_copper_supply,tariff escalation and clean technology trade restriction;forced-labor import restriction and customs compliance risk;mining unrest and critical mineral shipment disruption,battery_materials;critical_minerals;customs;logistics;manufacturing_inputs;trade_lanes,EV import flows;Peru copper concentrate exports;battery and grid input supply;battery component supply chains;clean technology manufacturing inputs;customs compliance workflows;electronics imports;industrial metal procurement;mineral logistics corridors;polysilicon-linked inputs;solar equipment imports;solar module supply chains,EV manufacturers;battery suppliers;battery supply chains;commodity traders;customs brokers;electronics importers;industrial manufacturers;logistics providers;manufacturers;mining companies;retailers;solar equipment manufacturers;solar equipment producers,logistics,Stock,direct_exposure,Core operations or products are directly tied to the logistics node: Global freight forwarding and logistics company,4;6;9,9,potentially_broad,"Node label represents a broad function, sector, or channel in the current mapping vocabulary.",weak_cooccurrence,Supporting cases share a broad node but have low event-type and affected-asset-type overlap.,specific,"Mapped ticker is direct_exposure, though the node itself may be broad.",likely_noise,Weak cross-case mechanism support combined with broad node or broad/questionable mapping.,broad_node;weak_supporting_case_consistency
eval_defense_supply_chain_escalation,eval_defense_supply_chain_escalation,defense_spending_shock,maritime_chokepoint,BOAT,SonicShares Global Shipping ETF,sector_proxy,2,case_black_sea_grain_export_disruption;case_israel_iran_escalation_energy_risk,war-related agricultural export disruption;regional military escalation and energy chokepoint risk,agriculture;defense;energy;fertilizer;freight_routes;grain_exports;lng_shipping;logistics;marine_insurance;maritime_chokepoint;oil_shipping;refining,Black Sea wheat exports;LNG cargo flows;Persian Gulf crude exports;corn export flows;food manufacturing inputs;grain shipping corridors;marine insurance premiums;regional defense demand;tanker routes,LNG;agricultural commodities;crude oil;defense contractors;fertilizer producers;food producers;grain traders;marine insurers;refiners;shipping companies;tanker operators,maritime_chokepoint,ETF,broad_proxy,"Ticker is an ETF, fund, or basket used as broad proxy exposure for the maritime_chokepoint node: Basket exposure to global shipping companies sensitive to maritime route disruptions",7;9,9,potentially_broad,"Node label represents a broad function, sector, or channel in the current mapping vocabulary.",weak_cooccurrence,Supporting cases share a broad node but have low event-type and affected-asset-type overlap.,broad,Mapped ticker is a broad_proxy instrument or ETF/basket exposure.,likely_noise,Weak cross-case mechanism support combined with broad node or broad/questionable mapping.,broad_node;weak_supporting_case_consistency;broad_asset_mapping
eval_defense_supply_chain_escalation,eval_defense_supply_chain_escalation,defense_spending_shock,maritime_chokepoint,MATX,Matson Inc,sector_proxy,2,case_black_sea_grain_export_disruption;case_israel_iran_escalation_energy_risk,war-related agricultural export disruption;regional military escalation and energy chokepoint risk,agriculture;defense;energy;fertilizer;freight_routes;grain_exports;lng_shipping;logistics;marine_insurance;maritime_chokepoint;oil_shipping;refining,Black Sea wheat exports;LNG cargo flows;Persian Gulf crude exports;corn export flows;food manufacturing inputs;grain shipping corridors;marine insurance premiums;regional defense demand;tanker routes,LNG;agricultural commodities;crude oil;defense contractors;fertilizer producers;food producers;grain traders;marine insurers;refiners;shipping companies;tanker operators,maritime_chokepoint,Stock,related_exposure,"Ocean transportation and logistics operations are materially route-dependent, but maritime chokepoints are route constraints rather than Matson's core node-specific business activity.",7;9,9,potentially_broad,"Node label represents a broad function, sector, or channel in the current mapping vocabulary.",weak_cooccurrence,Supporting cases share a broad node but have low event-type and affected-asset-type overlap.,broad,Mapping is economically related but indirect/diversified according to asset_mapping metadata.,likely_noise,Weak cross-case mechanism support combined with broad node or broad/questionable mapping.,broad_node;weak_supporting_case_consistency;broad_asset_mapping
eval_uranium_nuclear_fuel_disruption,eval_uranium_nuclear_fuel_disruption,uranium_supply_chain_risk,maritime_chokepoint,BOAT,SonicShares Global Shipping ETF,historical_supported,4,case_2023_arctic_lng_russian_energy_shipping_sanctions;case_israel_iran_escalation_energy_risk;case_2023_red_sea_attacks;case_hormuz_tanker_tensions,energy shipping sanctions and Arctic LNG disruption risk;regional military escalation and energy chokepoint risk;maritime security disruption;energy chokepoint security risk,container_shipping;defense;energy;financial_sanctions;freight_routes;lng_shipping;logistics;marine_insurance;maritime_chokepoint;oil_shipping;payment_networks;refining,Asian LNG procurement;Asian exporters;European importers;LNG cargo flows;LNG cargoes from Qatar;Persian Gulf crude exports;Russian Arctic LNG cargoes;container carriers;energy trade finance;ice-class LNG carrier availability;marine insurance coverage;marine insurance premiums;marine insurance underwriters;oil importers;refining margins;regional defense demand;tanker fleets;tanker operators;tanker routes,LNG;LNG carriers;banks;crude oil;defense contractors;energy producers;energy transport;freight rates;gas utilities;import-dependent retailers;marine insurers;refiners;shipbuilders;shipping equities;tanker operators,maritime_chokepoint,ETF,broad_proxy,"Ticker is an ETF, fund, or basket used as broad proxy exposure for the maritime_chokepoint node: Basket exposure to global shipping companies sensitive to maritime route disruptions",4;6;8;10,10,potentially_broad,"Node label represents a broad function, sector, or channel in the current mapping vocabulary.",weak_cooccurrence,The shared support is mainly a common broad node across otherwise different cases.,broad,Mapped ticker is a broad_proxy instrument or ETF/basket exposure.,likely_noise,Weak cross-case mechanism support combined with broad node or broad/questionable mapping.,broad_node;weak_supporting_case_consistency;broad_asset_mapping
eval_uranium_nuclear_fuel_disruption,eval_uranium_nuclear_fuel_disruption,uranium_supply_chain_risk,maritime_chokepoint,MATX,Matson Inc,historical_supported,4,case_2023_arctic_lng_russian_energy_shipping_sanctions;case_israel_iran_escalation_energy_risk;case_2023_red_sea_attacks;case_hormuz_tanker_tensions,energy shipping sanctions and Arctic LNG disruption risk;regional military escalation and energy chokepoint risk;maritime security disruption;energy chokepoint security risk,container_shipping;defense;energy;financial_sanctions;freight_routes;lng_shipping;logistics;marine_insurance;maritime_chokepoint;oil_shipping;payment_networks;refining,Asian LNG procurement;Asian exporters;European importers;LNG cargo flows;LNG cargoes from Qatar;Persian Gulf crude exports;Russian Arctic LNG cargoes;container carriers;energy trade finance;ice-class LNG carrier availability;marine insurance coverage;marine insurance premiums;marine insurance underwriters;oil importers;refining margins;regional defense demand;tanker fleets;tanker operators;tanker routes,LNG;LNG carriers;banks;crude oil;defense contractors;energy producers;energy transport;freight rates;gas utilities;import-dependent retailers;marine insurers;refiners;shipbuilders;shipping equities;tanker operators,maritime_chokepoint,Stock,related_exposure,"Ocean transportation and logistics operations are materially route-dependent, but maritime chokepoints are route constraints rather than Matson's core node-specific business activity.",4;6;8;10,10,potentially_broad,"Node label represents a broad function, sector, or channel in the current mapping vocabulary.",weak_cooccurrence,The shared support is mainly a common broad node across otherwise different cases.,broad,Mapping is economically related but indirect/diversified according to asset_mapping metadata.,likely_noise,Weak cross-case mechanism support combined with broad node or broad/questionable mapping.,broad_node;weak_supporting_case_consistency;broad_asset_mapping
v3_20250224_eu_16th_russia_sanctions,EU adopts 16th Russia sanctions package targeting shadow fleet and military suppliers,war_and_sanctions_energy_disruption,maritime_chokepoint,BOAT,SonicShares Global Shipping ETF,sector_proxy,2,case_2023_arctic_lng_russian_energy_shipping_sanctions;case_2022_turkey_strait_tanker_insurance_backlog,energy shipping sanctions and Arctic LNG disruption risk;maritime insurance verification and tanker-route disruption,customs;energy;financial_sanctions;freight_routes;lng_shipping;logistics;marine_insurance;maritime_chokepoint;oil_shipping;payment_networks,Asian LNG procurement;Black Sea oil cargoes;Russian Arctic LNG cargoes;Turkish straits tanker transits;energy trade compliance workflows;energy trade finance;ice-class LNG carrier availability;marine insurance coverage;marine insurance documentation,LNG carriers;banks;energy producers;energy traders;gas utilities;logistics providers;marine insurers;shipbuilders;tanker operators;trade compliance providers,maritime_chokepoint,ETF,broad_proxy,"Ticker is an ETF, fund, or basket used as broad proxy exposure for the maritime_chokepoint node: Basket exposure to global shipping companies sensitive to maritime route disruptions",1;10,10,potentially_broad,"Node label represents a broad function, sector, or channel in the current mapping vocabulary.",weak_cooccurrence,Supporting cases share a broad node but have low event-type and affected-asset-type overlap.,broad,Mapped ticker is a broad_proxy instrument or ETF/basket exposure.,likely_noise,Weak cross-case mechanism support combined with broad node or broad/questionable mapping.,broad_node;weak_supporting_case_consistency;broad_asset_mapping
v3_20250224_eu_16th_russia_sanctions,EU adopts 16th Russia sanctions package targeting shadow fleet and military suppliers,war_and_sanctions_energy_disruption,maritime_chokepoint,MATX,Matson Inc,sector_proxy,2,case_2023_arctic_lng_russian_energy_shipping_sanctions;case_2022_turkey_strait_tanker_insurance_backlog,energy shipping sanctions and Arctic LNG disruption risk;maritime insurance verification and tanker-route disruption,customs;energy;financial_sanctions;freight_routes;lng_shipping;logistics;marine_insurance;maritime_chokepoint;oil_shipping;payment_networks,Asian LNG procurement;Black Sea oil cargoes;Russian Arctic LNG cargoes;Turkish straits tanker transits;energy trade compliance workflows;energy trade finance;ice-class LNG carrier availability;marine insurance coverage;marine insurance documentation,LNG carriers;banks;energy producers;energy traders;gas utilities;logistics providers;marine insurers;shipbuilders;tanker operators;trade compliance providers,maritime_chokepoint,Stock,related_exposure,"Ocean transportation and logistics operations are materially route-dependent, but maritime chokepoints are route constraints rather than Matson's core node-specific business activity.",1;10,10,potentially_broad,"Node label represents a broad function, sector, or channel in the current mapping vocabulary.",weak_cooccurrence,Supporting cases share a broad node but have low event-type and affected-asset-type overlap.,broad,Mapping is economically related but indirect/diversified according to asset_mapping metadata.,likely_noise,Weak cross-case mechanism support combined with broad node or broad/questionable mapping.,broad_node;weak_supporting_case_consistency;broad_asset_mapping
eval_cyber_port_pipeline_disruption,eval_cyber_port_pipeline_disruption,cyber_infrastructure_disruption,trade_lanes,DHL.DE,DHL Group,sector_proxy,2,case_2023_dp_world_australia_cyber_port_disruption;case_2009_russia_ukraine_gas_transit_dispute,cyberattack on port logistics infrastructure;pipeline gas transit disruption and energy security shock,container_shipping;cyber_infrastructure;energy;freight_routes;lng_shipping;logistics;manufacturing_inputs;petrochemicals;pipeline_infrastructure;ports;trade_lanes,Asia-Pacific freight routes;Australian container terminals;European gas storage;LNG procurement options;Ukraine gas transit routes;energy-intensive manufacturing;port operating systems;retail import logistics,LNG suppliers;chemical producers;container shipping companies;cybersecurity providers;freight forwarders;gas utilities;industrial manufacturers;pipeline operators;port operators;retailers,trade_lanes,Stock,related_exposure,"Global logistics operations participate in trade lanes, but trade_lanes is a broad cross-border flow condition rather than a specific core node business.",4;9,9,potentially_broad,"Node label represents a broad function, sector, or channel in the current mapping vocabulary.",weak_cooccurrence,Supporting cases share a broad node but have low event-type and affected-asset-type overlap.,broad,Mapping is economically related but indirect/diversified according to asset_mapping metadata.,likely_noise,Weak cross-case mechanism support combined with broad node or broad/questionable mapping.,broad_node;weak_supporting_case_consistency;broad_asset_mapping
eval_cyber_port_pipeline_disruption,eval_cyber_port_pipeline_disruption,cyber_infrastructure_disruption,trade_lanes,EXPD,Expeditors International of Washington Inc,sector_proxy,2,case_2023_dp_world_australia_cyber_port_disruption;case_2009_russia_ukraine_gas_transit_dispute,cyberattack on port logistics infrastructure;pipeline gas transit disruption and energy security shock,container_shipping;cyber_infrastructure;energy;freight_routes;lng_shipping;logistics;manufacturing_inputs;petrochemicals;pipeline_infrastructure;ports;trade_lanes,Asia-Pacific freight routes;Australian container terminals;European gas storage;LNG procurement options;Ukraine gas transit routes;energy-intensive manufacturing;port operating systems;retail import logistics,LNG suppliers;chemical producers;container shipping companies;cybersecurity providers;freight forwarders;gas utilities;industrial manufacturers;pipeline operators;port operators;retailers,trade_lanes,Stock,related_exposure,"Freight forwarding participates in global trade-lane activity, but trade_lanes is a broad route and flow condition across diversified logistics services.",4;9,9,potentially_broad,"Node label represents a broad function, sector, or channel in the current mapping vocabulary.",weak_cooccurrence,Supporting cases share a broad node but have low event-type and affected-asset-type overlap.,broad,Mapping is economically related but indirect/diversified according to asset_mapping metadata.,likely_noise,Weak cross-case mechanism support combined with broad node or broad/questionable mapping.,broad_node;weak_supporting_case_consistency;broad_asset_mapping
eval_dutch_asml_export_controls,eval_dutch_asml_export_controls,technology_export_controls,trade_lanes,DHL.DE,DHL Group,sector_proxy,2,case_2010_china_japan_rare_earth_embargo;case_2021_xinjiang_forced_labor_import_restrictions,rare earth export restriction and electronics input disruption;forced-labor import restriction and customs compliance risk,critical_minerals;customs;defense;logistics;manufacturing_inputs;rare_earths;trade_lanes,customs compliance workflows;defense and automotive supply chains;electronics components;electronics imports;magnet materials;polysilicon-linked inputs;rare earth oxide supply;solar module supply chains,automakers;clean technology manufacturers;customs brokers;defense contractors;electronics importers;electronics manufacturers;logistics providers;rare earth producers;retailers;solar equipment manufacturers,trade_lanes,Stock,related_exposure,"Global logistics operations participate in trade lanes, but trade_lanes is a broad cross-border flow condition rather than a specific core node business.",8;9,9,potentially_broad,"Node label represents a broad function, sector, or channel in the current mapping vocabulary.",weak_cooccurrence,Supporting cases share a broad node but have low event-type and affected-asset-type overlap.,broad,Mapping is economically related but indirect/diversified according to asset_mapping metadata.,likely_noise,Weak cross-case mechanism support combined with broad node or broad/questionable mapping.,broad_node;weak_supporting_case_consistency;broad_asset_mapping
eval_dutch_asml_export_controls,eval_dutch_asml_export_controls,technology_export_controls,trade_lanes,EXPD,Expeditors International of Washington Inc,sector_proxy,2,case_2010_china_japan_rare_earth_embargo;case_2021_xinjiang_forced_labor_import_restrictions,rare earth export restriction and electronics input disruption;forced-labor import restriction and customs compliance risk,critical_minerals;customs;defense;logistics;manufacturing_inputs;rare_earths;trade_lanes,customs compliance workflows;defense and automotive supply chains;electronics components;electronics imports;magnet materials;polysilicon-linked inputs;rare earth oxide supply;solar module supply chains,automakers;clean technology manufacturers;customs brokers;defense contractors;electronics importers;electronics manufacturers;logistics providers;rare earth producers;retailers;solar equipment manufacturers,trade_lanes,Stock,related_exposure,"Freight forwarding participates in global trade-lane activity, but trade_lanes is a broad route and flow condition across diversified logistics services.",8;9,9,potentially_broad,"Node label represents a broad function, sector, or channel in the current mapping vocabulary.",weak_cooccurrence,Supporting cases share a broad node but have low event-type and affected-asset-type overlap.,broad,Mapping is economically related but indirect/diversified according to asset_mapping metadata.,likely_noise,Weak cross-case mechanism support combined with broad node or broad/questionable mapping.,broad_node;weak_supporting_case_consistency;broad_asset_mapping
eval_huawei_entity_list,eval_huawei_entity_list,technology_export_controls,trade_lanes,DHL.DE,DHL Group,sector_proxy,3,case_2021_xinjiang_forced_labor_import_restrictions;case_2010_china_japan_rare_earth_embargo;case_2019_turkey_f35_s400_defense_restrictions,forced-labor import restriction and customs compliance risk;rare earth export restriction and electronics input disruption;defense procurement restriction and aerospace supply-chain adjustment,aerospace_supply_chain;critical_minerals;customs;defense;logistics;manufacturing_inputs;rare_earths;semiconductor_equipment;trade_lanes,F-35 supplier network;Turkish aerospace components;customs compliance workflows;defense and automotive supply chains;defense electronics inputs;electronics components;electronics imports;export-controlled manufacturing flows;magnet materials;polysilicon-linked inputs;rare earth oxide supply;solar module supply chains,aerospace manufacturers;automakers;clean technology manufacturers;component suppliers;customs brokers;defense contractors;electronics importers;electronics manufacturers;electronics suppliers;logistics providers;rare earth producers;retailers;solar equipment manufacturers;trade compliance providers,trade_lanes,Stock,related_exposure,"Global logistics operations participate in trade lanes, but trade_lanes is a broad cross-border flow condition rather than a specific core node business.",7;8;10,10,potentially_broad,"Node label represents a broad function, sector, or channel in the current mapping vocabulary.",weak_cooccurrence,Supporting cases share a broad node but have low event-type and affected-asset-type overlap.,broad,Mapping is economically related but indirect/diversified according to asset_mapping metadata.,likely_noise,Weak cross-case mechanism support combined with broad node or broad/questionable mapping.,broad_node;weak_supporting_case_consistency;broad_asset_mapping
eval_huawei_entity_list,eval_huawei_entity_list,technology_export_controls,trade_lanes,EXPD,Expeditors International of Washington Inc,sector_proxy,3,case_2021_xinjiang_forced_labor_import_restrictions;case_2010_china_japan_rare_earth_embargo;case_2019_turkey_f35_s400_defense_restrictions,forced-labor import restriction and customs compliance risk;rare earth export restriction and electronics input disruption;defense procurement restriction and aerospace supply-chain adjustment,aerospace_supply_chain;critical_minerals;customs;defense;logistics;manufacturing_inputs;rare_earths;semiconductor_equipment;trade_lanes,F-35 supplier network;Turkish aerospace components;customs compliance workflows;defense and automotive supply chains;defense electronics inputs;electronics components;electronics imports;export-controlled manufacturing flows;magnet materials;polysilicon-linked inputs;rare earth oxide supply;solar module supply chains,aerospace manufacturers;automakers;clean technology manufacturers;component suppliers;customs brokers;defense contractors;electronics importers;electronics manufacturers;electronics suppliers;logistics providers;rare earth producers;retailers;solar equipment manufacturers;trade compliance providers,trade_lanes,Stock,related_exposure,"Freight forwarding participates in global trade-lane activity, but trade_lanes is a broad route and flow condition across diversified logistics services.",7;8;10,10,potentially_broad,"Node label represents a broad function, sector, or channel in the current mapping vocabulary.",weak_cooccurrence,Supporting cases share a broad node but have low event-type and affected-asset-type overlap.,broad,Mapping is economically related but indirect/diversified according to asset_mapping metadata.,likely_noise,Weak cross-case mechanism support combined with broad node or broad/questionable mapping.,broad_node;weak_supporting_case_consistency;broad_asset_mapping
eval_semiconductor_export_controls,eval_semiconductor_export_controls,technology_export_controls,trade_lanes,DHL.DE,DHL Group,sector_proxy,2,case_2010_china_japan_rare_earth_embargo;case_2019_turkey_f35_s400_defense_restrictions,rare earth export restriction and electronics input disruption;defense procurement restriction and aerospace supply-chain adjustment,aerospace_supply_chain;critical_minerals;customs;defense;manufacturing_inputs;rare_earths;semiconductor_equipment;trade_lanes,F-35 supplier network;Turkish aerospace components;defense and automotive supply chains;defense electronics inputs;electronics components;export-controlled manufacturing flows;magnet materials;rare earth oxide supply,aerospace manufacturers;automakers;clean technology manufacturers;component suppliers;defense contractors;electronics manufacturers;electronics suppliers;rare earth producers;trade compliance providers,trade_lanes,Stock,related_exposure,"Global logistics operations participate in trade lanes, but trade_lanes is a broad cross-border flow condition rather than a specific core node business.",7;10,10,potentially_broad,"Node label represents a broad function, sector, or channel in the current mapping vocabulary.",weak_cooccurrence,Supporting cases share a broad node but have low event-type and affected-asset-type overlap.,broad,Mapping is economically related but indirect/diversified according to asset_mapping metadata.,likely_noise,Weak cross-case mechanism support combined with broad node or broad/questionable mapping.,broad_node;weak_supporting_case_consistency;broad_asset_mapping
eval_semiconductor_export_controls,eval_semiconductor_export_controls,technology_export_controls,trade_lanes,EXPD,Expeditors International of Washington Inc,sector_proxy,2,case_2010_china_japan_rare_earth_embargo;case_2019_turkey_f35_s400_defense_restrictions,rare earth export restriction and electronics input disruption;defense procurement restriction and aerospace supply-chain adjustment,aerospace_supply_chain;critical_minerals;customs;defense;manufacturing_inputs;rare_earths;semiconductor_equipment;trade_lanes,F-35 supplier network;Turkish aerospace components;defense and automotive supply chains;defense electronics inputs;electronics components;export-controlled manufacturing flows;magnet materials;rare earth oxide supply,aerospace manufacturers;automakers;clean technology manufacturers;component suppliers;defense contractors;electronics manufacturers;electronics suppliers;rare earth producers;trade compliance providers,trade_lanes,Stock,related_exposure,"Freight forwarding participates in global trade-lane activity, but trade_lanes is a broad route and flow condition across diversified logistics services.",7;10,10,potentially_broad,"Node label represents a broad function, sector, or channel in the current mapping vocabulary.",weak_cooccurrence,Supporting cases share a broad node but have low event-type and affected-asset-type overlap.,broad,Mapping is economically related but indirect/diversified according to asset_mapping metadata.,likely_noise,Weak cross-case mechanism support combined with broad node or broad/questionable mapping.,broad_node;weak_supporting_case_consistency;broad_asset_mapping
hard_semiconductor_controls_paraphrased,hard_semiconductor_controls_paraphrased,technology_export_controls,trade_lanes,DHL.DE,DHL Group,sector_proxy,3,case_2021_xinjiang_forced_labor_import_restrictions;case_2010_china_japan_rare_earth_embargo;case_2024_ev_tariff_escalation_china,forced-labor import restriction and customs compliance risk;rare earth export restriction and electronics input disruption;tariff escalation and clean technology trade restriction,battery_materials;critical_minerals;customs;defense;logistics;manufacturing_inputs;rare_earths;trade_lanes,EV import flows;battery component supply chains;clean technology manufacturing inputs;customs compliance workflows;defense and automotive supply chains;electronics components;electronics imports;magnet materials;polysilicon-linked inputs;rare earth oxide supply;solar equipment imports;solar module supply chains,EV manufacturers;automakers;battery suppliers;clean technology manufacturers;customs brokers;defense contractors;electronics importers;electronics manufacturers;logistics providers;manufacturers;rare earth producers;retailers;solar equipment manufacturers;solar equipment producers,trade_lanes,Stock,related_exposure,"Global logistics operations participate in trade lanes, but trade_lanes is a broad cross-border flow condition rather than a specific core node business.",6;9;10,10,potentially_broad,"Node label represents a broad function, sector, or channel in the current mapping vocabulary.",weak_cooccurrence,Supporting cases share a broad node but have low event-type and affected-asset-type overlap.,broad,Mapping is economically related but indirect/diversified according to asset_mapping metadata.,likely_noise,Weak cross-case mechanism support combined with broad node or broad/questionable mapping.,broad_node;weak_supporting_case_consistency;broad_asset_mapping
hard_semiconductor_controls_paraphrased,hard_semiconductor_controls_paraphrased,technology_export_controls,trade_lanes,EXPD,Expeditors International of Washington Inc,sector_proxy,3,case_2021_xinjiang_forced_labor_import_restrictions;case_2010_china_japan_rare_earth_embargo;case_2024_ev_tariff_escalation_china,forced-labor import restriction and customs compliance risk;rare earth export restriction and electronics input disruption;tariff escalation and clean technology trade restriction,battery_materials;critical_minerals;customs;defense;logistics;manufacturing_inputs;rare_earths;trade_lanes,EV import flows;battery component supply chains;clean technology manufacturing inputs;customs compliance workflows;defense and automotive supply chains;electronics components;electronics imports;magnet materials;polysilicon-linked inputs;rare earth oxide supply;solar equipment imports;solar module supply chains,EV manufacturers;automakers;battery suppliers;clean technology manufacturers;customs brokers;defense contractors;electronics importers;electronics manufacturers;logistics providers;manufacturers;rare earth producers;retailers;solar equipment manufacturers;solar equipment producers,trade_lanes,Stock,related_exposure,"Freight forwarding participates in global trade-lane activity, but trade_lanes is a broad route and flow condition across diversified logistics services.",6;9;10,10,potentially_broad,"Node label represents a broad function, sector, or channel in the current mapping vocabulary.",weak_cooccurrence,Supporting cases share a broad node but have low event-type and affected-asset-type overlap.,broad,Mapping is economically related but indirect/diversified according to asset_mapping metadata.,likely_noise,Weak cross-case mechanism support combined with broad node or broad/questionable mapping.,broad_node;weak_supporting_case_consistency;broad_asset_mapping
hard_taiwan_semiconductor_indirect,hard_taiwan_semiconductor_indirect,technology_export_controls,trade_lanes,DHL.DE,DHL Group,sector_proxy,2,case_2019_turkey_f35_s400_defense_restrictions;case_2010_china_japan_rare_earth_embargo,defense procurement restriction and aerospace supply-chain adjustment;rare earth export restriction and electronics input disruption,aerospace_supply_chain;critical_minerals;customs;defense;manufacturing_inputs;rare_earths;semiconductor_equipment;trade_lanes,F-35 supplier network;Turkish aerospace components;defense and automotive supply chains;defense electronics inputs;electronics components;export-controlled manufacturing flows;magnet materials;rare earth oxide supply,aerospace manufacturers;automakers;clean technology manufacturers;component suppliers;defense contractors;electronics manufacturers;electronics suppliers;rare earth producers;trade compliance providers,trade_lanes,Stock,related_exposure,"Global logistics operations participate in trade lanes, but trade_lanes is a broad cross-border flow condition rather than a specific core node business.",8;9,9,potentially_broad,"Node label represents a broad function, sector, or channel in the current mapping vocabulary.",weak_cooccurrence,Supporting cases share a broad node but have low event-type and affected-asset-type overlap.,broad,Mapping is economically related but indirect/diversified according to asset_mapping metadata.,likely_noise,Weak cross-case mechanism support combined with broad node or broad/questionable mapping.,broad_node;weak_supporting_case_consistency;broad_asset_mapping
hard_taiwan_semiconductor_indirect,hard_taiwan_semiconductor_indirect,technology_export_controls,trade_lanes,EXPD,Expeditors International of Washington Inc,sector_proxy,2,case_2019_turkey_f35_s400_defense_restrictions;case_2010_china_japan_rare_earth_embargo,defense procurement restriction and aerospace supply-chain adjustment;rare earth export restriction and electronics input disruption,aerospace_supply_chain;critical_minerals;customs;defense;manufacturing_inputs;rare_earths;semiconductor_equipment;trade_lanes,F-35 supplier network;Turkish aerospace components;defense and automotive supply chains;defense electronics inputs;electronics components;export-controlled manufacturing flows;magnet materials;rare earth oxide supply,aerospace manufacturers;automakers;clean technology manufacturers;component suppliers;defense contractors;electronics manufacturers;electronics suppliers;rare earth producers;trade compliance providers,trade_lanes,Stock,related_exposure,"Freight forwarding participates in global trade-lane activity, but trade_lanes is a broad route and flow condition across diversified logistics services.",8;9,9,potentially_broad,"Node label represents a broad function, sector, or channel in the current mapping vocabulary.",weak_cooccurrence,Supporting cases share a broad node but have low event-type and affected-asset-type overlap.,broad,Mapping is economically related but indirect/diversified according to asset_mapping metadata.,likely_noise,Weak cross-case mechanism support combined with broad node or broad/questionable mapping.,broad_node;weak_supporting_case_consistency;broad_asset_mapping
v3_20240223_sovcomflot_sanctions,U.S. sanctions Sovcomflot and tankers tied to Russian oil shipping,war_and_sanctions_energy_disruption,trade_lanes,DHL.DE,DHL Group,sector_proxy,2,case_2019_cosco_shipping_sanctions_tanker_market;case_2014_crimea_financial_sanctions,shipping sanctions and marine insurance compliance disruption;financial sanctions and trade finance restriction,customs;energy;financial_sanctions;logistics;manufacturing_inputs;marine_insurance;oil_shipping;payment_networks;trade_lanes,Russia-linked trade finance;cross-border payment flows;crude tanker chartering;energy trade payments;energy-sector financing;marine insurance approvals;sanctions compliance systems;sanctions-screened oil cargoes,banks;energy companies;energy traders;freight brokers;industrial exporters;logistics firms;marine insurers;tanker operators;trade finance providers,trade_lanes,Stock,related_exposure,"Global logistics operations participate in trade lanes, but trade_lanes is a broad cross-border flow condition rather than a specific core node business.",6;8,8,potentially_broad,"Node label represents a broad function, sector, or channel in the current mapping vocabulary.",weak_cooccurrence,Supporting cases share a broad node but have low event-type and affected-asset-type overlap.,broad,Mapping is economically related but indirect/diversified according to asset_mapping metadata.,likely_noise,Weak cross-case mechanism support combined with broad node or broad/questionable mapping.,broad_node;weak_supporting_case_consistency;broad_asset_mapping
v3_20240223_sovcomflot_sanctions,U.S. sanctions Sovcomflot and tankers tied to Russian oil shipping,war_and_sanctions_energy_disruption,trade_lanes,EXPD,Expeditors International of Washington Inc,sector_proxy,2,case_2019_cosco_shipping_sanctions_tanker_market;case_2014_crimea_financial_sanctions,shipping sanctions and marine insurance compliance disruption;financial sanctions and trade finance restriction,customs;energy;financial_sanctions;logistics;manufacturing_inputs;marine_insurance;oil_shipping;payment_networks;trade_lanes,Russia-linked trade finance;cross-border payment flows;crude tanker chartering;energy trade payments;energy-sector financing;marine insurance approvals;sanctions compliance systems;sanctions-screened oil cargoes,banks;energy companies;energy traders;freight brokers;industrial exporters;logistics firms;marine insurers;tanker operators;trade finance providers,trade_lanes,Stock,related_exposure,"Freight forwarding participates in global trade-lane activity, but trade_lanes is a broad route and flow condition across diversified logistics services.",6;8,8,potentially_broad,"Node label represents a broad function, sector, or channel in the current mapping vocabulary.",weak_cooccurrence,Supporting cases share a broad node but have low event-type and affected-asset-type overlap.,broad,Mapping is economically related but indirect/diversified according to asset_mapping metadata.,likely_noise,Weak cross-case mechanism support combined with broad node or broad/questionable mapping.,broad_node;weak_supporting_case_consistency;broad_asset_mapping
eval_cyber_port_pipeline_disruption,eval_cyber_port_pipeline_disruption,cyber_infrastructure_disruption,lng_shipping,FLNG,FLEX LNG Ltd,historical_supported,3,case_2022_nord_stream_pipeline_sabotage;case_2009_russia_ukraine_gas_transit_dispute;case_2023_red_sea_attacks,energy infrastructure sabotage and pipeline disruption;pipeline gas transit disruption and energy security shock;maritime security disruption,container_shipping;cyber_infrastructure;energy;freight_routes;lng_shipping;logistics;manufacturing_inputs;marine_insurance;maritime_chokepoint;oil_shipping;petrochemicals;pipeline_infrastructure;trade_lanes,Asian exporters;European gas infrastructure;European gas storage;European importers;LNG import capacity;LNG procurement options;Ukraine gas transit routes;container carriers;energy-intensive manufacturing;marine insurance underwriters;power generation inputs;tanker operators,LNG infrastructure;LNG suppliers;chemical producers;energy transport;freight rates;gas utilities;import-dependent retailers;industrial manufacturers;manufacturers;marine insurers;natural gas;pipeline operators;shipping equities;utilities,lng_shipping,Stock,direct_exposure,Core operations or products are directly tied to the lng_shipping node: LNG carrier owner exposed to seaborne LNG transportation,6;9;10,10,specific,Node maps to operating-company/direct exposures in a concentrated asset vocabulary.,consistent,Supporting cases show overlapping event mechanisms or affected asset-type vocabulary.,specific,Mapped ticker has direct_exposure metadata for a specific node.,likely_useful,"Specific node, consistent supporting cases, and specific asset mapping.",
eval_middle_east_oil_infrastructure_attack,eval_middle_east_oil_infrastructure_attack,energy_infrastructure_disruption,lng_shipping,FLNG,FLEX LNG Ltd,historical_supported,2,case_israel_iran_escalation_energy_risk;case_hormuz_tanker_tensions,regional military escalation and energy chokepoint risk;energy chokepoint security risk,defense;energy;lng_shipping;marine_insurance;maritime_chokepoint;oil_shipping;refining,LNG cargo flows;LNG cargoes from Qatar;Persian Gulf crude exports;marine insurance premiums;oil importers;refining margins;regional defense demand;tanker fleets;tanker routes,LNG;crude oil;defense contractors;energy producers;marine insurers;refiners;tanker operators,lng_shipping,Stock,direct_exposure,Core operations or products are directly tied to the lng_shipping node: LNG carrier owner exposed to seaborne LNG transportation,6;7,7,specific,Node maps to operating-company/direct exposures in a concentrated asset vocabulary.,consistent,Supporting cases show overlapping event mechanisms or affected asset-type vocabulary.,specific,Mapped ticker has direct_exposure metadata for a specific node.,likely_useful,"Specific node, consistent supporting cases, and specific asset mapping.",
eval_natural_gas_fertilizer_shock,eval_natural_gas_fertilizer_shock,energy_and_agricultural_input_shock,lng_shipping,FLNG,FLEX LNG Ltd,historical_supported,2,case_russia_ukraine_energy_shock;case_2009_russia_ukraine_gas_transit_dispute,war and sanctions energy disruption;pipeline gas transit disruption and energy security shock,energy;lng_shipping;manufacturing_inputs;petrochemicals;pipeline_infrastructure;refining;trade_lanes,European gas benchmarks;European gas storage;LNG import terminals;LNG procurement options;Ukraine gas transit routes;energy-intensive manufacturers;energy-intensive manufacturing;fertilizer producers;power utilities,LNG infrastructure;LNG suppliers;chemical producers;chemicals;crude oil;gas utilities;industrial manufacturers;metals producers;natural gas;pipeline operators;utilities,lng_shipping,Stock,direct_exposure,Core operations or products are directly tied to the lng_shipping node: LNG carrier owner exposed to seaborne LNG transportation,4;7,7,specific,Node maps to operating-company/direct exposures in a concentrated asset vocabulary.,consistent,Supporting cases show overlapping event mechanisms or affected asset-type vocabulary.,specific,Mapped ticker has direct_exposure metadata for a specific node.,likely_useful,"Specific node, consistent supporting cases, and specific asset mapping.",
