event_source,event_id,event_name,node,retrieved_supporting_case_count,retrieved_supporting_case_ids,required_support,accepted,mapped,mapped_asset_count,kb_case_count_for_node,kb_case_ids_for_node,kb_cases_outside_top_k_count,kb_cases_outside_top_k,potential_retrieval_bottleneck,potential_mapping_bottleneck,closest_mapping_labels
evaluation_cases,eval_red_sea_shipping_disruption,eval_red_sea_shipping_disruption,energy,1,case_2021_suez_blockage,2,False,True,0,28,case_2021_suez_blockage;case_hormuz_tanker_tensions;case_russia_ukraine_energy_shock;case_2022_gas_fertilizer_shock;case_middle_east_oil_supply_disruption;case_rare_earth_export_restriction_risk;case_opec_production_cut_policy_shock;case_israel_iran_escalation_energy_risk;case_cyberattack_pipeline_port_infrastructure;case_uranium_nuclear_fuel_supply_disruption;case_2022_russia_swift_financial_sanctions;case_2020_opec_plus_production_cut;case_2022_abu_dhabi_oil_facility_attack;case_2018_iran_oil_sanctions_reimposition;case_2019_venezuela_oil_sanctions;case_2022_nord_stream_pipeline_sabotage;case_2022_ukraine_electricity_grid_attacks;case_2023_niger_coup_uranium_supply_risk;case_2023_eu_carbon_border_adjustment_mechanism;case_2023_arctic_lng_russian_energy_shipping_sanctions;case_1987_1988_tanker_war_reflagging;case_2014_crimea_financial_sanctions;case_2009_russia_ukraine_gas_transit_dispute;case_2011_libya_civil_war_oil_disruption;case_2024_ukraine_drone_attacks_russian_refineries;case_2022_russia_fertilizer_export_restrictions;case_2021_colonial_pipeline_ransomware;case_2022_russia_airspace_closure_aviation_routes,27,case_hormuz_tanker_tensions;case_russia_ukraine_energy_shock;case_2022_gas_fertilizer_shock;case_middle_east_oil_supply_disruption;case_rare_earth_export_restriction_risk;case_opec_production_cut_policy_shock;case_israel_iran_escalation_energy_risk;case_cyberattack_pipeline_port_infrastructure;case_uranium_nuclear_fuel_supply_disruption;case_2022_russia_swift_financial_sanctions;case_2020_opec_plus_production_cut;case_2022_abu_dhabi_oil_facility_attack;case_2018_iran_oil_sanctions_reimposition;case_2019_venezuela_oil_sanctions;case_2022_nord_stream_pipeline_sabotage;case_2022_ukraine_electricity_grid_attacks;case_2023_niger_coup_uranium_supply_risk;case_2023_eu_carbon_border_adjustment_mechanism;case_2023_arctic_lng_russian_energy_shipping_sanctions;case_1987_1988_tanker_war_reflagging;case_2014_crimea_financial_sanctions;case_2009_russia_ukraine_gas_transit_dispute;case_2011_libya_civil_war_oil_disruption;case_2024_ukraine_drone_attacks_russian_refineries;case_2022_russia_fertilizer_export_restrictions;case_2021_colonial_pipeline_ransomware;case_2022_russia_airspace_closure_aviation_routes,True,False,
evaluation_cases,eval_red_sea_shipping_disruption,eval_red_sea_shipping_disruption,port_labor,1,case_2024_us_east_gulf_port_strike,2,False,True,0,1,case_2024_us_east_gulf_port_strike,0,,False,False,
evaluation_cases,eval_red_sea_shipping_disruption,eval_red_sea_shipping_disruption,ports,2,case_2021_suez_blockage;case_2024_us_east_gulf_port_strike,2,True,True,2,9,case_2021_suez_blockage;case_cyberattack_pipeline_port_infrastructure;case_2023_port_of_nagoya_cyberattack;case_2024_us_east_gulf_port_strike;case_2017_notpetya_shipping_logistics_cyberattack;case_2023_mexico_nearshoring_cross_border_policy_risk;case_2021_myanmar_coup_supply_chain_disruption;case_2023_panama_cobre_mine_closure;case_2023_dp_world_australia_cyber_port_disruption,7,case_cyberattack_pipeline_port_infrastructure;case_2023_port_of_nagoya_cyberattack;case_2017_notpetya_shipping_logistics_cyberattack;case_2023_mexico_nearshoring_cross_border_policy_risk;case_2021_myanmar_coup_supply_chain_disruption;case_2023_panama_cobre_mine_closure;case_2023_dp_world_australia_cyber_port_disruption,False,False,
evaluation_cases,eval_red_sea_shipping_disruption,eval_red_sea_shipping_disruption,trade_lanes,1,case_2024_us_east_gulf_port_strike,2,False,True,0,31,case_2018_2019_us_china_tariffs;case_uranium_nuclear_fuel_supply_disruption;case_2022_russia_swift_financial_sanctions;case_2024_us_east_gulf_port_strike;case_2022_india_wheat_export_ban;case_2022_russia_aviation_supply_chain_sanctions;case_2017_north_korea_missile_escalation;case_2019_india_pakistan_airspace_closure;case_2023_niger_coup_uranium_supply_risk;case_2022_chile_lithium_policy_shift;case_2020_indonesia_nickel_export_ban;case_2021_belarus_potash_sanctions;case_2021_xinjiang_forced_labor_import_restrictions;case_2024_ev_tariff_escalation_china;case_2023_south_china_sea_shipping_tensions;case_2024_drc_cobalt_copper_mining_disruption;case_2023_mexico_nearshoring_cross_border_policy_risk;case_2023_eu_carbon_border_adjustment_mechanism;case_2021_myanmar_coup_supply_chain_disruption;case_2014_crimea_financial_sanctions;case_2018_iran_swift_restrictions;case_2019_cosco_shipping_sanctions_tanker_market;case_2009_russia_ukraine_gas_transit_dispute;case_2011_libya_civil_war_oil_disruption;case_2010_china_japan_rare_earth_embargo;case_2022_peru_mine_protests_copper_supply;case_2023_panama_cobre_mine_closure;case_2008_rice_export_restrictions_food_security;case_2022_russia_fertilizer_export_restrictions;case_2023_dp_world_australia_cyber_port_disruption;case_2019_turkey_f35_s400_defense_restrictions,30,case_2018_2019_us_china_tariffs;case_uranium_nuclear_fuel_supply_disruption;case_2022_russia_swift_financial_sanctions;case_2022_india_wheat_export_ban;case_2022_russia_aviation_supply_chain_sanctions;case_2017_north_korea_missile_escalation;case_2019_india_pakistan_airspace_closure;case_2023_niger_coup_uranium_supply_risk;case_2022_chile_lithium_policy_shift;case_2020_indonesia_nickel_export_ban;case_2021_belarus_potash_sanctions;case_2021_xinjiang_forced_labor_import_restrictions;case_2024_ev_tariff_escalation_china;case_2023_south_china_sea_shipping_tensions;case_2024_drc_cobalt_copper_mining_disruption;case_2023_mexico_nearshoring_cross_border_policy_risk;case_2023_eu_carbon_border_adjustment_mechanism;case_2021_myanmar_coup_supply_chain_disruption;case_2014_crimea_financial_sanctions;case_2018_iran_swift_restrictions;case_2019_cosco_shipping_sanctions_tanker_market;case_2009_russia_ukraine_gas_transit_dispute;case_2011_libya_civil_war_oil_disruption;case_2010_china_japan_rare_earth_embargo;case_2022_peru_mine_protests_copper_supply;case_2023_panama_cobre_mine_closure;case_2008_rice_export_restrictions_food_security;case_2022_russia_fertilizer_export_restrictions;case_2023_dp_world_australia_cyber_port_disruption;case_2019_turkey_f35_s400_defense_restrictions,True,False,
evaluation_cases,eval_semiconductor_export_controls,eval_semiconductor_export_controls,manufacturing_inputs,1,case_2023_japan_chip_equipment_export_controls,2,False,True,0,34,case_russia_ukraine_energy_shock;case_2019_huawei_entity_list;case_2018_2019_us_china_tariffs;case_2022_gas_fertilizer_shock;case_taiwan_strait_semiconductor_risk;case_rare_earth_export_restriction_risk;case_china_gallium_germanium_graphite_controls;case_defense_spending_shock_after_escalation;case_uranium_nuclear_fuel_supply_disruption;case_2023_port_of_nagoya_cyberattack;case_2023_middle_east_defense_supply_escalation;case_2023_china_graphite_battery_export_controls;case_2022_russia_aviation_supply_chain_sanctions;case_2017_north_korea_missile_escalation;case_2019_india_pakistan_airspace_closure;case_2022_nord_stream_pipeline_sabotage;case_2022_ukraine_electricity_grid_attacks;case_2022_chile_lithium_policy_shift;case_2020_indonesia_nickel_export_ban;case_2021_xinjiang_forced_labor_import_restrictions;case_2024_ev_tariff_escalation_china;case_2017_notpetya_shipping_logistics_cyberattack;case_2024_drc_cobalt_copper_mining_disruption;case_2023_mexico_nearshoring_cross_border_policy_risk;case_2023_eu_carbon_border_adjustment_mechanism;case_2021_myanmar_coup_supply_chain_disruption;case_2014_crimea_financial_sanctions;case_2009_russia_ukraine_gas_transit_dispute;case_2010_china_japan_rare_earth_embargo;case_2022_peru_mine_protests_copper_supply;case_2023_panama_cobre_mine_closure;case_2020_smic_entity_list_semiconductor_controls;case_2023_japan_chip_equipment_export_controls;case_2019_turkey_f35_s400_defense_restrictions,33,case_russia_ukraine_energy_shock;case_2019_huawei_entity_list;case_2018_2019_us_china_tariffs;case_2022_gas_fertilizer_shock;case_taiwan_strait_semiconductor_risk;case_rare_earth_export_restriction_risk;case_china_gallium_germanium_graphite_controls;case_defense_spending_shock_after_escalation;case_uranium_nuclear_fuel_supply_disruption;case_2023_port_of_nagoya_cyberattack;case_2023_middle_east_defense_supply_escalation;case_2023_china_graphite_battery_export_controls;case_2022_russia_aviation_supply_chain_sanctions;case_2017_north_korea_missile_escalation;case_2019_india_pakistan_airspace_closure;case_2022_nord_stream_pipeline_sabotage;case_2022_ukraine_electricity_grid_attacks;case_2022_chile_lithium_policy_shift;case_2020_indonesia_nickel_export_ban;case_2021_xinjiang_forced_labor_import_restrictions;case_2024_ev_tariff_escalation_china;case_2017_notpetya_shipping_logistics_cyberattack;case_2024_drc_cobalt_copper_mining_disruption;case_2023_mexico_nearshoring_cross_border_policy_risk;case_2023_eu_carbon_border_adjustment_mechanism;case_2021_myanmar_coup_supply_chain_disruption;case_2014_crimea_financial_sanctions;case_2009_russia_ukraine_gas_transit_dispute;case_2010_china_japan_rare_earth_embargo;case_2022_peru_mine_protests_copper_supply;case_2023_panama_cobre_mine_closure;case_2020_smic_entity_list_semiconductor_controls;case_2019_turkey_f35_s400_defense_restrictions,True,False,
evaluation_cases,eval_russia_europe_gas_disruption,eval_russia_europe_gas_disruption,cyber_infrastructure,1,case_2022_nord_stream_pipeline_sabotage,2,False,True,0,9,case_cyberattack_pipeline_port_infrastructure;case_defense_spending_shock_after_escalation;case_2023_port_of_nagoya_cyberattack;case_2023_middle_east_defense_supply_escalation;case_2022_nord_stream_pipeline_sabotage;case_2022_ukraine_electricity_grid_attacks;case_2017_notpetya_shipping_logistics_cyberattack;case_2021_colonial_pipeline_ransomware;case_2023_dp_world_australia_cyber_port_disruption,8,case_cyberattack_pipeline_port_infrastructure;case_defense_spending_shock_after_escalation;case_2023_port_of_nagoya_cyberattack;case_2023_middle_east_defense_supply_escalation;case_2022_ukraine_electricity_grid_attacks;case_2017_notpetya_shipping_logistics_cyberattack;case_2021_colonial_pipeline_ransomware;case_2023_dp_world_australia_cyber_port_disruption,True,False,
evaluation_cases,eval_russia_europe_gas_disruption,eval_russia_europe_gas_disruption,pipeline_infrastructure,2,case_2009_russia_ukraine_gas_transit_dispute;case_2022_nord_stream_pipeline_sabotage,2,True,True,2,6,case_cyberattack_pipeline_port_infrastructure;case_2022_nord_stream_pipeline_sabotage;case_2022_ukraine_electricity_grid_attacks;case_2009_russia_ukraine_gas_transit_dispute;case_2024_ukraine_drone_attacks_russian_refineries;case_2021_colonial_pipeline_ransomware,4,case_cyberattack_pipeline_port_infrastructure;case_2022_ukraine_electricity_grid_attacks;case_2024_ukraine_drone_attacks_russian_refineries;case_2021_colonial_pipeline_ransomware,False,False,
evaluation_cases,eval_russia_europe_gas_disruption,eval_russia_europe_gas_disruption,trade_lanes,1,case_2009_russia_ukraine_gas_transit_dispute,2,False,True,0,31,case_2018_2019_us_china_tariffs;case_uranium_nuclear_fuel_supply_disruption;case_2022_russia_swift_financial_sanctions;case_2024_us_east_gulf_port_strike;case_2022_india_wheat_export_ban;case_2022_russia_aviation_supply_chain_sanctions;case_2017_north_korea_missile_escalation;case_2019_india_pakistan_airspace_closure;case_2023_niger_coup_uranium_supply_risk;case_2022_chile_lithium_policy_shift;case_2020_indonesia_nickel_export_ban;case_2021_belarus_potash_sanctions;case_2021_xinjiang_forced_labor_import_restrictions;case_2024_ev_tariff_escalation_china;case_2023_south_china_sea_shipping_tensions;case_2024_drc_cobalt_copper_mining_disruption;case_2023_mexico_nearshoring_cross_border_policy_risk;case_2023_eu_carbon_border_adjustment_mechanism;case_2021_myanmar_coup_supply_chain_disruption;case_2014_crimea_financial_sanctions;case_2018_iran_swift_restrictions;case_2019_cosco_shipping_sanctions_tanker_market;case_2009_russia_ukraine_gas_transit_dispute;case_2011_libya_civil_war_oil_disruption;case_2010_china_japan_rare_earth_embargo;case_2022_peru_mine_protests_copper_supply;case_2023_panama_cobre_mine_closure;case_2008_rice_export_restrictions_food_security;case_2022_russia_fertilizer_export_restrictions;case_2023_dp_world_australia_cyber_port_disruption;case_2019_turkey_f35_s400_defense_restrictions,30,case_2018_2019_us_china_tariffs;case_uranium_nuclear_fuel_supply_disruption;case_2022_russia_swift_financial_sanctions;case_2024_us_east_gulf_port_strike;case_2022_india_wheat_export_ban;case_2022_russia_aviation_supply_chain_sanctions;case_2017_north_korea_missile_escalation;case_2019_india_pakistan_airspace_closure;case_2023_niger_coup_uranium_supply_risk;case_2022_chile_lithium_policy_shift;case_2020_indonesia_nickel_export_ban;case_2021_belarus_potash_sanctions;case_2021_xinjiang_forced_labor_import_restrictions;case_2024_ev_tariff_escalation_china;case_2023_south_china_sea_shipping_tensions;case_2024_drc_cobalt_copper_mining_disruption;case_2023_mexico_nearshoring_cross_border_policy_risk;case_2023_eu_carbon_border_adjustment_mechanism;case_2021_myanmar_coup_supply_chain_disruption;case_2014_crimea_financial_sanctions;case_2018_iran_swift_restrictions;case_2019_cosco_shipping_sanctions_tanker_market;case_2011_libya_civil_war_oil_disruption;case_2010_china_japan_rare_earth_embargo;case_2022_peru_mine_protests_copper_supply;case_2023_panama_cobre_mine_closure;case_2008_rice_export_restrictions_food_security;case_2022_russia_fertilizer_export_restrictions;case_2023_dp_world_australia_cyber_port_disruption;case_2019_turkey_f35_s400_defense_restrictions,True,False,
evaluation_cases,eval_natural_gas_fertilizer_shock,eval_natural_gas_fertilizer_shock,customs,2,case_2021_belarus_potash_sanctions;case_2022_russia_fertilizer_export_restrictions,2,True,True,2,32,case_2023_dutch_asml_controls;case_2019_huawei_entity_list;case_2018_2019_us_china_tariffs;case_china_gallium_germanium_graphite_controls;case_uranium_nuclear_fuel_supply_disruption;case_2022_russia_swift_financial_sanctions;case_2023_china_graphite_battery_export_controls;case_2022_india_wheat_export_ban;case_2022_russia_aviation_supply_chain_sanctions;case_2023_niger_coup_uranium_supply_risk;case_2022_chile_lithium_policy_shift;case_2020_indonesia_nickel_export_ban;case_2021_belarus_potash_sanctions;case_2021_xinjiang_forced_labor_import_restrictions;case_2024_ev_tariff_escalation_china;case_2024_drc_cobalt_copper_mining_disruption;case_2023_mexico_nearshoring_cross_border_policy_risk;case_2023_eu_carbon_border_adjustment_mechanism;case_2021_myanmar_coup_supply_chain_disruption;case_2022_turkey_strait_tanker_insurance_backlog;case_2014_crimea_financial_sanctions;case_2018_iran_swift_restrictions;case_2019_cosco_shipping_sanctions_tanker_market;case_2010_china_japan_rare_earth_embargo;case_2022_peru_mine_protests_copper_supply;case_2023_panama_cobre_mine_closure;case_2008_rice_export_restrictions_food_security;case_2022_russia_fertilizer_export_restrictions;case_2020_smic_entity_list_semiconductor_controls;case_2023_japan_chip_equipment_export_controls;case_2019_turkey_f35_s400_defense_restrictions;case_2022_russia_airspace_closure_aviation_routes,30,case_2023_dutch_asml_controls;case_2019_huawei_entity_list;case_2018_2019_us_china_tariffs;case_china_gallium_germanium_graphite_controls;case_uranium_nuclear_fuel_supply_disruption;case_2022_russia_swift_financial_sanctions;case_2023_china_graphite_battery_export_controls;case_2022_india_wheat_export_ban;case_2022_russia_aviation_supply_chain_sanctions;case_2023_niger_coup_uranium_supply_risk;case_2022_chile_lithium_policy_shift;case_2020_indonesia_nickel_export_ban;case_2021_xinjiang_forced_labor_import_restrictions;case_2024_ev_tariff_escalation_china;case_2024_drc_cobalt_copper_mining_disruption;case_2023_mexico_nearshoring_cross_border_policy_risk;case_2023_eu_carbon_border_adjustment_mechanism;case_2021_myanmar_coup_supply_chain_disruption;case_2022_turkey_strait_tanker_insurance_backlog;case_2014_crimea_financial_sanctions;case_2018_iran_swift_restrictions;case_2019_cosco_shipping_sanctions_tanker_market;case_2010_china_japan_rare_earth_embargo;case_2022_peru_mine_protests_copper_supply;case_2023_panama_cobre_mine_closure;case_2008_rice_export_restrictions_food_security;case_2020_smic_entity_list_semiconductor_controls;case_2023_japan_chip_equipment_export_controls;case_2019_turkey_f35_s400_defense_restrictions;case_2022_russia_airspace_closure_aviation_routes,False,False,
evaluation_cases,eval_natural_gas_fertilizer_shock,eval_natural_gas_fertilizer_shock,freight_routes,1,case_2021_belarus_potash_sanctions,2,False,True,0,19,case_2021_suez_blockage;case_2023_red_sea_attacks;case_panama_canal_drought_shipping_capacity;case_black_sea_grain_export_disruption;case_cyberattack_pipeline_port_infrastructure;case_2023_port_of_nagoya_cyberattack;case_2024_us_east_gulf_port_strike;case_2019_india_pakistan_airspace_closure;case_2021_belarus_potash_sanctions;case_2017_notpetya_shipping_logistics_cyberattack;case_2023_black_sea_shipping_insurance_restrictions;case_2023_south_china_sea_shipping_tensions;case_2023_mexico_nearshoring_cross_border_policy_risk;case_1987_1988_tanker_war_reflagging;case_2008_somali_piracy_gulf_of_aden;case_2022_turkey_strait_tanker_insurance_backlog;case_2021_colonial_pipeline_ransomware;case_2023_dp_world_australia_cyber_port_disruption;case_2022_russia_airspace_closure_aviation_routes,18,case_2021_suez_blockage;case_2023_red_sea_attacks;case_panama_canal_drought_shipping_capacity;case_black_sea_grain_export_disruption;case_cyberattack_pipeline_port_infrastructure;case_2023_port_of_nagoya_cyberattack;case_2024_us_east_gulf_port_strike;case_2019_india_pakistan_airspace_closure;case_2017_notpetya_shipping_logistics_cyberattack;case_2023_black_sea_shipping_insurance_restrictions;case_2023_south_china_sea_shipping_tensions;case_2023_mexico_nearshoring_cross_border_policy_risk;case_1987_1988_tanker_war_reflagging;case_2008_somali_piracy_gulf_of_aden;case_2022_turkey_strait_tanker_insurance_backlog;case_2021_colonial_pipeline_ransomware;case_2023_dp_world_australia_cyber_port_disruption;case_2022_russia_airspace_closure_aviation_routes,True,False,
evaluation_cases,eval_natural_gas_fertilizer_shock,eval_natural_gas_fertilizer_shock,logistics,2,case_2021_belarus_potash_sanctions;case_2022_russia_fertilizer_export_restrictions,2,True,True,2,33,case_2021_suez_blockage;case_2023_red_sea_attacks;case_2018_2019_us_china_tariffs;case_panama_canal_drought_shipping_capacity;case_black_sea_grain_export_disruption;case_cyberattack_pipeline_port_infrastructure;case_2023_port_of_nagoya_cyberattack;case_2024_us_east_gulf_port_strike;case_2022_india_wheat_export_ban;case_2017_north_korea_missile_escalation;case_2019_india_pakistan_airspace_closure;case_2022_ukraine_electricity_grid_attacks;case_2023_niger_coup_uranium_supply_risk;case_2021_belarus_potash_sanctions;case_2021_xinjiang_forced_labor_import_restrictions;case_2024_ev_tariff_escalation_china;case_2017_notpetya_shipping_logistics_cyberattack;case_2023_black_sea_shipping_insurance_restrictions;case_2023_south_china_sea_shipping_tensions;case_2024_drc_cobalt_copper_mining_disruption;case_2023_mexico_nearshoring_cross_border_policy_risk;case_2021_myanmar_coup_supply_chain_disruption;case_1987_1988_tanker_war_reflagging;case_2008_somali_piracy_gulf_of_aden;case_2022_turkey_strait_tanker_insurance_backlog;case_2019_cosco_shipping_sanctions_tanker_market;case_2011_libya_civil_war_oil_disruption;case_2022_peru_mine_protests_copper_supply;case_2008_rice_export_restrictions_food_security;case_2022_russia_fertilizer_export_restrictions;case_2021_colonial_pipeline_ransomware;case_2023_dp_world_australia_cyber_port_disruption;case_2022_russia_airspace_closure_aviation_routes,31,case_2021_suez_blockage;case_2023_red_sea_attacks;case_2018_2019_us_china_tariffs;case_panama_canal_drought_shipping_capacity;case_black_sea_grain_export_disruption;case_cyberattack_pipeline_port_infrastructure;case_2023_port_of_nagoya_cyberattack;case_2024_us_east_gulf_port_strike;case_2022_india_wheat_export_ban;case_2017_north_korea_missile_escalation;case_2019_india_pakistan_airspace_closure;case_2022_ukraine_electricity_grid_attacks;case_2023_niger_coup_uranium_supply_risk;case_2021_xinjiang_forced_labor_import_restrictions;case_2024_ev_tariff_escalation_china;case_2017_notpetya_shipping_logistics_cyberattack;case_2023_black_sea_shipping_insurance_restrictions;case_2023_south_china_sea_shipping_tensions;case_2024_drc_cobalt_copper_mining_disruption;case_2023_mexico_nearshoring_cross_border_policy_risk;case_2021_myanmar_coup_supply_chain_disruption;case_1987_1988_tanker_war_reflagging;case_2008_somali_piracy_gulf_of_aden;case_2022_turkey_strait_tanker_insurance_backlog;case_2019_cosco_shipping_sanctions_tanker_market;case_2011_libya_civil_war_oil_disruption;case_2022_peru_mine_protests_copper_supply;case_2008_rice_export_restrictions_food_security;case_2021_colonial_pipeline_ransomware;case_2023_dp_world_australia_cyber_port_disruption;case_2022_russia_airspace_closure_aviation_routes,False,False,
evaluation_cases,eval_natural_gas_fertilizer_shock,eval_natural_gas_fertilizer_shock,trade_lanes,2,case_2021_belarus_potash_sanctions;case_2022_russia_fertilizer_export_restrictions,2,True,True,2,31,case_2018_2019_us_china_tariffs;case_uranium_nuclear_fuel_supply_disruption;case_2022_russia_swift_financial_sanctions;case_2024_us_east_gulf_port_strike;case_2022_india_wheat_export_ban;case_2022_russia_aviation_supply_chain_sanctions;case_2017_north_korea_missile_escalation;case_2019_india_pakistan_airspace_closure;case_2023_niger_coup_uranium_supply_risk;case_2022_chile_lithium_policy_shift;case_2020_indonesia_nickel_export_ban;case_2021_belarus_potash_sanctions;case_2021_xinjiang_forced_labor_import_restrictions;case_2024_ev_tariff_escalation_china;case_2023_south_china_sea_shipping_tensions;case_2024_drc_cobalt_copper_mining_disruption;case_2023_mexico_nearshoring_cross_border_policy_risk;case_2023_eu_carbon_border_adjustment_mechanism;case_2021_myanmar_coup_supply_chain_disruption;case_2014_crimea_financial_sanctions;case_2018_iran_swift_restrictions;case_2019_cosco_shipping_sanctions_tanker_market;case_2009_russia_ukraine_gas_transit_dispute;case_2011_libya_civil_war_oil_disruption;case_2010_china_japan_rare_earth_embargo;case_2022_peru_mine_protests_copper_supply;case_2023_panama_cobre_mine_closure;case_2008_rice_export_restrictions_food_security;case_2022_russia_fertilizer_export_restrictions;case_2023_dp_world_australia_cyber_port_disruption;case_2019_turkey_f35_s400_defense_restrictions,29,case_2018_2019_us_china_tariffs;case_uranium_nuclear_fuel_supply_disruption;case_2022_russia_swift_financial_sanctions;case_2024_us_east_gulf_port_strike;case_2022_india_wheat_export_ban;case_2022_russia_aviation_supply_chain_sanctions;case_2017_north_korea_missile_escalation;case_2019_india_pakistan_airspace_closure;case_2023_niger_coup_uranium_supply_risk;case_2022_chile_lithium_policy_shift;case_2020_indonesia_nickel_export_ban;case_2021_xinjiang_forced_labor_import_restrictions;case_2024_ev_tariff_escalation_china;case_2023_south_china_sea_shipping_tensions;case_2024_drc_cobalt_copper_mining_disruption;case_2023_mexico_nearshoring_cross_border_policy_risk;case_2023_eu_carbon_border_adjustment_mechanism;case_2021_myanmar_coup_supply_chain_disruption;case_2014_crimea_financial_sanctions;case_2018_iran_swift_restrictions;case_2019_cosco_shipping_sanctions_tanker_market;case_2009_russia_ukraine_gas_transit_dispute;case_2011_libya_civil_war_oil_disruption;case_2010_china_japan_rare_earth_embargo;case_2022_peru_mine_protests_copper_supply;case_2023_panama_cobre_mine_closure;case_2008_rice_export_restrictions_food_security;case_2023_dp_world_australia_cyber_port_disruption;case_2019_turkey_f35_s400_defense_restrictions,False,False,
evaluation_cases,eval_us_china_tariffs,eval_us_china_tariffs,battery_materials,1,case_2024_ev_tariff_escalation_china,2,False,True,0,7,case_2023_china_graphite_battery_export_controls;case_2022_chile_lithium_policy_shift;case_2020_indonesia_nickel_export_ban;case_2024_ev_tariff_escalation_china;case_2024_drc_cobalt_copper_mining_disruption;case_2022_peru_mine_protests_copper_supply;case_2023_panama_cobre_mine_closure,6,case_2023_china_graphite_battery_export_controls;case_2022_chile_lithium_policy_shift;case_2020_indonesia_nickel_export_ban;case_2024_drc_cobalt_copper_mining_disruption;case_2022_peru_mine_protests_copper_supply;case_2023_panama_cobre_mine_closure,True,False,
evaluation_cases,eval_us_china_tariffs,eval_us_china_tariffs,critical_minerals,2,case_2024_ev_tariff_escalation_china;case_2021_xinjiang_forced_labor_import_restrictions,2,True,True,2,12,case_rare_earth_export_restriction_risk;case_china_gallium_germanium_graphite_controls;case_2023_china_graphite_battery_export_controls;case_2022_chile_lithium_policy_shift;case_2020_indonesia_nickel_export_ban;case_2021_xinjiang_forced_labor_import_restrictions;case_2024_ev_tariff_escalation_china;case_2024_drc_cobalt_copper_mining_disruption;case_2023_eu_carbon_border_adjustment_mechanism;case_2010_china_japan_rare_earth_embargo;case_2022_peru_mine_protests_copper_supply;case_2023_panama_cobre_mine_closure,10,case_rare_earth_export_restriction_risk;case_china_gallium_germanium_graphite_controls;case_2023_china_graphite_battery_export_controls;case_2022_chile_lithium_policy_shift;case_2020_indonesia_nickel_export_ban;case_2024_drc_cobalt_copper_mining_disruption;case_2023_eu_carbon_border_adjustment_mechanism;case_2010_china_japan_rare_earth_embargo;case_2022_peru_mine_protests_copper_supply;case_2023_panama_cobre_mine_closure,False,False,
evaluation_cases,eval_middle_east_oil_infrastructure_attack,eval_middle_east_oil_infrastructure_attack,defense,1,case_2022_abu_dhabi_oil_facility_attack,2,False,True,0,15,case_taiwan_strait_semiconductor_risk;case_rare_earth_export_restriction_risk;case_israel_iran_escalation_energy_risk;case_defense_spending_shock_after_escalation;case_2023_middle_east_defense_supply_escalation;case_2024_taiwan_strait_drills_semiconductor_supply;case_2022_abu_dhabi_oil_facility_attack;case_2022_russia_aviation_supply_chain_sanctions;case_2017_north_korea_missile_escalation;case_2019_india_pakistan_airspace_closure;case_2022_ukraine_electricity_grid_attacks;case_2023_south_china_sea_shipping_tensions;case_1987_1988_tanker_war_reflagging;case_2010_china_japan_rare_earth_embargo;case_2019_turkey_f35_s400_defense_restrictions,14,case_taiwan_strait_semiconductor_risk;case_rare_earth_export_restriction_risk;case_israel_iran_escalation_energy_risk;case_defense_spending_shock_after_escalation;case_2023_middle_east_defense_supply_escalation;case_2024_taiwan_strait_drills_semiconductor_supply;case_2022_russia_aviation_supply_chain_sanctions;case_2017_north_korea_missile_escalation;case_2019_india_pakistan_airspace_closure;case_2022_ukraine_electricity_grid_attacks;case_2023_south_china_sea_shipping_tensions;case_1987_1988_tanker_war_reflagging;case_2010_china_japan_rare_earth_embargo;case_2019_turkey_f35_s400_defense_restrictions,True,False,
evaluation_cases,eval_hormuz_tanker_tensions,eval_hormuz_tanker_tensions,defense,2,case_1987_1988_tanker_war_reflagging;case_israel_iran_escalation_energy_risk,2,False,True,0,15,case_taiwan_strait_semiconductor_risk;case_rare_earth_export_restriction_risk;case_israel_iran_escalation_energy_risk;case_defense_spending_shock_after_escalation;case_2023_middle_east_defense_supply_escalation;case_2024_taiwan_strait_drills_semiconductor_supply;case_2022_abu_dhabi_oil_facility_attack;case_2022_russia_aviation_supply_chain_sanctions;case_2017_north_korea_missile_escalation;case_2019_india_pakistan_airspace_closure;case_2022_ukraine_electricity_grid_attacks;case_2023_south_china_sea_shipping_tensions;case_1987_1988_tanker_war_reflagging;case_2010_china_japan_rare_earth_embargo;case_2019_turkey_f35_s400_defense_restrictions,13,case_taiwan_strait_semiconductor_risk;case_rare_earth_export_restriction_risk;case_defense_spending_shock_after_escalation;case_2023_middle_east_defense_supply_escalation;case_2024_taiwan_strait_drills_semiconductor_supply;case_2022_abu_dhabi_oil_facility_attack;case_2022_russia_aviation_supply_chain_sanctions;case_2017_north_korea_missile_escalation;case_2019_india_pakistan_airspace_closure;case_2022_ukraine_electricity_grid_attacks;case_2023_south_china_sea_shipping_tensions;case_2010_china_japan_rare_earth_embargo;case_2019_turkey_f35_s400_defense_restrictions,False,False,
evaluation_cases,eval_hormuz_tanker_tensions,eval_hormuz_tanker_tensions,energy,3,case_hormuz_tanker_tensions;case_1987_1988_tanker_war_reflagging;case_israel_iran_escalation_energy_risk,2,False,True,0,28,case_2021_suez_blockage;case_hormuz_tanker_tensions;case_russia_ukraine_energy_shock;case_2022_gas_fertilizer_shock;case_middle_east_oil_supply_disruption;case_rare_earth_export_restriction_risk;case_opec_production_cut_policy_shock;case_israel_iran_escalation_energy_risk;case_cyberattack_pipeline_port_infrastructure;case_uranium_nuclear_fuel_supply_disruption;case_2022_russia_swift_financial_sanctions;case_2020_opec_plus_production_cut;case_2022_abu_dhabi_oil_facility_attack;case_2018_iran_oil_sanctions_reimposition;case_2019_venezuela_oil_sanctions;case_2022_nord_stream_pipeline_sabotage;case_2022_ukraine_electricity_grid_attacks;case_2023_niger_coup_uranium_supply_risk;case_2023_eu_carbon_border_adjustment_mechanism;case_2023_arctic_lng_russian_energy_shipping_sanctions;case_1987_1988_tanker_war_reflagging;case_2014_crimea_financial_sanctions;case_2009_russia_ukraine_gas_transit_dispute;case_2011_libya_civil_war_oil_disruption;case_2024_ukraine_drone_attacks_russian_refineries;case_2022_russia_fertilizer_export_restrictions;case_2021_colonial_pipeline_ransomware;case_2022_russia_airspace_closure_aviation_routes,25,case_2021_suez_blockage;case_russia_ukraine_energy_shock;case_2022_gas_fertilizer_shock;case_middle_east_oil_supply_disruption;case_rare_earth_export_restriction_risk;case_opec_production_cut_policy_shock;case_cyberattack_pipeline_port_infrastructure;case_uranium_nuclear_fuel_supply_disruption;case_2022_russia_swift_financial_sanctions;case_2020_opec_plus_production_cut;case_2022_abu_dhabi_oil_facility_attack;case_2018_iran_oil_sanctions_reimposition;case_2019_venezuela_oil_sanctions;case_2022_nord_stream_pipeline_sabotage;case_2022_ukraine_electricity_grid_attacks;case_2023_niger_coup_uranium_supply_risk;case_2023_eu_carbon_border_adjustment_mechanism;case_2023_arctic_lng_russian_energy_shipping_sanctions;case_2014_crimea_financial_sanctions;case_2009_russia_ukraine_gas_transit_dispute;case_2011_libya_civil_war_oil_disruption;case_2024_ukraine_drone_attacks_russian_refineries;case_2022_russia_fertilizer_export_restrictions;case_2021_colonial_pipeline_ransomware;case_2022_russia_airspace_closure_aviation_routes,False,False,
evaluation_cases,eval_hormuz_tanker_tensions,eval_hormuz_tanker_tensions,freight_routes,1,case_1987_1988_tanker_war_reflagging,2,False,True,0,19,case_2021_suez_blockage;case_2023_red_sea_attacks;case_panama_canal_drought_shipping_capacity;case_black_sea_grain_export_disruption;case_cyberattack_pipeline_port_infrastructure;case_2023_port_of_nagoya_cyberattack;case_2024_us_east_gulf_port_strike;case_2019_india_pakistan_airspace_closure;case_2021_belarus_potash_sanctions;case_2017_notpetya_shipping_logistics_cyberattack;case_2023_black_sea_shipping_insurance_restrictions;case_2023_south_china_sea_shipping_tensions;case_2023_mexico_nearshoring_cross_border_policy_risk;case_1987_1988_tanker_war_reflagging;case_2008_somali_piracy_gulf_of_aden;case_2022_turkey_strait_tanker_insurance_backlog;case_2021_colonial_pipeline_ransomware;case_2023_dp_world_australia_cyber_port_disruption;case_2022_russia_airspace_closure_aviation_routes,18,case_2021_suez_blockage;case_2023_red_sea_attacks;case_panama_canal_drought_shipping_capacity;case_black_sea_grain_export_disruption;case_cyberattack_pipeline_port_infrastructure;case_2023_port_of_nagoya_cyberattack;case_2024_us_east_gulf_port_strike;case_2019_india_pakistan_airspace_closure;case_2021_belarus_potash_sanctions;case_2017_notpetya_shipping_logistics_cyberattack;case_2023_black_sea_shipping_insurance_restrictions;case_2023_south_china_sea_shipping_tensions;case_2023_mexico_nearshoring_cross_border_policy_risk;case_2008_somali_piracy_gulf_of_aden;case_2022_turkey_strait_tanker_insurance_backlog;case_2021_colonial_pipeline_ransomware;case_2023_dp_world_australia_cyber_port_disruption;case_2022_russia_airspace_closure_aviation_routes,True,False,
evaluation_cases,eval_hormuz_tanker_tensions,eval_hormuz_tanker_tensions,lng_shipping,2,case_hormuz_tanker_tensions;case_israel_iran_escalation_energy_risk,2,False,True,0,8,case_2023_red_sea_attacks;case_hormuz_tanker_tensions;case_russia_ukraine_energy_shock;case_panama_canal_drought_shipping_capacity;case_israel_iran_escalation_energy_risk;case_2022_nord_stream_pipeline_sabotage;case_2023_arctic_lng_russian_energy_shipping_sanctions;case_2009_russia_ukraine_gas_transit_dispute,6,case_2023_red_sea_attacks;case_russia_ukraine_energy_shock;case_panama_canal_drought_shipping_capacity;case_2022_nord_stream_pipeline_sabotage;case_2023_arctic_lng_russian_energy_shipping_sanctions;case_2009_russia_ukraine_gas_transit_dispute,False,False,
evaluation_cases,eval_hormuz_tanker_tensions,eval_hormuz_tanker_tensions,logistics,1,case_1987_1988_tanker_war_reflagging,2,False,True,0,33,case_2021_suez_blockage;case_2023_red_sea_attacks;case_2018_2019_us_china_tariffs;case_panama_canal_drought_shipping_capacity;case_black_sea_grain_export_disruption;case_cyberattack_pipeline_port_infrastructure;case_2023_port_of_nagoya_cyberattack;case_2024_us_east_gulf_port_strike;case_2022_india_wheat_export_ban;case_2017_north_korea_missile_escalation;case_2019_india_pakistan_airspace_closure;case_2022_ukraine_electricity_grid_attacks;case_2023_niger_coup_uranium_supply_risk;case_2021_belarus_potash_sanctions;case_2021_xinjiang_forced_labor_import_restrictions;case_2024_ev_tariff_escalation_china;case_2017_notpetya_shipping_logistics_cyberattack;case_2023_black_sea_shipping_insurance_restrictions;case_2023_south_china_sea_shipping_tensions;case_2024_drc_cobalt_copper_mining_disruption;case_2023_mexico_nearshoring_cross_border_policy_risk;case_2021_myanmar_coup_supply_chain_disruption;case_1987_1988_tanker_war_reflagging;case_2008_somali_piracy_gulf_of_aden;case_2022_turkey_strait_tanker_insurance_backlog;case_2019_cosco_shipping_sanctions_tanker_market;case_2011_libya_civil_war_oil_disruption;case_2022_peru_mine_protests_copper_supply;case_2008_rice_export_restrictions_food_security;case_2022_russia_fertilizer_export_restrictions;case_2021_colonial_pipeline_ransomware;case_2023_dp_world_australia_cyber_port_disruption;case_2022_russia_airspace_closure_aviation_routes,32,case_2021_suez_blockage;case_2023_red_sea_attacks;case_2018_2019_us_china_tariffs;case_panama_canal_drought_shipping_capacity;case_black_sea_grain_export_disruption;case_cyberattack_pipeline_port_infrastructure;case_2023_port_of_nagoya_cyberattack;case_2024_us_east_gulf_port_strike;case_2022_india_wheat_export_ban;case_2017_north_korea_missile_escalation;case_2019_india_pakistan_airspace_closure;case_2022_ukraine_electricity_grid_attacks;case_2023_niger_coup_uranium_supply_risk;case_2021_belarus_potash_sanctions;case_2021_xinjiang_forced_labor_import_restrictions;case_2024_ev_tariff_escalation_china;case_2017_notpetya_shipping_logistics_cyberattack;case_2023_black_sea_shipping_insurance_restrictions;case_2023_south_china_sea_shipping_tensions;case_2024_drc_cobalt_copper_mining_disruption;case_2023_mexico_nearshoring_cross_border_policy_risk;case_2021_myanmar_coup_supply_chain_disruption;case_2008_somali_piracy_gulf_of_aden;case_2022_turkey_strait_tanker_insurance_backlog;case_2019_cosco_shipping_sanctions_tanker_market;case_2011_libya_civil_war_oil_disruption;case_2022_peru_mine_protests_copper_supply;case_2008_rice_export_restrictions_food_security;case_2022_russia_fertilizer_export_restrictions;case_2021_colonial_pipeline_ransomware;case_2023_dp_world_australia_cyber_port_disruption;case_2022_russia_airspace_closure_aviation_routes,True,False,
evaluation_cases,eval_hormuz_tanker_tensions,eval_hormuz_tanker_tensions,marine_insurance,3,case_hormuz_tanker_tensions;case_1987_1988_tanker_war_reflagging;case_israel_iran_escalation_energy_risk,2,False,True,0,12,case_2023_red_sea_attacks;case_hormuz_tanker_tensions;case_israel_iran_escalation_energy_risk;case_2018_iran_oil_sanctions_reimposition;case_2023_black_sea_shipping_insurance_restrictions;case_2023_south_china_sea_shipping_tensions;case_2023_arctic_lng_russian_energy_shipping_sanctions;case_1987_1988_tanker_war_reflagging;case_2008_somali_piracy_gulf_of_aden;case_2022_turkey_strait_tanker_insurance_backlog;case_2018_iran_swift_restrictions;case_2019_cosco_shipping_sanctions_tanker_market,9,case_2023_red_sea_attacks;case_2018_iran_oil_sanctions_reimposition;case_2023_black_sea_shipping_insurance_restrictions;case_2023_south_china_sea_shipping_tensions;case_2023_arctic_lng_russian_energy_shipping_sanctions;case_2008_somali_piracy_gulf_of_aden;case_2022_turkey_strait_tanker_insurance_backlog;case_2018_iran_swift_restrictions;case_2019_cosco_shipping_sanctions_tanker_market,False,False,
evaluation_cases,eval_hormuz_tanker_tensions,eval_hormuz_tanker_tensions,maritime_chokepoint,3,case_hormuz_tanker_tensions;case_1987_1988_tanker_war_reflagging;case_israel_iran_escalation_energy_risk,2,False,True,0,12,case_2021_suez_blockage;case_2023_red_sea_attacks;case_hormuz_tanker_tensions;case_panama_canal_drought_shipping_capacity;case_black_sea_grain_export_disruption;case_israel_iran_escalation_energy_risk;case_2023_black_sea_shipping_insurance_restrictions;case_2023_south_china_sea_shipping_tensions;case_2023_arctic_lng_russian_energy_shipping_sanctions;case_1987_1988_tanker_war_reflagging;case_2008_somali_piracy_gulf_of_aden;case_2022_turkey_strait_tanker_insurance_backlog,9,case_2021_suez_blockage;case_2023_red_sea_attacks;case_panama_canal_drought_shipping_capacity;case_black_sea_grain_export_disruption;case_2023_black_sea_shipping_insurance_restrictions;case_2023_south_china_sea_shipping_tensions;case_2023_arctic_lng_russian_energy_shipping_sanctions;case_2008_somali_piracy_gulf_of_aden;case_2022_turkey_strait_tanker_insurance_backlog,False,False,
evaluation_cases,eval_hormuz_tanker_tensions,eval_hormuz_tanker_tensions,oil_shipping,3,case_hormuz_tanker_tensions;case_1987_1988_tanker_war_reflagging;case_israel_iran_escalation_energy_risk,2,False,True,0,17,case_2023_red_sea_attacks;case_hormuz_tanker_tensions;case_middle_east_oil_supply_disruption;case_opec_production_cut_policy_shock;case_israel_iran_escalation_energy_risk;case_2020_opec_plus_production_cut;case_2022_abu_dhabi_oil_facility_attack;case_2018_iran_oil_sanctions_reimposition;case_2019_venezuela_oil_sanctions;case_2023_arctic_lng_russian_energy_shipping_sanctions;case_1987_1988_tanker_war_reflagging;case_2008_somali_piracy_gulf_of_aden;case_2022_turkey_strait_tanker_insurance_backlog;case_2018_iran_swift_restrictions;case_2019_cosco_shipping_sanctions_tanker_market;case_2011_libya_civil_war_oil_disruption;case_2024_ukraine_drone_attacks_russian_refineries,14,case_2023_red_sea_attacks;case_middle_east_oil_supply_disruption;case_opec_production_cut_policy_shock;case_2020_opec_plus_production_cut;case_2022_abu_dhabi_oil_facility_attack;case_2018_iran_oil_sanctions_reimposition;case_2019_venezuela_oil_sanctions;case_2023_arctic_lng_russian_energy_shipping_sanctions;case_2008_somali_piracy_gulf_of_aden;case_2022_turkey_strait_tanker_insurance_backlog;case_2018_iran_swift_restrictions;case_2019_cosco_shipping_sanctions_tanker_market;case_2011_libya_civil_war_oil_disruption;case_2024_ukraine_drone_attacks_russian_refineries,False,False,
evaluation_cases,eval_hormuz_tanker_tensions,eval_hormuz_tanker_tensions,refining,2,case_hormuz_tanker_tensions;case_israel_iran_escalation_energy_risk,2,False,True,0,12,case_hormuz_tanker_tensions;case_russia_ukraine_energy_shock;case_middle_east_oil_supply_disruption;case_opec_production_cut_policy_shock;case_israel_iran_escalation_energy_risk;case_2020_opec_plus_production_cut;case_2022_abu_dhabi_oil_facility_attack;case_2018_iran_oil_sanctions_reimposition;case_2019_venezuela_oil_sanctions;case_2011_libya_civil_war_oil_disruption;case_2024_ukraine_drone_attacks_russian_refineries;case_2021_colonial_pipeline_ransomware,10,case_russia_ukraine_energy_shock;case_middle_east_oil_supply_disruption;case_opec_production_cut_policy_shock;case_2020_opec_plus_production_cut;case_2022_abu_dhabi_oil_facility_attack;case_2018_iran_oil_sanctions_reimposition;case_2019_venezuela_oil_sanctions;case_2011_libya_civil_war_oil_disruption;case_2024_ukraine_drone_attacks_russian_refineries;case_2021_colonial_pipeline_ransomware,False,False,
evaluation_cases,eval_suez_canal_blockage,eval_suez_canal_blockage,energy,1,case_2021_suez_blockage,2,False,True,0,28,case_2021_suez_blockage;case_hormuz_tanker_tensions;case_russia_ukraine_energy_shock;case_2022_gas_fertilizer_shock;case_middle_east_oil_supply_disruption;case_rare_earth_export_restriction_risk;case_opec_production_cut_policy_shock;case_israel_iran_escalation_energy_risk;case_cyberattack_pipeline_port_infrastructure;case_uranium_nuclear_fuel_supply_disruption;case_2022_russia_swift_financial_sanctions;case_2020_opec_plus_production_cut;case_2022_abu_dhabi_oil_facility_attack;case_2018_iran_oil_sanctions_reimposition;case_2019_venezuela_oil_sanctions;case_2022_nord_stream_pipeline_sabotage;case_2022_ukraine_electricity_grid_attacks;case_2023_niger_coup_uranium_supply_risk;case_2023_eu_carbon_border_adjustment_mechanism;case_2023_arctic_lng_russian_energy_shipping_sanctions;case_1987_1988_tanker_war_reflagging;case_2014_crimea_financial_sanctions;case_2009_russia_ukraine_gas_transit_dispute;case_2011_libya_civil_war_oil_disruption;case_2024_ukraine_drone_attacks_russian_refineries;case_2022_russia_fertilizer_export_restrictions;case_2021_colonial_pipeline_ransomware;case_2022_russia_airspace_closure_aviation_routes,27,case_hormuz_tanker_tensions;case_russia_ukraine_energy_shock;case_2022_gas_fertilizer_shock;case_middle_east_oil_supply_disruption;case_rare_earth_export_restriction_risk;case_opec_production_cut_policy_shock;case_israel_iran_escalation_energy_risk;case_cyberattack_pipeline_port_infrastructure;case_uranium_nuclear_fuel_supply_disruption;case_2022_russia_swift_financial_sanctions;case_2020_opec_plus_production_cut;case_2022_abu_dhabi_oil_facility_attack;case_2018_iran_oil_sanctions_reimposition;case_2019_venezuela_oil_sanctions;case_2022_nord_stream_pipeline_sabotage;case_2022_ukraine_electricity_grid_attacks;case_2023_niger_coup_uranium_supply_risk;case_2023_eu_carbon_border_adjustment_mechanism;case_2023_arctic_lng_russian_energy_shipping_sanctions;case_1987_1988_tanker_war_reflagging;case_2014_crimea_financial_sanctions;case_2009_russia_ukraine_gas_transit_dispute;case_2011_libya_civil_war_oil_disruption;case_2024_ukraine_drone_attacks_russian_refineries;case_2022_russia_fertilizer_export_restrictions;case_2021_colonial_pipeline_ransomware;case_2022_russia_airspace_closure_aviation_routes,True,False,
evaluation_cases,eval_suez_canal_blockage,eval_suez_canal_blockage,lng_shipping,1,case_2023_red_sea_attacks,2,False,True,0,8,case_2023_red_sea_attacks;case_hormuz_tanker_tensions;case_russia_ukraine_energy_shock;case_panama_canal_drought_shipping_capacity;case_israel_iran_escalation_energy_risk;case_2022_nord_stream_pipeline_sabotage;case_2023_arctic_lng_russian_energy_shipping_sanctions;case_2009_russia_ukraine_gas_transit_dispute,7,case_hormuz_tanker_tensions;case_russia_ukraine_energy_shock;case_panama_canal_drought_shipping_capacity;case_israel_iran_escalation_energy_risk;case_2022_nord_stream_pipeline_sabotage;case_2023_arctic_lng_russian_energy_shipping_sanctions;case_2009_russia_ukraine_gas_transit_dispute,True,False,
evaluation_cases,eval_suez_canal_blockage,eval_suez_canal_blockage,marine_insurance,1,case_2023_red_sea_attacks,2,False,True,0,12,case_2023_red_sea_attacks;case_hormuz_tanker_tensions;case_israel_iran_escalation_energy_risk;case_2018_iran_oil_sanctions_reimposition;case_2023_black_sea_shipping_insurance_restrictions;case_2023_south_china_sea_shipping_tensions;case_2023_arctic_lng_russian_energy_shipping_sanctions;case_1987_1988_tanker_war_reflagging;case_2008_somali_piracy_gulf_of_aden;case_2022_turkey_strait_tanker_insurance_backlog;case_2018_iran_swift_restrictions;case_2019_cosco_shipping_sanctions_tanker_market,11,case_hormuz_tanker_tensions;case_israel_iran_escalation_energy_risk;case_2018_iran_oil_sanctions_reimposition;case_2023_black_sea_shipping_insurance_restrictions;case_2023_south_china_sea_shipping_tensions;case_2023_arctic_lng_russian_energy_shipping_sanctions;case_1987_1988_tanker_war_reflagging;case_2008_somali_piracy_gulf_of_aden;case_2022_turkey_strait_tanker_insurance_backlog;case_2018_iran_swift_restrictions;case_2019_cosco_shipping_sanctions_tanker_market,True,False,
evaluation_cases,eval_suez_canal_blockage,eval_suez_canal_blockage,oil_shipping,1,case_2023_red_sea_attacks,2,False,True,0,17,case_2023_red_sea_attacks;case_hormuz_tanker_tensions;case_middle_east_oil_supply_disruption;case_opec_production_cut_policy_shock;case_israel_iran_escalation_energy_risk;case_2020_opec_plus_production_cut;case_2022_abu_dhabi_oil_facility_attack;case_2018_iran_oil_sanctions_reimposition;case_2019_venezuela_oil_sanctions;case_2023_arctic_lng_russian_energy_shipping_sanctions;case_1987_1988_tanker_war_reflagging;case_2008_somali_piracy_gulf_of_aden;case_2022_turkey_strait_tanker_insurance_backlog;case_2018_iran_swift_restrictions;case_2019_cosco_shipping_sanctions_tanker_market;case_2011_libya_civil_war_oil_disruption;case_2024_ukraine_drone_attacks_russian_refineries,16,case_hormuz_tanker_tensions;case_middle_east_oil_supply_disruption;case_opec_production_cut_policy_shock;case_israel_iran_escalation_energy_risk;case_2020_opec_plus_production_cut;case_2022_abu_dhabi_oil_facility_attack;case_2018_iran_oil_sanctions_reimposition;case_2019_venezuela_oil_sanctions;case_2023_arctic_lng_russian_energy_shipping_sanctions;case_1987_1988_tanker_war_reflagging;case_2008_somali_piracy_gulf_of_aden;case_2022_turkey_strait_tanker_insurance_backlog;case_2018_iran_swift_restrictions;case_2019_cosco_shipping_sanctions_tanker_market;case_2011_libya_civil_war_oil_disruption;case_2024_ukraine_drone_attacks_russian_refineries,True,False,
evaluation_cases,eval_suez_canal_blockage,eval_suez_canal_blockage,port_labor,1,case_2024_us_east_gulf_port_strike,2,False,True,0,1,case_2024_us_east_gulf_port_strike,0,,False,False,
evaluation_cases,eval_suez_canal_blockage,eval_suez_canal_blockage,trade_lanes,1,case_2024_us_east_gulf_port_strike,2,False,True,0,31,case_2018_2019_us_china_tariffs;case_uranium_nuclear_fuel_supply_disruption;case_2022_russia_swift_financial_sanctions;case_2024_us_east_gulf_port_strike;case_2022_india_wheat_export_ban;case_2022_russia_aviation_supply_chain_sanctions;case_2017_north_korea_missile_escalation;case_2019_india_pakistan_airspace_closure;case_2023_niger_coup_uranium_supply_risk;case_2022_chile_lithium_policy_shift;case_2020_indonesia_nickel_export_ban;case_2021_belarus_potash_sanctions;case_2021_xinjiang_forced_labor_import_restrictions;case_2024_ev_tariff_escalation_china;case_2023_south_china_sea_shipping_tensions;case_2024_drc_cobalt_copper_mining_disruption;case_2023_mexico_nearshoring_cross_border_policy_risk;case_2023_eu_carbon_border_adjustment_mechanism;case_2021_myanmar_coup_supply_chain_disruption;case_2014_crimea_financial_sanctions;case_2018_iran_swift_restrictions;case_2019_cosco_shipping_sanctions_tanker_market;case_2009_russia_ukraine_gas_transit_dispute;case_2011_libya_civil_war_oil_disruption;case_2010_china_japan_rare_earth_embargo;case_2022_peru_mine_protests_copper_supply;case_2023_panama_cobre_mine_closure;case_2008_rice_export_restrictions_food_security;case_2022_russia_fertilizer_export_restrictions;case_2023_dp_world_australia_cyber_port_disruption;case_2019_turkey_f35_s400_defense_restrictions,30,case_2018_2019_us_china_tariffs;case_uranium_nuclear_fuel_supply_disruption;case_2022_russia_swift_financial_sanctions;case_2022_india_wheat_export_ban;case_2022_russia_aviation_supply_chain_sanctions;case_2017_north_korea_missile_escalation;case_2019_india_pakistan_airspace_closure;case_2023_niger_coup_uranium_supply_risk;case_2022_chile_lithium_policy_shift;case_2020_indonesia_nickel_export_ban;case_2021_belarus_potash_sanctions;case_2021_xinjiang_forced_labor_import_restrictions;case_2024_ev_tariff_escalation_china;case_2023_south_china_sea_shipping_tensions;case_2024_drc_cobalt_copper_mining_disruption;case_2023_mexico_nearshoring_cross_border_policy_risk;case_2023_eu_carbon_border_adjustment_mechanism;case_2021_myanmar_coup_supply_chain_disruption;case_2014_crimea_financial_sanctions;case_2018_iran_swift_restrictions;case_2019_cosco_shipping_sanctions_tanker_market;case_2009_russia_ukraine_gas_transit_dispute;case_2011_libya_civil_war_oil_disruption;case_2010_china_japan_rare_earth_embargo;case_2022_peru_mine_protests_copper_supply;case_2023_panama_cobre_mine_closure;case_2008_rice_export_restrictions_food_security;case_2022_russia_fertilizer_export_restrictions;case_2023_dp_world_australia_cyber_port_disruption;case_2019_turkey_f35_s400_defense_restrictions,True,False,
evaluation_cases,eval_huawei_entity_list,eval_huawei_entity_list,manufacturing_inputs,2,case_2020_smic_entity_list_semiconductor_controls;case_2019_huawei_entity_list,2,True,True,2,34,case_russia_ukraine_energy_shock;case_2019_huawei_entity_list;case_2018_2019_us_china_tariffs;case_2022_gas_fertilizer_shock;case_taiwan_strait_semiconductor_risk;case_rare_earth_export_restriction_risk;case_china_gallium_germanium_graphite_controls;case_defense_spending_shock_after_escalation;case_uranium_nuclear_fuel_supply_disruption;case_2023_port_of_nagoya_cyberattack;case_2023_middle_east_defense_supply_escalation;case_2023_china_graphite_battery_export_controls;case_2022_russia_aviation_supply_chain_sanctions;case_2017_north_korea_missile_escalation;case_2019_india_pakistan_airspace_closure;case_2022_nord_stream_pipeline_sabotage;case_2022_ukraine_electricity_grid_attacks;case_2022_chile_lithium_policy_shift;case_2020_indonesia_nickel_export_ban;case_2021_xinjiang_forced_labor_import_restrictions;case_2024_ev_tariff_escalation_china;case_2017_notpetya_shipping_logistics_cyberattack;case_2024_drc_cobalt_copper_mining_disruption;case_2023_mexico_nearshoring_cross_border_policy_risk;case_2023_eu_carbon_border_adjustment_mechanism;case_2021_myanmar_coup_supply_chain_disruption;case_2014_crimea_financial_sanctions;case_2009_russia_ukraine_gas_transit_dispute;case_2010_china_japan_rare_earth_embargo;case_2022_peru_mine_protests_copper_supply;case_2023_panama_cobre_mine_closure;case_2020_smic_entity_list_semiconductor_controls;case_2023_japan_chip_equipment_export_controls;case_2019_turkey_f35_s400_defense_restrictions,32,case_russia_ukraine_energy_shock;case_2018_2019_us_china_tariffs;case_2022_gas_fertilizer_shock;case_taiwan_strait_semiconductor_risk;case_rare_earth_export_restriction_risk;case_china_gallium_germanium_graphite_controls;case_defense_spending_shock_after_escalation;case_uranium_nuclear_fuel_supply_disruption;case_2023_port_of_nagoya_cyberattack;case_2023_middle_east_defense_supply_escalation;case_2023_china_graphite_battery_export_controls;case_2022_russia_aviation_supply_chain_sanctions;case_2017_north_korea_missile_escalation;case_2019_india_pakistan_airspace_closure;case_2022_nord_stream_pipeline_sabotage;case_2022_ukraine_electricity_grid_attacks;case_2022_chile_lithium_policy_shift;case_2020_indonesia_nickel_export_ban;case_2021_xinjiang_forced_labor_import_restrictions;case_2024_ev_tariff_escalation_china;case_2017_notpetya_shipping_logistics_cyberattack;case_2024_drc_cobalt_copper_mining_disruption;case_2023_mexico_nearshoring_cross_border_policy_risk;case_2023_eu_carbon_border_adjustment_mechanism;case_2021_myanmar_coup_supply_chain_disruption;case_2014_crimea_financial_sanctions;case_2009_russia_ukraine_gas_transit_dispute;case_2010_china_japan_rare_earth_embargo;case_2022_peru_mine_protests_copper_supply;case_2023_panama_cobre_mine_closure;case_2023_japan_chip_equipment_export_controls;case_2019_turkey_f35_s400_defense_restrictions,False,False,
evaluation_cases,eval_dutch_asml_export_controls,eval_dutch_asml_export_controls,manufacturing_inputs,2,case_2020_smic_entity_list_semiconductor_controls;case_2023_japan_chip_equipment_export_controls,2,True,True,2,34,case_russia_ukraine_energy_shock;case_2019_huawei_entity_list;case_2018_2019_us_china_tariffs;case_2022_gas_fertilizer_shock;case_taiwan_strait_semiconductor_risk;case_rare_earth_export_restriction_risk;case_china_gallium_germanium_graphite_controls;case_defense_spending_shock_after_escalation;case_uranium_nuclear_fuel_supply_disruption;case_2023_port_of_nagoya_cyberattack;case_2023_middle_east_defense_supply_escalation;case_2023_china_graphite_battery_export_controls;case_2022_russia_aviation_supply_chain_sanctions;case_2017_north_korea_missile_escalation;case_2019_india_pakistan_airspace_closure;case_2022_nord_stream_pipeline_sabotage;case_2022_ukraine_electricity_grid_attacks;case_2022_chile_lithium_policy_shift;case_2020_indonesia_nickel_export_ban;case_2021_xinjiang_forced_labor_import_restrictions;case_2024_ev_tariff_escalation_china;case_2017_notpetya_shipping_logistics_cyberattack;case_2024_drc_cobalt_copper_mining_disruption;case_2023_mexico_nearshoring_cross_border_policy_risk;case_2023_eu_carbon_border_adjustment_mechanism;case_2021_myanmar_coup_supply_chain_disruption;case_2014_crimea_financial_sanctions;case_2009_russia_ukraine_gas_transit_dispute;case_2010_china_japan_rare_earth_embargo;case_2022_peru_mine_protests_copper_supply;case_2023_panama_cobre_mine_closure;case_2020_smic_entity_list_semiconductor_controls;case_2023_japan_chip_equipment_export_controls;case_2019_turkey_f35_s400_defense_restrictions,32,case_russia_ukraine_energy_shock;case_2019_huawei_entity_list;case_2018_2019_us_china_tariffs;case_2022_gas_fertilizer_shock;case_taiwan_strait_semiconductor_risk;case_rare_earth_export_restriction_risk;case_china_gallium_germanium_graphite_controls;case_defense_spending_shock_after_escalation;case_uranium_nuclear_fuel_supply_disruption;case_2023_port_of_nagoya_cyberattack;case_2023_middle_east_defense_supply_escalation;case_2023_china_graphite_battery_export_controls;case_2022_russia_aviation_supply_chain_sanctions;case_2017_north_korea_missile_escalation;case_2019_india_pakistan_airspace_closure;case_2022_nord_stream_pipeline_sabotage;case_2022_ukraine_electricity_grid_attacks;case_2022_chile_lithium_policy_shift;case_2020_indonesia_nickel_export_ban;case_2021_xinjiang_forced_labor_import_restrictions;case_2024_ev_tariff_escalation_china;case_2017_notpetya_shipping_logistics_cyberattack;case_2024_drc_cobalt_copper_mining_disruption;case_2023_mexico_nearshoring_cross_border_policy_risk;case_2023_eu_carbon_border_adjustment_mechanism;case_2021_myanmar_coup_supply_chain_disruption;case_2014_crimea_financial_sanctions;case_2009_russia_ukraine_gas_transit_dispute;case_2010_china_japan_rare_earth_embargo;case_2022_peru_mine_protests_copper_supply;case_2023_panama_cobre_mine_closure;case_2019_turkey_f35_s400_defense_restrictions,False,False,
evaluation_cases,eval_taiwan_strait_semiconductor_risk,eval_taiwan_strait_semiconductor_risk,customs,1,case_2023_japan_chip_equipment_export_controls,2,False,True,0,32,case_2023_dutch_asml_controls;case_2019_huawei_entity_list;case_2018_2019_us_china_tariffs;case_china_gallium_germanium_graphite_controls;case_uranium_nuclear_fuel_supply_disruption;case_2022_russia_swift_financial_sanctions;case_2023_china_graphite_battery_export_controls;case_2022_india_wheat_export_ban;case_2022_russia_aviation_supply_chain_sanctions;case_2023_niger_coup_uranium_supply_risk;case_2022_chile_lithium_policy_shift;case_2020_indonesia_nickel_export_ban;case_2021_belarus_potash_sanctions;case_2021_xinjiang_forced_labor_import_restrictions;case_2024_ev_tariff_escalation_china;case_2024_drc_cobalt_copper_mining_disruption;case_2023_mexico_nearshoring_cross_border_policy_risk;case_2023_eu_carbon_border_adjustment_mechanism;case_2021_myanmar_coup_supply_chain_disruption;case_2022_turkey_strait_tanker_insurance_backlog;case_2014_crimea_financial_sanctions;case_2018_iran_swift_restrictions;case_2019_cosco_shipping_sanctions_tanker_market;case_2010_china_japan_rare_earth_embargo;case_2022_peru_mine_protests_copper_supply;case_2023_panama_cobre_mine_closure;case_2008_rice_export_restrictions_food_security;case_2022_russia_fertilizer_export_restrictions;case_2020_smic_entity_list_semiconductor_controls;case_2023_japan_chip_equipment_export_controls;case_2019_turkey_f35_s400_defense_restrictions;case_2022_russia_airspace_closure_aviation_routes,31,case_2023_dutch_asml_controls;case_2019_huawei_entity_list;case_2018_2019_us_china_tariffs;case_china_gallium_germanium_graphite_controls;case_uranium_nuclear_fuel_supply_disruption;case_2022_russia_swift_financial_sanctions;case_2023_china_graphite_battery_export_controls;case_2022_india_wheat_export_ban;case_2022_russia_aviation_supply_chain_sanctions;case_2023_niger_coup_uranium_supply_risk;case_2022_chile_lithium_policy_shift;case_2020_indonesia_nickel_export_ban;case_2021_belarus_potash_sanctions;case_2021_xinjiang_forced_labor_import_restrictions;case_2024_ev_tariff_escalation_china;case_2024_drc_cobalt_copper_mining_disruption;case_2023_mexico_nearshoring_cross_border_policy_risk;case_2023_eu_carbon_border_adjustment_mechanism;case_2021_myanmar_coup_supply_chain_disruption;case_2022_turkey_strait_tanker_insurance_backlog;case_2014_crimea_financial_sanctions;case_2018_iran_swift_restrictions;case_2019_cosco_shipping_sanctions_tanker_market;case_2010_china_japan_rare_earth_embargo;case_2022_peru_mine_protests_copper_supply;case_2023_panama_cobre_mine_closure;case_2008_rice_export_restrictions_food_security;case_2022_russia_fertilizer_export_restrictions;case_2020_smic_entity_list_semiconductor_controls;case_2019_turkey_f35_s400_defense_restrictions;case_2022_russia_airspace_closure_aviation_routes,True,False,
evaluation_cases,eval_taiwan_strait_semiconductor_risk,eval_taiwan_strait_semiconductor_risk,taiwan_semiconductor_supply,1,case_2024_taiwan_strait_drills_semiconductor_supply,2,False,True,0,1,case_2024_taiwan_strait_drills_semiconductor_supply,0,,False,False,
evaluation_cases,eval_rare_earth_critical_minerals_controls,eval_rare_earth_critical_minerals_controls,ai_chips,1,case_china_gallium_germanium_graphite_controls,2,False,True,0,8,case_2022_us_china_semiconductor_controls;case_2019_huawei_entity_list;case_taiwan_strait_semiconductor_risk;case_china_gallium_germanium_graphite_controls;case_defense_spending_shock_after_escalation;case_2023_middle_east_defense_supply_escalation;case_2024_taiwan_strait_drills_semiconductor_supply;case_2023_japan_chip_equipment_export_controls,7,case_2022_us_china_semiconductor_controls;case_2019_huawei_entity_list;case_taiwan_strait_semiconductor_risk;case_defense_spending_shock_after_escalation;case_2023_middle_east_defense_supply_escalation;case_2024_taiwan_strait_drills_semiconductor_supply;case_2023_japan_chip_equipment_export_controls,True,False,
evaluation_cases,eval_rare_earth_critical_minerals_controls,eval_rare_earth_critical_minerals_controls,battery_materials,1,case_2023_china_graphite_battery_export_controls,2,False,True,0,7,case_2023_china_graphite_battery_export_controls;case_2022_chile_lithium_policy_shift;case_2020_indonesia_nickel_export_ban;case_2024_ev_tariff_escalation_china;case_2024_drc_cobalt_copper_mining_disruption;case_2022_peru_mine_protests_copper_supply;case_2023_panama_cobre_mine_closure,6,case_2022_chile_lithium_policy_shift;case_2020_indonesia_nickel_export_ban;case_2024_ev_tariff_escalation_china;case_2024_drc_cobalt_copper_mining_disruption;case_2022_peru_mine_protests_copper_supply;case_2023_panama_cobre_mine_closure,True,False,
evaluation_cases,eval_rare_earth_critical_minerals_controls,eval_rare_earth_critical_minerals_controls,defense,1,case_rare_earth_export_restriction_risk,2,False,True,0,15,case_taiwan_strait_semiconductor_risk;case_rare_earth_export_restriction_risk;case_israel_iran_escalation_energy_risk;case_defense_spending_shock_after_escalation;case_2023_middle_east_defense_supply_escalation;case_2024_taiwan_strait_drills_semiconductor_supply;case_2022_abu_dhabi_oil_facility_attack;case_2022_russia_aviation_supply_chain_sanctions;case_2017_north_korea_missile_escalation;case_2019_india_pakistan_airspace_closure;case_2022_ukraine_electricity_grid_attacks;case_2023_south_china_sea_shipping_tensions;case_1987_1988_tanker_war_reflagging;case_2010_china_japan_rare_earth_embargo;case_2019_turkey_f35_s400_defense_restrictions,14,case_taiwan_strait_semiconductor_risk;case_israel_iran_escalation_energy_risk;case_defense_spending_shock_after_escalation;case_2023_middle_east_defense_supply_escalation;case_2024_taiwan_strait_drills_semiconductor_supply;case_2022_abu_dhabi_oil_facility_attack;case_2022_russia_aviation_supply_chain_sanctions;case_2017_north_korea_missile_escalation;case_2019_india_pakistan_airspace_closure;case_2022_ukraine_electricity_grid_attacks;case_2023_south_china_sea_shipping_tensions;case_1987_1988_tanker_war_reflagging;case_2010_china_japan_rare_earth_embargo;case_2019_turkey_f35_s400_defense_restrictions,True,False,
evaluation_cases,eval_rare_earth_critical_minerals_controls,eval_rare_earth_critical_minerals_controls,energy,1,case_rare_earth_export_restriction_risk,2,False,True,0,28,case_2021_suez_blockage;case_hormuz_tanker_tensions;case_russia_ukraine_energy_shock;case_2022_gas_fertilizer_shock;case_middle_east_oil_supply_disruption;case_rare_earth_export_restriction_risk;case_opec_production_cut_policy_shock;case_israel_iran_escalation_energy_risk;case_cyberattack_pipeline_port_infrastructure;case_uranium_nuclear_fuel_supply_disruption;case_2022_russia_swift_financial_sanctions;case_2020_opec_plus_production_cut;case_2022_abu_dhabi_oil_facility_attack;case_2018_iran_oil_sanctions_reimposition;case_2019_venezuela_oil_sanctions;case_2022_nord_stream_pipeline_sabotage;case_2022_ukraine_electricity_grid_attacks;case_2023_niger_coup_uranium_supply_risk;case_2023_eu_carbon_border_adjustment_mechanism;case_2023_arctic_lng_russian_energy_shipping_sanctions;case_1987_1988_tanker_war_reflagging;case_2014_crimea_financial_sanctions;case_2009_russia_ukraine_gas_transit_dispute;case_2011_libya_civil_war_oil_disruption;case_2024_ukraine_drone_attacks_russian_refineries;case_2022_russia_fertilizer_export_restrictions;case_2021_colonial_pipeline_ransomware;case_2022_russia_airspace_closure_aviation_routes,27,case_2021_suez_blockage;case_hormuz_tanker_tensions;case_russia_ukraine_energy_shock;case_2022_gas_fertilizer_shock;case_middle_east_oil_supply_disruption;case_opec_production_cut_policy_shock;case_israel_iran_escalation_energy_risk;case_cyberattack_pipeline_port_infrastructure;case_uranium_nuclear_fuel_supply_disruption;case_2022_russia_swift_financial_sanctions;case_2020_opec_plus_production_cut;case_2022_abu_dhabi_oil_facility_attack;case_2018_iran_oil_sanctions_reimposition;case_2019_venezuela_oil_sanctions;case_2022_nord_stream_pipeline_sabotage;case_2022_ukraine_electricity_grid_attacks;case_2023_niger_coup_uranium_supply_risk;case_2023_eu_carbon_border_adjustment_mechanism;case_2023_arctic_lng_russian_energy_shipping_sanctions;case_1987_1988_tanker_war_reflagging;case_2014_crimea_financial_sanctions;case_2009_russia_ukraine_gas_transit_dispute;case_2011_libya_civil_war_oil_disruption;case_2024_ukraine_drone_attacks_russian_refineries;case_2022_russia_fertilizer_export_restrictions;case_2021_colonial_pipeline_ransomware;case_2022_russia_airspace_closure_aviation_routes,True,False,
evaluation_cases,eval_rare_earth_critical_minerals_controls,eval_rare_earth_critical_minerals_controls,graphite,1,case_2023_china_graphite_battery_export_controls,2,False,True,0,1,case_2023_china_graphite_battery_export_controls,0,,False,False,
evaluation_cases,eval_rare_earth_critical_minerals_controls,eval_rare_earth_critical_minerals_controls,semiconductor_equipment,1,case_china_gallium_germanium_graphite_controls,2,False,True,0,11,case_2022_us_china_semiconductor_controls;case_2023_dutch_asml_controls;case_2019_huawei_entity_list;case_taiwan_strait_semiconductor_risk;case_china_gallium_germanium_graphite_controls;case_defense_spending_shock_after_escalation;case_2024_taiwan_strait_drills_semiconductor_supply;case_2017_north_korea_missile_escalation;case_2020_smic_entity_list_semiconductor_controls;case_2023_japan_chip_equipment_export_controls;case_2019_turkey_f35_s400_defense_restrictions,10,case_2022_us_china_semiconductor_controls;case_2023_dutch_asml_controls;case_2019_huawei_entity_list;case_taiwan_strait_semiconductor_risk;case_defense_spending_shock_after_escalation;case_2024_taiwan_strait_drills_semiconductor_supply;case_2017_north_korea_missile_escalation;case_2020_smic_entity_list_semiconductor_controls;case_2023_japan_chip_equipment_export_controls;case_2019_turkey_f35_s400_defense_restrictions,True,False,
evaluation_cases,eval_panama_canal_drought_shipping,eval_panama_canal_drought_shipping,marine_insurance,1,case_2023_red_sea_attacks,2,False,True,0,12,case_2023_red_sea_attacks;case_hormuz_tanker_tensions;case_israel_iran_escalation_energy_risk;case_2018_iran_oil_sanctions_reimposition;case_2023_black_sea_shipping_insurance_restrictions;case_2023_south_china_sea_shipping_tensions;case_2023_arctic_lng_russian_energy_shipping_sanctions;case_1987_1988_tanker_war_reflagging;case_2008_somali_piracy_gulf_of_aden;case_2022_turkey_strait_tanker_insurance_backlog;case_2018_iran_swift_restrictions;case_2019_cosco_shipping_sanctions_tanker_market,11,case_hormuz_tanker_tensions;case_israel_iran_escalation_energy_risk;case_2018_iran_oil_sanctions_reimposition;case_2023_black_sea_shipping_insurance_restrictions;case_2023_south_china_sea_shipping_tensions;case_2023_arctic_lng_russian_energy_shipping_sanctions;case_1987_1988_tanker_war_reflagging;case_2008_somali_piracy_gulf_of_aden;case_2022_turkey_strait_tanker_insurance_backlog;case_2018_iran_swift_restrictions;case_2019_cosco_shipping_sanctions_tanker_market,True,False,
evaluation_cases,eval_panama_canal_drought_shipping,eval_panama_canal_drought_shipping,oil_shipping,1,case_2023_red_sea_attacks,2,False,True,0,17,case_2023_red_sea_attacks;case_hormuz_tanker_tensions;case_middle_east_oil_supply_disruption;case_opec_production_cut_policy_shock;case_israel_iran_escalation_energy_risk;case_2020_opec_plus_production_cut;case_2022_abu_dhabi_oil_facility_attack;case_2018_iran_oil_sanctions_reimposition;case_2019_venezuela_oil_sanctions;case_2023_arctic_lng_russian_energy_shipping_sanctions;case_1987_1988_tanker_war_reflagging;case_2008_somali_piracy_gulf_of_aden;case_2022_turkey_strait_tanker_insurance_backlog;case_2018_iran_swift_restrictions;case_2019_cosco_shipping_sanctions_tanker_market;case_2011_libya_civil_war_oil_disruption;case_2024_ukraine_drone_attacks_russian_refineries,16,case_hormuz_tanker_tensions;case_middle_east_oil_supply_disruption;case_opec_production_cut_policy_shock;case_israel_iran_escalation_energy_risk;case_2020_opec_plus_production_cut;case_2022_abu_dhabi_oil_facility_attack;case_2018_iran_oil_sanctions_reimposition;case_2019_venezuela_oil_sanctions;case_2023_arctic_lng_russian_energy_shipping_sanctions;case_1987_1988_tanker_war_reflagging;case_2008_somali_piracy_gulf_of_aden;case_2022_turkey_strait_tanker_insurance_backlog;case_2018_iran_swift_restrictions;case_2019_cosco_shipping_sanctions_tanker_market;case_2011_libya_civil_war_oil_disruption;case_2024_ukraine_drone_attacks_russian_refineries,True,False,
evaluation_cases,eval_panama_canal_drought_shipping,eval_panama_canal_drought_shipping,port_labor,1,case_2024_us_east_gulf_port_strike,2,False,True,0,1,case_2024_us_east_gulf_port_strike,0,,False,False,
evaluation_cases,eval_panama_canal_drought_shipping,eval_panama_canal_drought_shipping,ports,1,case_2024_us_east_gulf_port_strike,2,False,True,0,9,case_2021_suez_blockage;case_cyberattack_pipeline_port_infrastructure;case_2023_port_of_nagoya_cyberattack;case_2024_us_east_gulf_port_strike;case_2017_notpetya_shipping_logistics_cyberattack;case_2023_mexico_nearshoring_cross_border_policy_risk;case_2021_myanmar_coup_supply_chain_disruption;case_2023_panama_cobre_mine_closure;case_2023_dp_world_australia_cyber_port_disruption,8,case_2021_suez_blockage;case_cyberattack_pipeline_port_infrastructure;case_2023_port_of_nagoya_cyberattack;case_2017_notpetya_shipping_logistics_cyberattack;case_2023_mexico_nearshoring_cross_border_policy_risk;case_2021_myanmar_coup_supply_chain_disruption;case_2023_panama_cobre_mine_closure;case_2023_dp_world_australia_cyber_port_disruption,True,False,
evaluation_cases,eval_panama_canal_drought_shipping,eval_panama_canal_drought_shipping,trade_lanes,1,case_2024_us_east_gulf_port_strike,2,False,True,0,31,case_2018_2019_us_china_tariffs;case_uranium_nuclear_fuel_supply_disruption;case_2022_russia_swift_financial_sanctions;case_2024_us_east_gulf_port_strike;case_2022_india_wheat_export_ban;case_2022_russia_aviation_supply_chain_sanctions;case_2017_north_korea_missile_escalation;case_2019_india_pakistan_airspace_closure;case_2023_niger_coup_uranium_supply_risk;case_2022_chile_lithium_policy_shift;case_2020_indonesia_nickel_export_ban;case_2021_belarus_potash_sanctions;case_2021_xinjiang_forced_labor_import_restrictions;case_2024_ev_tariff_escalation_china;case_2023_south_china_sea_shipping_tensions;case_2024_drc_cobalt_copper_mining_disruption;case_2023_mexico_nearshoring_cross_border_policy_risk;case_2023_eu_carbon_border_adjustment_mechanism;case_2021_myanmar_coup_supply_chain_disruption;case_2014_crimea_financial_sanctions;case_2018_iran_swift_restrictions;case_2019_cosco_shipping_sanctions_tanker_market;case_2009_russia_ukraine_gas_transit_dispute;case_2011_libya_civil_war_oil_disruption;case_2010_china_japan_rare_earth_embargo;case_2022_peru_mine_protests_copper_supply;case_2023_panama_cobre_mine_closure;case_2008_rice_export_restrictions_food_security;case_2022_russia_fertilizer_export_restrictions;case_2023_dp_world_australia_cyber_port_disruption;case_2019_turkey_f35_s400_defense_restrictions,30,case_2018_2019_us_china_tariffs;case_uranium_nuclear_fuel_supply_disruption;case_2022_russia_swift_financial_sanctions;case_2022_india_wheat_export_ban;case_2022_russia_aviation_supply_chain_sanctions;case_2017_north_korea_missile_escalation;case_2019_india_pakistan_airspace_closure;case_2023_niger_coup_uranium_supply_risk;case_2022_chile_lithium_policy_shift;case_2020_indonesia_nickel_export_ban;case_2021_belarus_potash_sanctions;case_2021_xinjiang_forced_labor_import_restrictions;case_2024_ev_tariff_escalation_china;case_2023_south_china_sea_shipping_tensions;case_2024_drc_cobalt_copper_mining_disruption;case_2023_mexico_nearshoring_cross_border_policy_risk;case_2023_eu_carbon_border_adjustment_mechanism;case_2021_myanmar_coup_supply_chain_disruption;case_2014_crimea_financial_sanctions;case_2018_iran_swift_restrictions;case_2019_cosco_shipping_sanctions_tanker_market;case_2009_russia_ukraine_gas_transit_dispute;case_2011_libya_civil_war_oil_disruption;case_2010_china_japan_rare_earth_embargo;case_2022_peru_mine_protests_copper_supply;case_2023_panama_cobre_mine_closure;case_2008_rice_export_restrictions_food_security;case_2022_russia_fertilizer_export_restrictions;case_2023_dp_world_australia_cyber_port_disruption;case_2019_turkey_f35_s400_defense_restrictions,True,False,
evaluation_cases,eval_black_sea_grain_export_disruption,eval_black_sea_grain_export_disruption,container_shipping,1,case_2023_red_sea_attacks,2,False,True,0,8,case_2021_suez_blockage;case_2023_red_sea_attacks;case_panama_canal_drought_shipping_capacity;case_2024_us_east_gulf_port_strike;case_2017_notpetya_shipping_logistics_cyberattack;case_2023_south_china_sea_shipping_tensions;case_2008_somali_piracy_gulf_of_aden;case_2023_dp_world_australia_cyber_port_disruption,7,case_2021_suez_blockage;case_panama_canal_drought_shipping_capacity;case_2024_us_east_gulf_port_strike;case_2017_notpetya_shipping_logistics_cyberattack;case_2023_south_china_sea_shipping_tensions;case_2008_somali_piracy_gulf_of_aden;case_2023_dp_world_australia_cyber_port_disruption,True,False,
evaluation_cases,eval_black_sea_grain_export_disruption,eval_black_sea_grain_export_disruption,lng_shipping,1,case_2023_red_sea_attacks,2,False,True,0,8,case_2023_red_sea_attacks;case_hormuz_tanker_tensions;case_russia_ukraine_energy_shock;case_panama_canal_drought_shipping_capacity;case_israel_iran_escalation_energy_risk;case_2022_nord_stream_pipeline_sabotage;case_2023_arctic_lng_russian_energy_shipping_sanctions;case_2009_russia_ukraine_gas_transit_dispute,7,case_hormuz_tanker_tensions;case_russia_ukraine_energy_shock;case_panama_canal_drought_shipping_capacity;case_israel_iran_escalation_energy_risk;case_2022_nord_stream_pipeline_sabotage;case_2023_arctic_lng_russian_energy_shipping_sanctions;case_2009_russia_ukraine_gas_transit_dispute,True,False,
evaluation_cases,eval_black_sea_grain_export_disruption,eval_black_sea_grain_export_disruption,marine_insurance,2,case_2023_black_sea_shipping_insurance_restrictions;case_2023_red_sea_attacks,2,True,True,2,12,case_2023_red_sea_attacks;case_hormuz_tanker_tensions;case_israel_iran_escalation_energy_risk;case_2018_iran_oil_sanctions_reimposition;case_2023_black_sea_shipping_insurance_restrictions;case_2023_south_china_sea_shipping_tensions;case_2023_arctic_lng_russian_energy_shipping_sanctions;case_1987_1988_tanker_war_reflagging;case_2008_somali_piracy_gulf_of_aden;case_2022_turkey_strait_tanker_insurance_backlog;case_2018_iran_swift_restrictions;case_2019_cosco_shipping_sanctions_tanker_market,10,case_hormuz_tanker_tensions;case_israel_iran_escalation_energy_risk;case_2018_iran_oil_sanctions_reimposition;case_2023_south_china_sea_shipping_tensions;case_2023_arctic_lng_russian_energy_shipping_sanctions;case_1987_1988_tanker_war_reflagging;case_2008_somali_piracy_gulf_of_aden;case_2022_turkey_strait_tanker_insurance_backlog;case_2018_iran_swift_restrictions;case_2019_cosco_shipping_sanctions_tanker_market,False,False,
evaluation_cases,eval_black_sea_grain_export_disruption,eval_black_sea_grain_export_disruption,oil_shipping,1,case_2023_red_sea_attacks,2,False,True,0,17,case_2023_red_sea_attacks;case_hormuz_tanker_tensions;case_middle_east_oil_supply_disruption;case_opec_production_cut_policy_shock;case_israel_iran_escalation_energy_risk;case_2020_opec_plus_production_cut;case_2022_abu_dhabi_oil_facility_attack;case_2018_iran_oil_sanctions_reimposition;case_2019_venezuela_oil_sanctions;case_2023_arctic_lng_russian_energy_shipping_sanctions;case_1987_1988_tanker_war_reflagging;case_2008_somali_piracy_gulf_of_aden;case_2022_turkey_strait_tanker_insurance_backlog;case_2018_iran_swift_restrictions;case_2019_cosco_shipping_sanctions_tanker_market;case_2011_libya_civil_war_oil_disruption;case_2024_ukraine_drone_attacks_russian_refineries,16,case_hormuz_tanker_tensions;case_middle_east_oil_supply_disruption;case_opec_production_cut_policy_shock;case_israel_iran_escalation_energy_risk;case_2020_opec_plus_production_cut;case_2022_abu_dhabi_oil_facility_attack;case_2018_iran_oil_sanctions_reimposition;case_2019_venezuela_oil_sanctions;case_2023_arctic_lng_russian_energy_shipping_sanctions;case_1987_1988_tanker_war_reflagging;case_2008_somali_piracy_gulf_of_aden;case_2022_turkey_strait_tanker_insurance_backlog;case_2018_iran_swift_restrictions;case_2019_cosco_shipping_sanctions_tanker_market;case_2011_libya_civil_war_oil_disruption;case_2024_ukraine_drone_attacks_russian_refineries,True,False,
evaluation_cases,eval_uranium_nuclear_fuel_disruption,eval_uranium_nuclear_fuel_disruption,lng_shipping,1,case_russia_ukraine_energy_shock,2,False,True,0,8,case_2023_red_sea_attacks;case_hormuz_tanker_tensions;case_russia_ukraine_energy_shock;case_panama_canal_drought_shipping_capacity;case_israel_iran_escalation_energy_risk;case_2022_nord_stream_pipeline_sabotage;case_2023_arctic_lng_russian_energy_shipping_sanctions;case_2009_russia_ukraine_gas_transit_dispute,7,case_2023_red_sea_attacks;case_hormuz_tanker_tensions;case_panama_canal_drought_shipping_capacity;case_israel_iran_escalation_energy_risk;case_2022_nord_stream_pipeline_sabotage;case_2023_arctic_lng_russian_energy_shipping_sanctions;case_2009_russia_ukraine_gas_transit_dispute,True,False,
evaluation_cases,eval_uranium_nuclear_fuel_disruption,eval_uranium_nuclear_fuel_disruption,logistics,1,case_2023_niger_coup_uranium_supply_risk,2,False,True,0,33,case_2021_suez_blockage;case_2023_red_sea_attacks;case_2018_2019_us_china_tariffs;case_panama_canal_drought_shipping_capacity;case_black_sea_grain_export_disruption;case_cyberattack_pipeline_port_infrastructure;case_2023_port_of_nagoya_cyberattack;case_2024_us_east_gulf_port_strike;case_2022_india_wheat_export_ban;case_2017_north_korea_missile_escalation;case_2019_india_pakistan_airspace_closure;case_2022_ukraine_electricity_grid_attacks;case_2023_niger_coup_uranium_supply_risk;case_2021_belarus_potash_sanctions;case_2021_xinjiang_forced_labor_import_restrictions;case_2024_ev_tariff_escalation_china;case_2017_notpetya_shipping_logistics_cyberattack;case_2023_black_sea_shipping_insurance_restrictions;case_2023_south_china_sea_shipping_tensions;case_2024_drc_cobalt_copper_mining_disruption;case_2023_mexico_nearshoring_cross_border_policy_risk;case_2021_myanmar_coup_supply_chain_disruption;case_1987_1988_tanker_war_reflagging;case_2008_somali_piracy_gulf_of_aden;case_2022_turkey_strait_tanker_insurance_backlog;case_2019_cosco_shipping_sanctions_tanker_market;case_2011_libya_civil_war_oil_disruption;case_2022_peru_mine_protests_copper_supply;case_2008_rice_export_restrictions_food_security;case_2022_russia_fertilizer_export_restrictions;case_2021_colonial_pipeline_ransomware;case_2023_dp_world_australia_cyber_port_disruption;case_2022_russia_airspace_closure_aviation_routes,32,case_2021_suez_blockage;case_2023_red_sea_attacks;case_2018_2019_us_china_tariffs;case_panama_canal_drought_shipping_capacity;case_black_sea_grain_export_disruption;case_cyberattack_pipeline_port_infrastructure;case_2023_port_of_nagoya_cyberattack;case_2024_us_east_gulf_port_strike;case_2022_india_wheat_export_ban;case_2017_north_korea_missile_escalation;case_2019_india_pakistan_airspace_closure;case_2022_ukraine_electricity_grid_attacks;case_2021_belarus_potash_sanctions;case_2021_xinjiang_forced_labor_import_restrictions;case_2024_ev_tariff_escalation_china;case_2017_notpetya_shipping_logistics_cyberattack;case_2023_black_sea_shipping_insurance_restrictions;case_2023_south_china_sea_shipping_tensions;case_2024_drc_cobalt_copper_mining_disruption;case_2023_mexico_nearshoring_cross_border_policy_risk;case_2021_myanmar_coup_supply_chain_disruption;case_1987_1988_tanker_war_reflagging;case_2008_somali_piracy_gulf_of_aden;case_2022_turkey_strait_tanker_insurance_backlog;case_2019_cosco_shipping_sanctions_tanker_market;case_2011_libya_civil_war_oil_disruption;case_2022_peru_mine_protests_copper_supply;case_2008_rice_export_restrictions_food_security;case_2022_russia_fertilizer_export_restrictions;case_2021_colonial_pipeline_ransomware;case_2023_dp_world_australia_cyber_port_disruption;case_2022_russia_airspace_closure_aviation_routes,True,False,
evaluation_cases,eval_uranium_nuclear_fuel_disruption,eval_uranium_nuclear_fuel_disruption,petrochemicals,1,case_russia_ukraine_energy_shock,2,False,True,0,12,case_russia_ukraine_energy_shock;case_2022_gas_fertilizer_shock;case_middle_east_oil_supply_disruption;case_opec_production_cut_policy_shock;case_2020_opec_plus_production_cut;case_2022_abu_dhabi_oil_facility_attack;case_2018_iran_oil_sanctions_reimposition;case_2019_venezuela_oil_sanctions;case_2022_nord_stream_pipeline_sabotage;case_2009_russia_ukraine_gas_transit_dispute;case_2011_libya_civil_war_oil_disruption;case_2024_ukraine_drone_attacks_russian_refineries,11,case_2022_gas_fertilizer_shock;case_middle_east_oil_supply_disruption;case_opec_production_cut_policy_shock;case_2020_opec_plus_production_cut;case_2022_abu_dhabi_oil_facility_attack;case_2018_iran_oil_sanctions_reimposition;case_2019_venezuela_oil_sanctions;case_2022_nord_stream_pipeline_sabotage;case_2009_russia_ukraine_gas_transit_dispute;case_2011_libya_civil_war_oil_disruption;case_2024_ukraine_drone_attacks_russian_refineries,True,False,
evaluation_cases,eval_uranium_nuclear_fuel_disruption,eval_uranium_nuclear_fuel_disruption,refining,1,case_russia_ukraine_energy_shock,2,False,True,0,12,case_hormuz_tanker_tensions;case_russia_ukraine_energy_shock;case_middle_east_oil_supply_disruption;case_opec_production_cut_policy_shock;case_israel_iran_escalation_energy_risk;case_2020_opec_plus_production_cut;case_2022_abu_dhabi_oil_facility_attack;case_2018_iran_oil_sanctions_reimposition;case_2019_venezuela_oil_sanctions;case_2011_libya_civil_war_oil_disruption;case_2024_ukraine_drone_attacks_russian_refineries;case_2021_colonial_pipeline_ransomware,11,case_hormuz_tanker_tensions;case_middle_east_oil_supply_disruption;case_opec_production_cut_policy_shock;case_israel_iran_escalation_energy_risk;case_2020_opec_plus_production_cut;case_2022_abu_dhabi_oil_facility_attack;case_2018_iran_oil_sanctions_reimposition;case_2019_venezuela_oil_sanctions;case_2011_libya_civil_war_oil_disruption;case_2024_ukraine_drone_attacks_russian_refineries;case_2021_colonial_pipeline_ransomware,True,False,
evaluation_cases,eval_china_graphite_battery_controls,eval_china_graphite_battery_controls,ai_chips,1,case_china_gallium_germanium_graphite_controls,2,False,True,0,8,case_2022_us_china_semiconductor_controls;case_2019_huawei_entity_list;case_taiwan_strait_semiconductor_risk;case_china_gallium_germanium_graphite_controls;case_defense_spending_shock_after_escalation;case_2023_middle_east_defense_supply_escalation;case_2024_taiwan_strait_drills_semiconductor_supply;case_2023_japan_chip_equipment_export_controls,7,case_2022_us_china_semiconductor_controls;case_2019_huawei_entity_list;case_taiwan_strait_semiconductor_risk;case_defense_spending_shock_after_escalation;case_2023_middle_east_defense_supply_escalation;case_2024_taiwan_strait_drills_semiconductor_supply;case_2023_japan_chip_equipment_export_controls,True,False,
evaluation_cases,eval_china_graphite_battery_controls,eval_china_graphite_battery_controls,battery_materials,1,case_2023_china_graphite_battery_export_controls,2,False,True,0,7,case_2023_china_graphite_battery_export_controls;case_2022_chile_lithium_policy_shift;case_2020_indonesia_nickel_export_ban;case_2024_ev_tariff_escalation_china;case_2024_drc_cobalt_copper_mining_disruption;case_2022_peru_mine_protests_copper_supply;case_2023_panama_cobre_mine_closure,6,case_2022_chile_lithium_policy_shift;case_2020_indonesia_nickel_export_ban;case_2024_ev_tariff_escalation_china;case_2024_drc_cobalt_copper_mining_disruption;case_2022_peru_mine_protests_copper_supply;case_2023_panama_cobre_mine_closure,True,False,
evaluation_cases,eval_china_graphite_battery_controls,eval_china_graphite_battery_controls,defense,1,case_rare_earth_export_restriction_risk,2,False,True,0,15,case_taiwan_strait_semiconductor_risk;case_rare_earth_export_restriction_risk;case_israel_iran_escalation_energy_risk;case_defense_spending_shock_after_escalation;case_2023_middle_east_defense_supply_escalation;case_2024_taiwan_strait_drills_semiconductor_supply;case_2022_abu_dhabi_oil_facility_attack;case_2022_russia_aviation_supply_chain_sanctions;case_2017_north_korea_missile_escalation;case_2019_india_pakistan_airspace_closure;case_2022_ukraine_electricity_grid_attacks;case_2023_south_china_sea_shipping_tensions;case_1987_1988_tanker_war_reflagging;case_2010_china_japan_rare_earth_embargo;case_2019_turkey_f35_s400_defense_restrictions,14,case_taiwan_strait_semiconductor_risk;case_israel_iran_escalation_energy_risk;case_defense_spending_shock_after_escalation;case_2023_middle_east_defense_supply_escalation;case_2024_taiwan_strait_drills_semiconductor_supply;case_2022_abu_dhabi_oil_facility_attack;case_2022_russia_aviation_supply_chain_sanctions;case_2017_north_korea_missile_escalation;case_2019_india_pakistan_airspace_closure;case_2022_ukraine_electricity_grid_attacks;case_2023_south_china_sea_shipping_tensions;case_1987_1988_tanker_war_reflagging;case_2010_china_japan_rare_earth_embargo;case_2019_turkey_f35_s400_defense_restrictions,True,False,
evaluation_cases,eval_china_graphite_battery_controls,eval_china_graphite_battery_controls,energy,1,case_rare_earth_export_restriction_risk,2,False,True,0,28,case_2021_suez_blockage;case_hormuz_tanker_tensions;case_russia_ukraine_energy_shock;case_2022_gas_fertilizer_shock;case_middle_east_oil_supply_disruption;case_rare_earth_export_restriction_risk;case_opec_production_cut_policy_shock;case_israel_iran_escalation_energy_risk;case_cyberattack_pipeline_port_infrastructure;case_uranium_nuclear_fuel_supply_disruption;case_2022_russia_swift_financial_sanctions;case_2020_opec_plus_production_cut;case_2022_abu_dhabi_oil_facility_attack;case_2018_iran_oil_sanctions_reimposition;case_2019_venezuela_oil_sanctions;case_2022_nord_stream_pipeline_sabotage;case_2022_ukraine_electricity_grid_attacks;case_2023_niger_coup_uranium_supply_risk;case_2023_eu_carbon_border_adjustment_mechanism;case_2023_arctic_lng_russian_energy_shipping_sanctions;case_1987_1988_tanker_war_reflagging;case_2014_crimea_financial_sanctions;case_2009_russia_ukraine_gas_transit_dispute;case_2011_libya_civil_war_oil_disruption;case_2024_ukraine_drone_attacks_russian_refineries;case_2022_russia_fertilizer_export_restrictions;case_2021_colonial_pipeline_ransomware;case_2022_russia_airspace_closure_aviation_routes,27,case_2021_suez_blockage;case_hormuz_tanker_tensions;case_russia_ukraine_energy_shock;case_2022_gas_fertilizer_shock;case_middle_east_oil_supply_disruption;case_opec_production_cut_policy_shock;case_israel_iran_escalation_energy_risk;case_cyberattack_pipeline_port_infrastructure;case_uranium_nuclear_fuel_supply_disruption;case_2022_russia_swift_financial_sanctions;case_2020_opec_plus_production_cut;case_2022_abu_dhabi_oil_facility_attack;case_2018_iran_oil_sanctions_reimposition;case_2019_venezuela_oil_sanctions;case_2022_nord_stream_pipeline_sabotage;case_2022_ukraine_electricity_grid_attacks;case_2023_niger_coup_uranium_supply_risk;case_2023_eu_carbon_border_adjustment_mechanism;case_2023_arctic_lng_russian_energy_shipping_sanctions;case_1987_1988_tanker_war_reflagging;case_2014_crimea_financial_sanctions;case_2009_russia_ukraine_gas_transit_dispute;case_2011_libya_civil_war_oil_disruption;case_2024_ukraine_drone_attacks_russian_refineries;case_2022_russia_fertilizer_export_restrictions;case_2021_colonial_pipeline_ransomware;case_2022_russia_airspace_closure_aviation_routes,True,False,
evaluation_cases,eval_china_graphite_battery_controls,eval_china_graphite_battery_controls,graphite,1,case_2023_china_graphite_battery_export_controls,2,False,True,0,1,case_2023_china_graphite_battery_export_controls,0,,False,False,
evaluation_cases,eval_china_graphite_battery_controls,eval_china_graphite_battery_controls,semiconductor_equipment,1,case_china_gallium_germanium_graphite_controls,2,False,True,0,11,case_2022_us_china_semiconductor_controls;case_2023_dutch_asml_controls;case_2019_huawei_entity_list;case_taiwan_strait_semiconductor_risk;case_china_gallium_germanium_graphite_controls;case_defense_spending_shock_after_escalation;case_2024_taiwan_strait_drills_semiconductor_supply;case_2017_north_korea_missile_escalation;case_2020_smic_entity_list_semiconductor_controls;case_2023_japan_chip_equipment_export_controls;case_2019_turkey_f35_s400_defense_restrictions,10,case_2022_us_china_semiconductor_controls;case_2023_dutch_asml_controls;case_2019_huawei_entity_list;case_taiwan_strait_semiconductor_risk;case_defense_spending_shock_after_escalation;case_2024_taiwan_strait_drills_semiconductor_supply;case_2017_north_korea_missile_escalation;case_2020_smic_entity_list_semiconductor_controls;case_2023_japan_chip_equipment_export_controls;case_2019_turkey_f35_s400_defense_restrictions,True,False,
evaluation_cases,eval_cyber_port_pipeline_disruption,eval_cyber_port_pipeline_disruption,container_shipping,1,case_2017_notpetya_shipping_logistics_cyberattack,2,False,True,0,8,case_2021_suez_blockage;case_2023_red_sea_attacks;case_panama_canal_drought_shipping_capacity;case_2024_us_east_gulf_port_strike;case_2017_notpetya_shipping_logistics_cyberattack;case_2023_south_china_sea_shipping_tensions;case_2008_somali_piracy_gulf_of_aden;case_2023_dp_world_australia_cyber_port_disruption,7,case_2021_suez_blockage;case_2023_red_sea_attacks;case_panama_canal_drought_shipping_capacity;case_2024_us_east_gulf_port_strike;case_2023_south_china_sea_shipping_tensions;case_2008_somali_piracy_gulf_of_aden;case_2023_dp_world_australia_cyber_port_disruption,True,False,
evaluation_cases,eval_cyber_port_pipeline_disruption,eval_cyber_port_pipeline_disruption,manufacturing_inputs,2,case_2023_port_of_nagoya_cyberattack;case_2017_notpetya_shipping_logistics_cyberattack,2,True,True,2,34,case_russia_ukraine_energy_shock;case_2019_huawei_entity_list;case_2018_2019_us_china_tariffs;case_2022_gas_fertilizer_shock;case_taiwan_strait_semiconductor_risk;case_rare_earth_export_restriction_risk;case_china_gallium_germanium_graphite_controls;case_defense_spending_shock_after_escalation;case_uranium_nuclear_fuel_supply_disruption;case_2023_port_of_nagoya_cyberattack;case_2023_middle_east_defense_supply_escalation;case_2023_china_graphite_battery_export_controls;case_2022_russia_aviation_supply_chain_sanctions;case_2017_north_korea_missile_escalation;case_2019_india_pakistan_airspace_closure;case_2022_nord_stream_pipeline_sabotage;case_2022_ukraine_electricity_grid_attacks;case_2022_chile_lithium_policy_shift;case_2020_indonesia_nickel_export_ban;case_2021_xinjiang_forced_labor_import_restrictions;case_2024_ev_tariff_escalation_china;case_2017_notpetya_shipping_logistics_cyberattack;case_2024_drc_cobalt_copper_mining_disruption;case_2023_mexico_nearshoring_cross_border_policy_risk;case_2023_eu_carbon_border_adjustment_mechanism;case_2021_myanmar_coup_supply_chain_disruption;case_2014_crimea_financial_sanctions;case_2009_russia_ukraine_gas_transit_dispute;case_2010_china_japan_rare_earth_embargo;case_2022_peru_mine_protests_copper_supply;case_2023_panama_cobre_mine_closure;case_2020_smic_entity_list_semiconductor_controls;case_2023_japan_chip_equipment_export_controls;case_2019_turkey_f35_s400_defense_restrictions,32,case_russia_ukraine_energy_shock;case_2019_huawei_entity_list;case_2018_2019_us_china_tariffs;case_2022_gas_fertilizer_shock;case_taiwan_strait_semiconductor_risk;case_rare_earth_export_restriction_risk;case_china_gallium_germanium_graphite_controls;case_defense_spending_shock_after_escalation;case_uranium_nuclear_fuel_supply_disruption;case_2023_middle_east_defense_supply_escalation;case_2023_china_graphite_battery_export_controls;case_2022_russia_aviation_supply_chain_sanctions;case_2017_north_korea_missile_escalation;case_2019_india_pakistan_airspace_closure;case_2022_nord_stream_pipeline_sabotage;case_2022_ukraine_electricity_grid_attacks;case_2022_chile_lithium_policy_shift;case_2020_indonesia_nickel_export_ban;case_2021_xinjiang_forced_labor_import_restrictions;case_2024_ev_tariff_escalation_china;case_2024_drc_cobalt_copper_mining_disruption;case_2023_mexico_nearshoring_cross_border_policy_risk;case_2023_eu_carbon_border_adjustment_mechanism;case_2021_myanmar_coup_supply_chain_disruption;case_2014_crimea_financial_sanctions;case_2009_russia_ukraine_gas_transit_dispute;case_2010_china_japan_rare_earth_embargo;case_2022_peru_mine_protests_copper_supply;case_2023_panama_cobre_mine_closure;case_2020_smic_entity_list_semiconductor_controls;case_2023_japan_chip_equipment_export_controls;case_2019_turkey_f35_s400_defense_restrictions,False,False,
evaluation_cases,eval_defense_supply_chain_escalation,eval_defense_supply_chain_escalation,aerospace_supply_chain,1,case_2023_middle_east_defense_supply_escalation,2,False,True,0,4,case_2023_middle_east_defense_supply_escalation;case_2022_russia_aviation_supply_chain_sanctions;case_2019_turkey_f35_s400_defense_restrictions;case_2022_russia_airspace_closure_aviation_routes,3,case_2022_russia_aviation_supply_chain_sanctions;case_2019_turkey_f35_s400_defense_restrictions;case_2022_russia_airspace_closure_aviation_routes,True,False,
evaluation_cases,eval_defense_supply_chain_escalation,eval_defense_supply_chain_escalation,aviation,1,case_2017_north_korea_missile_escalation,2,False,True,0,11,case_middle_east_oil_supply_disruption;case_opec_production_cut_policy_shock;case_2020_opec_plus_production_cut;case_2022_abu_dhabi_oil_facility_attack;case_2022_russia_aviation_supply_chain_sanctions;case_2017_north_korea_missile_escalation;case_2019_india_pakistan_airspace_closure;case_2011_libya_civil_war_oil_disruption;case_2024_ukraine_drone_attacks_russian_refineries;case_2021_colonial_pipeline_ransomware;case_2022_russia_airspace_closure_aviation_routes,10,case_middle_east_oil_supply_disruption;case_opec_production_cut_policy_shock;case_2020_opec_plus_production_cut;case_2022_abu_dhabi_oil_facility_attack;case_2022_russia_aviation_supply_chain_sanctions;case_2019_india_pakistan_airspace_closure;case_2011_libya_civil_war_oil_disruption;case_2024_ukraine_drone_attacks_russian_refineries;case_2021_colonial_pipeline_ransomware;case_2022_russia_airspace_closure_aviation_routes,True,False,
evaluation_cases,eval_defense_supply_chain_escalation,eval_defense_supply_chain_escalation,logistics,1,case_2017_north_korea_missile_escalation,2,False,True,0,33,case_2021_suez_blockage;case_2023_red_sea_attacks;case_2018_2019_us_china_tariffs;case_panama_canal_drought_shipping_capacity;case_black_sea_grain_export_disruption;case_cyberattack_pipeline_port_infrastructure;case_2023_port_of_nagoya_cyberattack;case_2024_us_east_gulf_port_strike;case_2022_india_wheat_export_ban;case_2017_north_korea_missile_escalation;case_2019_india_pakistan_airspace_closure;case_2022_ukraine_electricity_grid_attacks;case_2023_niger_coup_uranium_supply_risk;case_2021_belarus_potash_sanctions;case_2021_xinjiang_forced_labor_import_restrictions;case_2024_ev_tariff_escalation_china;case_2017_notpetya_shipping_logistics_cyberattack;case_2023_black_sea_shipping_insurance_restrictions;case_2023_south_china_sea_shipping_tensions;case_2024_drc_cobalt_copper_mining_disruption;case_2023_mexico_nearshoring_cross_border_policy_risk;case_2021_myanmar_coup_supply_chain_disruption;case_1987_1988_tanker_war_reflagging;case_2008_somali_piracy_gulf_of_aden;case_2022_turkey_strait_tanker_insurance_backlog;case_2019_cosco_shipping_sanctions_tanker_market;case_2011_libya_civil_war_oil_disruption;case_2022_peru_mine_protests_copper_supply;case_2008_rice_export_restrictions_food_security;case_2022_russia_fertilizer_export_restrictions;case_2021_colonial_pipeline_ransomware;case_2023_dp_world_australia_cyber_port_disruption;case_2022_russia_airspace_closure_aviation_routes,32,case_2021_suez_blockage;case_2023_red_sea_attacks;case_2018_2019_us_china_tariffs;case_panama_canal_drought_shipping_capacity;case_black_sea_grain_export_disruption;case_cyberattack_pipeline_port_infrastructure;case_2023_port_of_nagoya_cyberattack;case_2024_us_east_gulf_port_strike;case_2022_india_wheat_export_ban;case_2019_india_pakistan_airspace_closure;case_2022_ukraine_electricity_grid_attacks;case_2023_niger_coup_uranium_supply_risk;case_2021_belarus_potash_sanctions;case_2021_xinjiang_forced_labor_import_restrictions;case_2024_ev_tariff_escalation_china;case_2017_notpetya_shipping_logistics_cyberattack;case_2023_black_sea_shipping_insurance_restrictions;case_2023_south_china_sea_shipping_tensions;case_2024_drc_cobalt_copper_mining_disruption;case_2023_mexico_nearshoring_cross_border_policy_risk;case_2021_myanmar_coup_supply_chain_disruption;case_1987_1988_tanker_war_reflagging;case_2008_somali_piracy_gulf_of_aden;case_2022_turkey_strait_tanker_insurance_backlog;case_2019_cosco_shipping_sanctions_tanker_market;case_2011_libya_civil_war_oil_disruption;case_2022_peru_mine_protests_copper_supply;case_2008_rice_export_restrictions_food_security;case_2022_russia_fertilizer_export_restrictions;case_2021_colonial_pipeline_ransomware;case_2023_dp_world_australia_cyber_port_disruption;case_2022_russia_airspace_closure_aviation_routes,True,False,
evaluation_cases,eval_defense_supply_chain_escalation,eval_defense_supply_chain_escalation,trade_lanes,1,case_2017_north_korea_missile_escalation,2,False,True,0,31,case_2018_2019_us_china_tariffs;case_uranium_nuclear_fuel_supply_disruption;case_2022_russia_swift_financial_sanctions;case_2024_us_east_gulf_port_strike;case_2022_india_wheat_export_ban;case_2022_russia_aviation_supply_chain_sanctions;case_2017_north_korea_missile_escalation;case_2019_india_pakistan_airspace_closure;case_2023_niger_coup_uranium_supply_risk;case_2022_chile_lithium_policy_shift;case_2020_indonesia_nickel_export_ban;case_2021_belarus_potash_sanctions;case_2021_xinjiang_forced_labor_import_restrictions;case_2024_ev_tariff_escalation_china;case_2023_south_china_sea_shipping_tensions;case_2024_drc_cobalt_copper_mining_disruption;case_2023_mexico_nearshoring_cross_border_policy_risk;case_2023_eu_carbon_border_adjustment_mechanism;case_2021_myanmar_coup_supply_chain_disruption;case_2014_crimea_financial_sanctions;case_2018_iran_swift_restrictions;case_2019_cosco_shipping_sanctions_tanker_market;case_2009_russia_ukraine_gas_transit_dispute;case_2011_libya_civil_war_oil_disruption;case_2010_china_japan_rare_earth_embargo;case_2022_peru_mine_protests_copper_supply;case_2023_panama_cobre_mine_closure;case_2008_rice_export_restrictions_food_security;case_2022_russia_fertilizer_export_restrictions;case_2023_dp_world_australia_cyber_port_disruption;case_2019_turkey_f35_s400_defense_restrictions,30,case_2018_2019_us_china_tariffs;case_uranium_nuclear_fuel_supply_disruption;case_2022_russia_swift_financial_sanctions;case_2024_us_east_gulf_port_strike;case_2022_india_wheat_export_ban;case_2022_russia_aviation_supply_chain_sanctions;case_2019_india_pakistan_airspace_closure;case_2023_niger_coup_uranium_supply_risk;case_2022_chile_lithium_policy_shift;case_2020_indonesia_nickel_export_ban;case_2021_belarus_potash_sanctions;case_2021_xinjiang_forced_labor_import_restrictions;case_2024_ev_tariff_escalation_china;case_2023_south_china_sea_shipping_tensions;case_2024_drc_cobalt_copper_mining_disruption;case_2023_mexico_nearshoring_cross_border_policy_risk;case_2023_eu_carbon_border_adjustment_mechanism;case_2021_myanmar_coup_supply_chain_disruption;case_2014_crimea_financial_sanctions;case_2018_iran_swift_restrictions;case_2019_cosco_shipping_sanctions_tanker_market;case_2009_russia_ukraine_gas_transit_dispute;case_2011_libya_civil_war_oil_disruption;case_2010_china_japan_rare_earth_embargo;case_2022_peru_mine_protests_copper_supply;case_2023_panama_cobre_mine_closure;case_2008_rice_export_restrictions_food_security;case_2022_russia_fertilizer_export_restrictions;case_2023_dp_world_australia_cyber_port_disruption;case_2019_turkey_f35_s400_defense_restrictions,True,False,
evaluation_cases,eval_food_export_grain_restriction,eval_food_export_grain_restriction,customs,2,case_2022_india_wheat_export_ban;case_2008_rice_export_restrictions_food_security,2,True,True,2,32,case_2023_dutch_asml_controls;case_2019_huawei_entity_list;case_2018_2019_us_china_tariffs;case_china_gallium_germanium_graphite_controls;case_uranium_nuclear_fuel_supply_disruption;case_2022_russia_swift_financial_sanctions;case_2023_china_graphite_battery_export_controls;case_2022_india_wheat_export_ban;case_2022_russia_aviation_supply_chain_sanctions;case_2023_niger_coup_uranium_supply_risk;case_2022_chile_lithium_policy_shift;case_2020_indonesia_nickel_export_ban;case_2021_belarus_potash_sanctions;case_2021_xinjiang_forced_labor_import_restrictions;case_2024_ev_tariff_escalation_china;case_2024_drc_cobalt_copper_mining_disruption;case_2023_mexico_nearshoring_cross_border_policy_risk;case_2023_eu_carbon_border_adjustment_mechanism;case_2021_myanmar_coup_supply_chain_disruption;case_2022_turkey_strait_tanker_insurance_backlog;case_2014_crimea_financial_sanctions;case_2018_iran_swift_restrictions;case_2019_cosco_shipping_sanctions_tanker_market;case_2010_china_japan_rare_earth_embargo;case_2022_peru_mine_protests_copper_supply;case_2023_panama_cobre_mine_closure;case_2008_rice_export_restrictions_food_security;case_2022_russia_fertilizer_export_restrictions;case_2020_smic_entity_list_semiconductor_controls;case_2023_japan_chip_equipment_export_controls;case_2019_turkey_f35_s400_defense_restrictions;case_2022_russia_airspace_closure_aviation_routes,30,case_2023_dutch_asml_controls;case_2019_huawei_entity_list;case_2018_2019_us_china_tariffs;case_china_gallium_germanium_graphite_controls;case_uranium_nuclear_fuel_supply_disruption;case_2022_russia_swift_financial_sanctions;case_2023_china_graphite_battery_export_controls;case_2022_russia_aviation_supply_chain_sanctions;case_2023_niger_coup_uranium_supply_risk;case_2022_chile_lithium_policy_shift;case_2020_indonesia_nickel_export_ban;case_2021_belarus_potash_sanctions;case_2021_xinjiang_forced_labor_import_restrictions;case_2024_ev_tariff_escalation_china;case_2024_drc_cobalt_copper_mining_disruption;case_2023_mexico_nearshoring_cross_border_policy_risk;case_2023_eu_carbon_border_adjustment_mechanism;case_2021_myanmar_coup_supply_chain_disruption;case_2022_turkey_strait_tanker_insurance_backlog;case_2014_crimea_financial_sanctions;case_2018_iran_swift_restrictions;case_2019_cosco_shipping_sanctions_tanker_market;case_2010_china_japan_rare_earth_embargo;case_2022_peru_mine_protests_copper_supply;case_2023_panama_cobre_mine_closure;case_2022_russia_fertilizer_export_restrictions;case_2020_smic_entity_list_semiconductor_controls;case_2023_japan_chip_equipment_export_controls;case_2019_turkey_f35_s400_defense_restrictions;case_2022_russia_airspace_closure_aviation_routes,False,False,
evaluation_cases,eval_food_export_grain_restriction,eval_food_export_grain_restriction,food_export_controls,2,case_2022_india_wheat_export_ban;case_2008_rice_export_restrictions_food_security,2,True,True,2,2,case_2022_india_wheat_export_ban;case_2008_rice_export_restrictions_food_security,0,,False,False,
evaluation_cases,eval_food_export_grain_restriction,eval_food_export_grain_restriction,trade_lanes,2,case_2022_india_wheat_export_ban;case_2008_rice_export_restrictions_food_security,2,True,True,2,31,case_2018_2019_us_china_tariffs;case_uranium_nuclear_fuel_supply_disruption;case_2022_russia_swift_financial_sanctions;case_2024_us_east_gulf_port_strike;case_2022_india_wheat_export_ban;case_2022_russia_aviation_supply_chain_sanctions;case_2017_north_korea_missile_escalation;case_2019_india_pakistan_airspace_closure;case_2023_niger_coup_uranium_supply_risk;case_2022_chile_lithium_policy_shift;case_2020_indonesia_nickel_export_ban;case_2021_belarus_potash_sanctions;case_2021_xinjiang_forced_labor_import_restrictions;case_2024_ev_tariff_escalation_china;case_2023_south_china_sea_shipping_tensions;case_2024_drc_cobalt_copper_mining_disruption;case_2023_mexico_nearshoring_cross_border_policy_risk;case_2023_eu_carbon_border_adjustment_mechanism;case_2021_myanmar_coup_supply_chain_disruption;case_2014_crimea_financial_sanctions;case_2018_iran_swift_restrictions;case_2019_cosco_shipping_sanctions_tanker_market;case_2009_russia_ukraine_gas_transit_dispute;case_2011_libya_civil_war_oil_disruption;case_2010_china_japan_rare_earth_embargo;case_2022_peru_mine_protests_copper_supply;case_2023_panama_cobre_mine_closure;case_2008_rice_export_restrictions_food_security;case_2022_russia_fertilizer_export_restrictions;case_2023_dp_world_australia_cyber_port_disruption;case_2019_turkey_f35_s400_defense_restrictions,29,case_2018_2019_us_china_tariffs;case_uranium_nuclear_fuel_supply_disruption;case_2022_russia_swift_financial_sanctions;case_2024_us_east_gulf_port_strike;case_2022_russia_aviation_supply_chain_sanctions;case_2017_north_korea_missile_escalation;case_2019_india_pakistan_airspace_closure;case_2023_niger_coup_uranium_supply_risk;case_2022_chile_lithium_policy_shift;case_2020_indonesia_nickel_export_ban;case_2021_belarus_potash_sanctions;case_2021_xinjiang_forced_labor_import_restrictions;case_2024_ev_tariff_escalation_china;case_2023_south_china_sea_shipping_tensions;case_2024_drc_cobalt_copper_mining_disruption;case_2023_mexico_nearshoring_cross_border_policy_risk;case_2023_eu_carbon_border_adjustment_mechanism;case_2021_myanmar_coup_supply_chain_disruption;case_2014_crimea_financial_sanctions;case_2018_iran_swift_restrictions;case_2019_cosco_shipping_sanctions_tanker_market;case_2009_russia_ukraine_gas_transit_dispute;case_2011_libya_civil_war_oil_disruption;case_2010_china_japan_rare_earth_embargo;case_2022_peru_mine_protests_copper_supply;case_2023_panama_cobre_mine_closure;case_2022_russia_fertilizer_export_restrictions;case_2023_dp_world_australia_cyber_port_disruption;case_2019_turkey_f35_s400_defense_restrictions,False,False,
hard_evaluation_cases,hard_red_sea_paraphrased_vessel_rerouting,hard_red_sea_paraphrased_vessel_rerouting,aviation,1,case_2022_abu_dhabi_oil_facility_attack,2,False,True,0,11,case_middle_east_oil_supply_disruption;case_opec_production_cut_policy_shock;case_2020_opec_plus_production_cut;case_2022_abu_dhabi_oil_facility_attack;case_2022_russia_aviation_supply_chain_sanctions;case_2017_north_korea_missile_escalation;case_2019_india_pakistan_airspace_closure;case_2011_libya_civil_war_oil_disruption;case_2024_ukraine_drone_attacks_russian_refineries;case_2021_colonial_pipeline_ransomware;case_2022_russia_airspace_closure_aviation_routes,10,case_middle_east_oil_supply_disruption;case_opec_production_cut_policy_shock;case_2020_opec_plus_production_cut;case_2022_russia_aviation_supply_chain_sanctions;case_2017_north_korea_missile_escalation;case_2019_india_pakistan_airspace_closure;case_2011_libya_civil_war_oil_disruption;case_2024_ukraine_drone_attacks_russian_refineries;case_2021_colonial_pipeline_ransomware;case_2022_russia_airspace_closure_aviation_routes,True,False,
hard_evaluation_cases,hard_red_sea_paraphrased_vessel_rerouting,hard_red_sea_paraphrased_vessel_rerouting,container_shipping,1,case_2023_red_sea_attacks,2,False,True,0,8,case_2021_suez_blockage;case_2023_red_sea_attacks;case_panama_canal_drought_shipping_capacity;case_2024_us_east_gulf_port_strike;case_2017_notpetya_shipping_logistics_cyberattack;case_2023_south_china_sea_shipping_tensions;case_2008_somali_piracy_gulf_of_aden;case_2023_dp_world_australia_cyber_port_disruption,7,case_2021_suez_blockage;case_panama_canal_drought_shipping_capacity;case_2024_us_east_gulf_port_strike;case_2017_notpetya_shipping_logistics_cyberattack;case_2023_south_china_sea_shipping_tensions;case_2008_somali_piracy_gulf_of_aden;case_2023_dp_world_australia_cyber_port_disruption,True,False,
hard_evaluation_cases,hard_red_sea_paraphrased_vessel_rerouting,hard_red_sea_paraphrased_vessel_rerouting,defense,2,case_2022_abu_dhabi_oil_facility_attack;case_1987_1988_tanker_war_reflagging,2,False,True,0,15,case_taiwan_strait_semiconductor_risk;case_rare_earth_export_restriction_risk;case_israel_iran_escalation_energy_risk;case_defense_spending_shock_after_escalation;case_2023_middle_east_defense_supply_escalation;case_2024_taiwan_strait_drills_semiconductor_supply;case_2022_abu_dhabi_oil_facility_attack;case_2022_russia_aviation_supply_chain_sanctions;case_2017_north_korea_missile_escalation;case_2019_india_pakistan_airspace_closure;case_2022_ukraine_electricity_grid_attacks;case_2023_south_china_sea_shipping_tensions;case_1987_1988_tanker_war_reflagging;case_2010_china_japan_rare_earth_embargo;case_2019_turkey_f35_s400_defense_restrictions,13,case_taiwan_strait_semiconductor_risk;case_rare_earth_export_restriction_risk;case_israel_iran_escalation_energy_risk;case_defense_spending_shock_after_escalation;case_2023_middle_east_defense_supply_escalation;case_2024_taiwan_strait_drills_semiconductor_supply;case_2022_russia_aviation_supply_chain_sanctions;case_2017_north_korea_missile_escalation;case_2019_india_pakistan_airspace_closure;case_2022_ukraine_electricity_grid_attacks;case_2023_south_china_sea_shipping_tensions;case_2010_china_japan_rare_earth_embargo;case_2019_turkey_f35_s400_defense_restrictions,False,False,
hard_evaluation_cases,hard_red_sea_paraphrased_vessel_rerouting,hard_red_sea_paraphrased_vessel_rerouting,energy,2,case_2022_abu_dhabi_oil_facility_attack;case_1987_1988_tanker_war_reflagging,2,False,True,0,28,case_2021_suez_blockage;case_hormuz_tanker_tensions;case_russia_ukraine_energy_shock;case_2022_gas_fertilizer_shock;case_middle_east_oil_supply_disruption;case_rare_earth_export_restriction_risk;case_opec_production_cut_policy_shock;case_israel_iran_escalation_energy_risk;case_cyberattack_pipeline_port_infrastructure;case_uranium_nuclear_fuel_supply_disruption;case_2022_russia_swift_financial_sanctions;case_2020_opec_plus_production_cut;case_2022_abu_dhabi_oil_facility_attack;case_2018_iran_oil_sanctions_reimposition;case_2019_venezuela_oil_sanctions;case_2022_nord_stream_pipeline_sabotage;case_2022_ukraine_electricity_grid_attacks;case_2023_niger_coup_uranium_supply_risk;case_2023_eu_carbon_border_adjustment_mechanism;case_2023_arctic_lng_russian_energy_shipping_sanctions;case_1987_1988_tanker_war_reflagging;case_2014_crimea_financial_sanctions;case_2009_russia_ukraine_gas_transit_dispute;case_2011_libya_civil_war_oil_disruption;case_2024_ukraine_drone_attacks_russian_refineries;case_2022_russia_fertilizer_export_restrictions;case_2021_colonial_pipeline_ransomware;case_2022_russia_airspace_closure_aviation_routes,26,case_2021_suez_blockage;case_hormuz_tanker_tensions;case_russia_ukraine_energy_shock;case_2022_gas_fertilizer_shock;case_middle_east_oil_supply_disruption;case_rare_earth_export_restriction_risk;case_opec_production_cut_policy_shock;case_israel_iran_escalation_energy_risk;case_cyberattack_pipeline_port_infrastructure;case_uranium_nuclear_fuel_supply_disruption;case_2022_russia_swift_financial_sanctions;case_2020_opec_plus_production_cut;case_2018_iran_oil_sanctions_reimposition;case_2019_venezuela_oil_sanctions;case_2022_nord_stream_pipeline_sabotage;case_2022_ukraine_electricity_grid_attacks;case_2023_niger_coup_uranium_supply_risk;case_2023_eu_carbon_border_adjustment_mechanism;case_2023_arctic_lng_russian_energy_shipping_sanctions;case_2014_crimea_financial_sanctions;case_2009_russia_ukraine_gas_transit_dispute;case_2011_libya_civil_war_oil_disruption;case_2024_ukraine_drone_attacks_russian_refineries;case_2022_russia_fertilizer_export_restrictions;case_2021_colonial_pipeline_ransomware;case_2022_russia_airspace_closure_aviation_routes,False,False,
hard_evaluation_cases,hard_red_sea_paraphrased_vessel_rerouting,hard_red_sea_paraphrased_vessel_rerouting,freight_routes,2,case_2023_red_sea_attacks;case_1987_1988_tanker_war_reflagging,2,False,True,0,19,case_2021_suez_blockage;case_2023_red_sea_attacks;case_panama_canal_drought_shipping_capacity;case_black_sea_grain_export_disruption;case_cyberattack_pipeline_port_infrastructure;case_2023_port_of_nagoya_cyberattack;case_2024_us_east_gulf_port_strike;case_2019_india_pakistan_airspace_closure;case_2021_belarus_potash_sanctions;case_2017_notpetya_shipping_logistics_cyberattack;case_2023_black_sea_shipping_insurance_restrictions;case_2023_south_china_sea_shipping_tensions;case_2023_mexico_nearshoring_cross_border_policy_risk;case_1987_1988_tanker_war_reflagging;case_2008_somali_piracy_gulf_of_aden;case_2022_turkey_strait_tanker_insurance_backlog;case_2021_colonial_pipeline_ransomware;case_2023_dp_world_australia_cyber_port_disruption;case_2022_russia_airspace_closure_aviation_routes,17,case_2021_suez_blockage;case_panama_canal_drought_shipping_capacity;case_black_sea_grain_export_disruption;case_cyberattack_pipeline_port_infrastructure;case_2023_port_of_nagoya_cyberattack;case_2024_us_east_gulf_port_strike;case_2019_india_pakistan_airspace_closure;case_2021_belarus_potash_sanctions;case_2017_notpetya_shipping_logistics_cyberattack;case_2023_black_sea_shipping_insurance_restrictions;case_2023_south_china_sea_shipping_tensions;case_2023_mexico_nearshoring_cross_border_policy_risk;case_2008_somali_piracy_gulf_of_aden;case_2022_turkey_strait_tanker_insurance_backlog;case_2021_colonial_pipeline_ransomware;case_2023_dp_world_australia_cyber_port_disruption;case_2022_russia_airspace_closure_aviation_routes,False,False,
hard_evaluation_cases,hard_red_sea_paraphrased_vessel_rerouting,hard_red_sea_paraphrased_vessel_rerouting,lng_shipping,1,case_2023_red_sea_attacks,2,False,True,0,8,case_2023_red_sea_attacks;case_hormuz_tanker_tensions;case_russia_ukraine_energy_shock;case_panama_canal_drought_shipping_capacity;case_israel_iran_escalation_energy_risk;case_2022_nord_stream_pipeline_sabotage;case_2023_arctic_lng_russian_energy_shipping_sanctions;case_2009_russia_ukraine_gas_transit_dispute,7,case_hormuz_tanker_tensions;case_russia_ukraine_energy_shock;case_panama_canal_drought_shipping_capacity;case_israel_iran_escalation_energy_risk;case_2022_nord_stream_pipeline_sabotage;case_2023_arctic_lng_russian_energy_shipping_sanctions;case_2009_russia_ukraine_gas_transit_dispute,True,False,
hard_evaluation_cases,hard_red_sea_paraphrased_vessel_rerouting,hard_red_sea_paraphrased_vessel_rerouting,logistics,2,case_2023_red_sea_attacks;case_1987_1988_tanker_war_reflagging,2,False,True,0,33,case_2021_suez_blockage;case_2023_red_sea_attacks;case_2018_2019_us_china_tariffs;case_panama_canal_drought_shipping_capacity;case_black_sea_grain_export_disruption;case_cyberattack_pipeline_port_infrastructure;case_2023_port_of_nagoya_cyberattack;case_2024_us_east_gulf_port_strike;case_2022_india_wheat_export_ban;case_2017_north_korea_missile_escalation;case_2019_india_pakistan_airspace_closure;case_2022_ukraine_electricity_grid_attacks;case_2023_niger_coup_uranium_supply_risk;case_2021_belarus_potash_sanctions;case_2021_xinjiang_forced_labor_import_restrictions;case_2024_ev_tariff_escalation_china;case_2017_notpetya_shipping_logistics_cyberattack;case_2023_black_sea_shipping_insurance_restrictions;case_2023_south_china_sea_shipping_tensions;case_2024_drc_cobalt_copper_mining_disruption;case_2023_mexico_nearshoring_cross_border_policy_risk;case_2021_myanmar_coup_supply_chain_disruption;case_1987_1988_tanker_war_reflagging;case_2008_somali_piracy_gulf_of_aden;case_2022_turkey_strait_tanker_insurance_backlog;case_2019_cosco_shipping_sanctions_tanker_market;case_2011_libya_civil_war_oil_disruption;case_2022_peru_mine_protests_copper_supply;case_2008_rice_export_restrictions_food_security;case_2022_russia_fertilizer_export_restrictions;case_2021_colonial_pipeline_ransomware;case_2023_dp_world_australia_cyber_port_disruption;case_2022_russia_airspace_closure_aviation_routes,31,case_2021_suez_blockage;case_2018_2019_us_china_tariffs;case_panama_canal_drought_shipping_capacity;case_black_sea_grain_export_disruption;case_cyberattack_pipeline_port_infrastructure;case_2023_port_of_nagoya_cyberattack;case_2024_us_east_gulf_port_strike;case_2022_india_wheat_export_ban;case_2017_north_korea_missile_escalation;case_2019_india_pakistan_airspace_closure;case_2022_ukraine_electricity_grid_attacks;case_2023_niger_coup_uranium_supply_risk;case_2021_belarus_potash_sanctions;case_2021_xinjiang_forced_labor_import_restrictions;case_2024_ev_tariff_escalation_china;case_2017_notpetya_shipping_logistics_cyberattack;case_2023_black_sea_shipping_insurance_restrictions;case_2023_south_china_sea_shipping_tensions;case_2024_drc_cobalt_copper_mining_disruption;case_2023_mexico_nearshoring_cross_border_policy_risk;case_2021_myanmar_coup_supply_chain_disruption;case_2008_somali_piracy_gulf_of_aden;case_2022_turkey_strait_tanker_insurance_backlog;case_2019_cosco_shipping_sanctions_tanker_market;case_2011_libya_civil_war_oil_disruption;case_2022_peru_mine_protests_copper_supply;case_2008_rice_export_restrictions_food_security;case_2022_russia_fertilizer_export_restrictions;case_2021_colonial_pipeline_ransomware;case_2023_dp_world_australia_cyber_port_disruption;case_2022_russia_airspace_closure_aviation_routes,False,False,
hard_evaluation_cases,hard_red_sea_paraphrased_vessel_rerouting,hard_red_sea_paraphrased_vessel_rerouting,marine_insurance,2,case_2023_red_sea_attacks;case_1987_1988_tanker_war_reflagging,2,False,True,0,12,case_2023_red_sea_attacks;case_hormuz_tanker_tensions;case_israel_iran_escalation_energy_risk;case_2018_iran_oil_sanctions_reimposition;case_2023_black_sea_shipping_insurance_restrictions;case_2023_south_china_sea_shipping_tensions;case_2023_arctic_lng_russian_energy_shipping_sanctions;case_1987_1988_tanker_war_reflagging;case_2008_somali_piracy_gulf_of_aden;case_2022_turkey_strait_tanker_insurance_backlog;case_2018_iran_swift_restrictions;case_2019_cosco_shipping_sanctions_tanker_market,10,case_hormuz_tanker_tensions;case_israel_iran_escalation_energy_risk;case_2018_iran_oil_sanctions_reimposition;case_2023_black_sea_shipping_insurance_restrictions;case_2023_south_china_sea_shipping_tensions;case_2023_arctic_lng_russian_energy_shipping_sanctions;case_2008_somali_piracy_gulf_of_aden;case_2022_turkey_strait_tanker_insurance_backlog;case_2018_iran_swift_restrictions;case_2019_cosco_shipping_sanctions_tanker_market,False,False,
hard_evaluation_cases,hard_red_sea_paraphrased_vessel_rerouting,hard_red_sea_paraphrased_vessel_rerouting,maritime_chokepoint,2,case_2023_red_sea_attacks;case_1987_1988_tanker_war_reflagging,2,False,True,0,12,case_2021_suez_blockage;case_2023_red_sea_attacks;case_hormuz_tanker_tensions;case_panama_canal_drought_shipping_capacity;case_black_sea_grain_export_disruption;case_israel_iran_escalation_energy_risk;case_2023_black_sea_shipping_insurance_restrictions;case_2023_south_china_sea_shipping_tensions;case_2023_arctic_lng_russian_energy_shipping_sanctions;case_1987_1988_tanker_war_reflagging;case_2008_somali_piracy_gulf_of_aden;case_2022_turkey_strait_tanker_insurance_backlog,10,case_2021_suez_blockage;case_hormuz_tanker_tensions;case_panama_canal_drought_shipping_capacity;case_black_sea_grain_export_disruption;case_israel_iran_escalation_energy_risk;case_2023_black_sea_shipping_insurance_restrictions;case_2023_south_china_sea_shipping_tensions;case_2023_arctic_lng_russian_energy_shipping_sanctions;case_2008_somali_piracy_gulf_of_aden;case_2022_turkey_strait_tanker_insurance_backlog,False,False,
hard_evaluation_cases,hard_red_sea_paraphrased_vessel_rerouting,hard_red_sea_paraphrased_vessel_rerouting,oil_shipping,3,case_2022_abu_dhabi_oil_facility_attack;case_2023_red_sea_attacks;case_1987_1988_tanker_war_reflagging,2,False,True,0,17,case_2023_red_sea_attacks;case_hormuz_tanker_tensions;case_middle_east_oil_supply_disruption;case_opec_production_cut_policy_shock;case_israel_iran_escalation_energy_risk;case_2020_opec_plus_production_cut;case_2022_abu_dhabi_oil_facility_attack;case_2018_iran_oil_sanctions_reimposition;case_2019_venezuela_oil_sanctions;case_2023_arctic_lng_russian_energy_shipping_sanctions;case_1987_1988_tanker_war_reflagging;case_2008_somali_piracy_gulf_of_aden;case_2022_turkey_strait_tanker_insurance_backlog;case_2018_iran_swift_restrictions;case_2019_cosco_shipping_sanctions_tanker_market;case_2011_libya_civil_war_oil_disruption;case_2024_ukraine_drone_attacks_russian_refineries,14,case_hormuz_tanker_tensions;case_middle_east_oil_supply_disruption;case_opec_production_cut_policy_shock;case_israel_iran_escalation_energy_risk;case_2020_opec_plus_production_cut;case_2018_iran_oil_sanctions_reimposition;case_2019_venezuela_oil_sanctions;case_2023_arctic_lng_russian_energy_shipping_sanctions;case_2008_somali_piracy_gulf_of_aden;case_2022_turkey_strait_tanker_insurance_backlog;case_2018_iran_swift_restrictions;case_2019_cosco_shipping_sanctions_tanker_market;case_2011_libya_civil_war_oil_disruption;case_2024_ukraine_drone_attacks_russian_refineries,False,False,
hard_evaluation_cases,hard_red_sea_paraphrased_vessel_rerouting,hard_red_sea_paraphrased_vessel_rerouting,petrochemicals,1,case_2022_abu_dhabi_oil_facility_attack,2,False,True,0,12,case_russia_ukraine_energy_shock;case_2022_gas_fertilizer_shock;case_middle_east_oil_supply_disruption;case_opec_production_cut_policy_shock;case_2020_opec_plus_production_cut;case_2022_abu_dhabi_oil_facility_attack;case_2018_iran_oil_sanctions_reimposition;case_2019_venezuela_oil_sanctions;case_2022_nord_stream_pipeline_sabotage;case_2009_russia_ukraine_gas_transit_dispute;case_2011_libya_civil_war_oil_disruption;case_2024_ukraine_drone_attacks_russian_refineries,11,case_russia_ukraine_energy_shock;case_2022_gas_fertilizer_shock;case_middle_east_oil_supply_disruption;case_opec_production_cut_policy_shock;case_2020_opec_plus_production_cut;case_2018_iran_oil_sanctions_reimposition;case_2019_venezuela_oil_sanctions;case_2022_nord_stream_pipeline_sabotage;case_2009_russia_ukraine_gas_transit_dispute;case_2011_libya_civil_war_oil_disruption;case_2024_ukraine_drone_attacks_russian_refineries,True,False,
hard_evaluation_cases,hard_red_sea_paraphrased_vessel_rerouting,hard_red_sea_paraphrased_vessel_rerouting,refining,1,case_2022_abu_dhabi_oil_facility_attack,2,False,True,0,12,case_hormuz_tanker_tensions;case_russia_ukraine_energy_shock;case_middle_east_oil_supply_disruption;case_opec_production_cut_policy_shock;case_israel_iran_escalation_energy_risk;case_2020_opec_plus_production_cut;case_2022_abu_dhabi_oil_facility_attack;case_2018_iran_oil_sanctions_reimposition;case_2019_venezuela_oil_sanctions;case_2011_libya_civil_war_oil_disruption;case_2024_ukraine_drone_attacks_russian_refineries;case_2021_colonial_pipeline_ransomware,11,case_hormuz_tanker_tensions;case_russia_ukraine_energy_shock;case_middle_east_oil_supply_disruption;case_opec_production_cut_policy_shock;case_israel_iran_escalation_energy_risk;case_2020_opec_plus_production_cut;case_2018_iran_oil_sanctions_reimposition;case_2019_venezuela_oil_sanctions;case_2011_libya_civil_war_oil_disruption;case_2024_ukraine_drone_attacks_russian_refineries;case_2021_colonial_pipeline_ransomware,True,False,
hard_evaluation_cases,hard_semiconductor_controls_paraphrased,hard_semiconductor_controls_paraphrased,manufacturing_inputs,2,case_2023_japan_chip_equipment_export_controls;case_2019_huawei_entity_list,2,True,True,2,34,case_russia_ukraine_energy_shock;case_2019_huawei_entity_list;case_2018_2019_us_china_tariffs;case_2022_gas_fertilizer_shock;case_taiwan_strait_semiconductor_risk;case_rare_earth_export_restriction_risk;case_china_gallium_germanium_graphite_controls;case_defense_spending_shock_after_escalation;case_uranium_nuclear_fuel_supply_disruption;case_2023_port_of_nagoya_cyberattack;case_2023_middle_east_defense_supply_escalation;case_2023_china_graphite_battery_export_controls;case_2022_russia_aviation_supply_chain_sanctions;case_2017_north_korea_missile_escalation;case_2019_india_pakistan_airspace_closure;case_2022_nord_stream_pipeline_sabotage;case_2022_ukraine_electricity_grid_attacks;case_2022_chile_lithium_policy_shift;case_2020_indonesia_nickel_export_ban;case_2021_xinjiang_forced_labor_import_restrictions;case_2024_ev_tariff_escalation_china;case_2017_notpetya_shipping_logistics_cyberattack;case_2024_drc_cobalt_copper_mining_disruption;case_2023_mexico_nearshoring_cross_border_policy_risk;case_2023_eu_carbon_border_adjustment_mechanism;case_2021_myanmar_coup_supply_chain_disruption;case_2014_crimea_financial_sanctions;case_2009_russia_ukraine_gas_transit_dispute;case_2010_china_japan_rare_earth_embargo;case_2022_peru_mine_protests_copper_supply;case_2023_panama_cobre_mine_closure;case_2020_smic_entity_list_semiconductor_controls;case_2023_japan_chip_equipment_export_controls;case_2019_turkey_f35_s400_defense_restrictions,32,case_russia_ukraine_energy_shock;case_2018_2019_us_china_tariffs;case_2022_gas_fertilizer_shock;case_taiwan_strait_semiconductor_risk;case_rare_earth_export_restriction_risk;case_china_gallium_germanium_graphite_controls;case_defense_spending_shock_after_escalation;case_uranium_nuclear_fuel_supply_disruption;case_2023_port_of_nagoya_cyberattack;case_2023_middle_east_defense_supply_escalation;case_2023_china_graphite_battery_export_controls;case_2022_russia_aviation_supply_chain_sanctions;case_2017_north_korea_missile_escalation;case_2019_india_pakistan_airspace_closure;case_2022_nord_stream_pipeline_sabotage;case_2022_ukraine_electricity_grid_attacks;case_2022_chile_lithium_policy_shift;case_2020_indonesia_nickel_export_ban;case_2021_xinjiang_forced_labor_import_restrictions;case_2024_ev_tariff_escalation_china;case_2017_notpetya_shipping_logistics_cyberattack;case_2024_drc_cobalt_copper_mining_disruption;case_2023_mexico_nearshoring_cross_border_policy_risk;case_2023_eu_carbon_border_adjustment_mechanism;case_2021_myanmar_coup_supply_chain_disruption;case_2014_crimea_financial_sanctions;case_2009_russia_ukraine_gas_transit_dispute;case_2010_china_japan_rare_earth_embargo;case_2022_peru_mine_protests_copper_supply;case_2023_panama_cobre_mine_closure;case_2020_smic_entity_list_semiconductor_controls;case_2019_turkey_f35_s400_defense_restrictions,False,False,
hard_evaluation_cases,hard_hormuz_ambiguous_energy_shipping,hard_hormuz_ambiguous_energy_shipping,container_shipping,1,case_2023_red_sea_attacks,2,False,True,0,8,case_2021_suez_blockage;case_2023_red_sea_attacks;case_panama_canal_drought_shipping_capacity;case_2024_us_east_gulf_port_strike;case_2017_notpetya_shipping_logistics_cyberattack;case_2023_south_china_sea_shipping_tensions;case_2008_somali_piracy_gulf_of_aden;case_2023_dp_world_australia_cyber_port_disruption,7,case_2021_suez_blockage;case_panama_canal_drought_shipping_capacity;case_2024_us_east_gulf_port_strike;case_2017_notpetya_shipping_logistics_cyberattack;case_2023_south_china_sea_shipping_tensions;case_2008_somali_piracy_gulf_of_aden;case_2023_dp_world_australia_cyber_port_disruption,True,False,
hard_evaluation_cases,hard_hormuz_ambiguous_energy_shipping,hard_hormuz_ambiguous_energy_shipping,freight_routes,1,case_2023_red_sea_attacks,2,False,True,0,19,case_2021_suez_blockage;case_2023_red_sea_attacks;case_panama_canal_drought_shipping_capacity;case_black_sea_grain_export_disruption;case_cyberattack_pipeline_port_infrastructure;case_2023_port_of_nagoya_cyberattack;case_2024_us_east_gulf_port_strike;case_2019_india_pakistan_airspace_closure;case_2021_belarus_potash_sanctions;case_2017_notpetya_shipping_logistics_cyberattack;case_2023_black_sea_shipping_insurance_restrictions;case_2023_south_china_sea_shipping_tensions;case_2023_mexico_nearshoring_cross_border_policy_risk;case_1987_1988_tanker_war_reflagging;case_2008_somali_piracy_gulf_of_aden;case_2022_turkey_strait_tanker_insurance_backlog;case_2021_colonial_pipeline_ransomware;case_2023_dp_world_australia_cyber_port_disruption;case_2022_russia_airspace_closure_aviation_routes,18,case_2021_suez_blockage;case_panama_canal_drought_shipping_capacity;case_black_sea_grain_export_disruption;case_cyberattack_pipeline_port_infrastructure;case_2023_port_of_nagoya_cyberattack;case_2024_us_east_gulf_port_strike;case_2019_india_pakistan_airspace_closure;case_2021_belarus_potash_sanctions;case_2017_notpetya_shipping_logistics_cyberattack;case_2023_black_sea_shipping_insurance_restrictions;case_2023_south_china_sea_shipping_tensions;case_2023_mexico_nearshoring_cross_border_policy_risk;case_1987_1988_tanker_war_reflagging;case_2008_somali_piracy_gulf_of_aden;case_2022_turkey_strait_tanker_insurance_backlog;case_2021_colonial_pipeline_ransomware;case_2023_dp_world_australia_cyber_port_disruption;case_2022_russia_airspace_closure_aviation_routes,True,False,
hard_evaluation_cases,hard_hormuz_ambiguous_energy_shipping,hard_hormuz_ambiguous_energy_shipping,logistics,1,case_2023_red_sea_attacks,2,False,True,0,33,case_2021_suez_blockage;case_2023_red_sea_attacks;case_2018_2019_us_china_tariffs;case_panama_canal_drought_shipping_capacity;case_black_sea_grain_export_disruption;case_cyberattack_pipeline_port_infrastructure;case_2023_port_of_nagoya_cyberattack;case_2024_us_east_gulf_port_strike;case_2022_india_wheat_export_ban;case_2017_north_korea_missile_escalation;case_2019_india_pakistan_airspace_closure;case_2022_ukraine_electricity_grid_attacks;case_2023_niger_coup_uranium_supply_risk;case_2021_belarus_potash_sanctions;case_2021_xinjiang_forced_labor_import_restrictions;case_2024_ev_tariff_escalation_china;case_2017_notpetya_shipping_logistics_cyberattack;case_2023_black_sea_shipping_insurance_restrictions;case_2023_south_china_sea_shipping_tensions;case_2024_drc_cobalt_copper_mining_disruption;case_2023_mexico_nearshoring_cross_border_policy_risk;case_2021_myanmar_coup_supply_chain_disruption;case_1987_1988_tanker_war_reflagging;case_2008_somali_piracy_gulf_of_aden;case_2022_turkey_strait_tanker_insurance_backlog;case_2019_cosco_shipping_sanctions_tanker_market;case_2011_libya_civil_war_oil_disruption;case_2022_peru_mine_protests_copper_supply;case_2008_rice_export_restrictions_food_security;case_2022_russia_fertilizer_export_restrictions;case_2021_colonial_pipeline_ransomware;case_2023_dp_world_australia_cyber_port_disruption;case_2022_russia_airspace_closure_aviation_routes,32,case_2021_suez_blockage;case_2018_2019_us_china_tariffs;case_panama_canal_drought_shipping_capacity;case_black_sea_grain_export_disruption;case_cyberattack_pipeline_port_infrastructure;case_2023_port_of_nagoya_cyberattack;case_2024_us_east_gulf_port_strike;case_2022_india_wheat_export_ban;case_2017_north_korea_missile_escalation;case_2019_india_pakistan_airspace_closure;case_2022_ukraine_electricity_grid_attacks;case_2023_niger_coup_uranium_supply_risk;case_2021_belarus_potash_sanctions;case_2021_xinjiang_forced_labor_import_restrictions;case_2024_ev_tariff_escalation_china;case_2017_notpetya_shipping_logistics_cyberattack;case_2023_black_sea_shipping_insurance_restrictions;case_2023_south_china_sea_shipping_tensions;case_2024_drc_cobalt_copper_mining_disruption;case_2023_mexico_nearshoring_cross_border_policy_risk;case_2021_myanmar_coup_supply_chain_disruption;case_1987_1988_tanker_war_reflagging;case_2008_somali_piracy_gulf_of_aden;case_2022_turkey_strait_tanker_insurance_backlog;case_2019_cosco_shipping_sanctions_tanker_market;case_2011_libya_civil_war_oil_disruption;case_2022_peru_mine_protests_copper_supply;case_2008_rice_export_restrictions_food_security;case_2022_russia_fertilizer_export_restrictions;case_2021_colonial_pipeline_ransomware;case_2023_dp_world_australia_cyber_port_disruption;case_2022_russia_airspace_closure_aviation_routes,True,False,
hard_evaluation_cases,hard_hormuz_ambiguous_energy_shipping,hard_hormuz_ambiguous_energy_shipping,marine_insurance,2,case_hormuz_tanker_tensions;case_2023_red_sea_attacks,2,True,True,2,12,case_2023_red_sea_attacks;case_hormuz_tanker_tensions;case_israel_iran_escalation_energy_risk;case_2018_iran_oil_sanctions_reimposition;case_2023_black_sea_shipping_insurance_restrictions;case_2023_south_china_sea_shipping_tensions;case_2023_arctic_lng_russian_energy_shipping_sanctions;case_1987_1988_tanker_war_reflagging;case_2008_somali_piracy_gulf_of_aden;case_2022_turkey_strait_tanker_insurance_backlog;case_2018_iran_swift_restrictions;case_2019_cosco_shipping_sanctions_tanker_market,10,case_israel_iran_escalation_energy_risk;case_2018_iran_oil_sanctions_reimposition;case_2023_black_sea_shipping_insurance_restrictions;case_2023_south_china_sea_shipping_tensions;case_2023_arctic_lng_russian_energy_shipping_sanctions;case_1987_1988_tanker_war_reflagging;case_2008_somali_piracy_gulf_of_aden;case_2022_turkey_strait_tanker_insurance_backlog;case_2018_iran_swift_restrictions;case_2019_cosco_shipping_sanctions_tanker_market,False,False,
hard_evaluation_cases,hard_hormuz_ambiguous_energy_shipping,hard_hormuz_ambiguous_energy_shipping,maritime_chokepoint,2,case_hormuz_tanker_tensions;case_2023_red_sea_attacks,2,True,True,2,12,case_2021_suez_blockage;case_2023_red_sea_attacks;case_hormuz_tanker_tensions;case_panama_canal_drought_shipping_capacity;case_black_sea_grain_export_disruption;case_israel_iran_escalation_energy_risk;case_2023_black_sea_shipping_insurance_restrictions;case_2023_south_china_sea_shipping_tensions;case_2023_arctic_lng_russian_energy_shipping_sanctions;case_1987_1988_tanker_war_reflagging;case_2008_somali_piracy_gulf_of_aden;case_2022_turkey_strait_tanker_insurance_backlog,10,case_2021_suez_blockage;case_panama_canal_drought_shipping_capacity;case_black_sea_grain_export_disruption;case_israel_iran_escalation_energy_risk;case_2023_black_sea_shipping_insurance_restrictions;case_2023_south_china_sea_shipping_tensions;case_2023_arctic_lng_russian_energy_shipping_sanctions;case_1987_1988_tanker_war_reflagging;case_2008_somali_piracy_gulf_of_aden;case_2022_turkey_strait_tanker_insurance_backlog,False,False,
hard_evaluation_cases,hard_hormuz_ambiguous_energy_shipping,hard_hormuz_ambiguous_energy_shipping,oil_shipping,2,case_hormuz_tanker_tensions;case_2023_red_sea_attacks,2,True,True,2,17,case_2023_red_sea_attacks;case_hormuz_tanker_tensions;case_middle_east_oil_supply_disruption;case_opec_production_cut_policy_shock;case_israel_iran_escalation_energy_risk;case_2020_opec_plus_production_cut;case_2022_abu_dhabi_oil_facility_attack;case_2018_iran_oil_sanctions_reimposition;case_2019_venezuela_oil_sanctions;case_2023_arctic_lng_russian_energy_shipping_sanctions;case_1987_1988_tanker_war_reflagging;case_2008_somali_piracy_gulf_of_aden;case_2022_turkey_strait_tanker_insurance_backlog;case_2018_iran_swift_restrictions;case_2019_cosco_shipping_sanctions_tanker_market;case_2011_libya_civil_war_oil_disruption;case_2024_ukraine_drone_attacks_russian_refineries,15,case_middle_east_oil_supply_disruption;case_opec_production_cut_policy_shock;case_israel_iran_escalation_energy_risk;case_2020_opec_plus_production_cut;case_2022_abu_dhabi_oil_facility_attack;case_2018_iran_oil_sanctions_reimposition;case_2019_venezuela_oil_sanctions;case_2023_arctic_lng_russian_energy_shipping_sanctions;case_1987_1988_tanker_war_reflagging;case_2008_somali_piracy_gulf_of_aden;case_2022_turkey_strait_tanker_insurance_backlog;case_2018_iran_swift_restrictions;case_2019_cosco_shipping_sanctions_tanker_market;case_2011_libya_civil_war_oil_disruption;case_2024_ukraine_drone_attacks_russian_refineries,False,False,
hard_evaluation_cases,hard_middle_east_energy_ambiguous,hard_middle_east_energy_ambiguous,aviation,3,case_middle_east_oil_supply_disruption;case_2022_abu_dhabi_oil_facility_attack;case_2024_ukraine_drone_attacks_russian_refineries,2,False,True,0,11,case_middle_east_oil_supply_disruption;case_opec_production_cut_policy_shock;case_2020_opec_plus_production_cut;case_2022_abu_dhabi_oil_facility_attack;case_2022_russia_aviation_supply_chain_sanctions;case_2017_north_korea_missile_escalation;case_2019_india_pakistan_airspace_closure;case_2011_libya_civil_war_oil_disruption;case_2024_ukraine_drone_attacks_russian_refineries;case_2021_colonial_pipeline_ransomware;case_2022_russia_airspace_closure_aviation_routes,8,case_opec_production_cut_policy_shock;case_2020_opec_plus_production_cut;case_2022_russia_aviation_supply_chain_sanctions;case_2017_north_korea_missile_escalation;case_2019_india_pakistan_airspace_closure;case_2011_libya_civil_war_oil_disruption;case_2021_colonial_pipeline_ransomware;case_2022_russia_airspace_closure_aviation_routes,False,False,
hard_evaluation_cases,hard_middle_east_energy_ambiguous,hard_middle_east_energy_ambiguous,defense,1,case_2022_abu_dhabi_oil_facility_attack,2,False,True,0,15,case_taiwan_strait_semiconductor_risk;case_rare_earth_export_restriction_risk;case_israel_iran_escalation_energy_risk;case_defense_spending_shock_after_escalation;case_2023_middle_east_defense_supply_escalation;case_2024_taiwan_strait_drills_semiconductor_supply;case_2022_abu_dhabi_oil_facility_attack;case_2022_russia_aviation_supply_chain_sanctions;case_2017_north_korea_missile_escalation;case_2019_india_pakistan_airspace_closure;case_2022_ukraine_electricity_grid_attacks;case_2023_south_china_sea_shipping_tensions;case_1987_1988_tanker_war_reflagging;case_2010_china_japan_rare_earth_embargo;case_2019_turkey_f35_s400_defense_restrictions,14,case_taiwan_strait_semiconductor_risk;case_rare_earth_export_restriction_risk;case_israel_iran_escalation_energy_risk;case_defense_spending_shock_after_escalation;case_2023_middle_east_defense_supply_escalation;case_2024_taiwan_strait_drills_semiconductor_supply;case_2022_russia_aviation_supply_chain_sanctions;case_2017_north_korea_missile_escalation;case_2019_india_pakistan_airspace_closure;case_2022_ukraine_electricity_grid_attacks;case_2023_south_china_sea_shipping_tensions;case_1987_1988_tanker_war_reflagging;case_2010_china_japan_rare_earth_embargo;case_2019_turkey_f35_s400_defense_restrictions,True,False,
hard_evaluation_cases,hard_middle_east_energy_ambiguous,hard_middle_east_energy_ambiguous,energy,3,case_middle_east_oil_supply_disruption;case_2022_abu_dhabi_oil_facility_attack;case_2024_ukraine_drone_attacks_russian_refineries,2,False,True,0,28,case_2021_suez_blockage;case_hormuz_tanker_tensions;case_russia_ukraine_energy_shock;case_2022_gas_fertilizer_shock;case_middle_east_oil_supply_disruption;case_rare_earth_export_restriction_risk;case_opec_production_cut_policy_shock;case_israel_iran_escalation_energy_risk;case_cyberattack_pipeline_port_infrastructure;case_uranium_nuclear_fuel_supply_disruption;case_2022_russia_swift_financial_sanctions;case_2020_opec_plus_production_cut;case_2022_abu_dhabi_oil_facility_attack;case_2018_iran_oil_sanctions_reimposition;case_2019_venezuela_oil_sanctions;case_2022_nord_stream_pipeline_sabotage;case_2022_ukraine_electricity_grid_attacks;case_2023_niger_coup_uranium_supply_risk;case_2023_eu_carbon_border_adjustment_mechanism;case_2023_arctic_lng_russian_energy_shipping_sanctions;case_1987_1988_tanker_war_reflagging;case_2014_crimea_financial_sanctions;case_2009_russia_ukraine_gas_transit_dispute;case_2011_libya_civil_war_oil_disruption;case_2024_ukraine_drone_attacks_russian_refineries;case_2022_russia_fertilizer_export_restrictions;case_2021_colonial_pipeline_ransomware;case_2022_russia_airspace_closure_aviation_routes,25,case_2021_suez_blockage;case_hormuz_tanker_tensions;case_russia_ukraine_energy_shock;case_2022_gas_fertilizer_shock;case_rare_earth_export_restriction_risk;case_opec_production_cut_policy_shock;case_israel_iran_escalation_energy_risk;case_cyberattack_pipeline_port_infrastructure;case_uranium_nuclear_fuel_supply_disruption;case_2022_russia_swift_financial_sanctions;case_2020_opec_plus_production_cut;case_2018_iran_oil_sanctions_reimposition;case_2019_venezuela_oil_sanctions;case_2022_nord_stream_pipeline_sabotage;case_2022_ukraine_electricity_grid_attacks;case_2023_niger_coup_uranium_supply_risk;case_2023_eu_carbon_border_adjustment_mechanism;case_2023_arctic_lng_russian_energy_shipping_sanctions;case_1987_1988_tanker_war_reflagging;case_2014_crimea_financial_sanctions;case_2009_russia_ukraine_gas_transit_dispute;case_2011_libya_civil_war_oil_disruption;case_2022_russia_fertilizer_export_restrictions;case_2021_colonial_pipeline_ransomware;case_2022_russia_airspace_closure_aviation_routes,False,False,
hard_evaluation_cases,hard_middle_east_energy_ambiguous,hard_middle_east_energy_ambiguous,oil_shipping,3,case_middle_east_oil_supply_disruption;case_2022_abu_dhabi_oil_facility_attack;case_2024_ukraine_drone_attacks_russian_refineries,2,False,True,0,17,case_2023_red_sea_attacks;case_hormuz_tanker_tensions;case_middle_east_oil_supply_disruption;case_opec_production_cut_policy_shock;case_israel_iran_escalation_energy_risk;case_2020_opec_plus_production_cut;case_2022_abu_dhabi_oil_facility_attack;case_2018_iran_oil_sanctions_reimposition;case_2019_venezuela_oil_sanctions;case_2023_arctic_lng_russian_energy_shipping_sanctions;case_1987_1988_tanker_war_reflagging;case_2008_somali_piracy_gulf_of_aden;case_2022_turkey_strait_tanker_insurance_backlog;case_2018_iran_swift_restrictions;case_2019_cosco_shipping_sanctions_tanker_market;case_2011_libya_civil_war_oil_disruption;case_2024_ukraine_drone_attacks_russian_refineries,14,case_2023_red_sea_attacks;case_hormuz_tanker_tensions;case_opec_production_cut_policy_shock;case_israel_iran_escalation_energy_risk;case_2020_opec_plus_production_cut;case_2018_iran_oil_sanctions_reimposition;case_2019_venezuela_oil_sanctions;case_2023_arctic_lng_russian_energy_shipping_sanctions;case_1987_1988_tanker_war_reflagging;case_2008_somali_piracy_gulf_of_aden;case_2022_turkey_strait_tanker_insurance_backlog;case_2018_iran_swift_restrictions;case_2019_cosco_shipping_sanctions_tanker_market;case_2011_libya_civil_war_oil_disruption,False,False,
hard_evaluation_cases,hard_middle_east_energy_ambiguous,hard_middle_east_energy_ambiguous,petrochemicals,3,case_middle_east_oil_supply_disruption;case_2022_abu_dhabi_oil_facility_attack;case_2024_ukraine_drone_attacks_russian_refineries,2,False,True,0,12,case_russia_ukraine_energy_shock;case_2022_gas_fertilizer_shock;case_middle_east_oil_supply_disruption;case_opec_production_cut_policy_shock;case_2020_opec_plus_production_cut;case_2022_abu_dhabi_oil_facility_attack;case_2018_iran_oil_sanctions_reimposition;case_2019_venezuela_oil_sanctions;case_2022_nord_stream_pipeline_sabotage;case_2009_russia_ukraine_gas_transit_dispute;case_2011_libya_civil_war_oil_disruption;case_2024_ukraine_drone_attacks_russian_refineries,9,case_russia_ukraine_energy_shock;case_2022_gas_fertilizer_shock;case_opec_production_cut_policy_shock;case_2020_opec_plus_production_cut;case_2018_iran_oil_sanctions_reimposition;case_2019_venezuela_oil_sanctions;case_2022_nord_stream_pipeline_sabotage;case_2009_russia_ukraine_gas_transit_dispute;case_2011_libya_civil_war_oil_disruption,False,False,
hard_evaluation_cases,hard_middle_east_energy_ambiguous,hard_middle_east_energy_ambiguous,pipeline_infrastructure,1,case_2024_ukraine_drone_attacks_russian_refineries,2,False,True,0,6,case_cyberattack_pipeline_port_infrastructure;case_2022_nord_stream_pipeline_sabotage;case_2022_ukraine_electricity_grid_attacks;case_2009_russia_ukraine_gas_transit_dispute;case_2024_ukraine_drone_attacks_russian_refineries;case_2021_colonial_pipeline_ransomware,5,case_cyberattack_pipeline_port_infrastructure;case_2022_nord_stream_pipeline_sabotage;case_2022_ukraine_electricity_grid_attacks;case_2009_russia_ukraine_gas_transit_dispute;case_2021_colonial_pipeline_ransomware,True,False,
hard_evaluation_cases,hard_middle_east_energy_ambiguous,hard_middle_east_energy_ambiguous,refining,3,case_middle_east_oil_supply_disruption;case_2022_abu_dhabi_oil_facility_attack;case_2024_ukraine_drone_attacks_russian_refineries,2,False,True,0,12,case_hormuz_tanker_tensions;case_russia_ukraine_energy_shock;case_middle_east_oil_supply_disruption;case_opec_production_cut_policy_shock;case_israel_iran_escalation_energy_risk;case_2020_opec_plus_production_cut;case_2022_abu_dhabi_oil_facility_attack;case_2018_iran_oil_sanctions_reimposition;case_2019_venezuela_oil_sanctions;case_2011_libya_civil_war_oil_disruption;case_2024_ukraine_drone_attacks_russian_refineries;case_2021_colonial_pipeline_ransomware,9,case_hormuz_tanker_tensions;case_russia_ukraine_energy_shock;case_opec_production_cut_policy_shock;case_israel_iran_escalation_energy_risk;case_2020_opec_plus_production_cut;case_2018_iran_oil_sanctions_reimposition;case_2019_venezuela_oil_sanctions;case_2011_libya_civil_war_oil_disruption;case_2021_colonial_pipeline_ransomware,False,False,
hard_evaluation_cases,hard_financial_sanctions_payment_networks,hard_financial_sanctions_payment_networks,aviation,1,case_2019_india_pakistan_airspace_closure,2,False,True,0,11,case_middle_east_oil_supply_disruption;case_opec_production_cut_policy_shock;case_2020_opec_plus_production_cut;case_2022_abu_dhabi_oil_facility_attack;case_2022_russia_aviation_supply_chain_sanctions;case_2017_north_korea_missile_escalation;case_2019_india_pakistan_airspace_closure;case_2011_libya_civil_war_oil_disruption;case_2024_ukraine_drone_attacks_russian_refineries;case_2021_colonial_pipeline_ransomware;case_2022_russia_airspace_closure_aviation_routes,10,case_middle_east_oil_supply_disruption;case_opec_production_cut_policy_shock;case_2020_opec_plus_production_cut;case_2022_abu_dhabi_oil_facility_attack;case_2022_russia_aviation_supply_chain_sanctions;case_2017_north_korea_missile_escalation;case_2011_libya_civil_war_oil_disruption;case_2024_ukraine_drone_attacks_russian_refineries;case_2021_colonial_pipeline_ransomware;case_2022_russia_airspace_closure_aviation_routes,True,False,
hard_evaluation_cases,hard_financial_sanctions_payment_networks,hard_financial_sanctions_payment_networks,customs,2,case_2022_russia_swift_financial_sanctions;case_2014_crimea_financial_sanctions,2,False,True,0,32,case_2023_dutch_asml_controls;case_2019_huawei_entity_list;case_2018_2019_us_china_tariffs;case_china_gallium_germanium_graphite_controls;case_uranium_nuclear_fuel_supply_disruption;case_2022_russia_swift_financial_sanctions;case_2023_china_graphite_battery_export_controls;case_2022_india_wheat_export_ban;case_2022_russia_aviation_supply_chain_sanctions;case_2023_niger_coup_uranium_supply_risk;case_2022_chile_lithium_policy_shift;case_2020_indonesia_nickel_export_ban;case_2021_belarus_potash_sanctions;case_2021_xinjiang_forced_labor_import_restrictions;case_2024_ev_tariff_escalation_china;case_2024_drc_cobalt_copper_mining_disruption;case_2023_mexico_nearshoring_cross_border_policy_risk;case_2023_eu_carbon_border_adjustment_mechanism;case_2021_myanmar_coup_supply_chain_disruption;case_2022_turkey_strait_tanker_insurance_backlog;case_2014_crimea_financial_sanctions;case_2018_iran_swift_restrictions;case_2019_cosco_shipping_sanctions_tanker_market;case_2010_china_japan_rare_earth_embargo;case_2022_peru_mine_protests_copper_supply;case_2023_panama_cobre_mine_closure;case_2008_rice_export_restrictions_food_security;case_2022_russia_fertilizer_export_restrictions;case_2020_smic_entity_list_semiconductor_controls;case_2023_japan_chip_equipment_export_controls;case_2019_turkey_f35_s400_defense_restrictions;case_2022_russia_airspace_closure_aviation_routes,30,case_2023_dutch_asml_controls;case_2019_huawei_entity_list;case_2018_2019_us_china_tariffs;case_china_gallium_germanium_graphite_controls;case_uranium_nuclear_fuel_supply_disruption;case_2023_china_graphite_battery_export_controls;case_2022_india_wheat_export_ban;case_2022_russia_aviation_supply_chain_sanctions;case_2023_niger_coup_uranium_supply_risk;case_2022_chile_lithium_policy_shift;case_2020_indonesia_nickel_export_ban;case_2021_belarus_potash_sanctions;case_2021_xinjiang_forced_labor_import_restrictions;case_2024_ev_tariff_escalation_china;case_2024_drc_cobalt_copper_mining_disruption;case_2023_mexico_nearshoring_cross_border_policy_risk;case_2023_eu_carbon_border_adjustment_mechanism;case_2021_myanmar_coup_supply_chain_disruption;case_2022_turkey_strait_tanker_insurance_backlog;case_2018_iran_swift_restrictions;case_2019_cosco_shipping_sanctions_tanker_market;case_2010_china_japan_rare_earth_embargo;case_2022_peru_mine_protests_copper_supply;case_2023_panama_cobre_mine_closure;case_2008_rice_export_restrictions_food_security;case_2022_russia_fertilizer_export_restrictions;case_2020_smic_entity_list_semiconductor_controls;case_2023_japan_chip_equipment_export_controls;case_2019_turkey_f35_s400_defense_restrictions;case_2022_russia_airspace_closure_aviation_routes,False,False,
hard_evaluation_cases,hard_financial_sanctions_payment_networks,hard_financial_sanctions_payment_networks,defense,1,case_2019_india_pakistan_airspace_closure,2,False,True,0,15,case_taiwan_strait_semiconductor_risk;case_rare_earth_export_restriction_risk;case_israel_iran_escalation_energy_risk;case_defense_spending_shock_after_escalation;case_2023_middle_east_defense_supply_escalation;case_2024_taiwan_strait_drills_semiconductor_supply;case_2022_abu_dhabi_oil_facility_attack;case_2022_russia_aviation_supply_chain_sanctions;case_2017_north_korea_missile_escalation;case_2019_india_pakistan_airspace_closure;case_2022_ukraine_electricity_grid_attacks;case_2023_south_china_sea_shipping_tensions;case_1987_1988_tanker_war_reflagging;case_2010_china_japan_rare_earth_embargo;case_2019_turkey_f35_s400_defense_restrictions,14,case_taiwan_strait_semiconductor_risk;case_rare_earth_export_restriction_risk;case_israel_iran_escalation_energy_risk;case_defense_spending_shock_after_escalation;case_2023_middle_east_defense_supply_escalation;case_2024_taiwan_strait_drills_semiconductor_supply;case_2022_abu_dhabi_oil_facility_attack;case_2022_russia_aviation_supply_chain_sanctions;case_2017_north_korea_missile_escalation;case_2022_ukraine_electricity_grid_attacks;case_2023_south_china_sea_shipping_tensions;case_1987_1988_tanker_war_reflagging;case_2010_china_japan_rare_earth_embargo;case_2019_turkey_f35_s400_defense_restrictions,True,False,
hard_evaluation_cases,hard_financial_sanctions_payment_networks,hard_financial_sanctions_payment_networks,energy,2,case_2022_russia_swift_financial_sanctions;case_2014_crimea_financial_sanctions,2,False,True,0,28,case_2021_suez_blockage;case_hormuz_tanker_tensions;case_russia_ukraine_energy_shock;case_2022_gas_fertilizer_shock;case_middle_east_oil_supply_disruption;case_rare_earth_export_restriction_risk;case_opec_production_cut_policy_shock;case_israel_iran_escalation_energy_risk;case_cyberattack_pipeline_port_infrastructure;case_uranium_nuclear_fuel_supply_disruption;case_2022_russia_swift_financial_sanctions;case_2020_opec_plus_production_cut;case_2022_abu_dhabi_oil_facility_attack;case_2018_iran_oil_sanctions_reimposition;case_2019_venezuela_oil_sanctions;case_2022_nord_stream_pipeline_sabotage;case_2022_ukraine_electricity_grid_attacks;case_2023_niger_coup_uranium_supply_risk;case_2023_eu_carbon_border_adjustment_mechanism;case_2023_arctic_lng_russian_energy_shipping_sanctions;case_1987_1988_tanker_war_reflagging;case_2014_crimea_financial_sanctions;case_2009_russia_ukraine_gas_transit_dispute;case_2011_libya_civil_war_oil_disruption;case_2024_ukraine_drone_attacks_russian_refineries;case_2022_russia_fertilizer_export_restrictions;case_2021_colonial_pipeline_ransomware;case_2022_russia_airspace_closure_aviation_routes,26,case_2021_suez_blockage;case_hormuz_tanker_tensions;case_russia_ukraine_energy_shock;case_2022_gas_fertilizer_shock;case_middle_east_oil_supply_disruption;case_rare_earth_export_restriction_risk;case_opec_production_cut_policy_shock;case_israel_iran_escalation_energy_risk;case_cyberattack_pipeline_port_infrastructure;case_uranium_nuclear_fuel_supply_disruption;case_2020_opec_plus_production_cut;case_2022_abu_dhabi_oil_facility_attack;case_2018_iran_oil_sanctions_reimposition;case_2019_venezuela_oil_sanctions;case_2022_nord_stream_pipeline_sabotage;case_2022_ukraine_electricity_grid_attacks;case_2023_niger_coup_uranium_supply_risk;case_2023_eu_carbon_border_adjustment_mechanism;case_2023_arctic_lng_russian_energy_shipping_sanctions;case_1987_1988_tanker_war_reflagging;case_2009_russia_ukraine_gas_transit_dispute;case_2011_libya_civil_war_oil_disruption;case_2024_ukraine_drone_attacks_russian_refineries;case_2022_russia_fertilizer_export_restrictions;case_2021_colonial_pipeline_ransomware;case_2022_russia_airspace_closure_aviation_routes,False,False,
hard_evaluation_cases,hard_financial_sanctions_payment_networks,hard_financial_sanctions_payment_networks,financial_sanctions,2,case_2022_russia_swift_financial_sanctions;case_2014_crimea_financial_sanctions,2,False,True,0,8,case_2022_russia_swift_financial_sanctions;case_2018_iran_oil_sanctions_reimposition;case_2019_venezuela_oil_sanctions;case_2023_arctic_lng_russian_energy_shipping_sanctions;case_2022_turkey_strait_tanker_insurance_backlog;case_2014_crimea_financial_sanctions;case_2018_iran_swift_restrictions;case_2019_cosco_shipping_sanctions_tanker_market,6,case_2018_iran_oil_sanctions_reimposition;case_2019_venezuela_oil_sanctions;case_2023_arctic_lng_russian_energy_shipping_sanctions;case_2022_turkey_strait_tanker_insurance_backlog;case_2018_iran_swift_restrictions;case_2019_cosco_shipping_sanctions_tanker_market,False,False,
hard_evaluation_cases,hard_financial_sanctions_payment_networks,hard_financial_sanctions_payment_networks,freight_routes,1,case_2019_india_pakistan_airspace_closure,2,False,True,0,19,case_2021_suez_blockage;case_2023_red_sea_attacks;case_panama_canal_drought_shipping_capacity;case_black_sea_grain_export_disruption;case_cyberattack_pipeline_port_infrastructure;case_2023_port_of_nagoya_cyberattack;case_2024_us_east_gulf_port_strike;case_2019_india_pakistan_airspace_closure;case_2021_belarus_potash_sanctions;case_2017_notpetya_shipping_logistics_cyberattack;case_2023_black_sea_shipping_insurance_restrictions;case_2023_south_china_sea_shipping_tensions;case_2023_mexico_nearshoring_cross_border_policy_risk;case_1987_1988_tanker_war_reflagging;case_2008_somali_piracy_gulf_of_aden;case_2022_turkey_strait_tanker_insurance_backlog;case_2021_colonial_pipeline_ransomware;case_2023_dp_world_australia_cyber_port_disruption;case_2022_russia_airspace_closure_aviation_routes,18,case_2021_suez_blockage;case_2023_red_sea_attacks;case_panama_canal_drought_shipping_capacity;case_black_sea_grain_export_disruption;case_cyberattack_pipeline_port_infrastructure;case_2023_port_of_nagoya_cyberattack;case_2024_us_east_gulf_port_strike;case_2021_belarus_potash_sanctions;case_2017_notpetya_shipping_logistics_cyberattack;case_2023_black_sea_shipping_insurance_restrictions;case_2023_south_china_sea_shipping_tensions;case_2023_mexico_nearshoring_cross_border_policy_risk;case_1987_1988_tanker_war_reflagging;case_2008_somali_piracy_gulf_of_aden;case_2022_turkey_strait_tanker_insurance_backlog;case_2021_colonial_pipeline_ransomware;case_2023_dp_world_australia_cyber_port_disruption;case_2022_russia_airspace_closure_aviation_routes,True,False,
hard_evaluation_cases,hard_financial_sanctions_payment_networks,hard_financial_sanctions_payment_networks,logistics,1,case_2019_india_pakistan_airspace_closure,2,False,True,0,33,case_2021_suez_blockage;case_2023_red_sea_attacks;case_2018_2019_us_china_tariffs;case_panama_canal_drought_shipping_capacity;case_black_sea_grain_export_disruption;case_cyberattack_pipeline_port_infrastructure;case_2023_port_of_nagoya_cyberattack;case_2024_us_east_gulf_port_strike;case_2022_india_wheat_export_ban;case_2017_north_korea_missile_escalation;case_2019_india_pakistan_airspace_closure;case_2022_ukraine_electricity_grid_attacks;case_2023_niger_coup_uranium_supply_risk;case_2021_belarus_potash_sanctions;case_2021_xinjiang_forced_labor_import_restrictions;case_2024_ev_tariff_escalation_china;case_2017_notpetya_shipping_logistics_cyberattack;case_2023_black_sea_shipping_insurance_restrictions;case_2023_south_china_sea_shipping_tensions;case_2024_drc_cobalt_copper_mining_disruption;case_2023_mexico_nearshoring_cross_border_policy_risk;case_2021_myanmar_coup_supply_chain_disruption;case_1987_1988_tanker_war_reflagging;case_2008_somali_piracy_gulf_of_aden;case_2022_turkey_strait_tanker_insurance_backlog;case_2019_cosco_shipping_sanctions_tanker_market;case_2011_libya_civil_war_oil_disruption;case_2022_peru_mine_protests_copper_supply;case_2008_rice_export_restrictions_food_security;case_2022_russia_fertilizer_export_restrictions;case_2021_colonial_pipeline_ransomware;case_2023_dp_world_australia_cyber_port_disruption;case_2022_russia_airspace_closure_aviation_routes,32,case_2021_suez_blockage;case_2023_red_sea_attacks;case_2018_2019_us_china_tariffs;case_panama_canal_drought_shipping_capacity;case_black_sea_grain_export_disruption;case_cyberattack_pipeline_port_infrastructure;case_2023_port_of_nagoya_cyberattack;case_2024_us_east_gulf_port_strike;case_2022_india_wheat_export_ban;case_2017_north_korea_missile_escalation;case_2022_ukraine_electricity_grid_attacks;case_2023_niger_coup_uranium_supply_risk;case_2021_belarus_potash_sanctions;case_2021_xinjiang_forced_labor_import_restrictions;case_2024_ev_tariff_escalation_china;case_2017_notpetya_shipping_logistics_cyberattack;case_2023_black_sea_shipping_insurance_restrictions;case_2023_south_china_sea_shipping_tensions;case_2024_drc_cobalt_copper_mining_disruption;case_2023_mexico_nearshoring_cross_border_policy_risk;case_2021_myanmar_coup_supply_chain_disruption;case_1987_1988_tanker_war_reflagging;case_2008_somali_piracy_gulf_of_aden;case_2022_turkey_strait_tanker_insurance_backlog;case_2019_cosco_shipping_sanctions_tanker_market;case_2011_libya_civil_war_oil_disruption;case_2022_peru_mine_protests_copper_supply;case_2008_rice_export_restrictions_food_security;case_2022_russia_fertilizer_export_restrictions;case_2021_colonial_pipeline_ransomware;case_2023_dp_world_australia_cyber_port_disruption;case_2022_russia_airspace_closure_aviation_routes,True,False,
hard_evaluation_cases,hard_financial_sanctions_payment_networks,hard_financial_sanctions_payment_networks,manufacturing_inputs,2,case_2014_crimea_financial_sanctions;case_2019_india_pakistan_airspace_closure,2,False,True,0,34,case_russia_ukraine_energy_shock;case_2019_huawei_entity_list;case_2018_2019_us_china_tariffs;case_2022_gas_fertilizer_shock;case_taiwan_strait_semiconductor_risk;case_rare_earth_export_restriction_risk;case_china_gallium_germanium_graphite_controls;case_defense_spending_shock_after_escalation;case_uranium_nuclear_fuel_supply_disruption;case_2023_port_of_nagoya_cyberattack;case_2023_middle_east_defense_supply_escalation;case_2023_china_graphite_battery_export_controls;case_2022_russia_aviation_supply_chain_sanctions;case_2017_north_korea_missile_escalation;case_2019_india_pakistan_airspace_closure;case_2022_nord_stream_pipeline_sabotage;case_2022_ukraine_electricity_grid_attacks;case_2022_chile_lithium_policy_shift;case_2020_indonesia_nickel_export_ban;case_2021_xinjiang_forced_labor_import_restrictions;case_2024_ev_tariff_escalation_china;case_2017_notpetya_shipping_logistics_cyberattack;case_2024_drc_cobalt_copper_mining_disruption;case_2023_mexico_nearshoring_cross_border_policy_risk;case_2023_eu_carbon_border_adjustment_mechanism;case_2021_myanmar_coup_supply_chain_disruption;case_2014_crimea_financial_sanctions;case_2009_russia_ukraine_gas_transit_dispute;case_2010_china_japan_rare_earth_embargo;case_2022_peru_mine_protests_copper_supply;case_2023_panama_cobre_mine_closure;case_2020_smic_entity_list_semiconductor_controls;case_2023_japan_chip_equipment_export_controls;case_2019_turkey_f35_s400_defense_restrictions,32,case_russia_ukraine_energy_shock;case_2019_huawei_entity_list;case_2018_2019_us_china_tariffs;case_2022_gas_fertilizer_shock;case_taiwan_strait_semiconductor_risk;case_rare_earth_export_restriction_risk;case_china_gallium_germanium_graphite_controls;case_defense_spending_shock_after_escalation;case_uranium_nuclear_fuel_supply_disruption;case_2023_port_of_nagoya_cyberattack;case_2023_middle_east_defense_supply_escalation;case_2023_china_graphite_battery_export_controls;case_2022_russia_aviation_supply_chain_sanctions;case_2017_north_korea_missile_escalation;case_2022_nord_stream_pipeline_sabotage;case_2022_ukraine_electricity_grid_attacks;case_2022_chile_lithium_policy_shift;case_2020_indonesia_nickel_export_ban;case_2021_xinjiang_forced_labor_import_restrictions;case_2024_ev_tariff_escalation_china;case_2017_notpetya_shipping_logistics_cyberattack;case_2024_drc_cobalt_copper_mining_disruption;case_2023_mexico_nearshoring_cross_border_policy_risk;case_2023_eu_carbon_border_adjustment_mechanism;case_2021_myanmar_coup_supply_chain_disruption;case_2009_russia_ukraine_gas_transit_dispute;case_2010_china_japan_rare_earth_embargo;case_2022_peru_mine_protests_copper_supply;case_2023_panama_cobre_mine_closure;case_2020_smic_entity_list_semiconductor_controls;case_2023_japan_chip_equipment_export_controls;case_2019_turkey_f35_s400_defense_restrictions,False,False,
hard_evaluation_cases,hard_financial_sanctions_payment_networks,hard_financial_sanctions_payment_networks,payment_networks,2,case_2022_russia_swift_financial_sanctions;case_2014_crimea_financial_sanctions,2,False,True,0,7,case_2022_russia_swift_financial_sanctions;case_2018_iran_oil_sanctions_reimposition;case_2019_venezuela_oil_sanctions;case_2023_arctic_lng_russian_energy_shipping_sanctions;case_2014_crimea_financial_sanctions;case_2018_iran_swift_restrictions;case_2019_cosco_shipping_sanctions_tanker_market,5,case_2018_iran_oil_sanctions_reimposition;case_2019_venezuela_oil_sanctions;case_2023_arctic_lng_russian_energy_shipping_sanctions;case_2018_iran_swift_restrictions;case_2019_cosco_shipping_sanctions_tanker_market,False,False,
hard_evaluation_cases,hard_financial_sanctions_payment_networks,hard_financial_sanctions_payment_networks,trade_lanes,3,case_2022_russia_swift_financial_sanctions;case_2014_crimea_financial_sanctions;case_2019_india_pakistan_airspace_closure,2,False,True,0,31,case_2018_2019_us_china_tariffs;case_uranium_nuclear_fuel_supply_disruption;case_2022_russia_swift_financial_sanctions;case_2024_us_east_gulf_port_strike;case_2022_india_wheat_export_ban;case_2022_russia_aviation_supply_chain_sanctions;case_2017_north_korea_missile_escalation;case_2019_india_pakistan_airspace_closure;case_2023_niger_coup_uranium_supply_risk;case_2022_chile_lithium_policy_shift;case_2020_indonesia_nickel_export_ban;case_2021_belarus_potash_sanctions;case_2021_xinjiang_forced_labor_import_restrictions;case_2024_ev_tariff_escalation_china;case_2023_south_china_sea_shipping_tensions;case_2024_drc_cobalt_copper_mining_disruption;case_2023_mexico_nearshoring_cross_border_policy_risk;case_2023_eu_carbon_border_adjustment_mechanism;case_2021_myanmar_coup_supply_chain_disruption;case_2014_crimea_financial_sanctions;case_2018_iran_swift_restrictions;case_2019_cosco_shipping_sanctions_tanker_market;case_2009_russia_ukraine_gas_transit_dispute;case_2011_libya_civil_war_oil_disruption;case_2010_china_japan_rare_earth_embargo;case_2022_peru_mine_protests_copper_supply;case_2023_panama_cobre_mine_closure;case_2008_rice_export_restrictions_food_security;case_2022_russia_fertilizer_export_restrictions;case_2023_dp_world_australia_cyber_port_disruption;case_2019_turkey_f35_s400_defense_restrictions,28,case_2018_2019_us_china_tariffs;case_uranium_nuclear_fuel_supply_disruption;case_2024_us_east_gulf_port_strike;case_2022_india_wheat_export_ban;case_2022_russia_aviation_supply_chain_sanctions;case_2017_north_korea_missile_escalation;case_2023_niger_coup_uranium_supply_risk;case_2022_chile_lithium_policy_shift;case_2020_indonesia_nickel_export_ban;case_2021_belarus_potash_sanctions;case_2021_xinjiang_forced_labor_import_restrictions;case_2024_ev_tariff_escalation_china;case_2023_south_china_sea_shipping_tensions;case_2024_drc_cobalt_copper_mining_disruption;case_2023_mexico_nearshoring_cross_border_policy_risk;case_2023_eu_carbon_border_adjustment_mechanism;case_2021_myanmar_coup_supply_chain_disruption;case_2018_iran_swift_restrictions;case_2019_cosco_shipping_sanctions_tanker_market;case_2009_russia_ukraine_gas_transit_dispute;case_2011_libya_civil_war_oil_disruption;case_2010_china_japan_rare_earth_embargo;case_2022_peru_mine_protests_copper_supply;case_2023_panama_cobre_mine_closure;case_2008_rice_export_restrictions_food_security;case_2022_russia_fertilizer_export_restrictions;case_2023_dp_world_australia_cyber_port_disruption;case_2019_turkey_f35_s400_defense_restrictions,False,False,
hard_evaluation_cases,hard_port_labor_without_strike_keyword,hard_port_labor_without_strike_keyword,container_shipping,3,case_2024_us_east_gulf_port_strike;case_2023_red_sea_attacks;case_2021_suez_blockage,2,False,True,0,8,case_2021_suez_blockage;case_2023_red_sea_attacks;case_panama_canal_drought_shipping_capacity;case_2024_us_east_gulf_port_strike;case_2017_notpetya_shipping_logistics_cyberattack;case_2023_south_china_sea_shipping_tensions;case_2008_somali_piracy_gulf_of_aden;case_2023_dp_world_australia_cyber_port_disruption,5,case_panama_canal_drought_shipping_capacity;case_2017_notpetya_shipping_logistics_cyberattack;case_2023_south_china_sea_shipping_tensions;case_2008_somali_piracy_gulf_of_aden;case_2023_dp_world_australia_cyber_port_disruption,False,False,
hard_evaluation_cases,hard_port_labor_without_strike_keyword,hard_port_labor_without_strike_keyword,energy,1,case_2021_suez_blockage,2,False,True,0,28,case_2021_suez_blockage;case_hormuz_tanker_tensions;case_russia_ukraine_energy_shock;case_2022_gas_fertilizer_shock;case_middle_east_oil_supply_disruption;case_rare_earth_export_restriction_risk;case_opec_production_cut_policy_shock;case_israel_iran_escalation_energy_risk;case_cyberattack_pipeline_port_infrastructure;case_uranium_nuclear_fuel_supply_disruption;case_2022_russia_swift_financial_sanctions;case_2020_opec_plus_production_cut;case_2022_abu_dhabi_oil_facility_attack;case_2018_iran_oil_sanctions_reimposition;case_2019_venezuela_oil_sanctions;case_2022_nord_stream_pipeline_sabotage;case_2022_ukraine_electricity_grid_attacks;case_2023_niger_coup_uranium_supply_risk;case_2023_eu_carbon_border_adjustment_mechanism;case_2023_arctic_lng_russian_energy_shipping_sanctions;case_1987_1988_tanker_war_reflagging;case_2014_crimea_financial_sanctions;case_2009_russia_ukraine_gas_transit_dispute;case_2011_libya_civil_war_oil_disruption;case_2024_ukraine_drone_attacks_russian_refineries;case_2022_russia_fertilizer_export_restrictions;case_2021_colonial_pipeline_ransomware;case_2022_russia_airspace_closure_aviation_routes,27,case_hormuz_tanker_tensions;case_russia_ukraine_energy_shock;case_2022_gas_fertilizer_shock;case_middle_east_oil_supply_disruption;case_rare_earth_export_restriction_risk;case_opec_production_cut_policy_shock;case_israel_iran_escalation_energy_risk;case_cyberattack_pipeline_port_infrastructure;case_uranium_nuclear_fuel_supply_disruption;case_2022_russia_swift_financial_sanctions;case_2020_opec_plus_production_cut;case_2022_abu_dhabi_oil_facility_attack;case_2018_iran_oil_sanctions_reimposition;case_2019_venezuela_oil_sanctions;case_2022_nord_stream_pipeline_sabotage;case_2022_ukraine_electricity_grid_attacks;case_2023_niger_coup_uranium_supply_risk;case_2023_eu_carbon_border_adjustment_mechanism;case_2023_arctic_lng_russian_energy_shipping_sanctions;case_1987_1988_tanker_war_reflagging;case_2014_crimea_financial_sanctions;case_2009_russia_ukraine_gas_transit_dispute;case_2011_libya_civil_war_oil_disruption;case_2024_ukraine_drone_attacks_russian_refineries;case_2022_russia_fertilizer_export_restrictions;case_2021_colonial_pipeline_ransomware;case_2022_russia_airspace_closure_aviation_routes,True,False,
hard_evaluation_cases,hard_port_labor_without_strike_keyword,hard_port_labor_without_strike_keyword,freight_routes,3,case_2024_us_east_gulf_port_strike;case_2023_red_sea_attacks;case_2021_suez_blockage,2,False,True,0,19,case_2021_suez_blockage;case_2023_red_sea_attacks;case_panama_canal_drought_shipping_capacity;case_black_sea_grain_export_disruption;case_cyberattack_pipeline_port_infrastructure;case_2023_port_of_nagoya_cyberattack;case_2024_us_east_gulf_port_strike;case_2019_india_pakistan_airspace_closure;case_2021_belarus_potash_sanctions;case_2017_notpetya_shipping_logistics_cyberattack;case_2023_black_sea_shipping_insurance_restrictions;case_2023_south_china_sea_shipping_tensions;case_2023_mexico_nearshoring_cross_border_policy_risk;case_1987_1988_tanker_war_reflagging;case_2008_somali_piracy_gulf_of_aden;case_2022_turkey_strait_tanker_insurance_backlog;case_2021_colonial_pipeline_ransomware;case_2023_dp_world_australia_cyber_port_disruption;case_2022_russia_airspace_closure_aviation_routes,16,case_panama_canal_drought_shipping_capacity;case_black_sea_grain_export_disruption;case_cyberattack_pipeline_port_infrastructure;case_2023_port_of_nagoya_cyberattack;case_2019_india_pakistan_airspace_closure;case_2021_belarus_potash_sanctions;case_2017_notpetya_shipping_logistics_cyberattack;case_2023_black_sea_shipping_insurance_restrictions;case_2023_south_china_sea_shipping_tensions;case_2023_mexico_nearshoring_cross_border_policy_risk;case_1987_1988_tanker_war_reflagging;case_2008_somali_piracy_gulf_of_aden;case_2022_turkey_strait_tanker_insurance_backlog;case_2021_colonial_pipeline_ransomware;case_2023_dp_world_australia_cyber_port_disruption;case_2022_russia_airspace_closure_aviation_routes,False,False,
hard_evaluation_cases,hard_port_labor_without_strike_keyword,hard_port_labor_without_strike_keyword,lng_shipping,1,case_2023_red_sea_attacks,2,False,True,0,8,case_2023_red_sea_attacks;case_hormuz_tanker_tensions;case_russia_ukraine_energy_shock;case_panama_canal_drought_shipping_capacity;case_israel_iran_escalation_energy_risk;case_2022_nord_stream_pipeline_sabotage;case_2023_arctic_lng_russian_energy_shipping_sanctions;case_2009_russia_ukraine_gas_transit_dispute,7,case_hormuz_tanker_tensions;case_russia_ukraine_energy_shock;case_panama_canal_drought_shipping_capacity;case_israel_iran_escalation_energy_risk;case_2022_nord_stream_pipeline_sabotage;case_2023_arctic_lng_russian_energy_shipping_sanctions;case_2009_russia_ukraine_gas_transit_dispute,True,False,
hard_evaluation_cases,hard_port_labor_without_strike_keyword,hard_port_labor_without_strike_keyword,logistics,3,case_2024_us_east_gulf_port_strike;case_2023_red_sea_attacks;case_2021_suez_blockage,2,False,True,0,33,case_2021_suez_blockage;case_2023_red_sea_attacks;case_2018_2019_us_china_tariffs;case_panama_canal_drought_shipping_capacity;case_black_sea_grain_export_disruption;case_cyberattack_pipeline_port_infrastructure;case_2023_port_of_nagoya_cyberattack;case_2024_us_east_gulf_port_strike;case_2022_india_wheat_export_ban;case_2017_north_korea_missile_escalation;case_2019_india_pakistan_airspace_closure;case_2022_ukraine_electricity_grid_attacks;case_2023_niger_coup_uranium_supply_risk;case_2021_belarus_potash_sanctions;case_2021_xinjiang_forced_labor_import_restrictions;case_2024_ev_tariff_escalation_china;case_2017_notpetya_shipping_logistics_cyberattack;case_2023_black_sea_shipping_insurance_restrictions;case_2023_south_china_sea_shipping_tensions;case_2024_drc_cobalt_copper_mining_disruption;case_2023_mexico_nearshoring_cross_border_policy_risk;case_2021_myanmar_coup_supply_chain_disruption;case_1987_1988_tanker_war_reflagging;case_2008_somali_piracy_gulf_of_aden;case_2022_turkey_strait_tanker_insurance_backlog;case_2019_cosco_shipping_sanctions_tanker_market;case_2011_libya_civil_war_oil_disruption;case_2022_peru_mine_protests_copper_supply;case_2008_rice_export_restrictions_food_security;case_2022_russia_fertilizer_export_restrictions;case_2021_colonial_pipeline_ransomware;case_2023_dp_world_australia_cyber_port_disruption;case_2022_russia_airspace_closure_aviation_routes,30,case_2018_2019_us_china_tariffs;case_panama_canal_drought_shipping_capacity;case_black_sea_grain_export_disruption;case_cyberattack_pipeline_port_infrastructure;case_2023_port_of_nagoya_cyberattack;case_2022_india_wheat_export_ban;case_2017_north_korea_missile_escalation;case_2019_india_pakistan_airspace_closure;case_2022_ukraine_electricity_grid_attacks;case_2023_niger_coup_uranium_supply_risk;case_2021_belarus_potash_sanctions;case_2021_xinjiang_forced_labor_import_restrictions;case_2024_ev_tariff_escalation_china;case_2017_notpetya_shipping_logistics_cyberattack;case_2023_black_sea_shipping_insurance_restrictions;case_2023_south_china_sea_shipping_tensions;case_2024_drc_cobalt_copper_mining_disruption;case_2023_mexico_nearshoring_cross_border_policy_risk;case_2021_myanmar_coup_supply_chain_disruption;case_1987_1988_tanker_war_reflagging;case_2008_somali_piracy_gulf_of_aden;case_2022_turkey_strait_tanker_insurance_backlog;case_2019_cosco_shipping_sanctions_tanker_market;case_2011_libya_civil_war_oil_disruption;case_2022_peru_mine_protests_copper_supply;case_2008_rice_export_restrictions_food_security;case_2022_russia_fertilizer_export_restrictions;case_2021_colonial_pipeline_ransomware;case_2023_dp_world_australia_cyber_port_disruption;case_2022_russia_airspace_closure_aviation_routes,False,False,
hard_evaluation_cases,hard_port_labor_without_strike_keyword,hard_port_labor_without_strike_keyword,marine_insurance,1,case_2023_red_sea_attacks,2,False,True,0,12,case_2023_red_sea_attacks;case_hormuz_tanker_tensions;case_israel_iran_escalation_energy_risk;case_2018_iran_oil_sanctions_reimposition;case_2023_black_sea_shipping_insurance_restrictions;case_2023_south_china_sea_shipping_tensions;case_2023_arctic_lng_russian_energy_shipping_sanctions;case_1987_1988_tanker_war_reflagging;case_2008_somali_piracy_gulf_of_aden;case_2022_turkey_strait_tanker_insurance_backlog;case_2018_iran_swift_restrictions;case_2019_cosco_shipping_sanctions_tanker_market,11,case_hormuz_tanker_tensions;case_israel_iran_escalation_energy_risk;case_2018_iran_oil_sanctions_reimposition;case_2023_black_sea_shipping_insurance_restrictions;case_2023_south_china_sea_shipping_tensions;case_2023_arctic_lng_russian_energy_shipping_sanctions;case_1987_1988_tanker_war_reflagging;case_2008_somali_piracy_gulf_of_aden;case_2022_turkey_strait_tanker_insurance_backlog;case_2018_iran_swift_restrictions;case_2019_cosco_shipping_sanctions_tanker_market,True,False,
hard_evaluation_cases,hard_port_labor_without_strike_keyword,hard_port_labor_without_strike_keyword,maritime_chokepoint,2,case_2023_red_sea_attacks;case_2021_suez_blockage,2,False,True,0,12,case_2021_suez_blockage;case_2023_red_sea_attacks;case_hormuz_tanker_tensions;case_panama_canal_drought_shipping_capacity;case_black_sea_grain_export_disruption;case_israel_iran_escalation_energy_risk;case_2023_black_sea_shipping_insurance_restrictions;case_2023_south_china_sea_shipping_tensions;case_2023_arctic_lng_russian_energy_shipping_sanctions;case_1987_1988_tanker_war_reflagging;case_2008_somali_piracy_gulf_of_aden;case_2022_turkey_strait_tanker_insurance_backlog,10,case_hormuz_tanker_tensions;case_panama_canal_drought_shipping_capacity;case_black_sea_grain_export_disruption;case_israel_iran_escalation_energy_risk;case_2023_black_sea_shipping_insurance_restrictions;case_2023_south_china_sea_shipping_tensions;case_2023_arctic_lng_russian_energy_shipping_sanctions;case_1987_1988_tanker_war_reflagging;case_2008_somali_piracy_gulf_of_aden;case_2022_turkey_strait_tanker_insurance_backlog,False,False,
hard_evaluation_cases,hard_port_labor_without_strike_keyword,hard_port_labor_without_strike_keyword,oil_shipping,1,case_2023_red_sea_attacks,2,False,True,0,17,case_2023_red_sea_attacks;case_hormuz_tanker_tensions;case_middle_east_oil_supply_disruption;case_opec_production_cut_policy_shock;case_israel_iran_escalation_energy_risk;case_2020_opec_plus_production_cut;case_2022_abu_dhabi_oil_facility_attack;case_2018_iran_oil_sanctions_reimposition;case_2019_venezuela_oil_sanctions;case_2023_arctic_lng_russian_energy_shipping_sanctions;case_1987_1988_tanker_war_reflagging;case_2008_somali_piracy_gulf_of_aden;case_2022_turkey_strait_tanker_insurance_backlog;case_2018_iran_swift_restrictions;case_2019_cosco_shipping_sanctions_tanker_market;case_2011_libya_civil_war_oil_disruption;case_2024_ukraine_drone_attacks_russian_refineries,16,case_hormuz_tanker_tensions;case_middle_east_oil_supply_disruption;case_opec_production_cut_policy_shock;case_israel_iran_escalation_energy_risk;case_2020_opec_plus_production_cut;case_2022_abu_dhabi_oil_facility_attack;case_2018_iran_oil_sanctions_reimposition;case_2019_venezuela_oil_sanctions;case_2023_arctic_lng_russian_energy_shipping_sanctions;case_1987_1988_tanker_war_reflagging;case_2008_somali_piracy_gulf_of_aden;case_2022_turkey_strait_tanker_insurance_backlog;case_2018_iran_swift_restrictions;case_2019_cosco_shipping_sanctions_tanker_market;case_2011_libya_civil_war_oil_disruption;case_2024_ukraine_drone_attacks_russian_refineries,True,False,
hard_evaluation_cases,hard_port_labor_without_strike_keyword,hard_port_labor_without_strike_keyword,port_labor,1,case_2024_us_east_gulf_port_strike,2,False,True,0,1,case_2024_us_east_gulf_port_strike,0,,False,False,
hard_evaluation_cases,hard_port_labor_without_strike_keyword,hard_port_labor_without_strike_keyword,ports,2,case_2024_us_east_gulf_port_strike;case_2021_suez_blockage,2,False,True,0,9,case_2021_suez_blockage;case_cyberattack_pipeline_port_infrastructure;case_2023_port_of_nagoya_cyberattack;case_2024_us_east_gulf_port_strike;case_2017_notpetya_shipping_logistics_cyberattack;case_2023_mexico_nearshoring_cross_border_policy_risk;case_2021_myanmar_coup_supply_chain_disruption;case_2023_panama_cobre_mine_closure;case_2023_dp_world_australia_cyber_port_disruption,7,case_cyberattack_pipeline_port_infrastructure;case_2023_port_of_nagoya_cyberattack;case_2017_notpetya_shipping_logistics_cyberattack;case_2023_mexico_nearshoring_cross_border_policy_risk;case_2021_myanmar_coup_supply_chain_disruption;case_2023_panama_cobre_mine_closure;case_2023_dp_world_australia_cyber_port_disruption,False,False,
hard_evaluation_cases,hard_port_labor_without_strike_keyword,hard_port_labor_without_strike_keyword,trade_lanes,1,case_2024_us_east_gulf_port_strike,2,False,True,0,31,case_2018_2019_us_china_tariffs;case_uranium_nuclear_fuel_supply_disruption;case_2022_russia_swift_financial_sanctions;case_2024_us_east_gulf_port_strike;case_2022_india_wheat_export_ban;case_2022_russia_aviation_supply_chain_sanctions;case_2017_north_korea_missile_escalation;case_2019_india_pakistan_airspace_closure;case_2023_niger_coup_uranium_supply_risk;case_2022_chile_lithium_policy_shift;case_2020_indonesia_nickel_export_ban;case_2021_belarus_potash_sanctions;case_2021_xinjiang_forced_labor_import_restrictions;case_2024_ev_tariff_escalation_china;case_2023_south_china_sea_shipping_tensions;case_2024_drc_cobalt_copper_mining_disruption;case_2023_mexico_nearshoring_cross_border_policy_risk;case_2023_eu_carbon_border_adjustment_mechanism;case_2021_myanmar_coup_supply_chain_disruption;case_2014_crimea_financial_sanctions;case_2018_iran_swift_restrictions;case_2019_cosco_shipping_sanctions_tanker_market;case_2009_russia_ukraine_gas_transit_dispute;case_2011_libya_civil_war_oil_disruption;case_2010_china_japan_rare_earth_embargo;case_2022_peru_mine_protests_copper_supply;case_2023_panama_cobre_mine_closure;case_2008_rice_export_restrictions_food_security;case_2022_russia_fertilizer_export_restrictions;case_2023_dp_world_australia_cyber_port_disruption;case_2019_turkey_f35_s400_defense_restrictions,30,case_2018_2019_us_china_tariffs;case_uranium_nuclear_fuel_supply_disruption;case_2022_russia_swift_financial_sanctions;case_2022_india_wheat_export_ban;case_2022_russia_aviation_supply_chain_sanctions;case_2017_north_korea_missile_escalation;case_2019_india_pakistan_airspace_closure;case_2023_niger_coup_uranium_supply_risk;case_2022_chile_lithium_policy_shift;case_2020_indonesia_nickel_export_ban;case_2021_belarus_potash_sanctions;case_2021_xinjiang_forced_labor_import_restrictions;case_2024_ev_tariff_escalation_china;case_2023_south_china_sea_shipping_tensions;case_2024_drc_cobalt_copper_mining_disruption;case_2023_mexico_nearshoring_cross_border_policy_risk;case_2023_eu_carbon_border_adjustment_mechanism;case_2021_myanmar_coup_supply_chain_disruption;case_2014_crimea_financial_sanctions;case_2018_iran_swift_restrictions;case_2019_cosco_shipping_sanctions_tanker_market;case_2009_russia_ukraine_gas_transit_dispute;case_2011_libya_civil_war_oil_disruption;case_2010_china_japan_rare_earth_embargo;case_2022_peru_mine_protests_copper_supply;case_2023_panama_cobre_mine_closure;case_2008_rice_export_restrictions_food_security;case_2022_russia_fertilizer_export_restrictions;case_2023_dp_world_australia_cyber_port_disruption;case_2019_turkey_f35_s400_defense_restrictions,True,False,
hard_evaluation_cases,hard_food_export_ban_paraphrased,hard_food_export_ban_paraphrased,agriculture,3,case_2022_india_wheat_export_ban;case_2023_black_sea_shipping_insurance_restrictions;case_2008_rice_export_restrictions_food_security,2,False,True,0,10,case_2018_2019_us_china_tariffs;case_2022_gas_fertilizer_shock;case_panama_canal_drought_shipping_capacity;case_black_sea_grain_export_disruption;case_2022_india_wheat_export_ban;case_2021_belarus_potash_sanctions;case_2023_black_sea_shipping_insurance_restrictions;case_2021_myanmar_coup_supply_chain_disruption;case_2008_rice_export_restrictions_food_security;case_2022_russia_fertilizer_export_restrictions,7,case_2018_2019_us_china_tariffs;case_2022_gas_fertilizer_shock;case_panama_canal_drought_shipping_capacity;case_black_sea_grain_export_disruption;case_2021_belarus_potash_sanctions;case_2021_myanmar_coup_supply_chain_disruption;case_2022_russia_fertilizer_export_restrictions,False,False,
hard_evaluation_cases,hard_food_export_ban_paraphrased,hard_food_export_ban_paraphrased,customs,2,case_2022_india_wheat_export_ban;case_2008_rice_export_restrictions_food_security,2,False,True,0,32,case_2023_dutch_asml_controls;case_2019_huawei_entity_list;case_2018_2019_us_china_tariffs;case_china_gallium_germanium_graphite_controls;case_uranium_nuclear_fuel_supply_disruption;case_2022_russia_swift_financial_sanctions;case_2023_china_graphite_battery_export_controls;case_2022_india_wheat_export_ban;case_2022_russia_aviation_supply_chain_sanctions;case_2023_niger_coup_uranium_supply_risk;case_2022_chile_lithium_policy_shift;case_2020_indonesia_nickel_export_ban;case_2021_belarus_potash_sanctions;case_2021_xinjiang_forced_labor_import_restrictions;case_2024_ev_tariff_escalation_china;case_2024_drc_cobalt_copper_mining_disruption;case_2023_mexico_nearshoring_cross_border_policy_risk;case_2023_eu_carbon_border_adjustment_mechanism;case_2021_myanmar_coup_supply_chain_disruption;case_2022_turkey_strait_tanker_insurance_backlog;case_2014_crimea_financial_sanctions;case_2018_iran_swift_restrictions;case_2019_cosco_shipping_sanctions_tanker_market;case_2010_china_japan_rare_earth_embargo;case_2022_peru_mine_protests_copper_supply;case_2023_panama_cobre_mine_closure;case_2008_rice_export_restrictions_food_security;case_2022_russia_fertilizer_export_restrictions;case_2020_smic_entity_list_semiconductor_controls;case_2023_japan_chip_equipment_export_controls;case_2019_turkey_f35_s400_defense_restrictions;case_2022_russia_airspace_closure_aviation_routes,30,case_2023_dutch_asml_controls;case_2019_huawei_entity_list;case_2018_2019_us_china_tariffs;case_china_gallium_germanium_graphite_controls;case_uranium_nuclear_fuel_supply_disruption;case_2022_russia_swift_financial_sanctions;case_2023_china_graphite_battery_export_controls;case_2022_russia_aviation_supply_chain_sanctions;case_2023_niger_coup_uranium_supply_risk;case_2022_chile_lithium_policy_shift;case_2020_indonesia_nickel_export_ban;case_2021_belarus_potash_sanctions;case_2021_xinjiang_forced_labor_import_restrictions;case_2024_ev_tariff_escalation_china;case_2024_drc_cobalt_copper_mining_disruption;case_2023_mexico_nearshoring_cross_border_policy_risk;case_2023_eu_carbon_border_adjustment_mechanism;case_2021_myanmar_coup_supply_chain_disruption;case_2022_turkey_strait_tanker_insurance_backlog;case_2014_crimea_financial_sanctions;case_2018_iran_swift_restrictions;case_2019_cosco_shipping_sanctions_tanker_market;case_2010_china_japan_rare_earth_embargo;case_2022_peru_mine_protests_copper_supply;case_2023_panama_cobre_mine_closure;case_2022_russia_fertilizer_export_restrictions;case_2020_smic_entity_list_semiconductor_controls;case_2023_japan_chip_equipment_export_controls;case_2019_turkey_f35_s400_defense_restrictions;case_2022_russia_airspace_closure_aviation_routes,False,False,
hard_evaluation_cases,hard_food_export_ban_paraphrased,hard_food_export_ban_paraphrased,food_export_controls,2,case_2022_india_wheat_export_ban;case_2008_rice_export_restrictions_food_security,2,False,True,0,2,case_2022_india_wheat_export_ban;case_2008_rice_export_restrictions_food_security,0,,False,False,
hard_evaluation_cases,hard_food_export_ban_paraphrased,hard_food_export_ban_paraphrased,freight_routes,1,case_2023_black_sea_shipping_insurance_restrictions,2,False,True,0,19,case_2021_suez_blockage;case_2023_red_sea_attacks;case_panama_canal_drought_shipping_capacity;case_black_sea_grain_export_disruption;case_cyberattack_pipeline_port_infrastructure;case_2023_port_of_nagoya_cyberattack;case_2024_us_east_gulf_port_strike;case_2019_india_pakistan_airspace_closure;case_2021_belarus_potash_sanctions;case_2017_notpetya_shipping_logistics_cyberattack;case_2023_black_sea_shipping_insurance_restrictions;case_2023_south_china_sea_shipping_tensions;case_2023_mexico_nearshoring_cross_border_policy_risk;case_1987_1988_tanker_war_reflagging;case_2008_somali_piracy_gulf_of_aden;case_2022_turkey_strait_tanker_insurance_backlog;case_2021_colonial_pipeline_ransomware;case_2023_dp_world_australia_cyber_port_disruption;case_2022_russia_airspace_closure_aviation_routes,18,case_2021_suez_blockage;case_2023_red_sea_attacks;case_panama_canal_drought_shipping_capacity;case_black_sea_grain_export_disruption;case_cyberattack_pipeline_port_infrastructure;case_2023_port_of_nagoya_cyberattack;case_2024_us_east_gulf_port_strike;case_2019_india_pakistan_airspace_closure;case_2021_belarus_potash_sanctions;case_2017_notpetya_shipping_logistics_cyberattack;case_2023_south_china_sea_shipping_tensions;case_2023_mexico_nearshoring_cross_border_policy_risk;case_1987_1988_tanker_war_reflagging;case_2008_somali_piracy_gulf_of_aden;case_2022_turkey_strait_tanker_insurance_backlog;case_2021_colonial_pipeline_ransomware;case_2023_dp_world_australia_cyber_port_disruption;case_2022_russia_airspace_closure_aviation_routes,True,False,
hard_evaluation_cases,hard_food_export_ban_paraphrased,hard_food_export_ban_paraphrased,grain_exports,3,case_2022_india_wheat_export_ban;case_2023_black_sea_shipping_insurance_restrictions;case_2008_rice_export_restrictions_food_security,2,False,True,0,4,case_black_sea_grain_export_disruption;case_2022_india_wheat_export_ban;case_2023_black_sea_shipping_insurance_restrictions;case_2008_rice_export_restrictions_food_security,1,case_black_sea_grain_export_disruption,False,False,
hard_evaluation_cases,hard_food_export_ban_paraphrased,hard_food_export_ban_paraphrased,logistics,3,case_2022_india_wheat_export_ban;case_2023_black_sea_shipping_insurance_restrictions;case_2008_rice_export_restrictions_food_security,2,False,True,0,33,case_2021_suez_blockage;case_2023_red_sea_attacks;case_2018_2019_us_china_tariffs;case_panama_canal_drought_shipping_capacity;case_black_sea_grain_export_disruption;case_cyberattack_pipeline_port_infrastructure;case_2023_port_of_nagoya_cyberattack;case_2024_us_east_gulf_port_strike;case_2022_india_wheat_export_ban;case_2017_north_korea_missile_escalation;case_2019_india_pakistan_airspace_closure;case_2022_ukraine_electricity_grid_attacks;case_2023_niger_coup_uranium_supply_risk;case_2021_belarus_potash_sanctions;case_2021_xinjiang_forced_labor_import_restrictions;case_2024_ev_tariff_escalation_china;case_2017_notpetya_shipping_logistics_cyberattack;case_2023_black_sea_shipping_insurance_restrictions;case_2023_south_china_sea_shipping_tensions;case_2024_drc_cobalt_copper_mining_disruption;case_2023_mexico_nearshoring_cross_border_policy_risk;case_2021_myanmar_coup_supply_chain_disruption;case_1987_1988_tanker_war_reflagging;case_2008_somali_piracy_gulf_of_aden;case_2022_turkey_strait_tanker_insurance_backlog;case_2019_cosco_shipping_sanctions_tanker_market;case_2011_libya_civil_war_oil_disruption;case_2022_peru_mine_protests_copper_supply;case_2008_rice_export_restrictions_food_security;case_2022_russia_fertilizer_export_restrictions;case_2021_colonial_pipeline_ransomware;case_2023_dp_world_australia_cyber_port_disruption;case_2022_russia_airspace_closure_aviation_routes,30,case_2021_suez_blockage;case_2023_red_sea_attacks;case_2018_2019_us_china_tariffs;case_panama_canal_drought_shipping_capacity;case_black_sea_grain_export_disruption;case_cyberattack_pipeline_port_infrastructure;case_2023_port_of_nagoya_cyberattack;case_2024_us_east_gulf_port_strike;case_2017_north_korea_missile_escalation;case_2019_india_pakistan_airspace_closure;case_2022_ukraine_electricity_grid_attacks;case_2023_niger_coup_uranium_supply_risk;case_2021_belarus_potash_sanctions;case_2021_xinjiang_forced_labor_import_restrictions;case_2024_ev_tariff_escalation_china;case_2017_notpetya_shipping_logistics_cyberattack;case_2023_south_china_sea_shipping_tensions;case_2024_drc_cobalt_copper_mining_disruption;case_2023_mexico_nearshoring_cross_border_policy_risk;case_2021_myanmar_coup_supply_chain_disruption;case_1987_1988_tanker_war_reflagging;case_2008_somali_piracy_gulf_of_aden;case_2022_turkey_strait_tanker_insurance_backlog;case_2019_cosco_shipping_sanctions_tanker_market;case_2011_libya_civil_war_oil_disruption;case_2022_peru_mine_protests_copper_supply;case_2022_russia_fertilizer_export_restrictions;case_2021_colonial_pipeline_ransomware;case_2023_dp_world_australia_cyber_port_disruption;case_2022_russia_airspace_closure_aviation_routes,False,False,
hard_evaluation_cases,hard_food_export_ban_paraphrased,hard_food_export_ban_paraphrased,marine_insurance,1,case_2023_black_sea_shipping_insurance_restrictions,2,False,True,0,12,case_2023_red_sea_attacks;case_hormuz_tanker_tensions;case_israel_iran_escalation_energy_risk;case_2018_iran_oil_sanctions_reimposition;case_2023_black_sea_shipping_insurance_restrictions;case_2023_south_china_sea_shipping_tensions;case_2023_arctic_lng_russian_energy_shipping_sanctions;case_1987_1988_tanker_war_reflagging;case_2008_somali_piracy_gulf_of_aden;case_2022_turkey_strait_tanker_insurance_backlog;case_2018_iran_swift_restrictions;case_2019_cosco_shipping_sanctions_tanker_market,11,case_2023_red_sea_attacks;case_hormuz_tanker_tensions;case_israel_iran_escalation_energy_risk;case_2018_iran_oil_sanctions_reimposition;case_2023_south_china_sea_shipping_tensions;case_2023_arctic_lng_russian_energy_shipping_sanctions;case_1987_1988_tanker_war_reflagging;case_2008_somali_piracy_gulf_of_aden;case_2022_turkey_strait_tanker_insurance_backlog;case_2018_iran_swift_restrictions;case_2019_cosco_shipping_sanctions_tanker_market,True,False,
hard_evaluation_cases,hard_food_export_ban_paraphrased,hard_food_export_ban_paraphrased,maritime_chokepoint,1,case_2023_black_sea_shipping_insurance_restrictions,2,False,True,0,12,case_2021_suez_blockage;case_2023_red_sea_attacks;case_hormuz_tanker_tensions;case_panama_canal_drought_shipping_capacity;case_black_sea_grain_export_disruption;case_israel_iran_escalation_energy_risk;case_2023_black_sea_shipping_insurance_restrictions;case_2023_south_china_sea_shipping_tensions;case_2023_arctic_lng_russian_energy_shipping_sanctions;case_1987_1988_tanker_war_reflagging;case_2008_somali_piracy_gulf_of_aden;case_2022_turkey_strait_tanker_insurance_backlog,11,case_2021_suez_blockage;case_2023_red_sea_attacks;case_hormuz_tanker_tensions;case_panama_canal_drought_shipping_capacity;case_black_sea_grain_export_disruption;case_israel_iran_escalation_energy_risk;case_2023_south_china_sea_shipping_tensions;case_2023_arctic_lng_russian_energy_shipping_sanctions;case_1987_1988_tanker_war_reflagging;case_2008_somali_piracy_gulf_of_aden;case_2022_turkey_strait_tanker_insurance_backlog,True,False,
hard_evaluation_cases,hard_food_export_ban_paraphrased,hard_food_export_ban_paraphrased,trade_lanes,2,case_2022_india_wheat_export_ban;case_2008_rice_export_restrictions_food_security,2,False,True,0,31,case_2018_2019_us_china_tariffs;case_uranium_nuclear_fuel_supply_disruption;case_2022_russia_swift_financial_sanctions;case_2024_us_east_gulf_port_strike;case_2022_india_wheat_export_ban;case_2022_russia_aviation_supply_chain_sanctions;case_2017_north_korea_missile_escalation;case_2019_india_pakistan_airspace_closure;case_2023_niger_coup_uranium_supply_risk;case_2022_chile_lithium_policy_shift;case_2020_indonesia_nickel_export_ban;case_2021_belarus_potash_sanctions;case_2021_xinjiang_forced_labor_import_restrictions;case_2024_ev_tariff_escalation_china;case_2023_south_china_sea_shipping_tensions;case_2024_drc_cobalt_copper_mining_disruption;case_2023_mexico_nearshoring_cross_border_policy_risk;case_2023_eu_carbon_border_adjustment_mechanism;case_2021_myanmar_coup_supply_chain_disruption;case_2014_crimea_financial_sanctions;case_2018_iran_swift_restrictions;case_2019_cosco_shipping_sanctions_tanker_market;case_2009_russia_ukraine_gas_transit_dispute;case_2011_libya_civil_war_oil_disruption;case_2010_china_japan_rare_earth_embargo;case_2022_peru_mine_protests_copper_supply;case_2023_panama_cobre_mine_closure;case_2008_rice_export_restrictions_food_security;case_2022_russia_fertilizer_export_restrictions;case_2023_dp_world_australia_cyber_port_disruption;case_2019_turkey_f35_s400_defense_restrictions,29,case_2018_2019_us_china_tariffs;case_uranium_nuclear_fuel_supply_disruption;case_2022_russia_swift_financial_sanctions;case_2024_us_east_gulf_port_strike;case_2022_russia_aviation_supply_chain_sanctions;case_2017_north_korea_missile_escalation;case_2019_india_pakistan_airspace_closure;case_2023_niger_coup_uranium_supply_risk;case_2022_chile_lithium_policy_shift;case_2020_indonesia_nickel_export_ban;case_2021_belarus_potash_sanctions;case_2021_xinjiang_forced_labor_import_restrictions;case_2024_ev_tariff_escalation_china;case_2023_south_china_sea_shipping_tensions;case_2024_drc_cobalt_copper_mining_disruption;case_2023_mexico_nearshoring_cross_border_policy_risk;case_2023_eu_carbon_border_adjustment_mechanism;case_2021_myanmar_coup_supply_chain_disruption;case_2014_crimea_financial_sanctions;case_2018_iran_swift_restrictions;case_2019_cosco_shipping_sanctions_tanker_market;case_2009_russia_ukraine_gas_transit_dispute;case_2011_libya_civil_war_oil_disruption;case_2010_china_japan_rare_earth_embargo;case_2022_peru_mine_protests_copper_supply;case_2023_panama_cobre_mine_closure;case_2022_russia_fertilizer_export_restrictions;case_2023_dp_world_australia_cyber_port_disruption;case_2019_turkey_f35_s400_defense_restrictions,False,False,
hard_evaluation_cases,hard_aerospace_sanctions_supply_chain,hard_aerospace_sanctions_supply_chain,aerospace_supply_chain,2,case_2022_russia_aviation_supply_chain_sanctions;case_2022_russia_airspace_closure_aviation_routes,2,False,True,0,4,case_2023_middle_east_defense_supply_escalation;case_2022_russia_aviation_supply_chain_sanctions;case_2019_turkey_f35_s400_defense_restrictions;case_2022_russia_airspace_closure_aviation_routes,2,case_2023_middle_east_defense_supply_escalation;case_2019_turkey_f35_s400_defense_restrictions,False,False,
hard_evaluation_cases,hard_aerospace_sanctions_supply_chain,hard_aerospace_sanctions_supply_chain,ai_chips,1,case_2019_huawei_entity_list,2,False,True,0,8,case_2022_us_china_semiconductor_controls;case_2019_huawei_entity_list;case_taiwan_strait_semiconductor_risk;case_china_gallium_germanium_graphite_controls;case_defense_spending_shock_after_escalation;case_2023_middle_east_defense_supply_escalation;case_2024_taiwan_strait_drills_semiconductor_supply;case_2023_japan_chip_equipment_export_controls,7,case_2022_us_china_semiconductor_controls;case_taiwan_strait_semiconductor_risk;case_china_gallium_germanium_graphite_controls;case_defense_spending_shock_after_escalation;case_2023_middle_east_defense_supply_escalation;case_2024_taiwan_strait_drills_semiconductor_supply;case_2023_japan_chip_equipment_export_controls,True,False,
hard_evaluation_cases,hard_aerospace_sanctions_supply_chain,hard_aerospace_sanctions_supply_chain,aviation,2,case_2022_russia_aviation_supply_chain_sanctions;case_2022_russia_airspace_closure_aviation_routes,2,False,True,0,11,case_middle_east_oil_supply_disruption;case_opec_production_cut_policy_shock;case_2020_opec_plus_production_cut;case_2022_abu_dhabi_oil_facility_attack;case_2022_russia_aviation_supply_chain_sanctions;case_2017_north_korea_missile_escalation;case_2019_india_pakistan_airspace_closure;case_2011_libya_civil_war_oil_disruption;case_2024_ukraine_drone_attacks_russian_refineries;case_2021_colonial_pipeline_ransomware;case_2022_russia_airspace_closure_aviation_routes,9,case_middle_east_oil_supply_disruption;case_opec_production_cut_policy_shock;case_2020_opec_plus_production_cut;case_2022_abu_dhabi_oil_facility_attack;case_2017_north_korea_missile_escalation;case_2019_india_pakistan_airspace_closure;case_2011_libya_civil_war_oil_disruption;case_2024_ukraine_drone_attacks_russian_refineries;case_2021_colonial_pipeline_ransomware,False,False,
hard_evaluation_cases,hard_aerospace_sanctions_supply_chain,hard_aerospace_sanctions_supply_chain,customs,3,case_2022_russia_aviation_supply_chain_sanctions;case_2019_huawei_entity_list;case_2022_russia_airspace_closure_aviation_routes,2,False,True,0,32,case_2023_dutch_asml_controls;case_2019_huawei_entity_list;case_2018_2019_us_china_tariffs;case_china_gallium_germanium_graphite_controls;case_uranium_nuclear_fuel_supply_disruption;case_2022_russia_swift_financial_sanctions;case_2023_china_graphite_battery_export_controls;case_2022_india_wheat_export_ban;case_2022_russia_aviation_supply_chain_sanctions;case_2023_niger_coup_uranium_supply_risk;case_2022_chile_lithium_policy_shift;case_2020_indonesia_nickel_export_ban;case_2021_belarus_potash_sanctions;case_2021_xinjiang_forced_labor_import_restrictions;case_2024_ev_tariff_escalation_china;case_2024_drc_cobalt_copper_mining_disruption;case_2023_mexico_nearshoring_cross_border_policy_risk;case_2023_eu_carbon_border_adjustment_mechanism;case_2021_myanmar_coup_supply_chain_disruption;case_2022_turkey_strait_tanker_insurance_backlog;case_2014_crimea_financial_sanctions;case_2018_iran_swift_restrictions;case_2019_cosco_shipping_sanctions_tanker_market;case_2010_china_japan_rare_earth_embargo;case_2022_peru_mine_protests_copper_supply;case_2023_panama_cobre_mine_closure;case_2008_rice_export_restrictions_food_security;case_2022_russia_fertilizer_export_restrictions;case_2020_smic_entity_list_semiconductor_controls;case_2023_japan_chip_equipment_export_controls;case_2019_turkey_f35_s400_defense_restrictions;case_2022_russia_airspace_closure_aviation_routes,29,case_2023_dutch_asml_controls;case_2018_2019_us_china_tariffs;case_china_gallium_germanium_graphite_controls;case_uranium_nuclear_fuel_supply_disruption;case_2022_russia_swift_financial_sanctions;case_2023_china_graphite_battery_export_controls;case_2022_india_wheat_export_ban;case_2023_niger_coup_uranium_supply_risk;case_2022_chile_lithium_policy_shift;case_2020_indonesia_nickel_export_ban;case_2021_belarus_potash_sanctions;case_2021_xinjiang_forced_labor_import_restrictions;case_2024_ev_tariff_escalation_china;case_2024_drc_cobalt_copper_mining_disruption;case_2023_mexico_nearshoring_cross_border_policy_risk;case_2023_eu_carbon_border_adjustment_mechanism;case_2021_myanmar_coup_supply_chain_disruption;case_2022_turkey_strait_tanker_insurance_backlog;case_2014_crimea_financial_sanctions;case_2018_iran_swift_restrictions;case_2019_cosco_shipping_sanctions_tanker_market;case_2010_china_japan_rare_earth_embargo;case_2022_peru_mine_protests_copper_supply;case_2023_panama_cobre_mine_closure;case_2008_rice_export_restrictions_food_security;case_2022_russia_fertilizer_export_restrictions;case_2020_smic_entity_list_semiconductor_controls;case_2023_japan_chip_equipment_export_controls;case_2019_turkey_f35_s400_defense_restrictions,False,False,
hard_evaluation_cases,hard_aerospace_sanctions_supply_chain,hard_aerospace_sanctions_supply_chain,data_centers,1,case_2019_huawei_entity_list,2,False,True,0,6,case_2022_us_china_semiconductor_controls;case_2019_huawei_entity_list;case_taiwan_strait_semiconductor_risk;case_2024_taiwan_strait_drills_semiconductor_supply;case_2020_smic_entity_list_semiconductor_controls;case_2023_japan_chip_equipment_export_controls,5,case_2022_us_china_semiconductor_controls;case_taiwan_strait_semiconductor_risk;case_2024_taiwan_strait_drills_semiconductor_supply;case_2020_smic_entity_list_semiconductor_controls;case_2023_japan_chip_equipment_export_controls,True,False,
hard_evaluation_cases,hard_aerospace_sanctions_supply_chain,hard_aerospace_sanctions_supply_chain,defense,1,case_2022_russia_aviation_supply_chain_sanctions,2,False,True,0,15,case_taiwan_strait_semiconductor_risk;case_rare_earth_export_restriction_risk;case_israel_iran_escalation_energy_risk;case_defense_spending_shock_after_escalation;case_2023_middle_east_defense_supply_escalation;case_2024_taiwan_strait_drills_semiconductor_supply;case_2022_abu_dhabi_oil_facility_attack;case_2022_russia_aviation_supply_chain_sanctions;case_2017_north_korea_missile_escalation;case_2019_india_pakistan_airspace_closure;case_2022_ukraine_electricity_grid_attacks;case_2023_south_china_sea_shipping_tensions;case_1987_1988_tanker_war_reflagging;case_2010_china_japan_rare_earth_embargo;case_2019_turkey_f35_s400_defense_restrictions,14,case_taiwan_strait_semiconductor_risk;case_rare_earth_export_restriction_risk;case_israel_iran_escalation_energy_risk;case_defense_spending_shock_after_escalation;case_2023_middle_east_defense_supply_escalation;case_2024_taiwan_strait_drills_semiconductor_supply;case_2022_abu_dhabi_oil_facility_attack;case_2017_north_korea_missile_escalation;case_2019_india_pakistan_airspace_closure;case_2022_ukraine_electricity_grid_attacks;case_2023_south_china_sea_shipping_tensions;case_1987_1988_tanker_war_reflagging;case_2010_china_japan_rare_earth_embargo;case_2019_turkey_f35_s400_defense_restrictions,True,False,
hard_evaluation_cases,hard_aerospace_sanctions_supply_chain,hard_aerospace_sanctions_supply_chain,eda_software,1,case_2019_huawei_entity_list,2,False,True,0,3,case_2022_us_china_semiconductor_controls;case_2019_huawei_entity_list;case_2020_smic_entity_list_semiconductor_controls,2,case_2022_us_china_semiconductor_controls;case_2020_smic_entity_list_semiconductor_controls,True,False,
hard_evaluation_cases,hard_aerospace_sanctions_supply_chain,hard_aerospace_sanctions_supply_chain,energy,1,case_2022_russia_airspace_closure_aviation_routes,2,False,True,0,28,case_2021_suez_blockage;case_hormuz_tanker_tensions;case_russia_ukraine_energy_shock;case_2022_gas_fertilizer_shock;case_middle_east_oil_supply_disruption;case_rare_earth_export_restriction_risk;case_opec_production_cut_policy_shock;case_israel_iran_escalation_energy_risk;case_cyberattack_pipeline_port_infrastructure;case_uranium_nuclear_fuel_supply_disruption;case_2022_russia_swift_financial_sanctions;case_2020_opec_plus_production_cut;case_2022_abu_dhabi_oil_facility_attack;case_2018_iran_oil_sanctions_reimposition;case_2019_venezuela_oil_sanctions;case_2022_nord_stream_pipeline_sabotage;case_2022_ukraine_electricity_grid_attacks;case_2023_niger_coup_uranium_supply_risk;case_2023_eu_carbon_border_adjustment_mechanism;case_2023_arctic_lng_russian_energy_shipping_sanctions;case_1987_1988_tanker_war_reflagging;case_2014_crimea_financial_sanctions;case_2009_russia_ukraine_gas_transit_dispute;case_2011_libya_civil_war_oil_disruption;case_2024_ukraine_drone_attacks_russian_refineries;case_2022_russia_fertilizer_export_restrictions;case_2021_colonial_pipeline_ransomware;case_2022_russia_airspace_closure_aviation_routes,27,case_2021_suez_blockage;case_hormuz_tanker_tensions;case_russia_ukraine_energy_shock;case_2022_gas_fertilizer_shock;case_middle_east_oil_supply_disruption;case_rare_earth_export_restriction_risk;case_opec_production_cut_policy_shock;case_israel_iran_escalation_energy_risk;case_cyberattack_pipeline_port_infrastructure;case_uranium_nuclear_fuel_supply_disruption;case_2022_russia_swift_financial_sanctions;case_2020_opec_plus_production_cut;case_2022_abu_dhabi_oil_facility_attack;case_2018_iran_oil_sanctions_reimposition;case_2019_venezuela_oil_sanctions;case_2022_nord_stream_pipeline_sabotage;case_2022_ukraine_electricity_grid_attacks;case_2023_niger_coup_uranium_supply_risk;case_2023_eu_carbon_border_adjustment_mechanism;case_2023_arctic_lng_russian_energy_shipping_sanctions;case_1987_1988_tanker_war_reflagging;case_2014_crimea_financial_sanctions;case_2009_russia_ukraine_gas_transit_dispute;case_2011_libya_civil_war_oil_disruption;case_2024_ukraine_drone_attacks_russian_refineries;case_2022_russia_fertilizer_export_restrictions;case_2021_colonial_pipeline_ransomware,True,False,
hard_evaluation_cases,hard_aerospace_sanctions_supply_chain,hard_aerospace_sanctions_supply_chain,freight_routes,1,case_2022_russia_airspace_closure_aviation_routes,2,False,True,0,19,case_2021_suez_blockage;case_2023_red_sea_attacks;case_panama_canal_drought_shipping_capacity;case_black_sea_grain_export_disruption;case_cyberattack_pipeline_port_infrastructure;case_2023_port_of_nagoya_cyberattack;case_2024_us_east_gulf_port_strike;case_2019_india_pakistan_airspace_closure;case_2021_belarus_potash_sanctions;case_2017_notpetya_shipping_logistics_cyberattack;case_2023_black_sea_shipping_insurance_restrictions;case_2023_south_china_sea_shipping_tensions;case_2023_mexico_nearshoring_cross_border_policy_risk;case_1987_1988_tanker_war_reflagging;case_2008_somali_piracy_gulf_of_aden;case_2022_turkey_strait_tanker_insurance_backlog;case_2021_colonial_pipeline_ransomware;case_2023_dp_world_australia_cyber_port_disruption;case_2022_russia_airspace_closure_aviation_routes,18,case_2021_suez_blockage;case_2023_red_sea_attacks;case_panama_canal_drought_shipping_capacity;case_black_sea_grain_export_disruption;case_cyberattack_pipeline_port_infrastructure;case_2023_port_of_nagoya_cyberattack;case_2024_us_east_gulf_port_strike;case_2019_india_pakistan_airspace_closure;case_2021_belarus_potash_sanctions;case_2017_notpetya_shipping_logistics_cyberattack;case_2023_black_sea_shipping_insurance_restrictions;case_2023_south_china_sea_shipping_tensions;case_2023_mexico_nearshoring_cross_border_policy_risk;case_1987_1988_tanker_war_reflagging;case_2008_somali_piracy_gulf_of_aden;case_2022_turkey_strait_tanker_insurance_backlog;case_2021_colonial_pipeline_ransomware;case_2023_dp_world_australia_cyber_port_disruption,True,False,
hard_evaluation_cases,hard_aerospace_sanctions_supply_chain,hard_aerospace_sanctions_supply_chain,logistics,1,case_2022_russia_airspace_closure_aviation_routes,2,False,True,0,33,case_2021_suez_blockage;case_2023_red_sea_attacks;case_2018_2019_us_china_tariffs;case_panama_canal_drought_shipping_capacity;case_black_sea_grain_export_disruption;case_cyberattack_pipeline_port_infrastructure;case_2023_port_of_nagoya_cyberattack;case_2024_us_east_gulf_port_strike;case_2022_india_wheat_export_ban;case_2017_north_korea_missile_escalation;case_2019_india_pakistan_airspace_closure;case_2022_ukraine_electricity_grid_attacks;case_2023_niger_coup_uranium_supply_risk;case_2021_belarus_potash_sanctions;case_2021_xinjiang_forced_labor_import_restrictions;case_2024_ev_tariff_escalation_china;case_2017_notpetya_shipping_logistics_cyberattack;case_2023_black_sea_shipping_insurance_restrictions;case_2023_south_china_sea_shipping_tensions;case_2024_drc_cobalt_copper_mining_disruption;case_2023_mexico_nearshoring_cross_border_policy_risk;case_2021_myanmar_coup_supply_chain_disruption;case_1987_1988_tanker_war_reflagging;case_2008_somali_piracy_gulf_of_aden;case_2022_turkey_strait_tanker_insurance_backlog;case_2019_cosco_shipping_sanctions_tanker_market;case_2011_libya_civil_war_oil_disruption;case_2022_peru_mine_protests_copper_supply;case_2008_rice_export_restrictions_food_security;case_2022_russia_fertilizer_export_restrictions;case_2021_colonial_pipeline_ransomware;case_2023_dp_world_australia_cyber_port_disruption;case_2022_russia_airspace_closure_aviation_routes,32,case_2021_suez_blockage;case_2023_red_sea_attacks;case_2018_2019_us_china_tariffs;case_panama_canal_drought_shipping_capacity;case_black_sea_grain_export_disruption;case_cyberattack_pipeline_port_infrastructure;case_2023_port_of_nagoya_cyberattack;case_2024_us_east_gulf_port_strike;case_2022_india_wheat_export_ban;case_2017_north_korea_missile_escalation;case_2019_india_pakistan_airspace_closure;case_2022_ukraine_electricity_grid_attacks;case_2023_niger_coup_uranium_supply_risk;case_2021_belarus_potash_sanctions;case_2021_xinjiang_forced_labor_import_restrictions;case_2024_ev_tariff_escalation_china;case_2017_notpetya_shipping_logistics_cyberattack;case_2023_black_sea_shipping_insurance_restrictions;case_2023_south_china_sea_shipping_tensions;case_2024_drc_cobalt_copper_mining_disruption;case_2023_mexico_nearshoring_cross_border_policy_risk;case_2021_myanmar_coup_supply_chain_disruption;case_1987_1988_tanker_war_reflagging;case_2008_somali_piracy_gulf_of_aden;case_2022_turkey_strait_tanker_insurance_backlog;case_2019_cosco_shipping_sanctions_tanker_market;case_2011_libya_civil_war_oil_disruption;case_2022_peru_mine_protests_copper_supply;case_2008_rice_export_restrictions_food_security;case_2022_russia_fertilizer_export_restrictions;case_2021_colonial_pipeline_ransomware;case_2023_dp_world_australia_cyber_port_disruption,True,False,
hard_evaluation_cases,hard_aerospace_sanctions_supply_chain,hard_aerospace_sanctions_supply_chain,manufacturing_inputs,2,case_2022_russia_aviation_supply_chain_sanctions;case_2019_huawei_entity_list,2,False,True,0,34,case_russia_ukraine_energy_shock;case_2019_huawei_entity_list;case_2018_2019_us_china_tariffs;case_2022_gas_fertilizer_shock;case_taiwan_strait_semiconductor_risk;case_rare_earth_export_restriction_risk;case_china_gallium_germanium_graphite_controls;case_defense_spending_shock_after_escalation;case_uranium_nuclear_fuel_supply_disruption;case_2023_port_of_nagoya_cyberattack;case_2023_middle_east_defense_supply_escalation;case_2023_china_graphite_battery_export_controls;case_2022_russia_aviation_supply_chain_sanctions;case_2017_north_korea_missile_escalation;case_2019_india_pakistan_airspace_closure;case_2022_nord_stream_pipeline_sabotage;case_2022_ukraine_electricity_grid_attacks;case_2022_chile_lithium_policy_shift;case_2020_indonesia_nickel_export_ban;case_2021_xinjiang_forced_labor_import_restrictions;case_2024_ev_tariff_escalation_china;case_2017_notpetya_shipping_logistics_cyberattack;case_2024_drc_cobalt_copper_mining_disruption;case_2023_mexico_nearshoring_cross_border_policy_risk;case_2023_eu_carbon_border_adjustment_mechanism;case_2021_myanmar_coup_supply_chain_disruption;case_2014_crimea_financial_sanctions;case_2009_russia_ukraine_gas_transit_dispute;case_2010_china_japan_rare_earth_embargo;case_2022_peru_mine_protests_copper_supply;case_2023_panama_cobre_mine_closure;case_2020_smic_entity_list_semiconductor_controls;case_2023_japan_chip_equipment_export_controls;case_2019_turkey_f35_s400_defense_restrictions,32,case_russia_ukraine_energy_shock;case_2018_2019_us_china_tariffs;case_2022_gas_fertilizer_shock;case_taiwan_strait_semiconductor_risk;case_rare_earth_export_restriction_risk;case_china_gallium_germanium_graphite_controls;case_defense_spending_shock_after_escalation;case_uranium_nuclear_fuel_supply_disruption;case_2023_port_of_nagoya_cyberattack;case_2023_middle_east_defense_supply_escalation;case_2023_china_graphite_battery_export_controls;case_2017_north_korea_missile_escalation;case_2019_india_pakistan_airspace_closure;case_2022_nord_stream_pipeline_sabotage;case_2022_ukraine_electricity_grid_attacks;case_2022_chile_lithium_policy_shift;case_2020_indonesia_nickel_export_ban;case_2021_xinjiang_forced_labor_import_restrictions;case_2024_ev_tariff_escalation_china;case_2017_notpetya_shipping_logistics_cyberattack;case_2024_drc_cobalt_copper_mining_disruption;case_2023_mexico_nearshoring_cross_border_policy_risk;case_2023_eu_carbon_border_adjustment_mechanism;case_2021_myanmar_coup_supply_chain_disruption;case_2014_crimea_financial_sanctions;case_2009_russia_ukraine_gas_transit_dispute;case_2010_china_japan_rare_earth_embargo;case_2022_peru_mine_protests_copper_supply;case_2023_panama_cobre_mine_closure;case_2020_smic_entity_list_semiconductor_controls;case_2023_japan_chip_equipment_export_controls;case_2019_turkey_f35_s400_defense_restrictions,False,False,
hard_evaluation_cases,hard_aerospace_sanctions_supply_chain,hard_aerospace_sanctions_supply_chain,semiconductor_equipment,1,case_2019_huawei_entity_list,2,False,True,0,11,case_2022_us_china_semiconductor_controls;case_2023_dutch_asml_controls;case_2019_huawei_entity_list;case_taiwan_strait_semiconductor_risk;case_china_gallium_germanium_graphite_controls;case_defense_spending_shock_after_escalation;case_2024_taiwan_strait_drills_semiconductor_supply;case_2017_north_korea_missile_escalation;case_2020_smic_entity_list_semiconductor_controls;case_2023_japan_chip_equipment_export_controls;case_2019_turkey_f35_s400_defense_restrictions,10,case_2022_us_china_semiconductor_controls;case_2023_dutch_asml_controls;case_taiwan_strait_semiconductor_risk;case_china_gallium_germanium_graphite_controls;case_defense_spending_shock_after_escalation;case_2024_taiwan_strait_drills_semiconductor_supply;case_2017_north_korea_missile_escalation;case_2020_smic_entity_list_semiconductor_controls;case_2023_japan_chip_equipment_export_controls;case_2019_turkey_f35_s400_defense_restrictions,True,False,
hard_evaluation_cases,hard_aerospace_sanctions_supply_chain,hard_aerospace_sanctions_supply_chain,trade_lanes,1,case_2022_russia_aviation_supply_chain_sanctions,2,False,True,0,31,case_2018_2019_us_china_tariffs;case_uranium_nuclear_fuel_supply_disruption;case_2022_russia_swift_financial_sanctions;case_2024_us_east_gulf_port_strike;case_2022_india_wheat_export_ban;case_2022_russia_aviation_supply_chain_sanctions;case_2017_north_korea_missile_escalation;case_2019_india_pakistan_airspace_closure;case_2023_niger_coup_uranium_supply_risk;case_2022_chile_lithium_policy_shift;case_2020_indonesia_nickel_export_ban;case_2021_belarus_potash_sanctions;case_2021_xinjiang_forced_labor_import_restrictions;case_2024_ev_tariff_escalation_china;case_2023_south_china_sea_shipping_tensions;case_2024_drc_cobalt_copper_mining_disruption;case_2023_mexico_nearshoring_cross_border_policy_risk;case_2023_eu_carbon_border_adjustment_mechanism;case_2021_myanmar_coup_supply_chain_disruption;case_2014_crimea_financial_sanctions;case_2018_iran_swift_restrictions;case_2019_cosco_shipping_sanctions_tanker_market;case_2009_russia_ukraine_gas_transit_dispute;case_2011_libya_civil_war_oil_disruption;case_2010_china_japan_rare_earth_embargo;case_2022_peru_mine_protests_copper_supply;case_2023_panama_cobre_mine_closure;case_2008_rice_export_restrictions_food_security;case_2022_russia_fertilizer_export_restrictions;case_2023_dp_world_australia_cyber_port_disruption;case_2019_turkey_f35_s400_defense_restrictions,30,case_2018_2019_us_china_tariffs;case_uranium_nuclear_fuel_supply_disruption;case_2022_russia_swift_financial_sanctions;case_2024_us_east_gulf_port_strike;case_2022_india_wheat_export_ban;case_2017_north_korea_missile_escalation;case_2019_india_pakistan_airspace_closure;case_2023_niger_coup_uranium_supply_risk;case_2022_chile_lithium_policy_shift;case_2020_indonesia_nickel_export_ban;case_2021_belarus_potash_sanctions;case_2021_xinjiang_forced_labor_import_restrictions;case_2024_ev_tariff_escalation_china;case_2023_south_china_sea_shipping_tensions;case_2024_drc_cobalt_copper_mining_disruption;case_2023_mexico_nearshoring_cross_border_policy_risk;case_2023_eu_carbon_border_adjustment_mechanism;case_2021_myanmar_coup_supply_chain_disruption;case_2014_crimea_financial_sanctions;case_2018_iran_swift_restrictions;case_2019_cosco_shipping_sanctions_tanker_market;case_2009_russia_ukraine_gas_transit_dispute;case_2011_libya_civil_war_oil_disruption;case_2010_china_japan_rare_earth_embargo;case_2022_peru_mine_protests_copper_supply;case_2023_panama_cobre_mine_closure;case_2008_rice_export_restrictions_food_security;case_2022_russia_fertilizer_export_restrictions;case_2023_dp_world_australia_cyber_port_disruption;case_2019_turkey_f35_s400_defense_restrictions,True,False,
hard_evaluation_cases,hard_taiwan_semiconductor_indirect,hard_taiwan_semiconductor_indirect,defense,2,case_taiwan_strait_semiconductor_risk;case_2024_taiwan_strait_drills_semiconductor_supply,2,True,True,2,15,case_taiwan_strait_semiconductor_risk;case_rare_earth_export_restriction_risk;case_israel_iran_escalation_energy_risk;case_defense_spending_shock_after_escalation;case_2023_middle_east_defense_supply_escalation;case_2024_taiwan_strait_drills_semiconductor_supply;case_2022_abu_dhabi_oil_facility_attack;case_2022_russia_aviation_supply_chain_sanctions;case_2017_north_korea_missile_escalation;case_2019_india_pakistan_airspace_closure;case_2022_ukraine_electricity_grid_attacks;case_2023_south_china_sea_shipping_tensions;case_1987_1988_tanker_war_reflagging;case_2010_china_japan_rare_earth_embargo;case_2019_turkey_f35_s400_defense_restrictions,13,case_rare_earth_export_restriction_risk;case_israel_iran_escalation_energy_risk;case_defense_spending_shock_after_escalation;case_2023_middle_east_defense_supply_escalation;case_2022_abu_dhabi_oil_facility_attack;case_2022_russia_aviation_supply_chain_sanctions;case_2017_north_korea_missile_escalation;case_2019_india_pakistan_airspace_closure;case_2022_ukraine_electricity_grid_attacks;case_2023_south_china_sea_shipping_tensions;case_1987_1988_tanker_war_reflagging;case_2010_china_japan_rare_earth_embargo;case_2019_turkey_f35_s400_defense_restrictions,False,False,
hard_evaluation_cases,hard_taiwan_semiconductor_indirect,hard_taiwan_semiconductor_indirect,manufacturing_inputs,1,case_taiwan_strait_semiconductor_risk,2,False,True,0,34,case_russia_ukraine_energy_shock;case_2019_huawei_entity_list;case_2018_2019_us_china_tariffs;case_2022_gas_fertilizer_shock;case_taiwan_strait_semiconductor_risk;case_rare_earth_export_restriction_risk;case_china_gallium_germanium_graphite_controls;case_defense_spending_shock_after_escalation;case_uranium_nuclear_fuel_supply_disruption;case_2023_port_of_nagoya_cyberattack;case_2023_middle_east_defense_supply_escalation;case_2023_china_graphite_battery_export_controls;case_2022_russia_aviation_supply_chain_sanctions;case_2017_north_korea_missile_escalation;case_2019_india_pakistan_airspace_closure;case_2022_nord_stream_pipeline_sabotage;case_2022_ukraine_electricity_grid_attacks;case_2022_chile_lithium_policy_shift;case_2020_indonesia_nickel_export_ban;case_2021_xinjiang_forced_labor_import_restrictions;case_2024_ev_tariff_escalation_china;case_2017_notpetya_shipping_logistics_cyberattack;case_2024_drc_cobalt_copper_mining_disruption;case_2023_mexico_nearshoring_cross_border_policy_risk;case_2023_eu_carbon_border_adjustment_mechanism;case_2021_myanmar_coup_supply_chain_disruption;case_2014_crimea_financial_sanctions;case_2009_russia_ukraine_gas_transit_dispute;case_2010_china_japan_rare_earth_embargo;case_2022_peru_mine_protests_copper_supply;case_2023_panama_cobre_mine_closure;case_2020_smic_entity_list_semiconductor_controls;case_2023_japan_chip_equipment_export_controls;case_2019_turkey_f35_s400_defense_restrictions,33,case_russia_ukraine_energy_shock;case_2019_huawei_entity_list;case_2018_2019_us_china_tariffs;case_2022_gas_fertilizer_shock;case_rare_earth_export_restriction_risk;case_china_gallium_germanium_graphite_controls;case_defense_spending_shock_after_escalation;case_uranium_nuclear_fuel_supply_disruption;case_2023_port_of_nagoya_cyberattack;case_2023_middle_east_defense_supply_escalation;case_2023_china_graphite_battery_export_controls;case_2022_russia_aviation_supply_chain_sanctions;case_2017_north_korea_missile_escalation;case_2019_india_pakistan_airspace_closure;case_2022_nord_stream_pipeline_sabotage;case_2022_ukraine_electricity_grid_attacks;case_2022_chile_lithium_policy_shift;case_2020_indonesia_nickel_export_ban;case_2021_xinjiang_forced_labor_import_restrictions;case_2024_ev_tariff_escalation_china;case_2017_notpetya_shipping_logistics_cyberattack;case_2024_drc_cobalt_copper_mining_disruption;case_2023_mexico_nearshoring_cross_border_policy_risk;case_2023_eu_carbon_border_adjustment_mechanism;case_2021_myanmar_coup_supply_chain_disruption;case_2014_crimea_financial_sanctions;case_2009_russia_ukraine_gas_transit_dispute;case_2010_china_japan_rare_earth_embargo;case_2022_peru_mine_protests_copper_supply;case_2023_panama_cobre_mine_closure;case_2020_smic_entity_list_semiconductor_controls;case_2023_japan_chip_equipment_export_controls;case_2019_turkey_f35_s400_defense_restrictions,True,False,
hard_evaluation_cases,hard_taiwan_semiconductor_indirect,hard_taiwan_semiconductor_indirect,taiwan_semiconductor_supply,1,case_2024_taiwan_strait_drills_semiconductor_supply,2,False,True,0,1,case_2024_taiwan_strait_drills_semiconductor_supply,0,,False,False,
hard_evaluation_cases,hard_cyber_infrastructure_indirect,hard_cyber_infrastructure_indirect,container_shipping,1,case_2023_dp_world_australia_cyber_port_disruption,2,False,True,0,8,case_2021_suez_blockage;case_2023_red_sea_attacks;case_panama_canal_drought_shipping_capacity;case_2024_us_east_gulf_port_strike;case_2017_notpetya_shipping_logistics_cyberattack;case_2023_south_china_sea_shipping_tensions;case_2008_somali_piracy_gulf_of_aden;case_2023_dp_world_australia_cyber_port_disruption,7,case_2021_suez_blockage;case_2023_red_sea_attacks;case_panama_canal_drought_shipping_capacity;case_2024_us_east_gulf_port_strike;case_2017_notpetya_shipping_logistics_cyberattack;case_2023_south_china_sea_shipping_tensions;case_2008_somali_piracy_gulf_of_aden,True,False,
hard_evaluation_cases,hard_cyber_infrastructure_indirect,hard_cyber_infrastructure_indirect,manufacturing_inputs,1,case_2023_port_of_nagoya_cyberattack,2,False,True,0,34,case_russia_ukraine_energy_shock;case_2019_huawei_entity_list;case_2018_2019_us_china_tariffs;case_2022_gas_fertilizer_shock;case_taiwan_strait_semiconductor_risk;case_rare_earth_export_restriction_risk;case_china_gallium_germanium_graphite_controls;case_defense_spending_shock_after_escalation;case_uranium_nuclear_fuel_supply_disruption;case_2023_port_of_nagoya_cyberattack;case_2023_middle_east_defense_supply_escalation;case_2023_china_graphite_battery_export_controls;case_2022_russia_aviation_supply_chain_sanctions;case_2017_north_korea_missile_escalation;case_2019_india_pakistan_airspace_closure;case_2022_nord_stream_pipeline_sabotage;case_2022_ukraine_electricity_grid_attacks;case_2022_chile_lithium_policy_shift;case_2020_indonesia_nickel_export_ban;case_2021_xinjiang_forced_labor_import_restrictions;case_2024_ev_tariff_escalation_china;case_2017_notpetya_shipping_logistics_cyberattack;case_2024_drc_cobalt_copper_mining_disruption;case_2023_mexico_nearshoring_cross_border_policy_risk;case_2023_eu_carbon_border_adjustment_mechanism;case_2021_myanmar_coup_supply_chain_disruption;case_2014_crimea_financial_sanctions;case_2009_russia_ukraine_gas_transit_dispute;case_2010_china_japan_rare_earth_embargo;case_2022_peru_mine_protests_copper_supply;case_2023_panama_cobre_mine_closure;case_2020_smic_entity_list_semiconductor_controls;case_2023_japan_chip_equipment_export_controls;case_2019_turkey_f35_s400_defense_restrictions,33,case_russia_ukraine_energy_shock;case_2019_huawei_entity_list;case_2018_2019_us_china_tariffs;case_2022_gas_fertilizer_shock;case_taiwan_strait_semiconductor_risk;case_rare_earth_export_restriction_risk;case_china_gallium_germanium_graphite_controls;case_defense_spending_shock_after_escalation;case_uranium_nuclear_fuel_supply_disruption;case_2023_middle_east_defense_supply_escalation;case_2023_china_graphite_battery_export_controls;case_2022_russia_aviation_supply_chain_sanctions;case_2017_north_korea_missile_escalation;case_2019_india_pakistan_airspace_closure;case_2022_nord_stream_pipeline_sabotage;case_2022_ukraine_electricity_grid_attacks;case_2022_chile_lithium_policy_shift;case_2020_indonesia_nickel_export_ban;case_2021_xinjiang_forced_labor_import_restrictions;case_2024_ev_tariff_escalation_china;case_2017_notpetya_shipping_logistics_cyberattack;case_2024_drc_cobalt_copper_mining_disruption;case_2023_mexico_nearshoring_cross_border_policy_risk;case_2023_eu_carbon_border_adjustment_mechanism;case_2021_myanmar_coup_supply_chain_disruption;case_2014_crimea_financial_sanctions;case_2009_russia_ukraine_gas_transit_dispute;case_2010_china_japan_rare_earth_embargo;case_2022_peru_mine_protests_copper_supply;case_2023_panama_cobre_mine_closure;case_2020_smic_entity_list_semiconductor_controls;case_2023_japan_chip_equipment_export_controls;case_2019_turkey_f35_s400_defense_restrictions,True,False,
hard_evaluation_cases,hard_cyber_infrastructure_indirect,hard_cyber_infrastructure_indirect,trade_lanes,1,case_2023_dp_world_australia_cyber_port_disruption,2,False,True,0,31,case_2018_2019_us_china_tariffs;case_uranium_nuclear_fuel_supply_disruption;case_2022_russia_swift_financial_sanctions;case_2024_us_east_gulf_port_strike;case_2022_india_wheat_export_ban;case_2022_russia_aviation_supply_chain_sanctions;case_2017_north_korea_missile_escalation;case_2019_india_pakistan_airspace_closure;case_2023_niger_coup_uranium_supply_risk;case_2022_chile_lithium_policy_shift;case_2020_indonesia_nickel_export_ban;case_2021_belarus_potash_sanctions;case_2021_xinjiang_forced_labor_import_restrictions;case_2024_ev_tariff_escalation_china;case_2023_south_china_sea_shipping_tensions;case_2024_drc_cobalt_copper_mining_disruption;case_2023_mexico_nearshoring_cross_border_policy_risk;case_2023_eu_carbon_border_adjustment_mechanism;case_2021_myanmar_coup_supply_chain_disruption;case_2014_crimea_financial_sanctions;case_2018_iran_swift_restrictions;case_2019_cosco_shipping_sanctions_tanker_market;case_2009_russia_ukraine_gas_transit_dispute;case_2011_libya_civil_war_oil_disruption;case_2010_china_japan_rare_earth_embargo;case_2022_peru_mine_protests_copper_supply;case_2023_panama_cobre_mine_closure;case_2008_rice_export_restrictions_food_security;case_2022_russia_fertilizer_export_restrictions;case_2023_dp_world_australia_cyber_port_disruption;case_2019_turkey_f35_s400_defense_restrictions,30,case_2018_2019_us_china_tariffs;case_uranium_nuclear_fuel_supply_disruption;case_2022_russia_swift_financial_sanctions;case_2024_us_east_gulf_port_strike;case_2022_india_wheat_export_ban;case_2022_russia_aviation_supply_chain_sanctions;case_2017_north_korea_missile_escalation;case_2019_india_pakistan_airspace_closure;case_2023_niger_coup_uranium_supply_risk;case_2022_chile_lithium_policy_shift;case_2020_indonesia_nickel_export_ban;case_2021_belarus_potash_sanctions;case_2021_xinjiang_forced_labor_import_restrictions;case_2024_ev_tariff_escalation_china;case_2023_south_china_sea_shipping_tensions;case_2024_drc_cobalt_copper_mining_disruption;case_2023_mexico_nearshoring_cross_border_policy_risk;case_2023_eu_carbon_border_adjustment_mechanism;case_2021_myanmar_coup_supply_chain_disruption;case_2014_crimea_financial_sanctions;case_2018_iran_swift_restrictions;case_2019_cosco_shipping_sanctions_tanker_market;case_2009_russia_ukraine_gas_transit_dispute;case_2011_libya_civil_war_oil_disruption;case_2010_china_japan_rare_earth_embargo;case_2022_peru_mine_protests_copper_supply;case_2023_panama_cobre_mine_closure;case_2008_rice_export_restrictions_food_security;case_2022_russia_fertilizer_export_restrictions;case_2019_turkey_f35_s400_defense_restrictions,True,False,
hard_evaluation_cases,hard_negative_consumer_product_launch,hard_negative_consumer_product_launch,ai_chips,1,case_china_gallium_germanium_graphite_controls,2,False,True,0,8,case_2022_us_china_semiconductor_controls;case_2019_huawei_entity_list;case_taiwan_strait_semiconductor_risk;case_china_gallium_germanium_graphite_controls;case_defense_spending_shock_after_escalation;case_2023_middle_east_defense_supply_escalation;case_2024_taiwan_strait_drills_semiconductor_supply;case_2023_japan_chip_equipment_export_controls,7,case_2022_us_china_semiconductor_controls;case_2019_huawei_entity_list;case_taiwan_strait_semiconductor_risk;case_defense_spending_shock_after_escalation;case_2023_middle_east_defense_supply_escalation;case_2024_taiwan_strait_drills_semiconductor_supply;case_2023_japan_chip_equipment_export_controls,True,False,
hard_evaluation_cases,hard_negative_consumer_product_launch,hard_negative_consumer_product_launch,battery_materials,2,case_2023_china_graphite_battery_export_controls;case_2022_chile_lithium_policy_shift,2,False,True,0,7,case_2023_china_graphite_battery_export_controls;case_2022_chile_lithium_policy_shift;case_2020_indonesia_nickel_export_ban;case_2024_ev_tariff_escalation_china;case_2024_drc_cobalt_copper_mining_disruption;case_2022_peru_mine_protests_copper_supply;case_2023_panama_cobre_mine_closure,5,case_2020_indonesia_nickel_export_ban;case_2024_ev_tariff_escalation_china;case_2024_drc_cobalt_copper_mining_disruption;case_2022_peru_mine_protests_copper_supply;case_2023_panama_cobre_mine_closure,False,False,
hard_evaluation_cases,hard_negative_consumer_product_launch,hard_negative_consumer_product_launch,critical_minerals,3,case_2023_china_graphite_battery_export_controls;case_2022_chile_lithium_policy_shift;case_china_gallium_germanium_graphite_controls,2,False,True,0,12,case_rare_earth_export_restriction_risk;case_china_gallium_germanium_graphite_controls;case_2023_china_graphite_battery_export_controls;case_2022_chile_lithium_policy_shift;case_2020_indonesia_nickel_export_ban;case_2021_xinjiang_forced_labor_import_restrictions;case_2024_ev_tariff_escalation_china;case_2024_drc_cobalt_copper_mining_disruption;case_2023_eu_carbon_border_adjustment_mechanism;case_2010_china_japan_rare_earth_embargo;case_2022_peru_mine_protests_copper_supply;case_2023_panama_cobre_mine_closure,9,case_rare_earth_export_restriction_risk;case_2020_indonesia_nickel_export_ban;case_2021_xinjiang_forced_labor_import_restrictions;case_2024_ev_tariff_escalation_china;case_2024_drc_cobalt_copper_mining_disruption;case_2023_eu_carbon_border_adjustment_mechanism;case_2010_china_japan_rare_earth_embargo;case_2022_peru_mine_protests_copper_supply;case_2023_panama_cobre_mine_closure,False,False,
hard_evaluation_cases,hard_negative_consumer_product_launch,hard_negative_consumer_product_launch,customs,3,case_2023_china_graphite_battery_export_controls;case_2022_chile_lithium_policy_shift;case_china_gallium_germanium_graphite_controls,2,False,True,0,32,case_2023_dutch_asml_controls;case_2019_huawei_entity_list;case_2018_2019_us_china_tariffs;case_china_gallium_germanium_graphite_controls;case_uranium_nuclear_fuel_supply_disruption;case_2022_russia_swift_financial_sanctions;case_2023_china_graphite_battery_export_controls;case_2022_india_wheat_export_ban;case_2022_russia_aviation_supply_chain_sanctions;case_2023_niger_coup_uranium_supply_risk;case_2022_chile_lithium_policy_shift;case_2020_indonesia_nickel_export_ban;case_2021_belarus_potash_sanctions;case_2021_xinjiang_forced_labor_import_restrictions;case_2024_ev_tariff_escalation_china;case_2024_drc_cobalt_copper_mining_disruption;case_2023_mexico_nearshoring_cross_border_policy_risk;case_2023_eu_carbon_border_adjustment_mechanism;case_2021_myanmar_coup_supply_chain_disruption;case_2022_turkey_strait_tanker_insurance_backlog;case_2014_crimea_financial_sanctions;case_2018_iran_swift_restrictions;case_2019_cosco_shipping_sanctions_tanker_market;case_2010_china_japan_rare_earth_embargo;case_2022_peru_mine_protests_copper_supply;case_2023_panama_cobre_mine_closure;case_2008_rice_export_restrictions_food_security;case_2022_russia_fertilizer_export_restrictions;case_2020_smic_entity_list_semiconductor_controls;case_2023_japan_chip_equipment_export_controls;case_2019_turkey_f35_s400_defense_restrictions;case_2022_russia_airspace_closure_aviation_routes,29,case_2023_dutch_asml_controls;case_2019_huawei_entity_list;case_2018_2019_us_china_tariffs;case_uranium_nuclear_fuel_supply_disruption;case_2022_russia_swift_financial_sanctions;case_2022_india_wheat_export_ban;case_2022_russia_aviation_supply_chain_sanctions;case_2023_niger_coup_uranium_supply_risk;case_2020_indonesia_nickel_export_ban;case_2021_belarus_potash_sanctions;case_2021_xinjiang_forced_labor_import_restrictions;case_2024_ev_tariff_escalation_china;case_2024_drc_cobalt_copper_mining_disruption;case_2023_mexico_nearshoring_cross_border_policy_risk;case_2023_eu_carbon_border_adjustment_mechanism;case_2021_myanmar_coup_supply_chain_disruption;case_2022_turkey_strait_tanker_insurance_backlog;case_2014_crimea_financial_sanctions;case_2018_iran_swift_restrictions;case_2019_cosco_shipping_sanctions_tanker_market;case_2010_china_japan_rare_earth_embargo;case_2022_peru_mine_protests_copper_supply;case_2023_panama_cobre_mine_closure;case_2008_rice_export_restrictions_food_security;case_2022_russia_fertilizer_export_restrictions;case_2020_smic_entity_list_semiconductor_controls;case_2023_japan_chip_equipment_export_controls;case_2019_turkey_f35_s400_defense_restrictions;case_2022_russia_airspace_closure_aviation_routes,False,False,
hard_evaluation_cases,hard_negative_consumer_product_launch,hard_negative_consumer_product_launch,gallium_germanium_graphite,2,case_2023_china_graphite_battery_export_controls;case_china_gallium_germanium_graphite_controls,2,False,True,0,2,case_china_gallium_germanium_graphite_controls;case_2023_china_graphite_battery_export_controls,0,,False,False,
hard_evaluation_cases,hard_negative_consumer_product_launch,hard_negative_consumer_product_launch,graphite,1,case_2023_china_graphite_battery_export_controls,2,False,True,0,1,case_2023_china_graphite_battery_export_controls,0,,False,False,
hard_evaluation_cases,hard_negative_consumer_product_launch,hard_negative_consumer_product_launch,manufacturing_inputs,3,case_2023_china_graphite_battery_export_controls;case_2022_chile_lithium_policy_shift;case_china_gallium_germanium_graphite_controls,2,False,True,0,34,case_russia_ukraine_energy_shock;case_2019_huawei_entity_list;case_2018_2019_us_china_tariffs;case_2022_gas_fertilizer_shock;case_taiwan_strait_semiconductor_risk;case_rare_earth_export_restriction_risk;case_china_gallium_germanium_graphite_controls;case_defense_spending_shock_after_escalation;case_uranium_nuclear_fuel_supply_disruption;case_2023_port_of_nagoya_cyberattack;case_2023_middle_east_defense_supply_escalation;case_2023_china_graphite_battery_export_controls;case_2022_russia_aviation_supply_chain_sanctions;case_2017_north_korea_missile_escalation;case_2019_india_pakistan_airspace_closure;case_2022_nord_stream_pipeline_sabotage;case_2022_ukraine_electricity_grid_attacks;case_2022_chile_lithium_policy_shift;case_2020_indonesia_nickel_export_ban;case_2021_xinjiang_forced_labor_import_restrictions;case_2024_ev_tariff_escalation_china;case_2017_notpetya_shipping_logistics_cyberattack;case_2024_drc_cobalt_copper_mining_disruption;case_2023_mexico_nearshoring_cross_border_policy_risk;case_2023_eu_carbon_border_adjustment_mechanism;case_2021_myanmar_coup_supply_chain_disruption;case_2014_crimea_financial_sanctions;case_2009_russia_ukraine_gas_transit_dispute;case_2010_china_japan_rare_earth_embargo;case_2022_peru_mine_protests_copper_supply;case_2023_panama_cobre_mine_closure;case_2020_smic_entity_list_semiconductor_controls;case_2023_japan_chip_equipment_export_controls;case_2019_turkey_f35_s400_defense_restrictions,31,case_russia_ukraine_energy_shock;case_2019_huawei_entity_list;case_2018_2019_us_china_tariffs;case_2022_gas_fertilizer_shock;case_taiwan_strait_semiconductor_risk;case_rare_earth_export_restriction_risk;case_defense_spending_shock_after_escalation;case_uranium_nuclear_fuel_supply_disruption;case_2023_port_of_nagoya_cyberattack;case_2023_middle_east_defense_supply_escalation;case_2022_russia_aviation_supply_chain_sanctions;case_2017_north_korea_missile_escalation;case_2019_india_pakistan_airspace_closure;case_2022_nord_stream_pipeline_sabotage;case_2022_ukraine_electricity_grid_attacks;case_2020_indonesia_nickel_export_ban;case_2021_xinjiang_forced_labor_import_restrictions;case_2024_ev_tariff_escalation_china;case_2017_notpetya_shipping_logistics_cyberattack;case_2024_drc_cobalt_copper_mining_disruption;case_2023_mexico_nearshoring_cross_border_policy_risk;case_2023_eu_carbon_border_adjustment_mechanism;case_2021_myanmar_coup_supply_chain_disruption;case_2014_crimea_financial_sanctions;case_2009_russia_ukraine_gas_transit_dispute;case_2010_china_japan_rare_earth_embargo;case_2022_peru_mine_protests_copper_supply;case_2023_panama_cobre_mine_closure;case_2020_smic_entity_list_semiconductor_controls;case_2023_japan_chip_equipment_export_controls;case_2019_turkey_f35_s400_defense_restrictions,False,False,
hard_evaluation_cases,hard_negative_consumer_product_launch,hard_negative_consumer_product_launch,semiconductor_equipment,1,case_china_gallium_germanium_graphite_controls,2,False,True,0,11,case_2022_us_china_semiconductor_controls;case_2023_dutch_asml_controls;case_2019_huawei_entity_list;case_taiwan_strait_semiconductor_risk;case_china_gallium_germanium_graphite_controls;case_defense_spending_shock_after_escalation;case_2024_taiwan_strait_drills_semiconductor_supply;case_2017_north_korea_missile_escalation;case_2020_smic_entity_list_semiconductor_controls;case_2023_japan_chip_equipment_export_controls;case_2019_turkey_f35_s400_defense_restrictions,10,case_2022_us_china_semiconductor_controls;case_2023_dutch_asml_controls;case_2019_huawei_entity_list;case_taiwan_strait_semiconductor_risk;case_defense_spending_shock_after_escalation;case_2024_taiwan_strait_drills_semiconductor_supply;case_2017_north_korea_missile_escalation;case_2020_smic_entity_list_semiconductor_controls;case_2023_japan_chip_equipment_export_controls;case_2019_turkey_f35_s400_defense_restrictions,True,False,
hard_evaluation_cases,hard_negative_consumer_product_launch,hard_negative_consumer_product_launch,trade_lanes,1,case_2022_chile_lithium_policy_shift,2,False,True,0,31,case_2018_2019_us_china_tariffs;case_uranium_nuclear_fuel_supply_disruption;case_2022_russia_swift_financial_sanctions;case_2024_us_east_gulf_port_strike;case_2022_india_wheat_export_ban;case_2022_russia_aviation_supply_chain_sanctions;case_2017_north_korea_missile_escalation;case_2019_india_pakistan_airspace_closure;case_2023_niger_coup_uranium_supply_risk;case_2022_chile_lithium_policy_shift;case_2020_indonesia_nickel_export_ban;case_2021_belarus_potash_sanctions;case_2021_xinjiang_forced_labor_import_restrictions;case_2024_ev_tariff_escalation_china;case_2023_south_china_sea_shipping_tensions;case_2024_drc_cobalt_copper_mining_disruption;case_2023_mexico_nearshoring_cross_border_policy_risk;case_2023_eu_carbon_border_adjustment_mechanism;case_2021_myanmar_coup_supply_chain_disruption;case_2014_crimea_financial_sanctions;case_2018_iran_swift_restrictions;case_2019_cosco_shipping_sanctions_tanker_market;case_2009_russia_ukraine_gas_transit_dispute;case_2011_libya_civil_war_oil_disruption;case_2010_china_japan_rare_earth_embargo;case_2022_peru_mine_protests_copper_supply;case_2023_panama_cobre_mine_closure;case_2008_rice_export_restrictions_food_security;case_2022_russia_fertilizer_export_restrictions;case_2023_dp_world_australia_cyber_port_disruption;case_2019_turkey_f35_s400_defense_restrictions,30,case_2018_2019_us_china_tariffs;case_uranium_nuclear_fuel_supply_disruption;case_2022_russia_swift_financial_sanctions;case_2024_us_east_gulf_port_strike;case_2022_india_wheat_export_ban;case_2022_russia_aviation_supply_chain_sanctions;case_2017_north_korea_missile_escalation;case_2019_india_pakistan_airspace_closure;case_2023_niger_coup_uranium_supply_risk;case_2020_indonesia_nickel_export_ban;case_2021_belarus_potash_sanctions;case_2021_xinjiang_forced_labor_import_restrictions;case_2024_ev_tariff_escalation_china;case_2023_south_china_sea_shipping_tensions;case_2024_drc_cobalt_copper_mining_disruption;case_2023_mexico_nearshoring_cross_border_policy_risk;case_2023_eu_carbon_border_adjustment_mechanism;case_2021_myanmar_coup_supply_chain_disruption;case_2014_crimea_financial_sanctions;case_2018_iran_swift_restrictions;case_2019_cosco_shipping_sanctions_tanker_market;case_2009_russia_ukraine_gas_transit_dispute;case_2011_libya_civil_war_oil_disruption;case_2010_china_japan_rare_earth_embargo;case_2022_peru_mine_protests_copper_supply;case_2023_panama_cobre_mine_closure;case_2008_rice_export_restrictions_food_security;case_2022_russia_fertilizer_export_restrictions;case_2023_dp_world_australia_cyber_port_disruption;case_2019_turkey_f35_s400_defense_restrictions,True,False,
hard_evaluation_cases,hard_negative_sports_and_media,hard_negative_sports_and_media,aerospace_supply_chain,1,case_2022_russia_aviation_supply_chain_sanctions,2,False,True,0,4,case_2023_middle_east_defense_supply_escalation;case_2022_russia_aviation_supply_chain_sanctions;case_2019_turkey_f35_s400_defense_restrictions;case_2022_russia_airspace_closure_aviation_routes,3,case_2023_middle_east_defense_supply_escalation;case_2019_turkey_f35_s400_defense_restrictions;case_2022_russia_airspace_closure_aviation_routes,True,False,
hard_evaluation_cases,hard_negative_sports_and_media,hard_negative_sports_and_media,aviation,1,case_2022_russia_aviation_supply_chain_sanctions,2,False,True,0,11,case_middle_east_oil_supply_disruption;case_opec_production_cut_policy_shock;case_2020_opec_plus_production_cut;case_2022_abu_dhabi_oil_facility_attack;case_2022_russia_aviation_supply_chain_sanctions;case_2017_north_korea_missile_escalation;case_2019_india_pakistan_airspace_closure;case_2011_libya_civil_war_oil_disruption;case_2024_ukraine_drone_attacks_russian_refineries;case_2021_colonial_pipeline_ransomware;case_2022_russia_airspace_closure_aviation_routes,10,case_middle_east_oil_supply_disruption;case_opec_production_cut_policy_shock;case_2020_opec_plus_production_cut;case_2022_abu_dhabi_oil_facility_attack;case_2017_north_korea_missile_escalation;case_2019_india_pakistan_airspace_closure;case_2011_libya_civil_war_oil_disruption;case_2024_ukraine_drone_attacks_russian_refineries;case_2021_colonial_pipeline_ransomware;case_2022_russia_airspace_closure_aviation_routes,True,False,
hard_evaluation_cases,hard_negative_sports_and_media,hard_negative_sports_and_media,customs,3,case_2022_russia_swift_financial_sanctions;case_2022_russia_aviation_supply_chain_sanctions;case_2022_turkey_strait_tanker_insurance_backlog,2,False,True,0,32,case_2023_dutch_asml_controls;case_2019_huawei_entity_list;case_2018_2019_us_china_tariffs;case_china_gallium_germanium_graphite_controls;case_uranium_nuclear_fuel_supply_disruption;case_2022_russia_swift_financial_sanctions;case_2023_china_graphite_battery_export_controls;case_2022_india_wheat_export_ban;case_2022_russia_aviation_supply_chain_sanctions;case_2023_niger_coup_uranium_supply_risk;case_2022_chile_lithium_policy_shift;case_2020_indonesia_nickel_export_ban;case_2021_belarus_potash_sanctions;case_2021_xinjiang_forced_labor_import_restrictions;case_2024_ev_tariff_escalation_china;case_2024_drc_cobalt_copper_mining_disruption;case_2023_mexico_nearshoring_cross_border_policy_risk;case_2023_eu_carbon_border_adjustment_mechanism;case_2021_myanmar_coup_supply_chain_disruption;case_2022_turkey_strait_tanker_insurance_backlog;case_2014_crimea_financial_sanctions;case_2018_iran_swift_restrictions;case_2019_cosco_shipping_sanctions_tanker_market;case_2010_china_japan_rare_earth_embargo;case_2022_peru_mine_protests_copper_supply;case_2023_panama_cobre_mine_closure;case_2008_rice_export_restrictions_food_security;case_2022_russia_fertilizer_export_restrictions;case_2020_smic_entity_list_semiconductor_controls;case_2023_japan_chip_equipment_export_controls;case_2019_turkey_f35_s400_defense_restrictions;case_2022_russia_airspace_closure_aviation_routes,29,case_2023_dutch_asml_controls;case_2019_huawei_entity_list;case_2018_2019_us_china_tariffs;case_china_gallium_germanium_graphite_controls;case_uranium_nuclear_fuel_supply_disruption;case_2023_china_graphite_battery_export_controls;case_2022_india_wheat_export_ban;case_2023_niger_coup_uranium_supply_risk;case_2022_chile_lithium_policy_shift;case_2020_indonesia_nickel_export_ban;case_2021_belarus_potash_sanctions;case_2021_xinjiang_forced_labor_import_restrictions;case_2024_ev_tariff_escalation_china;case_2024_drc_cobalt_copper_mining_disruption;case_2023_mexico_nearshoring_cross_border_policy_risk;case_2023_eu_carbon_border_adjustment_mechanism;case_2021_myanmar_coup_supply_chain_disruption;case_2014_crimea_financial_sanctions;case_2018_iran_swift_restrictions;case_2019_cosco_shipping_sanctions_tanker_market;case_2010_china_japan_rare_earth_embargo;case_2022_peru_mine_protests_copper_supply;case_2023_panama_cobre_mine_closure;case_2008_rice_export_restrictions_food_security;case_2022_russia_fertilizer_export_restrictions;case_2020_smic_entity_list_semiconductor_controls;case_2023_japan_chip_equipment_export_controls;case_2019_turkey_f35_s400_defense_restrictions;case_2022_russia_airspace_closure_aviation_routes,False,False,
hard_evaluation_cases,hard_negative_sports_and_media,hard_negative_sports_and_media,defense,1,case_2022_russia_aviation_supply_chain_sanctions,2,False,True,0,15,case_taiwan_strait_semiconductor_risk;case_rare_earth_export_restriction_risk;case_israel_iran_escalation_energy_risk;case_defense_spending_shock_after_escalation;case_2023_middle_east_defense_supply_escalation;case_2024_taiwan_strait_drills_semiconductor_supply;case_2022_abu_dhabi_oil_facility_attack;case_2022_russia_aviation_supply_chain_sanctions;case_2017_north_korea_missile_escalation;case_2019_india_pakistan_airspace_closure;case_2022_ukraine_electricity_grid_attacks;case_2023_south_china_sea_shipping_tensions;case_1987_1988_tanker_war_reflagging;case_2010_china_japan_rare_earth_embargo;case_2019_turkey_f35_s400_defense_restrictions,14,case_taiwan_strait_semiconductor_risk;case_rare_earth_export_restriction_risk;case_israel_iran_escalation_energy_risk;case_defense_spending_shock_after_escalation;case_2023_middle_east_defense_supply_escalation;case_2024_taiwan_strait_drills_semiconductor_supply;case_2022_abu_dhabi_oil_facility_attack;case_2017_north_korea_missile_escalation;case_2019_india_pakistan_airspace_closure;case_2022_ukraine_electricity_grid_attacks;case_2023_south_china_sea_shipping_tensions;case_1987_1988_tanker_war_reflagging;case_2010_china_japan_rare_earth_embargo;case_2019_turkey_f35_s400_defense_restrictions,True,False,
hard_evaluation_cases,hard_negative_sports_and_media,hard_negative_sports_and_media,energy,1,case_2022_russia_swift_financial_sanctions,2,False,True,0,28,case_2021_suez_blockage;case_hormuz_tanker_tensions;case_russia_ukraine_energy_shock;case_2022_gas_fertilizer_shock;case_middle_east_oil_supply_disruption;case_rare_earth_export_restriction_risk;case_opec_production_cut_policy_shock;case_israel_iran_escalation_energy_risk;case_cyberattack_pipeline_port_infrastructure;case_uranium_nuclear_fuel_supply_disruption;case_2022_russia_swift_financial_sanctions;case_2020_opec_plus_production_cut;case_2022_abu_dhabi_oil_facility_attack;case_2018_iran_oil_sanctions_reimposition;case_2019_venezuela_oil_sanctions;case_2022_nord_stream_pipeline_sabotage;case_2022_ukraine_electricity_grid_attacks;case_2023_niger_coup_uranium_supply_risk;case_2023_eu_carbon_border_adjustment_mechanism;case_2023_arctic_lng_russian_energy_shipping_sanctions;case_1987_1988_tanker_war_reflagging;case_2014_crimea_financial_sanctions;case_2009_russia_ukraine_gas_transit_dispute;case_2011_libya_civil_war_oil_disruption;case_2024_ukraine_drone_attacks_russian_refineries;case_2022_russia_fertilizer_export_restrictions;case_2021_colonial_pipeline_ransomware;case_2022_russia_airspace_closure_aviation_routes,27,case_2021_suez_blockage;case_hormuz_tanker_tensions;case_russia_ukraine_energy_shock;case_2022_gas_fertilizer_shock;case_middle_east_oil_supply_disruption;case_rare_earth_export_restriction_risk;case_opec_production_cut_policy_shock;case_israel_iran_escalation_energy_risk;case_cyberattack_pipeline_port_infrastructure;case_uranium_nuclear_fuel_supply_disruption;case_2020_opec_plus_production_cut;case_2022_abu_dhabi_oil_facility_attack;case_2018_iran_oil_sanctions_reimposition;case_2019_venezuela_oil_sanctions;case_2022_nord_stream_pipeline_sabotage;case_2022_ukraine_electricity_grid_attacks;case_2023_niger_coup_uranium_supply_risk;case_2023_eu_carbon_border_adjustment_mechanism;case_2023_arctic_lng_russian_energy_shipping_sanctions;case_1987_1988_tanker_war_reflagging;case_2014_crimea_financial_sanctions;case_2009_russia_ukraine_gas_transit_dispute;case_2011_libya_civil_war_oil_disruption;case_2024_ukraine_drone_attacks_russian_refineries;case_2022_russia_fertilizer_export_restrictions;case_2021_colonial_pipeline_ransomware;case_2022_russia_airspace_closure_aviation_routes,True,False,
hard_evaluation_cases,hard_negative_sports_and_media,hard_negative_sports_and_media,financial_sanctions,2,case_2022_russia_swift_financial_sanctions;case_2022_turkey_strait_tanker_insurance_backlog,2,False,True,0,8,case_2022_russia_swift_financial_sanctions;case_2018_iran_oil_sanctions_reimposition;case_2019_venezuela_oil_sanctions;case_2023_arctic_lng_russian_energy_shipping_sanctions;case_2022_turkey_strait_tanker_insurance_backlog;case_2014_crimea_financial_sanctions;case_2018_iran_swift_restrictions;case_2019_cosco_shipping_sanctions_tanker_market,6,case_2018_iran_oil_sanctions_reimposition;case_2019_venezuela_oil_sanctions;case_2023_arctic_lng_russian_energy_shipping_sanctions;case_2014_crimea_financial_sanctions;case_2018_iran_swift_restrictions;case_2019_cosco_shipping_sanctions_tanker_market,False,False,
hard_evaluation_cases,hard_negative_sports_and_media,hard_negative_sports_and_media,freight_routes,1,case_2022_turkey_strait_tanker_insurance_backlog,2,False,True,0,19,case_2021_suez_blockage;case_2023_red_sea_attacks;case_panama_canal_drought_shipping_capacity;case_black_sea_grain_export_disruption;case_cyberattack_pipeline_port_infrastructure;case_2023_port_of_nagoya_cyberattack;case_2024_us_east_gulf_port_strike;case_2019_india_pakistan_airspace_closure;case_2021_belarus_potash_sanctions;case_2017_notpetya_shipping_logistics_cyberattack;case_2023_black_sea_shipping_insurance_restrictions;case_2023_south_china_sea_shipping_tensions;case_2023_mexico_nearshoring_cross_border_policy_risk;case_1987_1988_tanker_war_reflagging;case_2008_somali_piracy_gulf_of_aden;case_2022_turkey_strait_tanker_insurance_backlog;case_2021_colonial_pipeline_ransomware;case_2023_dp_world_australia_cyber_port_disruption;case_2022_russia_airspace_closure_aviation_routes,18,case_2021_suez_blockage;case_2023_red_sea_attacks;case_panama_canal_drought_shipping_capacity;case_black_sea_grain_export_disruption;case_cyberattack_pipeline_port_infrastructure;case_2023_port_of_nagoya_cyberattack;case_2024_us_east_gulf_port_strike;case_2019_india_pakistan_airspace_closure;case_2021_belarus_potash_sanctions;case_2017_notpetya_shipping_logistics_cyberattack;case_2023_black_sea_shipping_insurance_restrictions;case_2023_south_china_sea_shipping_tensions;case_2023_mexico_nearshoring_cross_border_policy_risk;case_1987_1988_tanker_war_reflagging;case_2008_somali_piracy_gulf_of_aden;case_2021_colonial_pipeline_ransomware;case_2023_dp_world_australia_cyber_port_disruption;case_2022_russia_airspace_closure_aviation_routes,True,False,
hard_evaluation_cases,hard_negative_sports_and_media,hard_negative_sports_and_media,logistics,1,case_2022_turkey_strait_tanker_insurance_backlog,2,False,True,0,33,case_2021_suez_blockage;case_2023_red_sea_attacks;case_2018_2019_us_china_tariffs;case_panama_canal_drought_shipping_capacity;case_black_sea_grain_export_disruption;case_cyberattack_pipeline_port_infrastructure;case_2023_port_of_nagoya_cyberattack;case_2024_us_east_gulf_port_strike;case_2022_india_wheat_export_ban;case_2017_north_korea_missile_escalation;case_2019_india_pakistan_airspace_closure;case_2022_ukraine_electricity_grid_attacks;case_2023_niger_coup_uranium_supply_risk;case_2021_belarus_potash_sanctions;case_2021_xinjiang_forced_labor_import_restrictions;case_2024_ev_tariff_escalation_china;case_2017_notpetya_shipping_logistics_cyberattack;case_2023_black_sea_shipping_insurance_restrictions;case_2023_south_china_sea_shipping_tensions;case_2024_drc_cobalt_copper_mining_disruption;case_2023_mexico_nearshoring_cross_border_policy_risk;case_2021_myanmar_coup_supply_chain_disruption;case_1987_1988_tanker_war_reflagging;case_2008_somali_piracy_gulf_of_aden;case_2022_turkey_strait_tanker_insurance_backlog;case_2019_cosco_shipping_sanctions_tanker_market;case_2011_libya_civil_war_oil_disruption;case_2022_peru_mine_protests_copper_supply;case_2008_rice_export_restrictions_food_security;case_2022_russia_fertilizer_export_restrictions;case_2021_colonial_pipeline_ransomware;case_2023_dp_world_australia_cyber_port_disruption;case_2022_russia_airspace_closure_aviation_routes,32,case_2021_suez_blockage;case_2023_red_sea_attacks;case_2018_2019_us_china_tariffs;case_panama_canal_drought_shipping_capacity;case_black_sea_grain_export_disruption;case_cyberattack_pipeline_port_infrastructure;case_2023_port_of_nagoya_cyberattack;case_2024_us_east_gulf_port_strike;case_2022_india_wheat_export_ban;case_2017_north_korea_missile_escalation;case_2019_india_pakistan_airspace_closure;case_2022_ukraine_electricity_grid_attacks;case_2023_niger_coup_uranium_supply_risk;case_2021_belarus_potash_sanctions;case_2021_xinjiang_forced_labor_import_restrictions;case_2024_ev_tariff_escalation_china;case_2017_notpetya_shipping_logistics_cyberattack;case_2023_black_sea_shipping_insurance_restrictions;case_2023_south_china_sea_shipping_tensions;case_2024_drc_cobalt_copper_mining_disruption;case_2023_mexico_nearshoring_cross_border_policy_risk;case_2021_myanmar_coup_supply_chain_disruption;case_1987_1988_tanker_war_reflagging;case_2008_somali_piracy_gulf_of_aden;case_2019_cosco_shipping_sanctions_tanker_market;case_2011_libya_civil_war_oil_disruption;case_2022_peru_mine_protests_copper_supply;case_2008_rice_export_restrictions_food_security;case_2022_russia_fertilizer_export_restrictions;case_2021_colonial_pipeline_ransomware;case_2023_dp_world_australia_cyber_port_disruption;case_2022_russia_airspace_closure_aviation_routes,True,False,
hard_evaluation_cases,hard_negative_sports_and_media,hard_negative_sports_and_media,manufacturing_inputs,1,case_2022_russia_aviation_supply_chain_sanctions,2,False,True,0,34,case_russia_ukraine_energy_shock;case_2019_huawei_entity_list;case_2018_2019_us_china_tariffs;case_2022_gas_fertilizer_shock;case_taiwan_strait_semiconductor_risk;case_rare_earth_export_restriction_risk;case_china_gallium_germanium_graphite_controls;case_defense_spending_shock_after_escalation;case_uranium_nuclear_fuel_supply_disruption;case_2023_port_of_nagoya_cyberattack;case_2023_middle_east_defense_supply_escalation;case_2023_china_graphite_battery_export_controls;case_2022_russia_aviation_supply_chain_sanctions;case_2017_north_korea_missile_escalation;case_2019_india_pakistan_airspace_closure;case_2022_nord_stream_pipeline_sabotage;case_2022_ukraine_electricity_grid_attacks;case_2022_chile_lithium_policy_shift;case_2020_indonesia_nickel_export_ban;case_2021_xinjiang_forced_labor_import_restrictions;case_2024_ev_tariff_escalation_china;case_2017_notpetya_shipping_logistics_cyberattack;case_2024_drc_cobalt_copper_mining_disruption;case_2023_mexico_nearshoring_cross_border_policy_risk;case_2023_eu_carbon_border_adjustment_mechanism;case_2021_myanmar_coup_supply_chain_disruption;case_2014_crimea_financial_sanctions;case_2009_russia_ukraine_gas_transit_dispute;case_2010_china_japan_rare_earth_embargo;case_2022_peru_mine_protests_copper_supply;case_2023_panama_cobre_mine_closure;case_2020_smic_entity_list_semiconductor_controls;case_2023_japan_chip_equipment_export_controls;case_2019_turkey_f35_s400_defense_restrictions,33,case_russia_ukraine_energy_shock;case_2019_huawei_entity_list;case_2018_2019_us_china_tariffs;case_2022_gas_fertilizer_shock;case_taiwan_strait_semiconductor_risk;case_rare_earth_export_restriction_risk;case_china_gallium_germanium_graphite_controls;case_defense_spending_shock_after_escalation;case_uranium_nuclear_fuel_supply_disruption;case_2023_port_of_nagoya_cyberattack;case_2023_middle_east_defense_supply_escalation;case_2023_china_graphite_battery_export_controls;case_2017_north_korea_missile_escalation;case_2019_india_pakistan_airspace_closure;case_2022_nord_stream_pipeline_sabotage;case_2022_ukraine_electricity_grid_attacks;case_2022_chile_lithium_policy_shift;case_2020_indonesia_nickel_export_ban;case_2021_xinjiang_forced_labor_import_restrictions;case_2024_ev_tariff_escalation_china;case_2017_notpetya_shipping_logistics_cyberattack;case_2024_drc_cobalt_copper_mining_disruption;case_2023_mexico_nearshoring_cross_border_policy_risk;case_2023_eu_carbon_border_adjustment_mechanism;case_2021_myanmar_coup_supply_chain_disruption;case_2014_crimea_financial_sanctions;case_2009_russia_ukraine_gas_transit_dispute;case_2010_china_japan_rare_earth_embargo;case_2022_peru_mine_protests_copper_supply;case_2023_panama_cobre_mine_closure;case_2020_smic_entity_list_semiconductor_controls;case_2023_japan_chip_equipment_export_controls;case_2019_turkey_f35_s400_defense_restrictions,True,False,
hard_evaluation_cases,hard_negative_sports_and_media,hard_negative_sports_and_media,marine_insurance,1,case_2022_turkey_strait_tanker_insurance_backlog,2,False,True,0,12,case_2023_red_sea_attacks;case_hormuz_tanker_tensions;case_israel_iran_escalation_energy_risk;case_2018_iran_oil_sanctions_reimposition;case_2023_black_sea_shipping_insurance_restrictions;case_2023_south_china_sea_shipping_tensions;case_2023_arctic_lng_russian_energy_shipping_sanctions;case_1987_1988_tanker_war_reflagging;case_2008_somali_piracy_gulf_of_aden;case_2022_turkey_strait_tanker_insurance_backlog;case_2018_iran_swift_restrictions;case_2019_cosco_shipping_sanctions_tanker_market,11,case_2023_red_sea_attacks;case_hormuz_tanker_tensions;case_israel_iran_escalation_energy_risk;case_2018_iran_oil_sanctions_reimposition;case_2023_black_sea_shipping_insurance_restrictions;case_2023_south_china_sea_shipping_tensions;case_2023_arctic_lng_russian_energy_shipping_sanctions;case_1987_1988_tanker_war_reflagging;case_2008_somali_piracy_gulf_of_aden;case_2018_iran_swift_restrictions;case_2019_cosco_shipping_sanctions_tanker_market,True,False,
hard_evaluation_cases,hard_negative_sports_and_media,hard_negative_sports_and_media,maritime_chokepoint,1,case_2022_turkey_strait_tanker_insurance_backlog,2,False,True,0,12,case_2021_suez_blockage;case_2023_red_sea_attacks;case_hormuz_tanker_tensions;case_panama_canal_drought_shipping_capacity;case_black_sea_grain_export_disruption;case_israel_iran_escalation_energy_risk;case_2023_black_sea_shipping_insurance_restrictions;case_2023_south_china_sea_shipping_tensions;case_2023_arctic_lng_russian_energy_shipping_sanctions;case_1987_1988_tanker_war_reflagging;case_2008_somali_piracy_gulf_of_aden;case_2022_turkey_strait_tanker_insurance_backlog,11,case_2021_suez_blockage;case_2023_red_sea_attacks;case_hormuz_tanker_tensions;case_panama_canal_drought_shipping_capacity;case_black_sea_grain_export_disruption;case_israel_iran_escalation_energy_risk;case_2023_black_sea_shipping_insurance_restrictions;case_2023_south_china_sea_shipping_tensions;case_2023_arctic_lng_russian_energy_shipping_sanctions;case_1987_1988_tanker_war_reflagging;case_2008_somali_piracy_gulf_of_aden,True,False,
hard_evaluation_cases,hard_negative_sports_and_media,hard_negative_sports_and_media,oil_shipping,1,case_2022_turkey_strait_tanker_insurance_backlog,2,False,True,0,17,case_2023_red_sea_attacks;case_hormuz_tanker_tensions;case_middle_east_oil_supply_disruption;case_opec_production_cut_policy_shock;case_israel_iran_escalation_energy_risk;case_2020_opec_plus_production_cut;case_2022_abu_dhabi_oil_facility_attack;case_2018_iran_oil_sanctions_reimposition;case_2019_venezuela_oil_sanctions;case_2023_arctic_lng_russian_energy_shipping_sanctions;case_1987_1988_tanker_war_reflagging;case_2008_somali_piracy_gulf_of_aden;case_2022_turkey_strait_tanker_insurance_backlog;case_2018_iran_swift_restrictions;case_2019_cosco_shipping_sanctions_tanker_market;case_2011_libya_civil_war_oil_disruption;case_2024_ukraine_drone_attacks_russian_refineries,16,case_2023_red_sea_attacks;case_hormuz_tanker_tensions;case_middle_east_oil_supply_disruption;case_opec_production_cut_policy_shock;case_israel_iran_escalation_energy_risk;case_2020_opec_plus_production_cut;case_2022_abu_dhabi_oil_facility_attack;case_2018_iran_oil_sanctions_reimposition;case_2019_venezuela_oil_sanctions;case_2023_arctic_lng_russian_energy_shipping_sanctions;case_1987_1988_tanker_war_reflagging;case_2008_somali_piracy_gulf_of_aden;case_2018_iran_swift_restrictions;case_2019_cosco_shipping_sanctions_tanker_market;case_2011_libya_civil_war_oil_disruption;case_2024_ukraine_drone_attacks_russian_refineries,True,False,
hard_evaluation_cases,hard_negative_sports_and_media,hard_negative_sports_and_media,payment_networks,1,case_2022_russia_swift_financial_sanctions,2,False,True,0,7,case_2022_russia_swift_financial_sanctions;case_2018_iran_oil_sanctions_reimposition;case_2019_venezuela_oil_sanctions;case_2023_arctic_lng_russian_energy_shipping_sanctions;case_2014_crimea_financial_sanctions;case_2018_iran_swift_restrictions;case_2019_cosco_shipping_sanctions_tanker_market,6,case_2018_iran_oil_sanctions_reimposition;case_2019_venezuela_oil_sanctions;case_2023_arctic_lng_russian_energy_shipping_sanctions;case_2014_crimea_financial_sanctions;case_2018_iran_swift_restrictions;case_2019_cosco_shipping_sanctions_tanker_market,True,False,
hard_evaluation_cases,hard_negative_sports_and_media,hard_negative_sports_and_media,trade_lanes,2,case_2022_russia_swift_financial_sanctions;case_2022_russia_aviation_supply_chain_sanctions,2,False,True,0,31,case_2018_2019_us_china_tariffs;case_uranium_nuclear_fuel_supply_disruption;case_2022_russia_swift_financial_sanctions;case_2024_us_east_gulf_port_strike;case_2022_india_wheat_export_ban;case_2022_russia_aviation_supply_chain_sanctions;case_2017_north_korea_missile_escalation;case_2019_india_pakistan_airspace_closure;case_2023_niger_coup_uranium_supply_risk;case_2022_chile_lithium_policy_shift;case_2020_indonesia_nickel_export_ban;case_2021_belarus_potash_sanctions;case_2021_xinjiang_forced_labor_import_restrictions;case_2024_ev_tariff_escalation_china;case_2023_south_china_sea_shipping_tensions;case_2024_drc_cobalt_copper_mining_disruption;case_2023_mexico_nearshoring_cross_border_policy_risk;case_2023_eu_carbon_border_adjustment_mechanism;case_2021_myanmar_coup_supply_chain_disruption;case_2014_crimea_financial_sanctions;case_2018_iran_swift_restrictions;case_2019_cosco_shipping_sanctions_tanker_market;case_2009_russia_ukraine_gas_transit_dispute;case_2011_libya_civil_war_oil_disruption;case_2010_china_japan_rare_earth_embargo;case_2022_peru_mine_protests_copper_supply;case_2023_panama_cobre_mine_closure;case_2008_rice_export_restrictions_food_security;case_2022_russia_fertilizer_export_restrictions;case_2023_dp_world_australia_cyber_port_disruption;case_2019_turkey_f35_s400_defense_restrictions,29,case_2018_2019_us_china_tariffs;case_uranium_nuclear_fuel_supply_disruption;case_2024_us_east_gulf_port_strike;case_2022_india_wheat_export_ban;case_2017_north_korea_missile_escalation;case_2019_india_pakistan_airspace_closure;case_2023_niger_coup_uranium_supply_risk;case_2022_chile_lithium_policy_shift;case_2020_indonesia_nickel_export_ban;case_2021_belarus_potash_sanctions;case_2021_xinjiang_forced_labor_import_restrictions;case_2024_ev_tariff_escalation_china;case_2023_south_china_sea_shipping_tensions;case_2024_drc_cobalt_copper_mining_disruption;case_2023_mexico_nearshoring_cross_border_policy_risk;case_2023_eu_carbon_border_adjustment_mechanism;case_2021_myanmar_coup_supply_chain_disruption;case_2014_crimea_financial_sanctions;case_2018_iran_swift_restrictions;case_2019_cosco_shipping_sanctions_tanker_market;case_2009_russia_ukraine_gas_transit_dispute;case_2011_libya_civil_war_oil_disruption;case_2010_china_japan_rare_earth_embargo;case_2022_peru_mine_protests_copper_supply;case_2023_panama_cobre_mine_closure;case_2008_rice_export_restrictions_food_security;case_2022_russia_fertilizer_export_restrictions;case_2023_dp_world_australia_cyber_port_disruption;case_2019_turkey_f35_s400_defense_restrictions,False,False,
validation_v3,v3_20250404_china_rare_earth_export_controls,China imposes rare-earth export controls after U.S. tariff escalation,ai_chips,1,case_china_gallium_germanium_graphite_controls,2,False,True,0,8,case_2022_us_china_semiconductor_controls;case_2019_huawei_entity_list;case_taiwan_strait_semiconductor_risk;case_china_gallium_germanium_graphite_controls;case_defense_spending_shock_after_escalation;case_2023_middle_east_defense_supply_escalation;case_2024_taiwan_strait_drills_semiconductor_supply;case_2023_japan_chip_equipment_export_controls,7,case_2022_us_china_semiconductor_controls;case_2019_huawei_entity_list;case_taiwan_strait_semiconductor_risk;case_defense_spending_shock_after_escalation;case_2023_middle_east_defense_supply_escalation;case_2024_taiwan_strait_drills_semiconductor_supply;case_2023_japan_chip_equipment_export_controls,True,False,
validation_v3,v3_20250404_china_rare_earth_export_controls,China imposes rare-earth export controls after U.S. tariff escalation,defense,2,case_rare_earth_export_restriction_risk;case_2010_china_japan_rare_earth_embargo,2,True,True,2,15,case_taiwan_strait_semiconductor_risk;case_rare_earth_export_restriction_risk;case_israel_iran_escalation_energy_risk;case_defense_spending_shock_after_escalation;case_2023_middle_east_defense_supply_escalation;case_2024_taiwan_strait_drills_semiconductor_supply;case_2022_abu_dhabi_oil_facility_attack;case_2022_russia_aviation_supply_chain_sanctions;case_2017_north_korea_missile_escalation;case_2019_india_pakistan_airspace_closure;case_2022_ukraine_electricity_grid_attacks;case_2023_south_china_sea_shipping_tensions;case_1987_1988_tanker_war_reflagging;case_2010_china_japan_rare_earth_embargo;case_2019_turkey_f35_s400_defense_restrictions,13,case_taiwan_strait_semiconductor_risk;case_israel_iran_escalation_energy_risk;case_defense_spending_shock_after_escalation;case_2023_middle_east_defense_supply_escalation;case_2024_taiwan_strait_drills_semiconductor_supply;case_2022_abu_dhabi_oil_facility_attack;case_2022_russia_aviation_supply_chain_sanctions;case_2017_north_korea_missile_escalation;case_2019_india_pakistan_airspace_closure;case_2022_ukraine_electricity_grid_attacks;case_2023_south_china_sea_shipping_tensions;case_1987_1988_tanker_war_reflagging;case_2019_turkey_f35_s400_defense_restrictions,False,False,
validation_v3,v3_20250404_china_rare_earth_export_controls,China imposes rare-earth export controls after U.S. tariff escalation,energy,1,case_rare_earth_export_restriction_risk,2,False,True,0,28,case_2021_suez_blockage;case_hormuz_tanker_tensions;case_russia_ukraine_energy_shock;case_2022_gas_fertilizer_shock;case_middle_east_oil_supply_disruption;case_rare_earth_export_restriction_risk;case_opec_production_cut_policy_shock;case_israel_iran_escalation_energy_risk;case_cyberattack_pipeline_port_infrastructure;case_uranium_nuclear_fuel_supply_disruption;case_2022_russia_swift_financial_sanctions;case_2020_opec_plus_production_cut;case_2022_abu_dhabi_oil_facility_attack;case_2018_iran_oil_sanctions_reimposition;case_2019_venezuela_oil_sanctions;case_2022_nord_stream_pipeline_sabotage;case_2022_ukraine_electricity_grid_attacks;case_2023_niger_coup_uranium_supply_risk;case_2023_eu_carbon_border_adjustment_mechanism;case_2023_arctic_lng_russian_energy_shipping_sanctions;case_1987_1988_tanker_war_reflagging;case_2014_crimea_financial_sanctions;case_2009_russia_ukraine_gas_transit_dispute;case_2011_libya_civil_war_oil_disruption;case_2024_ukraine_drone_attacks_russian_refineries;case_2022_russia_fertilizer_export_restrictions;case_2021_colonial_pipeline_ransomware;case_2022_russia_airspace_closure_aviation_routes,27,case_2021_suez_blockage;case_hormuz_tanker_tensions;case_russia_ukraine_energy_shock;case_2022_gas_fertilizer_shock;case_middle_east_oil_supply_disruption;case_opec_production_cut_policy_shock;case_israel_iran_escalation_energy_risk;case_cyberattack_pipeline_port_infrastructure;case_uranium_nuclear_fuel_supply_disruption;case_2022_russia_swift_financial_sanctions;case_2020_opec_plus_production_cut;case_2022_abu_dhabi_oil_facility_attack;case_2018_iran_oil_sanctions_reimposition;case_2019_venezuela_oil_sanctions;case_2022_nord_stream_pipeline_sabotage;case_2022_ukraine_electricity_grid_attacks;case_2023_niger_coup_uranium_supply_risk;case_2023_eu_carbon_border_adjustment_mechanism;case_2023_arctic_lng_russian_energy_shipping_sanctions;case_1987_1988_tanker_war_reflagging;case_2014_crimea_financial_sanctions;case_2009_russia_ukraine_gas_transit_dispute;case_2011_libya_civil_war_oil_disruption;case_2024_ukraine_drone_attacks_russian_refineries;case_2022_russia_fertilizer_export_restrictions;case_2021_colonial_pipeline_ransomware;case_2022_russia_airspace_closure_aviation_routes,True,False,
validation_v3,v3_20250404_china_rare_earth_export_controls,China imposes rare-earth export controls after U.S. tariff escalation,semiconductor_equipment,1,case_china_gallium_germanium_graphite_controls,2,False,True,0,11,case_2022_us_china_semiconductor_controls;case_2023_dutch_asml_controls;case_2019_huawei_entity_list;case_taiwan_strait_semiconductor_risk;case_china_gallium_germanium_graphite_controls;case_defense_spending_shock_after_escalation;case_2024_taiwan_strait_drills_semiconductor_supply;case_2017_north_korea_missile_escalation;case_2020_smic_entity_list_semiconductor_controls;case_2023_japan_chip_equipment_export_controls;case_2019_turkey_f35_s400_defense_restrictions,10,case_2022_us_china_semiconductor_controls;case_2023_dutch_asml_controls;case_2019_huawei_entity_list;case_taiwan_strait_semiconductor_risk;case_defense_spending_shock_after_escalation;case_2024_taiwan_strait_drills_semiconductor_supply;case_2017_north_korea_missile_escalation;case_2020_smic_entity_list_semiconductor_controls;case_2023_japan_chip_equipment_export_controls;case_2019_turkey_f35_s400_defense_restrictions,True,False,
validation_v3,v3_20250404_china_rare_earth_export_controls,China imposes rare-earth export controls after U.S. tariff escalation,trade_lanes,1,case_2010_china_japan_rare_earth_embargo,2,False,True,0,31,case_2018_2019_us_china_tariffs;case_uranium_nuclear_fuel_supply_disruption;case_2022_russia_swift_financial_sanctions;case_2024_us_east_gulf_port_strike;case_2022_india_wheat_export_ban;case_2022_russia_aviation_supply_chain_sanctions;case_2017_north_korea_missile_escalation;case_2019_india_pakistan_airspace_closure;case_2023_niger_coup_uranium_supply_risk;case_2022_chile_lithium_policy_shift;case_2020_indonesia_nickel_export_ban;case_2021_belarus_potash_sanctions;case_2021_xinjiang_forced_labor_import_restrictions;case_2024_ev_tariff_escalation_china;case_2023_south_china_sea_shipping_tensions;case_2024_drc_cobalt_copper_mining_disruption;case_2023_mexico_nearshoring_cross_border_policy_risk;case_2023_eu_carbon_border_adjustment_mechanism;case_2021_myanmar_coup_supply_chain_disruption;case_2014_crimea_financial_sanctions;case_2018_iran_swift_restrictions;case_2019_cosco_shipping_sanctions_tanker_market;case_2009_russia_ukraine_gas_transit_dispute;case_2011_libya_civil_war_oil_disruption;case_2010_china_japan_rare_earth_embargo;case_2022_peru_mine_protests_copper_supply;case_2023_panama_cobre_mine_closure;case_2008_rice_export_restrictions_food_security;case_2022_russia_fertilizer_export_restrictions;case_2023_dp_world_australia_cyber_port_disruption;case_2019_turkey_f35_s400_defense_restrictions,30,case_2018_2019_us_china_tariffs;case_uranium_nuclear_fuel_supply_disruption;case_2022_russia_swift_financial_sanctions;case_2024_us_east_gulf_port_strike;case_2022_india_wheat_export_ban;case_2022_russia_aviation_supply_chain_sanctions;case_2017_north_korea_missile_escalation;case_2019_india_pakistan_airspace_closure;case_2023_niger_coup_uranium_supply_risk;case_2022_chile_lithium_policy_shift;case_2020_indonesia_nickel_export_ban;case_2021_belarus_potash_sanctions;case_2021_xinjiang_forced_labor_import_restrictions;case_2024_ev_tariff_escalation_china;case_2023_south_china_sea_shipping_tensions;case_2024_drc_cobalt_copper_mining_disruption;case_2023_mexico_nearshoring_cross_border_policy_risk;case_2023_eu_carbon_border_adjustment_mechanism;case_2021_myanmar_coup_supply_chain_disruption;case_2014_crimea_financial_sanctions;case_2018_iran_swift_restrictions;case_2019_cosco_shipping_sanctions_tanker_market;case_2009_russia_ukraine_gas_transit_dispute;case_2011_libya_civil_war_oil_disruption;case_2022_peru_mine_protests_copper_supply;case_2023_panama_cobre_mine_closure;case_2008_rice_export_restrictions_food_security;case_2022_russia_fertilizer_export_restrictions;case_2023_dp_world_australia_cyber_port_disruption;case_2019_turkey_f35_s400_defense_restrictions,True,False,
validation_v3,v3_20250225_copper_import_investigation,U.S. launches Section 232 investigation into copper import dependence,battery_materials,1,case_2023_panama_cobre_mine_closure,2,False,True,0,7,case_2023_china_graphite_battery_export_controls;case_2022_chile_lithium_policy_shift;case_2020_indonesia_nickel_export_ban;case_2024_ev_tariff_escalation_china;case_2024_drc_cobalt_copper_mining_disruption;case_2022_peru_mine_protests_copper_supply;case_2023_panama_cobre_mine_closure,6,case_2023_china_graphite_battery_export_controls;case_2022_chile_lithium_policy_shift;case_2020_indonesia_nickel_export_ban;case_2024_ev_tariff_escalation_china;case_2024_drc_cobalt_copper_mining_disruption;case_2022_peru_mine_protests_copper_supply,True,False,
validation_v3,v3_20250225_copper_import_investigation,U.S. launches Section 232 investigation into copper import dependence,defense,1,case_rare_earth_export_restriction_risk,2,False,True,0,15,case_taiwan_strait_semiconductor_risk;case_rare_earth_export_restriction_risk;case_israel_iran_escalation_energy_risk;case_defense_spending_shock_after_escalation;case_2023_middle_east_defense_supply_escalation;case_2024_taiwan_strait_drills_semiconductor_supply;case_2022_abu_dhabi_oil_facility_attack;case_2022_russia_aviation_supply_chain_sanctions;case_2017_north_korea_missile_escalation;case_2019_india_pakistan_airspace_closure;case_2022_ukraine_electricity_grid_attacks;case_2023_south_china_sea_shipping_tensions;case_1987_1988_tanker_war_reflagging;case_2010_china_japan_rare_earth_embargo;case_2019_turkey_f35_s400_defense_restrictions,14,case_taiwan_strait_semiconductor_risk;case_israel_iran_escalation_energy_risk;case_defense_spending_shock_after_escalation;case_2023_middle_east_defense_supply_escalation;case_2024_taiwan_strait_drills_semiconductor_supply;case_2022_abu_dhabi_oil_facility_attack;case_2022_russia_aviation_supply_chain_sanctions;case_2017_north_korea_missile_escalation;case_2019_india_pakistan_airspace_closure;case_2022_ukraine_electricity_grid_attacks;case_2023_south_china_sea_shipping_tensions;case_1987_1988_tanker_war_reflagging;case_2010_china_japan_rare_earth_embargo;case_2019_turkey_f35_s400_defense_restrictions,True,False,
validation_v3,v3_20250225_copper_import_investigation,U.S. launches Section 232 investigation into copper import dependence,energy,1,case_rare_earth_export_restriction_risk,2,False,True,0,28,case_2021_suez_blockage;case_hormuz_tanker_tensions;case_russia_ukraine_energy_shock;case_2022_gas_fertilizer_shock;case_middle_east_oil_supply_disruption;case_rare_earth_export_restriction_risk;case_opec_production_cut_policy_shock;case_israel_iran_escalation_energy_risk;case_cyberattack_pipeline_port_infrastructure;case_uranium_nuclear_fuel_supply_disruption;case_2022_russia_swift_financial_sanctions;case_2020_opec_plus_production_cut;case_2022_abu_dhabi_oil_facility_attack;case_2018_iran_oil_sanctions_reimposition;case_2019_venezuela_oil_sanctions;case_2022_nord_stream_pipeline_sabotage;case_2022_ukraine_electricity_grid_attacks;case_2023_niger_coup_uranium_supply_risk;case_2023_eu_carbon_border_adjustment_mechanism;case_2023_arctic_lng_russian_energy_shipping_sanctions;case_1987_1988_tanker_war_reflagging;case_2014_crimea_financial_sanctions;case_2009_russia_ukraine_gas_transit_dispute;case_2011_libya_civil_war_oil_disruption;case_2024_ukraine_drone_attacks_russian_refineries;case_2022_russia_fertilizer_export_restrictions;case_2021_colonial_pipeline_ransomware;case_2022_russia_airspace_closure_aviation_routes,27,case_2021_suez_blockage;case_hormuz_tanker_tensions;case_russia_ukraine_energy_shock;case_2022_gas_fertilizer_shock;case_middle_east_oil_supply_disruption;case_opec_production_cut_policy_shock;case_israel_iran_escalation_energy_risk;case_cyberattack_pipeline_port_infrastructure;case_uranium_nuclear_fuel_supply_disruption;case_2022_russia_swift_financial_sanctions;case_2020_opec_plus_production_cut;case_2022_abu_dhabi_oil_facility_attack;case_2018_iran_oil_sanctions_reimposition;case_2019_venezuela_oil_sanctions;case_2022_nord_stream_pipeline_sabotage;case_2022_ukraine_electricity_grid_attacks;case_2023_niger_coup_uranium_supply_risk;case_2023_eu_carbon_border_adjustment_mechanism;case_2023_arctic_lng_russian_energy_shipping_sanctions;case_1987_1988_tanker_war_reflagging;case_2014_crimea_financial_sanctions;case_2009_russia_ukraine_gas_transit_dispute;case_2011_libya_civil_war_oil_disruption;case_2024_ukraine_drone_attacks_russian_refineries;case_2022_russia_fertilizer_export_restrictions;case_2021_colonial_pipeline_ransomware;case_2022_russia_airspace_closure_aviation_routes,True,False,
validation_v3,v3_20250225_copper_import_investigation,U.S. launches Section 232 investigation into copper import dependence,logistics,1,case_2021_xinjiang_forced_labor_import_restrictions,2,False,True,0,33,case_2021_suez_blockage;case_2023_red_sea_attacks;case_2018_2019_us_china_tariffs;case_panama_canal_drought_shipping_capacity;case_black_sea_grain_export_disruption;case_cyberattack_pipeline_port_infrastructure;case_2023_port_of_nagoya_cyberattack;case_2024_us_east_gulf_port_strike;case_2022_india_wheat_export_ban;case_2017_north_korea_missile_escalation;case_2019_india_pakistan_airspace_closure;case_2022_ukraine_electricity_grid_attacks;case_2023_niger_coup_uranium_supply_risk;case_2021_belarus_potash_sanctions;case_2021_xinjiang_forced_labor_import_restrictions;case_2024_ev_tariff_escalation_china;case_2017_notpetya_shipping_logistics_cyberattack;case_2023_black_sea_shipping_insurance_restrictions;case_2023_south_china_sea_shipping_tensions;case_2024_drc_cobalt_copper_mining_disruption;case_2023_mexico_nearshoring_cross_border_policy_risk;case_2021_myanmar_coup_supply_chain_disruption;case_1987_1988_tanker_war_reflagging;case_2008_somali_piracy_gulf_of_aden;case_2022_turkey_strait_tanker_insurance_backlog;case_2019_cosco_shipping_sanctions_tanker_market;case_2011_libya_civil_war_oil_disruption;case_2022_peru_mine_protests_copper_supply;case_2008_rice_export_restrictions_food_security;case_2022_russia_fertilizer_export_restrictions;case_2021_colonial_pipeline_ransomware;case_2023_dp_world_australia_cyber_port_disruption;case_2022_russia_airspace_closure_aviation_routes,32,case_2021_suez_blockage;case_2023_red_sea_attacks;case_2018_2019_us_china_tariffs;case_panama_canal_drought_shipping_capacity;case_black_sea_grain_export_disruption;case_cyberattack_pipeline_port_infrastructure;case_2023_port_of_nagoya_cyberattack;case_2024_us_east_gulf_port_strike;case_2022_india_wheat_export_ban;case_2017_north_korea_missile_escalation;case_2019_india_pakistan_airspace_closure;case_2022_ukraine_electricity_grid_attacks;case_2023_niger_coup_uranium_supply_risk;case_2021_belarus_potash_sanctions;case_2024_ev_tariff_escalation_china;case_2017_notpetya_shipping_logistics_cyberattack;case_2023_black_sea_shipping_insurance_restrictions;case_2023_south_china_sea_shipping_tensions;case_2024_drc_cobalt_copper_mining_disruption;case_2023_mexico_nearshoring_cross_border_policy_risk;case_2021_myanmar_coup_supply_chain_disruption;case_1987_1988_tanker_war_reflagging;case_2008_somali_piracy_gulf_of_aden;case_2022_turkey_strait_tanker_insurance_backlog;case_2019_cosco_shipping_sanctions_tanker_market;case_2011_libya_civil_war_oil_disruption;case_2022_peru_mine_protests_copper_supply;case_2008_rice_export_restrictions_food_security;case_2022_russia_fertilizer_export_restrictions;case_2021_colonial_pipeline_ransomware;case_2023_dp_world_australia_cyber_port_disruption;case_2022_russia_airspace_closure_aviation_routes,True,False,
validation_v3,v3_20250225_copper_import_investigation,U.S. launches Section 232 investigation into copper import dependence,ports,1,case_2023_panama_cobre_mine_closure,2,False,True,0,9,case_2021_suez_blockage;case_cyberattack_pipeline_port_infrastructure;case_2023_port_of_nagoya_cyberattack;case_2024_us_east_gulf_port_strike;case_2017_notpetya_shipping_logistics_cyberattack;case_2023_mexico_nearshoring_cross_border_policy_risk;case_2021_myanmar_coup_supply_chain_disruption;case_2023_panama_cobre_mine_closure;case_2023_dp_world_australia_cyber_port_disruption,8,case_2021_suez_blockage;case_cyberattack_pipeline_port_infrastructure;case_2023_port_of_nagoya_cyberattack;case_2024_us_east_gulf_port_strike;case_2017_notpetya_shipping_logistics_cyberattack;case_2023_mexico_nearshoring_cross_border_policy_risk;case_2021_myanmar_coup_supply_chain_disruption;case_2023_dp_world_australia_cyber_port_disruption,True,False,
validation_v3,v3_20250225_copper_import_investigation,U.S. launches Section 232 investigation into copper import dependence,trade_lanes,2,case_2023_panama_cobre_mine_closure;case_2021_xinjiang_forced_labor_import_restrictions,2,True,True,2,31,case_2018_2019_us_china_tariffs;case_uranium_nuclear_fuel_supply_disruption;case_2022_russia_swift_financial_sanctions;case_2024_us_east_gulf_port_strike;case_2022_india_wheat_export_ban;case_2022_russia_aviation_supply_chain_sanctions;case_2017_north_korea_missile_escalation;case_2019_india_pakistan_airspace_closure;case_2023_niger_coup_uranium_supply_risk;case_2022_chile_lithium_policy_shift;case_2020_indonesia_nickel_export_ban;case_2021_belarus_potash_sanctions;case_2021_xinjiang_forced_labor_import_restrictions;case_2024_ev_tariff_escalation_china;case_2023_south_china_sea_shipping_tensions;case_2024_drc_cobalt_copper_mining_disruption;case_2023_mexico_nearshoring_cross_border_policy_risk;case_2023_eu_carbon_border_adjustment_mechanism;case_2021_myanmar_coup_supply_chain_disruption;case_2014_crimea_financial_sanctions;case_2018_iran_swift_restrictions;case_2019_cosco_shipping_sanctions_tanker_market;case_2009_russia_ukraine_gas_transit_dispute;case_2011_libya_civil_war_oil_disruption;case_2010_china_japan_rare_earth_embargo;case_2022_peru_mine_protests_copper_supply;case_2023_panama_cobre_mine_closure;case_2008_rice_export_restrictions_food_security;case_2022_russia_fertilizer_export_restrictions;case_2023_dp_world_australia_cyber_port_disruption;case_2019_turkey_f35_s400_defense_restrictions,29,case_2018_2019_us_china_tariffs;case_uranium_nuclear_fuel_supply_disruption;case_2022_russia_swift_financial_sanctions;case_2024_us_east_gulf_port_strike;case_2022_india_wheat_export_ban;case_2022_russia_aviation_supply_chain_sanctions;case_2017_north_korea_missile_escalation;case_2019_india_pakistan_airspace_closure;case_2023_niger_coup_uranium_supply_risk;case_2022_chile_lithium_policy_shift;case_2020_indonesia_nickel_export_ban;case_2021_belarus_potash_sanctions;case_2024_ev_tariff_escalation_china;case_2023_south_china_sea_shipping_tensions;case_2024_drc_cobalt_copper_mining_disruption;case_2023_mexico_nearshoring_cross_border_policy_risk;case_2023_eu_carbon_border_adjustment_mechanism;case_2021_myanmar_coup_supply_chain_disruption;case_2014_crimea_financial_sanctions;case_2018_iran_swift_restrictions;case_2019_cosco_shipping_sanctions_tanker_market;case_2009_russia_ukraine_gas_transit_dispute;case_2011_libya_civil_war_oil_disruption;case_2010_china_japan_rare_earth_embargo;case_2022_peru_mine_protests_copper_supply;case_2008_rice_export_restrictions_food_security;case_2022_russia_fertilizer_export_restrictions;case_2023_dp_world_australia_cyber_port_disruption;case_2019_turkey_f35_s400_defense_restrictions,False,False,
validation_v3,v3_20240624_eu_russian_lng_transshipment_ban,EU sanctions package bans Russian LNG transshipment services through EU territory,customs,1,case_2014_crimea_financial_sanctions,2,False,True,0,32,case_2023_dutch_asml_controls;case_2019_huawei_entity_list;case_2018_2019_us_china_tariffs;case_china_gallium_germanium_graphite_controls;case_uranium_nuclear_fuel_supply_disruption;case_2022_russia_swift_financial_sanctions;case_2023_china_graphite_battery_export_controls;case_2022_india_wheat_export_ban;case_2022_russia_aviation_supply_chain_sanctions;case_2023_niger_coup_uranium_supply_risk;case_2022_chile_lithium_policy_shift;case_2020_indonesia_nickel_export_ban;case_2021_belarus_potash_sanctions;case_2021_xinjiang_forced_labor_import_restrictions;case_2024_ev_tariff_escalation_china;case_2024_drc_cobalt_copper_mining_disruption;case_2023_mexico_nearshoring_cross_border_policy_risk;case_2023_eu_carbon_border_adjustment_mechanism;case_2021_myanmar_coup_supply_chain_disruption;case_2022_turkey_strait_tanker_insurance_backlog;case_2014_crimea_financial_sanctions;case_2018_iran_swift_restrictions;case_2019_cosco_shipping_sanctions_tanker_market;case_2010_china_japan_rare_earth_embargo;case_2022_peru_mine_protests_copper_supply;case_2023_panama_cobre_mine_closure;case_2008_rice_export_restrictions_food_security;case_2022_russia_fertilizer_export_restrictions;case_2020_smic_entity_list_semiconductor_controls;case_2023_japan_chip_equipment_export_controls;case_2019_turkey_f35_s400_defense_restrictions;case_2022_russia_airspace_closure_aviation_routes,31,case_2023_dutch_asml_controls;case_2019_huawei_entity_list;case_2018_2019_us_china_tariffs;case_china_gallium_germanium_graphite_controls;case_uranium_nuclear_fuel_supply_disruption;case_2022_russia_swift_financial_sanctions;case_2023_china_graphite_battery_export_controls;case_2022_india_wheat_export_ban;case_2022_russia_aviation_supply_chain_sanctions;case_2023_niger_coup_uranium_supply_risk;case_2022_chile_lithium_policy_shift;case_2020_indonesia_nickel_export_ban;case_2021_belarus_potash_sanctions;case_2021_xinjiang_forced_labor_import_restrictions;case_2024_ev_tariff_escalation_china;case_2024_drc_cobalt_copper_mining_disruption;case_2023_mexico_nearshoring_cross_border_policy_risk;case_2023_eu_carbon_border_adjustment_mechanism;case_2021_myanmar_coup_supply_chain_disruption;case_2022_turkey_strait_tanker_insurance_backlog;case_2018_iran_swift_restrictions;case_2019_cosco_shipping_sanctions_tanker_market;case_2010_china_japan_rare_earth_embargo;case_2022_peru_mine_protests_copper_supply;case_2023_panama_cobre_mine_closure;case_2008_rice_export_restrictions_food_security;case_2022_russia_fertilizer_export_restrictions;case_2020_smic_entity_list_semiconductor_controls;case_2023_japan_chip_equipment_export_controls;case_2019_turkey_f35_s400_defense_restrictions;case_2022_russia_airspace_closure_aviation_routes,True,False,
validation_v3,v3_20240624_eu_russian_lng_transshipment_ban,EU sanctions package bans Russian LNG transshipment services through EU territory,financial_sanctions,2,case_2023_arctic_lng_russian_energy_shipping_sanctions;case_2014_crimea_financial_sanctions,2,True,True,2,8,case_2022_russia_swift_financial_sanctions;case_2018_iran_oil_sanctions_reimposition;case_2019_venezuela_oil_sanctions;case_2023_arctic_lng_russian_energy_shipping_sanctions;case_2022_turkey_strait_tanker_insurance_backlog;case_2014_crimea_financial_sanctions;case_2018_iran_swift_restrictions;case_2019_cosco_shipping_sanctions_tanker_market,6,case_2022_russia_swift_financial_sanctions;case_2018_iran_oil_sanctions_reimposition;case_2019_venezuela_oil_sanctions;case_2022_turkey_strait_tanker_insurance_backlog;case_2018_iran_swift_restrictions;case_2019_cosco_shipping_sanctions_tanker_market,False,False,
validation_v3,v3_20240624_eu_russian_lng_transshipment_ban,EU sanctions package bans Russian LNG transshipment services through EU territory,marine_insurance,1,case_2023_arctic_lng_russian_energy_shipping_sanctions,2,False,True,0,12,case_2023_red_sea_attacks;case_hormuz_tanker_tensions;case_israel_iran_escalation_energy_risk;case_2018_iran_oil_sanctions_reimposition;case_2023_black_sea_shipping_insurance_restrictions;case_2023_south_china_sea_shipping_tensions;case_2023_arctic_lng_russian_energy_shipping_sanctions;case_1987_1988_tanker_war_reflagging;case_2008_somali_piracy_gulf_of_aden;case_2022_turkey_strait_tanker_insurance_backlog;case_2018_iran_swift_restrictions;case_2019_cosco_shipping_sanctions_tanker_market,11,case_2023_red_sea_attacks;case_hormuz_tanker_tensions;case_israel_iran_escalation_energy_risk;case_2018_iran_oil_sanctions_reimposition;case_2023_black_sea_shipping_insurance_restrictions;case_2023_south_china_sea_shipping_tensions;case_1987_1988_tanker_war_reflagging;case_2008_somali_piracy_gulf_of_aden;case_2022_turkey_strait_tanker_insurance_backlog;case_2018_iran_swift_restrictions;case_2019_cosco_shipping_sanctions_tanker_market,True,False,
validation_v3,v3_20240624_eu_russian_lng_transshipment_ban,EU sanctions package bans Russian LNG transshipment services through EU territory,maritime_chokepoint,1,case_2023_arctic_lng_russian_energy_shipping_sanctions,2,False,True,0,12,case_2021_suez_blockage;case_2023_red_sea_attacks;case_hormuz_tanker_tensions;case_panama_canal_drought_shipping_capacity;case_black_sea_grain_export_disruption;case_israel_iran_escalation_energy_risk;case_2023_black_sea_shipping_insurance_restrictions;case_2023_south_china_sea_shipping_tensions;case_2023_arctic_lng_russian_energy_shipping_sanctions;case_1987_1988_tanker_war_reflagging;case_2008_somali_piracy_gulf_of_aden;case_2022_turkey_strait_tanker_insurance_backlog,11,case_2021_suez_blockage;case_2023_red_sea_attacks;case_hormuz_tanker_tensions;case_panama_canal_drought_shipping_capacity;case_black_sea_grain_export_disruption;case_israel_iran_escalation_energy_risk;case_2023_black_sea_shipping_insurance_restrictions;case_2023_south_china_sea_shipping_tensions;case_1987_1988_tanker_war_reflagging;case_2008_somali_piracy_gulf_of_aden;case_2022_turkey_strait_tanker_insurance_backlog,True,False,
validation_v3,v3_20240624_eu_russian_lng_transshipment_ban,EU sanctions package bans Russian LNG transshipment services through EU territory,oil_shipping,1,case_2023_arctic_lng_russian_energy_shipping_sanctions,2,False,True,0,17,case_2023_red_sea_attacks;case_hormuz_tanker_tensions;case_middle_east_oil_supply_disruption;case_opec_production_cut_policy_shock;case_israel_iran_escalation_energy_risk;case_2020_opec_plus_production_cut;case_2022_abu_dhabi_oil_facility_attack;case_2018_iran_oil_sanctions_reimposition;case_2019_venezuela_oil_sanctions;case_2023_arctic_lng_russian_energy_shipping_sanctions;case_1987_1988_tanker_war_reflagging;case_2008_somali_piracy_gulf_of_aden;case_2022_turkey_strait_tanker_insurance_backlog;case_2018_iran_swift_restrictions;case_2019_cosco_shipping_sanctions_tanker_market;case_2011_libya_civil_war_oil_disruption;case_2024_ukraine_drone_attacks_russian_refineries,16,case_2023_red_sea_attacks;case_hormuz_tanker_tensions;case_middle_east_oil_supply_disruption;case_opec_production_cut_policy_shock;case_israel_iran_escalation_energy_risk;case_2020_opec_plus_production_cut;case_2022_abu_dhabi_oil_facility_attack;case_2018_iran_oil_sanctions_reimposition;case_2019_venezuela_oil_sanctions;case_1987_1988_tanker_war_reflagging;case_2008_somali_piracy_gulf_of_aden;case_2022_turkey_strait_tanker_insurance_backlog;case_2018_iran_swift_restrictions;case_2019_cosco_shipping_sanctions_tanker_market;case_2011_libya_civil_war_oil_disruption;case_2024_ukraine_drone_attacks_russian_refineries,True,False,
validation_v3,v3_20240624_eu_russian_lng_transshipment_ban,EU sanctions package bans Russian LNG transshipment services through EU territory,payment_networks,2,case_2023_arctic_lng_russian_energy_shipping_sanctions;case_2014_crimea_financial_sanctions,2,True,True,2,7,case_2022_russia_swift_financial_sanctions;case_2018_iran_oil_sanctions_reimposition;case_2019_venezuela_oil_sanctions;case_2023_arctic_lng_russian_energy_shipping_sanctions;case_2014_crimea_financial_sanctions;case_2018_iran_swift_restrictions;case_2019_cosco_shipping_sanctions_tanker_market,5,case_2022_russia_swift_financial_sanctions;case_2018_iran_oil_sanctions_reimposition;case_2019_venezuela_oil_sanctions;case_2018_iran_swift_restrictions;case_2019_cosco_shipping_sanctions_tanker_market,False,False,
validation_v3,v3_20240624_eu_russian_lng_transshipment_ban,EU sanctions package bans Russian LNG transshipment services through EU territory,trade_lanes,1,case_2014_crimea_financial_sanctions,2,False,True,0,31,case_2018_2019_us_china_tariffs;case_uranium_nuclear_fuel_supply_disruption;case_2022_russia_swift_financial_sanctions;case_2024_us_east_gulf_port_strike;case_2022_india_wheat_export_ban;case_2022_russia_aviation_supply_chain_sanctions;case_2017_north_korea_missile_escalation;case_2019_india_pakistan_airspace_closure;case_2023_niger_coup_uranium_supply_risk;case_2022_chile_lithium_policy_shift;case_2020_indonesia_nickel_export_ban;case_2021_belarus_potash_sanctions;case_2021_xinjiang_forced_labor_import_restrictions;case_2024_ev_tariff_escalation_china;case_2023_south_china_sea_shipping_tensions;case_2024_drc_cobalt_copper_mining_disruption;case_2023_mexico_nearshoring_cross_border_policy_risk;case_2023_eu_carbon_border_adjustment_mechanism;case_2021_myanmar_coup_supply_chain_disruption;case_2014_crimea_financial_sanctions;case_2018_iran_swift_restrictions;case_2019_cosco_shipping_sanctions_tanker_market;case_2009_russia_ukraine_gas_transit_dispute;case_2011_libya_civil_war_oil_disruption;case_2010_china_japan_rare_earth_embargo;case_2022_peru_mine_protests_copper_supply;case_2023_panama_cobre_mine_closure;case_2008_rice_export_restrictions_food_security;case_2022_russia_fertilizer_export_restrictions;case_2023_dp_world_australia_cyber_port_disruption;case_2019_turkey_f35_s400_defense_restrictions,30,case_2018_2019_us_china_tariffs;case_uranium_nuclear_fuel_supply_disruption;case_2022_russia_swift_financial_sanctions;case_2024_us_east_gulf_port_strike;case_2022_india_wheat_export_ban;case_2022_russia_aviation_supply_chain_sanctions;case_2017_north_korea_missile_escalation;case_2019_india_pakistan_airspace_closure;case_2023_niger_coup_uranium_supply_risk;case_2022_chile_lithium_policy_shift;case_2020_indonesia_nickel_export_ban;case_2021_belarus_potash_sanctions;case_2021_xinjiang_forced_labor_import_restrictions;case_2024_ev_tariff_escalation_china;case_2023_south_china_sea_shipping_tensions;case_2024_drc_cobalt_copper_mining_disruption;case_2023_mexico_nearshoring_cross_border_policy_risk;case_2023_eu_carbon_border_adjustment_mechanism;case_2021_myanmar_coup_supply_chain_disruption;case_2018_iran_swift_restrictions;case_2019_cosco_shipping_sanctions_tanker_market;case_2009_russia_ukraine_gas_transit_dispute;case_2011_libya_civil_war_oil_disruption;case_2010_china_japan_rare_earth_embargo;case_2022_peru_mine_protests_copper_supply;case_2023_panama_cobre_mine_closure;case_2008_rice_export_restrictions_food_security;case_2022_russia_fertilizer_export_restrictions;case_2023_dp_world_australia_cyber_port_disruption;case_2019_turkey_f35_s400_defense_restrictions,True,False,
validation_v3,v3_20240306_true_confidence_attack,Houthi anti-ship missile strikes M/V True Confidence in Gulf of Aden,defense,2,case_1987_1988_tanker_war_reflagging;case_2023_south_china_sea_shipping_tensions,2,True,True,2,15,case_taiwan_strait_semiconductor_risk;case_rare_earth_export_restriction_risk;case_israel_iran_escalation_energy_risk;case_defense_spending_shock_after_escalation;case_2023_middle_east_defense_supply_escalation;case_2024_taiwan_strait_drills_semiconductor_supply;case_2022_abu_dhabi_oil_facility_attack;case_2022_russia_aviation_supply_chain_sanctions;case_2017_north_korea_missile_escalation;case_2019_india_pakistan_airspace_closure;case_2022_ukraine_electricity_grid_attacks;case_2023_south_china_sea_shipping_tensions;case_1987_1988_tanker_war_reflagging;case_2010_china_japan_rare_earth_embargo;case_2019_turkey_f35_s400_defense_restrictions,13,case_taiwan_strait_semiconductor_risk;case_rare_earth_export_restriction_risk;case_israel_iran_escalation_energy_risk;case_defense_spending_shock_after_escalation;case_2023_middle_east_defense_supply_escalation;case_2024_taiwan_strait_drills_semiconductor_supply;case_2022_abu_dhabi_oil_facility_attack;case_2022_russia_aviation_supply_chain_sanctions;case_2017_north_korea_missile_escalation;case_2019_india_pakistan_airspace_closure;case_2022_ukraine_electricity_grid_attacks;case_2010_china_japan_rare_earth_embargo;case_2019_turkey_f35_s400_defense_restrictions,False,False,
validation_v3,v3_20240306_true_confidence_attack,Houthi anti-ship missile strikes M/V True Confidence in Gulf of Aden,energy,1,case_1987_1988_tanker_war_reflagging,2,False,True,0,28,case_2021_suez_blockage;case_hormuz_tanker_tensions;case_russia_ukraine_energy_shock;case_2022_gas_fertilizer_shock;case_middle_east_oil_supply_disruption;case_rare_earth_export_restriction_risk;case_opec_production_cut_policy_shock;case_israel_iran_escalation_energy_risk;case_cyberattack_pipeline_port_infrastructure;case_uranium_nuclear_fuel_supply_disruption;case_2022_russia_swift_financial_sanctions;case_2020_opec_plus_production_cut;case_2022_abu_dhabi_oil_facility_attack;case_2018_iran_oil_sanctions_reimposition;case_2019_venezuela_oil_sanctions;case_2022_nord_stream_pipeline_sabotage;case_2022_ukraine_electricity_grid_attacks;case_2023_niger_coup_uranium_supply_risk;case_2023_eu_carbon_border_adjustment_mechanism;case_2023_arctic_lng_russian_energy_shipping_sanctions;case_1987_1988_tanker_war_reflagging;case_2014_crimea_financial_sanctions;case_2009_russia_ukraine_gas_transit_dispute;case_2011_libya_civil_war_oil_disruption;case_2024_ukraine_drone_attacks_russian_refineries;case_2022_russia_fertilizer_export_restrictions;case_2021_colonial_pipeline_ransomware;case_2022_russia_airspace_closure_aviation_routes,27,case_2021_suez_blockage;case_hormuz_tanker_tensions;case_russia_ukraine_energy_shock;case_2022_gas_fertilizer_shock;case_middle_east_oil_supply_disruption;case_rare_earth_export_restriction_risk;case_opec_production_cut_policy_shock;case_israel_iran_escalation_energy_risk;case_cyberattack_pipeline_port_infrastructure;case_uranium_nuclear_fuel_supply_disruption;case_2022_russia_swift_financial_sanctions;case_2020_opec_plus_production_cut;case_2022_abu_dhabi_oil_facility_attack;case_2018_iran_oil_sanctions_reimposition;case_2019_venezuela_oil_sanctions;case_2022_nord_stream_pipeline_sabotage;case_2022_ukraine_electricity_grid_attacks;case_2023_niger_coup_uranium_supply_risk;case_2023_eu_carbon_border_adjustment_mechanism;case_2023_arctic_lng_russian_energy_shipping_sanctions;case_2014_crimea_financial_sanctions;case_2009_russia_ukraine_gas_transit_dispute;case_2011_libya_civil_war_oil_disruption;case_2024_ukraine_drone_attacks_russian_refineries;case_2022_russia_fertilizer_export_restrictions;case_2021_colonial_pipeline_ransomware;case_2022_russia_airspace_closure_aviation_routes,True,False,
validation_v3,v3_20240306_true_confidence_attack,Houthi anti-ship missile strikes M/V True Confidence in Gulf of Aden,trade_lanes,1,case_2023_south_china_sea_shipping_tensions,2,False,True,0,31,case_2018_2019_us_china_tariffs;case_uranium_nuclear_fuel_supply_disruption;case_2022_russia_swift_financial_sanctions;case_2024_us_east_gulf_port_strike;case_2022_india_wheat_export_ban;case_2022_russia_aviation_supply_chain_sanctions;case_2017_north_korea_missile_escalation;case_2019_india_pakistan_airspace_closure;case_2023_niger_coup_uranium_supply_risk;case_2022_chile_lithium_policy_shift;case_2020_indonesia_nickel_export_ban;case_2021_belarus_potash_sanctions;case_2021_xinjiang_forced_labor_import_restrictions;case_2024_ev_tariff_escalation_china;case_2023_south_china_sea_shipping_tensions;case_2024_drc_cobalt_copper_mining_disruption;case_2023_mexico_nearshoring_cross_border_policy_risk;case_2023_eu_carbon_border_adjustment_mechanism;case_2021_myanmar_coup_supply_chain_disruption;case_2014_crimea_financial_sanctions;case_2018_iran_swift_restrictions;case_2019_cosco_shipping_sanctions_tanker_market;case_2009_russia_ukraine_gas_transit_dispute;case_2011_libya_civil_war_oil_disruption;case_2010_china_japan_rare_earth_embargo;case_2022_peru_mine_protests_copper_supply;case_2023_panama_cobre_mine_closure;case_2008_rice_export_restrictions_food_security;case_2022_russia_fertilizer_export_restrictions;case_2023_dp_world_australia_cyber_port_disruption;case_2019_turkey_f35_s400_defense_restrictions,30,case_2018_2019_us_china_tariffs;case_uranium_nuclear_fuel_supply_disruption;case_2022_russia_swift_financial_sanctions;case_2024_us_east_gulf_port_strike;case_2022_india_wheat_export_ban;case_2022_russia_aviation_supply_chain_sanctions;case_2017_north_korea_missile_escalation;case_2019_india_pakistan_airspace_closure;case_2023_niger_coup_uranium_supply_risk;case_2022_chile_lithium_policy_shift;case_2020_indonesia_nickel_export_ban;case_2021_belarus_potash_sanctions;case_2021_xinjiang_forced_labor_import_restrictions;case_2024_ev_tariff_escalation_china;case_2024_drc_cobalt_copper_mining_disruption;case_2023_mexico_nearshoring_cross_border_policy_risk;case_2023_eu_carbon_border_adjustment_mechanism;case_2021_myanmar_coup_supply_chain_disruption;case_2014_crimea_financial_sanctions;case_2018_iran_swift_restrictions;case_2019_cosco_shipping_sanctions_tanker_market;case_2009_russia_ukraine_gas_transit_dispute;case_2011_libya_civil_war_oil_disruption;case_2010_china_japan_rare_earth_embargo;case_2022_peru_mine_protests_copper_supply;case_2023_panama_cobre_mine_closure;case_2008_rice_export_restrictions_food_security;case_2022_russia_fertilizer_export_restrictions;case_2023_dp_world_australia_cyber_port_disruption;case_2019_turkey_f35_s400_defense_restrictions,True,False,
validation_v3,v3_20241203_iran_shadow_fleet_sanctions,U.S. sanctions Iranian shadow-fleet petroleum transport entities and vessels,customs,2,case_2019_cosco_shipping_sanctions_tanker_market;case_2018_iran_swift_restrictions,2,True,True,2,32,case_2023_dutch_asml_controls;case_2019_huawei_entity_list;case_2018_2019_us_china_tariffs;case_china_gallium_germanium_graphite_controls;case_uranium_nuclear_fuel_supply_disruption;case_2022_russia_swift_financial_sanctions;case_2023_china_graphite_battery_export_controls;case_2022_india_wheat_export_ban;case_2022_russia_aviation_supply_chain_sanctions;case_2023_niger_coup_uranium_supply_risk;case_2022_chile_lithium_policy_shift;case_2020_indonesia_nickel_export_ban;case_2021_belarus_potash_sanctions;case_2021_xinjiang_forced_labor_import_restrictions;case_2024_ev_tariff_escalation_china;case_2024_drc_cobalt_copper_mining_disruption;case_2023_mexico_nearshoring_cross_border_policy_risk;case_2023_eu_carbon_border_adjustment_mechanism;case_2021_myanmar_coup_supply_chain_disruption;case_2022_turkey_strait_tanker_insurance_backlog;case_2014_crimea_financial_sanctions;case_2018_iran_swift_restrictions;case_2019_cosco_shipping_sanctions_tanker_market;case_2010_china_japan_rare_earth_embargo;case_2022_peru_mine_protests_copper_supply;case_2023_panama_cobre_mine_closure;case_2008_rice_export_restrictions_food_security;case_2022_russia_fertilizer_export_restrictions;case_2020_smic_entity_list_semiconductor_controls;case_2023_japan_chip_equipment_export_controls;case_2019_turkey_f35_s400_defense_restrictions;case_2022_russia_airspace_closure_aviation_routes,30,case_2023_dutch_asml_controls;case_2019_huawei_entity_list;case_2018_2019_us_china_tariffs;case_china_gallium_germanium_graphite_controls;case_uranium_nuclear_fuel_supply_disruption;case_2022_russia_swift_financial_sanctions;case_2023_china_graphite_battery_export_controls;case_2022_india_wheat_export_ban;case_2022_russia_aviation_supply_chain_sanctions;case_2023_niger_coup_uranium_supply_risk;case_2022_chile_lithium_policy_shift;case_2020_indonesia_nickel_export_ban;case_2021_belarus_potash_sanctions;case_2021_xinjiang_forced_labor_import_restrictions;case_2024_ev_tariff_escalation_china;case_2024_drc_cobalt_copper_mining_disruption;case_2023_mexico_nearshoring_cross_border_policy_risk;case_2023_eu_carbon_border_adjustment_mechanism;case_2021_myanmar_coup_supply_chain_disruption;case_2022_turkey_strait_tanker_insurance_backlog;case_2014_crimea_financial_sanctions;case_2010_china_japan_rare_earth_embargo;case_2022_peru_mine_protests_copper_supply;case_2023_panama_cobre_mine_closure;case_2008_rice_export_restrictions_food_security;case_2022_russia_fertilizer_export_restrictions;case_2020_smic_entity_list_semiconductor_controls;case_2023_japan_chip_equipment_export_controls;case_2019_turkey_f35_s400_defense_restrictions;case_2022_russia_airspace_closure_aviation_routes,False,False,
validation_v3,v3_20241203_iran_shadow_fleet_sanctions,U.S. sanctions Iranian shadow-fleet petroleum transport entities and vessels,financial_sanctions,3,case_2018_iran_oil_sanctions_reimposition;case_2019_cosco_shipping_sanctions_tanker_market;case_2018_iran_swift_restrictions,2,True,True,2,8,case_2022_russia_swift_financial_sanctions;case_2018_iran_oil_sanctions_reimposition;case_2019_venezuela_oil_sanctions;case_2023_arctic_lng_russian_energy_shipping_sanctions;case_2022_turkey_strait_tanker_insurance_backlog;case_2014_crimea_financial_sanctions;case_2018_iran_swift_restrictions;case_2019_cosco_shipping_sanctions_tanker_market,5,case_2022_russia_swift_financial_sanctions;case_2019_venezuela_oil_sanctions;case_2023_arctic_lng_russian_energy_shipping_sanctions;case_2022_turkey_strait_tanker_insurance_backlog;case_2014_crimea_financial_sanctions,False,False,
validation_v3,v3_20241203_iran_shadow_fleet_sanctions,U.S. sanctions Iranian shadow-fleet petroleum transport entities and vessels,logistics,1,case_2019_cosco_shipping_sanctions_tanker_market,2,False,True,0,33,case_2021_suez_blockage;case_2023_red_sea_attacks;case_2018_2019_us_china_tariffs;case_panama_canal_drought_shipping_capacity;case_black_sea_grain_export_disruption;case_cyberattack_pipeline_port_infrastructure;case_2023_port_of_nagoya_cyberattack;case_2024_us_east_gulf_port_strike;case_2022_india_wheat_export_ban;case_2017_north_korea_missile_escalation;case_2019_india_pakistan_airspace_closure;case_2022_ukraine_electricity_grid_attacks;case_2023_niger_coup_uranium_supply_risk;case_2021_belarus_potash_sanctions;case_2021_xinjiang_forced_labor_import_restrictions;case_2024_ev_tariff_escalation_china;case_2017_notpetya_shipping_logistics_cyberattack;case_2023_black_sea_shipping_insurance_restrictions;case_2023_south_china_sea_shipping_tensions;case_2024_drc_cobalt_copper_mining_disruption;case_2023_mexico_nearshoring_cross_border_policy_risk;case_2021_myanmar_coup_supply_chain_disruption;case_1987_1988_tanker_war_reflagging;case_2008_somali_piracy_gulf_of_aden;case_2022_turkey_strait_tanker_insurance_backlog;case_2019_cosco_shipping_sanctions_tanker_market;case_2011_libya_civil_war_oil_disruption;case_2022_peru_mine_protests_copper_supply;case_2008_rice_export_restrictions_food_security;case_2022_russia_fertilizer_export_restrictions;case_2021_colonial_pipeline_ransomware;case_2023_dp_world_australia_cyber_port_disruption;case_2022_russia_airspace_closure_aviation_routes,32,case_2021_suez_blockage;case_2023_red_sea_attacks;case_2018_2019_us_china_tariffs;case_panama_canal_drought_shipping_capacity;case_black_sea_grain_export_disruption;case_cyberattack_pipeline_port_infrastructure;case_2023_port_of_nagoya_cyberattack;case_2024_us_east_gulf_port_strike;case_2022_india_wheat_export_ban;case_2017_north_korea_missile_escalation;case_2019_india_pakistan_airspace_closure;case_2022_ukraine_electricity_grid_attacks;case_2023_niger_coup_uranium_supply_risk;case_2021_belarus_potash_sanctions;case_2021_xinjiang_forced_labor_import_restrictions;case_2024_ev_tariff_escalation_china;case_2017_notpetya_shipping_logistics_cyberattack;case_2023_black_sea_shipping_insurance_restrictions;case_2023_south_china_sea_shipping_tensions;case_2024_drc_cobalt_copper_mining_disruption;case_2023_mexico_nearshoring_cross_border_policy_risk;case_2021_myanmar_coup_supply_chain_disruption;case_1987_1988_tanker_war_reflagging;case_2008_somali_piracy_gulf_of_aden;case_2022_turkey_strait_tanker_insurance_backlog;case_2011_libya_civil_war_oil_disruption;case_2022_peru_mine_protests_copper_supply;case_2008_rice_export_restrictions_food_security;case_2022_russia_fertilizer_export_restrictions;case_2021_colonial_pipeline_ransomware;case_2023_dp_world_australia_cyber_port_disruption;case_2022_russia_airspace_closure_aviation_routes,True,False,
validation_v3,v3_20241203_iran_shadow_fleet_sanctions,U.S. sanctions Iranian shadow-fleet petroleum transport entities and vessels,payment_networks,3,case_2018_iran_oil_sanctions_reimposition;case_2019_cosco_shipping_sanctions_tanker_market;case_2018_iran_swift_restrictions,2,True,True,2,7,case_2022_russia_swift_financial_sanctions;case_2018_iran_oil_sanctions_reimposition;case_2019_venezuela_oil_sanctions;case_2023_arctic_lng_russian_energy_shipping_sanctions;case_2014_crimea_financial_sanctions;case_2018_iran_swift_restrictions;case_2019_cosco_shipping_sanctions_tanker_market,4,case_2022_russia_swift_financial_sanctions;case_2019_venezuela_oil_sanctions;case_2023_arctic_lng_russian_energy_shipping_sanctions;case_2014_crimea_financial_sanctions,False,False,
validation_v3,v3_20241203_iran_shadow_fleet_sanctions,U.S. sanctions Iranian shadow-fleet petroleum transport entities and vessels,petrochemicals,1,case_2018_iran_oil_sanctions_reimposition,2,False,True,0,12,case_russia_ukraine_energy_shock;case_2022_gas_fertilizer_shock;case_middle_east_oil_supply_disruption;case_opec_production_cut_policy_shock;case_2020_opec_plus_production_cut;case_2022_abu_dhabi_oil_facility_attack;case_2018_iran_oil_sanctions_reimposition;case_2019_venezuela_oil_sanctions;case_2022_nord_stream_pipeline_sabotage;case_2009_russia_ukraine_gas_transit_dispute;case_2011_libya_civil_war_oil_disruption;case_2024_ukraine_drone_attacks_russian_refineries,11,case_russia_ukraine_energy_shock;case_2022_gas_fertilizer_shock;case_middle_east_oil_supply_disruption;case_opec_production_cut_policy_shock;case_2020_opec_plus_production_cut;case_2022_abu_dhabi_oil_facility_attack;case_2019_venezuela_oil_sanctions;case_2022_nord_stream_pipeline_sabotage;case_2009_russia_ukraine_gas_transit_dispute;case_2011_libya_civil_war_oil_disruption;case_2024_ukraine_drone_attacks_russian_refineries,True,False,
validation_v3,v3_20241203_iran_shadow_fleet_sanctions,U.S. sanctions Iranian shadow-fleet petroleum transport entities and vessels,trade_lanes,2,case_2019_cosco_shipping_sanctions_tanker_market;case_2018_iran_swift_restrictions,2,True,True,2,31,case_2018_2019_us_china_tariffs;case_uranium_nuclear_fuel_supply_disruption;case_2022_russia_swift_financial_sanctions;case_2024_us_east_gulf_port_strike;case_2022_india_wheat_export_ban;case_2022_russia_aviation_supply_chain_sanctions;case_2017_north_korea_missile_escalation;case_2019_india_pakistan_airspace_closure;case_2023_niger_coup_uranium_supply_risk;case_2022_chile_lithium_policy_shift;case_2020_indonesia_nickel_export_ban;case_2021_belarus_potash_sanctions;case_2021_xinjiang_forced_labor_import_restrictions;case_2024_ev_tariff_escalation_china;case_2023_south_china_sea_shipping_tensions;case_2024_drc_cobalt_copper_mining_disruption;case_2023_mexico_nearshoring_cross_border_policy_risk;case_2023_eu_carbon_border_adjustment_mechanism;case_2021_myanmar_coup_supply_chain_disruption;case_2014_crimea_financial_sanctions;case_2018_iran_swift_restrictions;case_2019_cosco_shipping_sanctions_tanker_market;case_2009_russia_ukraine_gas_transit_dispute;case_2011_libya_civil_war_oil_disruption;case_2010_china_japan_rare_earth_embargo;case_2022_peru_mine_protests_copper_supply;case_2023_panama_cobre_mine_closure;case_2008_rice_export_restrictions_food_security;case_2022_russia_fertilizer_export_restrictions;case_2023_dp_world_australia_cyber_port_disruption;case_2019_turkey_f35_s400_defense_restrictions,29,case_2018_2019_us_china_tariffs;case_uranium_nuclear_fuel_supply_disruption;case_2022_russia_swift_financial_sanctions;case_2024_us_east_gulf_port_strike;case_2022_india_wheat_export_ban;case_2022_russia_aviation_supply_chain_sanctions;case_2017_north_korea_missile_escalation;case_2019_india_pakistan_airspace_closure;case_2023_niger_coup_uranium_supply_risk;case_2022_chile_lithium_policy_shift;case_2020_indonesia_nickel_export_ban;case_2021_belarus_potash_sanctions;case_2021_xinjiang_forced_labor_import_restrictions;case_2024_ev_tariff_escalation_china;case_2023_south_china_sea_shipping_tensions;case_2024_drc_cobalt_copper_mining_disruption;case_2023_mexico_nearshoring_cross_border_policy_risk;case_2023_eu_carbon_border_adjustment_mechanism;case_2021_myanmar_coup_supply_chain_disruption;case_2014_crimea_financial_sanctions;case_2009_russia_ukraine_gas_transit_dispute;case_2011_libya_civil_war_oil_disruption;case_2010_china_japan_rare_earth_embargo;case_2022_peru_mine_protests_copper_supply;case_2023_panama_cobre_mine_closure;case_2008_rice_export_restrictions_food_security;case_2022_russia_fertilizer_export_restrictions;case_2023_dp_world_australia_cyber_port_disruption;case_2019_turkey_f35_s400_defense_restrictions,False,False,
validation_v3,v3_20240223_sovcomflot_sanctions,U.S. sanctions Sovcomflot and tankers tied to Russian oil shipping,financial_sanctions,3,case_2023_arctic_lng_russian_energy_shipping_sanctions;case_2019_venezuela_oil_sanctions;case_2018_iran_oil_sanctions_reimposition,2,True,True,2,8,case_2022_russia_swift_financial_sanctions;case_2018_iran_oil_sanctions_reimposition;case_2019_venezuela_oil_sanctions;case_2023_arctic_lng_russian_energy_shipping_sanctions;case_2022_turkey_strait_tanker_insurance_backlog;case_2014_crimea_financial_sanctions;case_2018_iran_swift_restrictions;case_2019_cosco_shipping_sanctions_tanker_market,5,case_2022_russia_swift_financial_sanctions;case_2022_turkey_strait_tanker_insurance_backlog;case_2014_crimea_financial_sanctions;case_2018_iran_swift_restrictions;case_2019_cosco_shipping_sanctions_tanker_market,False,False,
validation_v3,v3_20240223_sovcomflot_sanctions,U.S. sanctions Sovcomflot and tankers tied to Russian oil shipping,marine_insurance,2,case_2023_arctic_lng_russian_energy_shipping_sanctions;case_2018_iran_oil_sanctions_reimposition,2,True,True,2,12,case_2023_red_sea_attacks;case_hormuz_tanker_tensions;case_israel_iran_escalation_energy_risk;case_2018_iran_oil_sanctions_reimposition;case_2023_black_sea_shipping_insurance_restrictions;case_2023_south_china_sea_shipping_tensions;case_2023_arctic_lng_russian_energy_shipping_sanctions;case_1987_1988_tanker_war_reflagging;case_2008_somali_piracy_gulf_of_aden;case_2022_turkey_strait_tanker_insurance_backlog;case_2018_iran_swift_restrictions;case_2019_cosco_shipping_sanctions_tanker_market,10,case_2023_red_sea_attacks;case_hormuz_tanker_tensions;case_israel_iran_escalation_energy_risk;case_2023_black_sea_shipping_insurance_restrictions;case_2023_south_china_sea_shipping_tensions;case_1987_1988_tanker_war_reflagging;case_2008_somali_piracy_gulf_of_aden;case_2022_turkey_strait_tanker_insurance_backlog;case_2018_iran_swift_restrictions;case_2019_cosco_shipping_sanctions_tanker_market,False,False,
validation_v3,v3_20240223_sovcomflot_sanctions,U.S. sanctions Sovcomflot and tankers tied to Russian oil shipping,maritime_chokepoint,1,case_2023_arctic_lng_russian_energy_shipping_sanctions,2,False,True,0,12,case_2021_suez_blockage;case_2023_red_sea_attacks;case_hormuz_tanker_tensions;case_panama_canal_drought_shipping_capacity;case_black_sea_grain_export_disruption;case_israel_iran_escalation_energy_risk;case_2023_black_sea_shipping_insurance_restrictions;case_2023_south_china_sea_shipping_tensions;case_2023_arctic_lng_russian_energy_shipping_sanctions;case_1987_1988_tanker_war_reflagging;case_2008_somali_piracy_gulf_of_aden;case_2022_turkey_strait_tanker_insurance_backlog,11,case_2021_suez_blockage;case_2023_red_sea_attacks;case_hormuz_tanker_tensions;case_panama_canal_drought_shipping_capacity;case_black_sea_grain_export_disruption;case_israel_iran_escalation_energy_risk;case_2023_black_sea_shipping_insurance_restrictions;case_2023_south_china_sea_shipping_tensions;case_1987_1988_tanker_war_reflagging;case_2008_somali_piracy_gulf_of_aden;case_2022_turkey_strait_tanker_insurance_backlog,True,False,
validation_v3,v3_20240223_sovcomflot_sanctions,U.S. sanctions Sovcomflot and tankers tied to Russian oil shipping,oil_shipping,3,case_2023_arctic_lng_russian_energy_shipping_sanctions;case_2019_venezuela_oil_sanctions;case_2018_iran_oil_sanctions_reimposition,2,True,True,2,17,case_2023_red_sea_attacks;case_hormuz_tanker_tensions;case_middle_east_oil_supply_disruption;case_opec_production_cut_policy_shock;case_israel_iran_escalation_energy_risk;case_2020_opec_plus_production_cut;case_2022_abu_dhabi_oil_facility_attack;case_2018_iran_oil_sanctions_reimposition;case_2019_venezuela_oil_sanctions;case_2023_arctic_lng_russian_energy_shipping_sanctions;case_1987_1988_tanker_war_reflagging;case_2008_somali_piracy_gulf_of_aden;case_2022_turkey_strait_tanker_insurance_backlog;case_2018_iran_swift_restrictions;case_2019_cosco_shipping_sanctions_tanker_market;case_2011_libya_civil_war_oil_disruption;case_2024_ukraine_drone_attacks_russian_refineries,14,case_2023_red_sea_attacks;case_hormuz_tanker_tensions;case_middle_east_oil_supply_disruption;case_opec_production_cut_policy_shock;case_israel_iran_escalation_energy_risk;case_2020_opec_plus_production_cut;case_2022_abu_dhabi_oil_facility_attack;case_1987_1988_tanker_war_reflagging;case_2008_somali_piracy_gulf_of_aden;case_2022_turkey_strait_tanker_insurance_backlog;case_2018_iran_swift_restrictions;case_2019_cosco_shipping_sanctions_tanker_market;case_2011_libya_civil_war_oil_disruption;case_2024_ukraine_drone_attacks_russian_refineries,False,False,
validation_v3,v3_20240223_sovcomflot_sanctions,U.S. sanctions Sovcomflot and tankers tied to Russian oil shipping,payment_networks,3,case_2023_arctic_lng_russian_energy_shipping_sanctions;case_2019_venezuela_oil_sanctions;case_2018_iran_oil_sanctions_reimposition,2,True,True,2,7,case_2022_russia_swift_financial_sanctions;case_2018_iran_oil_sanctions_reimposition;case_2019_venezuela_oil_sanctions;case_2023_arctic_lng_russian_energy_shipping_sanctions;case_2014_crimea_financial_sanctions;case_2018_iran_swift_restrictions;case_2019_cosco_shipping_sanctions_tanker_market,4,case_2022_russia_swift_financial_sanctions;case_2014_crimea_financial_sanctions;case_2018_iran_swift_restrictions;case_2019_cosco_shipping_sanctions_tanker_market,False,False,
validation_v3,v3_20240913_ustr_section301_tariffs_final,USTR finalizes China Section 301 tariff modifications after four-year review,ai_chips,1,case_china_gallium_germanium_graphite_controls,2,False,True,0,8,case_2022_us_china_semiconductor_controls;case_2019_huawei_entity_list;case_taiwan_strait_semiconductor_risk;case_china_gallium_germanium_graphite_controls;case_defense_spending_shock_after_escalation;case_2023_middle_east_defense_supply_escalation;case_2024_taiwan_strait_drills_semiconductor_supply;case_2023_japan_chip_equipment_export_controls,7,case_2022_us_china_semiconductor_controls;case_2019_huawei_entity_list;case_taiwan_strait_semiconductor_risk;case_defense_spending_shock_after_escalation;case_2023_middle_east_defense_supply_escalation;case_2024_taiwan_strait_drills_semiconductor_supply;case_2023_japan_chip_equipment_export_controls,True,False,
validation_v3,v3_20240913_ustr_section301_tariffs_final,USTR finalizes China Section 301 tariff modifications after four-year review,battery_materials,2,case_2024_ev_tariff_escalation_china;case_2023_china_graphite_battery_export_controls,2,True,True,2,7,case_2023_china_graphite_battery_export_controls;case_2022_chile_lithium_policy_shift;case_2020_indonesia_nickel_export_ban;case_2024_ev_tariff_escalation_china;case_2024_drc_cobalt_copper_mining_disruption;case_2022_peru_mine_protests_copper_supply;case_2023_panama_cobre_mine_closure,5,case_2022_chile_lithium_policy_shift;case_2020_indonesia_nickel_export_ban;case_2024_drc_cobalt_copper_mining_disruption;case_2022_peru_mine_protests_copper_supply;case_2023_panama_cobre_mine_closure,False,False,
validation_v3,v3_20240913_ustr_section301_tariffs_final,USTR finalizes China Section 301 tariff modifications after four-year review,graphite,1,case_2023_china_graphite_battery_export_controls,2,False,True,0,1,case_2023_china_graphite_battery_export_controls,0,,False,False,
validation_v3,v3_20240913_ustr_section301_tariffs_final,USTR finalizes China Section 301 tariff modifications after four-year review,logistics,1,case_2024_ev_tariff_escalation_china,2,False,True,0,33,case_2021_suez_blockage;case_2023_red_sea_attacks;case_2018_2019_us_china_tariffs;case_panama_canal_drought_shipping_capacity;case_black_sea_grain_export_disruption;case_cyberattack_pipeline_port_infrastructure;case_2023_port_of_nagoya_cyberattack;case_2024_us_east_gulf_port_strike;case_2022_india_wheat_export_ban;case_2017_north_korea_missile_escalation;case_2019_india_pakistan_airspace_closure;case_2022_ukraine_electricity_grid_attacks;case_2023_niger_coup_uranium_supply_risk;case_2021_belarus_potash_sanctions;case_2021_xinjiang_forced_labor_import_restrictions;case_2024_ev_tariff_escalation_china;case_2017_notpetya_shipping_logistics_cyberattack;case_2023_black_sea_shipping_insurance_restrictions;case_2023_south_china_sea_shipping_tensions;case_2024_drc_cobalt_copper_mining_disruption;case_2023_mexico_nearshoring_cross_border_policy_risk;case_2021_myanmar_coup_supply_chain_disruption;case_1987_1988_tanker_war_reflagging;case_2008_somali_piracy_gulf_of_aden;case_2022_turkey_strait_tanker_insurance_backlog;case_2019_cosco_shipping_sanctions_tanker_market;case_2011_libya_civil_war_oil_disruption;case_2022_peru_mine_protests_copper_supply;case_2008_rice_export_restrictions_food_security;case_2022_russia_fertilizer_export_restrictions;case_2021_colonial_pipeline_ransomware;case_2023_dp_world_australia_cyber_port_disruption;case_2022_russia_airspace_closure_aviation_routes,32,case_2021_suez_blockage;case_2023_red_sea_attacks;case_2018_2019_us_china_tariffs;case_panama_canal_drought_shipping_capacity;case_black_sea_grain_export_disruption;case_cyberattack_pipeline_port_infrastructure;case_2023_port_of_nagoya_cyberattack;case_2024_us_east_gulf_port_strike;case_2022_india_wheat_export_ban;case_2017_north_korea_missile_escalation;case_2019_india_pakistan_airspace_closure;case_2022_ukraine_electricity_grid_attacks;case_2023_niger_coup_uranium_supply_risk;case_2021_belarus_potash_sanctions;case_2021_xinjiang_forced_labor_import_restrictions;case_2017_notpetya_shipping_logistics_cyberattack;case_2023_black_sea_shipping_insurance_restrictions;case_2023_south_china_sea_shipping_tensions;case_2024_drc_cobalt_copper_mining_disruption;case_2023_mexico_nearshoring_cross_border_policy_risk;case_2021_myanmar_coup_supply_chain_disruption;case_1987_1988_tanker_war_reflagging;case_2008_somali_piracy_gulf_of_aden;case_2022_turkey_strait_tanker_insurance_backlog;case_2019_cosco_shipping_sanctions_tanker_market;case_2011_libya_civil_war_oil_disruption;case_2022_peru_mine_protests_copper_supply;case_2008_rice_export_restrictions_food_security;case_2022_russia_fertilizer_export_restrictions;case_2021_colonial_pipeline_ransomware;case_2023_dp_world_australia_cyber_port_disruption;case_2022_russia_airspace_closure_aviation_routes,True,False,
validation_v3,v3_20240913_ustr_section301_tariffs_final,USTR finalizes China Section 301 tariff modifications after four-year review,semiconductor_equipment,1,case_china_gallium_germanium_graphite_controls,2,False,True,0,11,case_2022_us_china_semiconductor_controls;case_2023_dutch_asml_controls;case_2019_huawei_entity_list;case_taiwan_strait_semiconductor_risk;case_china_gallium_germanium_graphite_controls;case_defense_spending_shock_after_escalation;case_2024_taiwan_strait_drills_semiconductor_supply;case_2017_north_korea_missile_escalation;case_2020_smic_entity_list_semiconductor_controls;case_2023_japan_chip_equipment_export_controls;case_2019_turkey_f35_s400_defense_restrictions,10,case_2022_us_china_semiconductor_controls;case_2023_dutch_asml_controls;case_2019_huawei_entity_list;case_taiwan_strait_semiconductor_risk;case_defense_spending_shock_after_escalation;case_2024_taiwan_strait_drills_semiconductor_supply;case_2017_north_korea_missile_escalation;case_2020_smic_entity_list_semiconductor_controls;case_2023_japan_chip_equipment_export_controls;case_2019_turkey_f35_s400_defense_restrictions,True,False,
validation_v3,v3_20240913_ustr_section301_tariffs_final,USTR finalizes China Section 301 tariff modifications after four-year review,trade_lanes,1,case_2024_ev_tariff_escalation_china,2,False,True,0,31,case_2018_2019_us_china_tariffs;case_uranium_nuclear_fuel_supply_disruption;case_2022_russia_swift_financial_sanctions;case_2024_us_east_gulf_port_strike;case_2022_india_wheat_export_ban;case_2022_russia_aviation_supply_chain_sanctions;case_2017_north_korea_missile_escalation;case_2019_india_pakistan_airspace_closure;case_2023_niger_coup_uranium_supply_risk;case_2022_chile_lithium_policy_shift;case_2020_indonesia_nickel_export_ban;case_2021_belarus_potash_sanctions;case_2021_xinjiang_forced_labor_import_restrictions;case_2024_ev_tariff_escalation_china;case_2023_south_china_sea_shipping_tensions;case_2024_drc_cobalt_copper_mining_disruption;case_2023_mexico_nearshoring_cross_border_policy_risk;case_2023_eu_carbon_border_adjustment_mechanism;case_2021_myanmar_coup_supply_chain_disruption;case_2014_crimea_financial_sanctions;case_2018_iran_swift_restrictions;case_2019_cosco_shipping_sanctions_tanker_market;case_2009_russia_ukraine_gas_transit_dispute;case_2011_libya_civil_war_oil_disruption;case_2010_china_japan_rare_earth_embargo;case_2022_peru_mine_protests_copper_supply;case_2023_panama_cobre_mine_closure;case_2008_rice_export_restrictions_food_security;case_2022_russia_fertilizer_export_restrictions;case_2023_dp_world_australia_cyber_port_disruption;case_2019_turkey_f35_s400_defense_restrictions,30,case_2018_2019_us_china_tariffs;case_uranium_nuclear_fuel_supply_disruption;case_2022_russia_swift_financial_sanctions;case_2024_us_east_gulf_port_strike;case_2022_india_wheat_export_ban;case_2022_russia_aviation_supply_chain_sanctions;case_2017_north_korea_missile_escalation;case_2019_india_pakistan_airspace_closure;case_2023_niger_coup_uranium_supply_risk;case_2022_chile_lithium_policy_shift;case_2020_indonesia_nickel_export_ban;case_2021_belarus_potash_sanctions;case_2021_xinjiang_forced_labor_import_restrictions;case_2023_south_china_sea_shipping_tensions;case_2024_drc_cobalt_copper_mining_disruption;case_2023_mexico_nearshoring_cross_border_policy_risk;case_2023_eu_carbon_border_adjustment_mechanism;case_2021_myanmar_coup_supply_chain_disruption;case_2014_crimea_financial_sanctions;case_2018_iran_swift_restrictions;case_2019_cosco_shipping_sanctions_tanker_market;case_2009_russia_ukraine_gas_transit_dispute;case_2011_libya_civil_war_oil_disruption;case_2010_china_japan_rare_earth_embargo;case_2022_peru_mine_protests_copper_supply;case_2023_panama_cobre_mine_closure;case_2008_rice_export_restrictions_food_security;case_2022_russia_fertilizer_export_restrictions;case_2023_dp_world_australia_cyber_port_disruption;case_2019_turkey_f35_s400_defense_restrictions,True,False,
validation_v3,v3_20250730_copper_tariffs,U.S. imposes Section 232 tariffs on copper products,battery_materials,2,case_2023_panama_cobre_mine_closure;case_2024_ev_tariff_escalation_china,2,True,True,2,7,case_2023_china_graphite_battery_export_controls;case_2022_chile_lithium_policy_shift;case_2020_indonesia_nickel_export_ban;case_2024_ev_tariff_escalation_china;case_2024_drc_cobalt_copper_mining_disruption;case_2022_peru_mine_protests_copper_supply;case_2023_panama_cobre_mine_closure,5,case_2023_china_graphite_battery_export_controls;case_2022_chile_lithium_policy_shift;case_2020_indonesia_nickel_export_ban;case_2024_drc_cobalt_copper_mining_disruption;case_2022_peru_mine_protests_copper_supply,False,False,
validation_v3,v3_20250730_copper_tariffs,U.S. imposes Section 232 tariffs on copper products,logistics,2,case_2024_ev_tariff_escalation_china;case_2021_xinjiang_forced_labor_import_restrictions,2,True,True,2,33,case_2021_suez_blockage;case_2023_red_sea_attacks;case_2018_2019_us_china_tariffs;case_panama_canal_drought_shipping_capacity;case_black_sea_grain_export_disruption;case_cyberattack_pipeline_port_infrastructure;case_2023_port_of_nagoya_cyberattack;case_2024_us_east_gulf_port_strike;case_2022_india_wheat_export_ban;case_2017_north_korea_missile_escalation;case_2019_india_pakistan_airspace_closure;case_2022_ukraine_electricity_grid_attacks;case_2023_niger_coup_uranium_supply_risk;case_2021_belarus_potash_sanctions;case_2021_xinjiang_forced_labor_import_restrictions;case_2024_ev_tariff_escalation_china;case_2017_notpetya_shipping_logistics_cyberattack;case_2023_black_sea_shipping_insurance_restrictions;case_2023_south_china_sea_shipping_tensions;case_2024_drc_cobalt_copper_mining_disruption;case_2023_mexico_nearshoring_cross_border_policy_risk;case_2021_myanmar_coup_supply_chain_disruption;case_1987_1988_tanker_war_reflagging;case_2008_somali_piracy_gulf_of_aden;case_2022_turkey_strait_tanker_insurance_backlog;case_2019_cosco_shipping_sanctions_tanker_market;case_2011_libya_civil_war_oil_disruption;case_2022_peru_mine_protests_copper_supply;case_2008_rice_export_restrictions_food_security;case_2022_russia_fertilizer_export_restrictions;case_2021_colonial_pipeline_ransomware;case_2023_dp_world_australia_cyber_port_disruption;case_2022_russia_airspace_closure_aviation_routes,31,case_2021_suez_blockage;case_2023_red_sea_attacks;case_2018_2019_us_china_tariffs;case_panama_canal_drought_shipping_capacity;case_black_sea_grain_export_disruption;case_cyberattack_pipeline_port_infrastructure;case_2023_port_of_nagoya_cyberattack;case_2024_us_east_gulf_port_strike;case_2022_india_wheat_export_ban;case_2017_north_korea_missile_escalation;case_2019_india_pakistan_airspace_closure;case_2022_ukraine_electricity_grid_attacks;case_2023_niger_coup_uranium_supply_risk;case_2021_belarus_potash_sanctions;case_2017_notpetya_shipping_logistics_cyberattack;case_2023_black_sea_shipping_insurance_restrictions;case_2023_south_china_sea_shipping_tensions;case_2024_drc_cobalt_copper_mining_disruption;case_2023_mexico_nearshoring_cross_border_policy_risk;case_2021_myanmar_coup_supply_chain_disruption;case_1987_1988_tanker_war_reflagging;case_2008_somali_piracy_gulf_of_aden;case_2022_turkey_strait_tanker_insurance_backlog;case_2019_cosco_shipping_sanctions_tanker_market;case_2011_libya_civil_war_oil_disruption;case_2022_peru_mine_protests_copper_supply;case_2008_rice_export_restrictions_food_security;case_2022_russia_fertilizer_export_restrictions;case_2021_colonial_pipeline_ransomware;case_2023_dp_world_australia_cyber_port_disruption;case_2022_russia_airspace_closure_aviation_routes,False,False,
validation_v3,v3_20250730_copper_tariffs,U.S. imposes Section 232 tariffs on copper products,ports,1,case_2023_panama_cobre_mine_closure,2,False,True,0,9,case_2021_suez_blockage;case_cyberattack_pipeline_port_infrastructure;case_2023_port_of_nagoya_cyberattack;case_2024_us_east_gulf_port_strike;case_2017_notpetya_shipping_logistics_cyberattack;case_2023_mexico_nearshoring_cross_border_policy_risk;case_2021_myanmar_coup_supply_chain_disruption;case_2023_panama_cobre_mine_closure;case_2023_dp_world_australia_cyber_port_disruption,8,case_2021_suez_blockage;case_cyberattack_pipeline_port_infrastructure;case_2023_port_of_nagoya_cyberattack;case_2024_us_east_gulf_port_strike;case_2017_notpetya_shipping_logistics_cyberattack;case_2023_mexico_nearshoring_cross_border_policy_risk;case_2021_myanmar_coup_supply_chain_disruption;case_2023_dp_world_australia_cyber_port_disruption,True,False,
validation_v3,v3_20250730_copper_tariffs,U.S. imposes Section 232 tariffs on copper products,trade_lanes,3,case_2023_panama_cobre_mine_closure;case_2024_ev_tariff_escalation_china;case_2021_xinjiang_forced_labor_import_restrictions,2,True,True,2,31,case_2018_2019_us_china_tariffs;case_uranium_nuclear_fuel_supply_disruption;case_2022_russia_swift_financial_sanctions;case_2024_us_east_gulf_port_strike;case_2022_india_wheat_export_ban;case_2022_russia_aviation_supply_chain_sanctions;case_2017_north_korea_missile_escalation;case_2019_india_pakistan_airspace_closure;case_2023_niger_coup_uranium_supply_risk;case_2022_chile_lithium_policy_shift;case_2020_indonesia_nickel_export_ban;case_2021_belarus_potash_sanctions;case_2021_xinjiang_forced_labor_import_restrictions;case_2024_ev_tariff_escalation_china;case_2023_south_china_sea_shipping_tensions;case_2024_drc_cobalt_copper_mining_disruption;case_2023_mexico_nearshoring_cross_border_policy_risk;case_2023_eu_carbon_border_adjustment_mechanism;case_2021_myanmar_coup_supply_chain_disruption;case_2014_crimea_financial_sanctions;case_2018_iran_swift_restrictions;case_2019_cosco_shipping_sanctions_tanker_market;case_2009_russia_ukraine_gas_transit_dispute;case_2011_libya_civil_war_oil_disruption;case_2010_china_japan_rare_earth_embargo;case_2022_peru_mine_protests_copper_supply;case_2023_panama_cobre_mine_closure;case_2008_rice_export_restrictions_food_security;case_2022_russia_fertilizer_export_restrictions;case_2023_dp_world_australia_cyber_port_disruption;case_2019_turkey_f35_s400_defense_restrictions,28,case_2018_2019_us_china_tariffs;case_uranium_nuclear_fuel_supply_disruption;case_2022_russia_swift_financial_sanctions;case_2024_us_east_gulf_port_strike;case_2022_india_wheat_export_ban;case_2022_russia_aviation_supply_chain_sanctions;case_2017_north_korea_missile_escalation;case_2019_india_pakistan_airspace_closure;case_2023_niger_coup_uranium_supply_risk;case_2022_chile_lithium_policy_shift;case_2020_indonesia_nickel_export_ban;case_2021_belarus_potash_sanctions;case_2023_south_china_sea_shipping_tensions;case_2024_drc_cobalt_copper_mining_disruption;case_2023_mexico_nearshoring_cross_border_policy_risk;case_2023_eu_carbon_border_adjustment_mechanism;case_2021_myanmar_coup_supply_chain_disruption;case_2014_crimea_financial_sanctions;case_2018_iran_swift_restrictions;case_2019_cosco_shipping_sanctions_tanker_market;case_2009_russia_ukraine_gas_transit_dispute;case_2011_libya_civil_war_oil_disruption;case_2010_china_japan_rare_earth_embargo;case_2022_peru_mine_protests_copper_supply;case_2008_rice_export_restrictions_food_security;case_2022_russia_fertilizer_export_restrictions;case_2023_dp_world_australia_cyber_port_disruption;case_2019_turkey_f35_s400_defense_restrictions,False,False,
validation_v3,v3_20240821_sounion_tanker_attack,MV Sounion oil tanker attacked in the Red Sea,defense,1,case_1987_1988_tanker_war_reflagging,2,False,True,0,15,case_taiwan_strait_semiconductor_risk;case_rare_earth_export_restriction_risk;case_israel_iran_escalation_energy_risk;case_defense_spending_shock_after_escalation;case_2023_middle_east_defense_supply_escalation;case_2024_taiwan_strait_drills_semiconductor_supply;case_2022_abu_dhabi_oil_facility_attack;case_2022_russia_aviation_supply_chain_sanctions;case_2017_north_korea_missile_escalation;case_2019_india_pakistan_airspace_closure;case_2022_ukraine_electricity_grid_attacks;case_2023_south_china_sea_shipping_tensions;case_1987_1988_tanker_war_reflagging;case_2010_china_japan_rare_earth_embargo;case_2019_turkey_f35_s400_defense_restrictions,14,case_taiwan_strait_semiconductor_risk;case_rare_earth_export_restriction_risk;case_israel_iran_escalation_energy_risk;case_defense_spending_shock_after_escalation;case_2023_middle_east_defense_supply_escalation;case_2024_taiwan_strait_drills_semiconductor_supply;case_2022_abu_dhabi_oil_facility_attack;case_2022_russia_aviation_supply_chain_sanctions;case_2017_north_korea_missile_escalation;case_2019_india_pakistan_airspace_closure;case_2022_ukraine_electricity_grid_attacks;case_2023_south_china_sea_shipping_tensions;case_2010_china_japan_rare_earth_embargo;case_2019_turkey_f35_s400_defense_restrictions,True,False,
validation_v3,v3_20240821_sounion_tanker_attack,MV Sounion oil tanker attacked in the Red Sea,energy,2,case_1987_1988_tanker_war_reflagging;case_hormuz_tanker_tensions,2,True,True,2,28,case_2021_suez_blockage;case_hormuz_tanker_tensions;case_russia_ukraine_energy_shock;case_2022_gas_fertilizer_shock;case_middle_east_oil_supply_disruption;case_rare_earth_export_restriction_risk;case_opec_production_cut_policy_shock;case_israel_iran_escalation_energy_risk;case_cyberattack_pipeline_port_infrastructure;case_uranium_nuclear_fuel_supply_disruption;case_2022_russia_swift_financial_sanctions;case_2020_opec_plus_production_cut;case_2022_abu_dhabi_oil_facility_attack;case_2018_iran_oil_sanctions_reimposition;case_2019_venezuela_oil_sanctions;case_2022_nord_stream_pipeline_sabotage;case_2022_ukraine_electricity_grid_attacks;case_2023_niger_coup_uranium_supply_risk;case_2023_eu_carbon_border_adjustment_mechanism;case_2023_arctic_lng_russian_energy_shipping_sanctions;case_1987_1988_tanker_war_reflagging;case_2014_crimea_financial_sanctions;case_2009_russia_ukraine_gas_transit_dispute;case_2011_libya_civil_war_oil_disruption;case_2024_ukraine_drone_attacks_russian_refineries;case_2022_russia_fertilizer_export_restrictions;case_2021_colonial_pipeline_ransomware;case_2022_russia_airspace_closure_aviation_routes,26,case_2021_suez_blockage;case_russia_ukraine_energy_shock;case_2022_gas_fertilizer_shock;case_middle_east_oil_supply_disruption;case_rare_earth_export_restriction_risk;case_opec_production_cut_policy_shock;case_israel_iran_escalation_energy_risk;case_cyberattack_pipeline_port_infrastructure;case_uranium_nuclear_fuel_supply_disruption;case_2022_russia_swift_financial_sanctions;case_2020_opec_plus_production_cut;case_2022_abu_dhabi_oil_facility_attack;case_2018_iran_oil_sanctions_reimposition;case_2019_venezuela_oil_sanctions;case_2022_nord_stream_pipeline_sabotage;case_2022_ukraine_electricity_grid_attacks;case_2023_niger_coup_uranium_supply_risk;case_2023_eu_carbon_border_adjustment_mechanism;case_2023_arctic_lng_russian_energy_shipping_sanctions;case_2014_crimea_financial_sanctions;case_2009_russia_ukraine_gas_transit_dispute;case_2011_libya_civil_war_oil_disruption;case_2024_ukraine_drone_attacks_russian_refineries;case_2022_russia_fertilizer_export_restrictions;case_2021_colonial_pipeline_ransomware;case_2022_russia_airspace_closure_aviation_routes,False,False,
validation_v3,v3_20240821_sounion_tanker_attack,MV Sounion oil tanker attacked in the Red Sea,refining,1,case_hormuz_tanker_tensions,2,False,True,0,12,case_hormuz_tanker_tensions;case_russia_ukraine_energy_shock;case_middle_east_oil_supply_disruption;case_opec_production_cut_policy_shock;case_israel_iran_escalation_energy_risk;case_2020_opec_plus_production_cut;case_2022_abu_dhabi_oil_facility_attack;case_2018_iran_oil_sanctions_reimposition;case_2019_venezuela_oil_sanctions;case_2011_libya_civil_war_oil_disruption;case_2024_ukraine_drone_attacks_russian_refineries;case_2021_colonial_pipeline_ransomware,11,case_russia_ukraine_energy_shock;case_middle_east_oil_supply_disruption;case_opec_production_cut_policy_shock;case_israel_iran_escalation_energy_risk;case_2020_opec_plus_production_cut;case_2022_abu_dhabi_oil_facility_attack;case_2018_iran_oil_sanctions_reimposition;case_2019_venezuela_oil_sanctions;case_2011_libya_civil_war_oil_disruption;case_2024_ukraine_drone_attacks_russian_refineries;case_2021_colonial_pipeline_ransomware,True,False,
validation_v3,v3_20250110_us_russia_oil_sanctions,U.S. sanctions Russian oil producers and shadow-fleet vessels,financial_sanctions,3,case_2023_arctic_lng_russian_energy_shipping_sanctions;case_2018_iran_oil_sanctions_reimposition;case_2019_venezuela_oil_sanctions,2,True,True,2,8,case_2022_russia_swift_financial_sanctions;case_2018_iran_oil_sanctions_reimposition;case_2019_venezuela_oil_sanctions;case_2023_arctic_lng_russian_energy_shipping_sanctions;case_2022_turkey_strait_tanker_insurance_backlog;case_2014_crimea_financial_sanctions;case_2018_iran_swift_restrictions;case_2019_cosco_shipping_sanctions_tanker_market,5,case_2022_russia_swift_financial_sanctions;case_2022_turkey_strait_tanker_insurance_backlog;case_2014_crimea_financial_sanctions;case_2018_iran_swift_restrictions;case_2019_cosco_shipping_sanctions_tanker_market,False,False,
validation_v3,v3_20250110_us_russia_oil_sanctions,U.S. sanctions Russian oil producers and shadow-fleet vessels,marine_insurance,2,case_2023_arctic_lng_russian_energy_shipping_sanctions;case_2018_iran_oil_sanctions_reimposition,2,True,True,2,12,case_2023_red_sea_attacks;case_hormuz_tanker_tensions;case_israel_iran_escalation_energy_risk;case_2018_iran_oil_sanctions_reimposition;case_2023_black_sea_shipping_insurance_restrictions;case_2023_south_china_sea_shipping_tensions;case_2023_arctic_lng_russian_energy_shipping_sanctions;case_1987_1988_tanker_war_reflagging;case_2008_somali_piracy_gulf_of_aden;case_2022_turkey_strait_tanker_insurance_backlog;case_2018_iran_swift_restrictions;case_2019_cosco_shipping_sanctions_tanker_market,10,case_2023_red_sea_attacks;case_hormuz_tanker_tensions;case_israel_iran_escalation_energy_risk;case_2023_black_sea_shipping_insurance_restrictions;case_2023_south_china_sea_shipping_tensions;case_1987_1988_tanker_war_reflagging;case_2008_somali_piracy_gulf_of_aden;case_2022_turkey_strait_tanker_insurance_backlog;case_2018_iran_swift_restrictions;case_2019_cosco_shipping_sanctions_tanker_market,False,False,
validation_v3,v3_20250110_us_russia_oil_sanctions,U.S. sanctions Russian oil producers and shadow-fleet vessels,maritime_chokepoint,1,case_2023_arctic_lng_russian_energy_shipping_sanctions,2,False,True,0,12,case_2021_suez_blockage;case_2023_red_sea_attacks;case_hormuz_tanker_tensions;case_panama_canal_drought_shipping_capacity;case_black_sea_grain_export_disruption;case_israel_iran_escalation_energy_risk;case_2023_black_sea_shipping_insurance_restrictions;case_2023_south_china_sea_shipping_tensions;case_2023_arctic_lng_russian_energy_shipping_sanctions;case_1987_1988_tanker_war_reflagging;case_2008_somali_piracy_gulf_of_aden;case_2022_turkey_strait_tanker_insurance_backlog,11,case_2021_suez_blockage;case_2023_red_sea_attacks;case_hormuz_tanker_tensions;case_panama_canal_drought_shipping_capacity;case_black_sea_grain_export_disruption;case_israel_iran_escalation_energy_risk;case_2023_black_sea_shipping_insurance_restrictions;case_2023_south_china_sea_shipping_tensions;case_1987_1988_tanker_war_reflagging;case_2008_somali_piracy_gulf_of_aden;case_2022_turkey_strait_tanker_insurance_backlog,True,False,
validation_v3,v3_20250110_us_russia_oil_sanctions,U.S. sanctions Russian oil producers and shadow-fleet vessels,oil_shipping,3,case_2023_arctic_lng_russian_energy_shipping_sanctions;case_2018_iran_oil_sanctions_reimposition;case_2019_venezuela_oil_sanctions,2,True,True,2,17,case_2023_red_sea_attacks;case_hormuz_tanker_tensions;case_middle_east_oil_supply_disruption;case_opec_production_cut_policy_shock;case_israel_iran_escalation_energy_risk;case_2020_opec_plus_production_cut;case_2022_abu_dhabi_oil_facility_attack;case_2018_iran_oil_sanctions_reimposition;case_2019_venezuela_oil_sanctions;case_2023_arctic_lng_russian_energy_shipping_sanctions;case_1987_1988_tanker_war_reflagging;case_2008_somali_piracy_gulf_of_aden;case_2022_turkey_strait_tanker_insurance_backlog;case_2018_iran_swift_restrictions;case_2019_cosco_shipping_sanctions_tanker_market;case_2011_libya_civil_war_oil_disruption;case_2024_ukraine_drone_attacks_russian_refineries,14,case_2023_red_sea_attacks;case_hormuz_tanker_tensions;case_middle_east_oil_supply_disruption;case_opec_production_cut_policy_shock;case_israel_iran_escalation_energy_risk;case_2020_opec_plus_production_cut;case_2022_abu_dhabi_oil_facility_attack;case_1987_1988_tanker_war_reflagging;case_2008_somali_piracy_gulf_of_aden;case_2022_turkey_strait_tanker_insurance_backlog;case_2018_iran_swift_restrictions;case_2019_cosco_shipping_sanctions_tanker_market;case_2011_libya_civil_war_oil_disruption;case_2024_ukraine_drone_attacks_russian_refineries,False,False,
validation_v3,v3_20250110_us_russia_oil_sanctions,U.S. sanctions Russian oil producers and shadow-fleet vessels,payment_networks,3,case_2023_arctic_lng_russian_energy_shipping_sanctions;case_2018_iran_oil_sanctions_reimposition;case_2019_venezuela_oil_sanctions,2,True,True,2,7,case_2022_russia_swift_financial_sanctions;case_2018_iran_oil_sanctions_reimposition;case_2019_venezuela_oil_sanctions;case_2023_arctic_lng_russian_energy_shipping_sanctions;case_2014_crimea_financial_sanctions;case_2018_iran_swift_restrictions;case_2019_cosco_shipping_sanctions_tanker_market,4,case_2022_russia_swift_financial_sanctions;case_2014_crimea_financial_sanctions;case_2018_iran_swift_restrictions;case_2019_cosco_shipping_sanctions_tanker_market,False,False,
validation_v3,v3_20250224_eu_16th_russia_sanctions,EU adopts 16th Russia sanctions package targeting shadow fleet and military suppliers,customs,1,case_2014_crimea_financial_sanctions,2,False,True,0,32,case_2023_dutch_asml_controls;case_2019_huawei_entity_list;case_2018_2019_us_china_tariffs;case_china_gallium_germanium_graphite_controls;case_uranium_nuclear_fuel_supply_disruption;case_2022_russia_swift_financial_sanctions;case_2023_china_graphite_battery_export_controls;case_2022_india_wheat_export_ban;case_2022_russia_aviation_supply_chain_sanctions;case_2023_niger_coup_uranium_supply_risk;case_2022_chile_lithium_policy_shift;case_2020_indonesia_nickel_export_ban;case_2021_belarus_potash_sanctions;case_2021_xinjiang_forced_labor_import_restrictions;case_2024_ev_tariff_escalation_china;case_2024_drc_cobalt_copper_mining_disruption;case_2023_mexico_nearshoring_cross_border_policy_risk;case_2023_eu_carbon_border_adjustment_mechanism;case_2021_myanmar_coup_supply_chain_disruption;case_2022_turkey_strait_tanker_insurance_backlog;case_2014_crimea_financial_sanctions;case_2018_iran_swift_restrictions;case_2019_cosco_shipping_sanctions_tanker_market;case_2010_china_japan_rare_earth_embargo;case_2022_peru_mine_protests_copper_supply;case_2023_panama_cobre_mine_closure;case_2008_rice_export_restrictions_food_security;case_2022_russia_fertilizer_export_restrictions;case_2020_smic_entity_list_semiconductor_controls;case_2023_japan_chip_equipment_export_controls;case_2019_turkey_f35_s400_defense_restrictions;case_2022_russia_airspace_closure_aviation_routes,31,case_2023_dutch_asml_controls;case_2019_huawei_entity_list;case_2018_2019_us_china_tariffs;case_china_gallium_germanium_graphite_controls;case_uranium_nuclear_fuel_supply_disruption;case_2022_russia_swift_financial_sanctions;case_2023_china_graphite_battery_export_controls;case_2022_india_wheat_export_ban;case_2022_russia_aviation_supply_chain_sanctions;case_2023_niger_coup_uranium_supply_risk;case_2022_chile_lithium_policy_shift;case_2020_indonesia_nickel_export_ban;case_2021_belarus_potash_sanctions;case_2021_xinjiang_forced_labor_import_restrictions;case_2024_ev_tariff_escalation_china;case_2024_drc_cobalt_copper_mining_disruption;case_2023_mexico_nearshoring_cross_border_policy_risk;case_2023_eu_carbon_border_adjustment_mechanism;case_2021_myanmar_coup_supply_chain_disruption;case_2022_turkey_strait_tanker_insurance_backlog;case_2018_iran_swift_restrictions;case_2019_cosco_shipping_sanctions_tanker_market;case_2010_china_japan_rare_earth_embargo;case_2022_peru_mine_protests_copper_supply;case_2023_panama_cobre_mine_closure;case_2008_rice_export_restrictions_food_security;case_2022_russia_fertilizer_export_restrictions;case_2020_smic_entity_list_semiconductor_controls;case_2023_japan_chip_equipment_export_controls;case_2019_turkey_f35_s400_defense_restrictions;case_2022_russia_airspace_closure_aviation_routes,True,False,
validation_v3,v3_20250224_eu_16th_russia_sanctions,EU adopts 16th Russia sanctions package targeting shadow fleet and military suppliers,financial_sanctions,3,case_2023_arctic_lng_russian_energy_shipping_sanctions;case_2014_crimea_financial_sanctions;case_2018_iran_oil_sanctions_reimposition,2,True,True,2,8,case_2022_russia_swift_financial_sanctions;case_2018_iran_oil_sanctions_reimposition;case_2019_venezuela_oil_sanctions;case_2023_arctic_lng_russian_energy_shipping_sanctions;case_2022_turkey_strait_tanker_insurance_backlog;case_2014_crimea_financial_sanctions;case_2018_iran_swift_restrictions;case_2019_cosco_shipping_sanctions_tanker_market,5,case_2022_russia_swift_financial_sanctions;case_2019_venezuela_oil_sanctions;case_2022_turkey_strait_tanker_insurance_backlog;case_2018_iran_swift_restrictions;case_2019_cosco_shipping_sanctions_tanker_market,False,False,
validation_v3,v3_20250224_eu_16th_russia_sanctions,EU adopts 16th Russia sanctions package targeting shadow fleet and military suppliers,marine_insurance,2,case_2023_arctic_lng_russian_energy_shipping_sanctions;case_2018_iran_oil_sanctions_reimposition,2,True,True,2,12,case_2023_red_sea_attacks;case_hormuz_tanker_tensions;case_israel_iran_escalation_energy_risk;case_2018_iran_oil_sanctions_reimposition;case_2023_black_sea_shipping_insurance_restrictions;case_2023_south_china_sea_shipping_tensions;case_2023_arctic_lng_russian_energy_shipping_sanctions;case_1987_1988_tanker_war_reflagging;case_2008_somali_piracy_gulf_of_aden;case_2022_turkey_strait_tanker_insurance_backlog;case_2018_iran_swift_restrictions;case_2019_cosco_shipping_sanctions_tanker_market,10,case_2023_red_sea_attacks;case_hormuz_tanker_tensions;case_israel_iran_escalation_energy_risk;case_2023_black_sea_shipping_insurance_restrictions;case_2023_south_china_sea_shipping_tensions;case_1987_1988_tanker_war_reflagging;case_2008_somali_piracy_gulf_of_aden;case_2022_turkey_strait_tanker_insurance_backlog;case_2018_iran_swift_restrictions;case_2019_cosco_shipping_sanctions_tanker_market,False,False,
validation_v3,v3_20250224_eu_16th_russia_sanctions,EU adopts 16th Russia sanctions package targeting shadow fleet and military suppliers,maritime_chokepoint,1,case_2023_arctic_lng_russian_energy_shipping_sanctions,2,False,True,0,12,case_2021_suez_blockage;case_2023_red_sea_attacks;case_hormuz_tanker_tensions;case_panama_canal_drought_shipping_capacity;case_black_sea_grain_export_disruption;case_israel_iran_escalation_energy_risk;case_2023_black_sea_shipping_insurance_restrictions;case_2023_south_china_sea_shipping_tensions;case_2023_arctic_lng_russian_energy_shipping_sanctions;case_1987_1988_tanker_war_reflagging;case_2008_somali_piracy_gulf_of_aden;case_2022_turkey_strait_tanker_insurance_backlog,11,case_2021_suez_blockage;case_2023_red_sea_attacks;case_hormuz_tanker_tensions;case_panama_canal_drought_shipping_capacity;case_black_sea_grain_export_disruption;case_israel_iran_escalation_energy_risk;case_2023_black_sea_shipping_insurance_restrictions;case_2023_south_china_sea_shipping_tensions;case_1987_1988_tanker_war_reflagging;case_2008_somali_piracy_gulf_of_aden;case_2022_turkey_strait_tanker_insurance_backlog,True,False,
validation_v3,v3_20250224_eu_16th_russia_sanctions,EU adopts 16th Russia sanctions package targeting shadow fleet and military suppliers,oil_shipping,2,case_2023_arctic_lng_russian_energy_shipping_sanctions;case_2018_iran_oil_sanctions_reimposition,2,True,True,2,17,case_2023_red_sea_attacks;case_hormuz_tanker_tensions;case_middle_east_oil_supply_disruption;case_opec_production_cut_policy_shock;case_israel_iran_escalation_energy_risk;case_2020_opec_plus_production_cut;case_2022_abu_dhabi_oil_facility_attack;case_2018_iran_oil_sanctions_reimposition;case_2019_venezuela_oil_sanctions;case_2023_arctic_lng_russian_energy_shipping_sanctions;case_1987_1988_tanker_war_reflagging;case_2008_somali_piracy_gulf_of_aden;case_2022_turkey_strait_tanker_insurance_backlog;case_2018_iran_swift_restrictions;case_2019_cosco_shipping_sanctions_tanker_market;case_2011_libya_civil_war_oil_disruption;case_2024_ukraine_drone_attacks_russian_refineries,15,case_2023_red_sea_attacks;case_hormuz_tanker_tensions;case_middle_east_oil_supply_disruption;case_opec_production_cut_policy_shock;case_israel_iran_escalation_energy_risk;case_2020_opec_plus_production_cut;case_2022_abu_dhabi_oil_facility_attack;case_2019_venezuela_oil_sanctions;case_1987_1988_tanker_war_reflagging;case_2008_somali_piracy_gulf_of_aden;case_2022_turkey_strait_tanker_insurance_backlog;case_2018_iran_swift_restrictions;case_2019_cosco_shipping_sanctions_tanker_market;case_2011_libya_civil_war_oil_disruption;case_2024_ukraine_drone_attacks_russian_refineries,False,False,
validation_v3,v3_20250224_eu_16th_russia_sanctions,EU adopts 16th Russia sanctions package targeting shadow fleet and military suppliers,payment_networks,3,case_2023_arctic_lng_russian_energy_shipping_sanctions;case_2014_crimea_financial_sanctions;case_2018_iran_oil_sanctions_reimposition,2,True,True,2,7,case_2022_russia_swift_financial_sanctions;case_2018_iran_oil_sanctions_reimposition;case_2019_venezuela_oil_sanctions;case_2023_arctic_lng_russian_energy_shipping_sanctions;case_2014_crimea_financial_sanctions;case_2018_iran_swift_restrictions;case_2019_cosco_shipping_sanctions_tanker_market,4,case_2022_russia_swift_financial_sanctions;case_2019_venezuela_oil_sanctions;case_2018_iran_swift_restrictions;case_2019_cosco_shipping_sanctions_tanker_market,False,False,
validation_v3,v3_20250224_eu_16th_russia_sanctions,EU adopts 16th Russia sanctions package targeting shadow fleet and military suppliers,trade_lanes,1,case_2014_crimea_financial_sanctions,2,False,True,0,31,case_2018_2019_us_china_tariffs;case_uranium_nuclear_fuel_supply_disruption;case_2022_russia_swift_financial_sanctions;case_2024_us_east_gulf_port_strike;case_2022_india_wheat_export_ban;case_2022_russia_aviation_supply_chain_sanctions;case_2017_north_korea_missile_escalation;case_2019_india_pakistan_airspace_closure;case_2023_niger_coup_uranium_supply_risk;case_2022_chile_lithium_policy_shift;case_2020_indonesia_nickel_export_ban;case_2021_belarus_potash_sanctions;case_2021_xinjiang_forced_labor_import_restrictions;case_2024_ev_tariff_escalation_china;case_2023_south_china_sea_shipping_tensions;case_2024_drc_cobalt_copper_mining_disruption;case_2023_mexico_nearshoring_cross_border_policy_risk;case_2023_eu_carbon_border_adjustment_mechanism;case_2021_myanmar_coup_supply_chain_disruption;case_2014_crimea_financial_sanctions;case_2018_iran_swift_restrictions;case_2019_cosco_shipping_sanctions_tanker_market;case_2009_russia_ukraine_gas_transit_dispute;case_2011_libya_civil_war_oil_disruption;case_2010_china_japan_rare_earth_embargo;case_2022_peru_mine_protests_copper_supply;case_2023_panama_cobre_mine_closure;case_2008_rice_export_restrictions_food_security;case_2022_russia_fertilizer_export_restrictions;case_2023_dp_world_australia_cyber_port_disruption;case_2019_turkey_f35_s400_defense_restrictions,30,case_2018_2019_us_china_tariffs;case_uranium_nuclear_fuel_supply_disruption;case_2022_russia_swift_financial_sanctions;case_2024_us_east_gulf_port_strike;case_2022_india_wheat_export_ban;case_2022_russia_aviation_supply_chain_sanctions;case_2017_north_korea_missile_escalation;case_2019_india_pakistan_airspace_closure;case_2023_niger_coup_uranium_supply_risk;case_2022_chile_lithium_policy_shift;case_2020_indonesia_nickel_export_ban;case_2021_belarus_potash_sanctions;case_2021_xinjiang_forced_labor_import_restrictions;case_2024_ev_tariff_escalation_china;case_2023_south_china_sea_shipping_tensions;case_2024_drc_cobalt_copper_mining_disruption;case_2023_mexico_nearshoring_cross_border_policy_risk;case_2023_eu_carbon_border_adjustment_mechanism;case_2021_myanmar_coup_supply_chain_disruption;case_2018_iran_swift_restrictions;case_2019_cosco_shipping_sanctions_tanker_market;case_2009_russia_ukraine_gas_transit_dispute;case_2011_libya_civil_war_oil_disruption;case_2010_china_japan_rare_earth_embargo;case_2022_peru_mine_protests_copper_supply;case_2023_panama_cobre_mine_closure;case_2008_rice_export_restrictions_food_security;case_2022_russia_fertilizer_export_restrictions;case_2023_dp_world_australia_cyber_port_disruption;case_2019_turkey_f35_s400_defense_restrictions,True,False,
validation_v3,v3_20250201_canada_mexico_china_tariffs,"U.S. imposes tariffs on imports from Canada, Mexico and China",battery_materials,1,case_2024_ev_tariff_escalation_china,2,False,True,0,7,case_2023_china_graphite_battery_export_controls;case_2022_chile_lithium_policy_shift;case_2020_indonesia_nickel_export_ban;case_2024_ev_tariff_escalation_china;case_2024_drc_cobalt_copper_mining_disruption;case_2022_peru_mine_protests_copper_supply;case_2023_panama_cobre_mine_closure,6,case_2023_china_graphite_battery_export_controls;case_2022_chile_lithium_policy_shift;case_2020_indonesia_nickel_export_ban;case_2024_drc_cobalt_copper_mining_disruption;case_2022_peru_mine_protests_copper_supply;case_2023_panama_cobre_mine_closure,True,False,
validation_v3,v3_20250201_canada_mexico_china_tariffs,"U.S. imposes tariffs on imports from Canada, Mexico and China",critical_minerals,2,case_2024_ev_tariff_escalation_china;case_2021_xinjiang_forced_labor_import_restrictions,2,True,True,2,12,case_rare_earth_export_restriction_risk;case_china_gallium_germanium_graphite_controls;case_2023_china_graphite_battery_export_controls;case_2022_chile_lithium_policy_shift;case_2020_indonesia_nickel_export_ban;case_2021_xinjiang_forced_labor_import_restrictions;case_2024_ev_tariff_escalation_china;case_2024_drc_cobalt_copper_mining_disruption;case_2023_eu_carbon_border_adjustment_mechanism;case_2010_china_japan_rare_earth_embargo;case_2022_peru_mine_protests_copper_supply;case_2023_panama_cobre_mine_closure,10,case_rare_earth_export_restriction_risk;case_china_gallium_germanium_graphite_controls;case_2023_china_graphite_battery_export_controls;case_2022_chile_lithium_policy_shift;case_2020_indonesia_nickel_export_ban;case_2024_drc_cobalt_copper_mining_disruption;case_2023_eu_carbon_border_adjustment_mechanism;case_2010_china_japan_rare_earth_embargo;case_2022_peru_mine_protests_copper_supply;case_2023_panama_cobre_mine_closure,False,False,
