event_source,event_id,event_name,node,retrieved_supporting_case_count,retrieved_supporting_case_ids,required_support,accepted,mapped,mapped_asset_count,kb_case_count_for_node,kb_case_ids_for_node,kb_cases_outside_top_k_count,kb_cases_outside_top_k,potential_retrieval_bottleneck,potential_mapping_bottleneck,closest_mapping_labels
evaluation_cases,eval_red_sea_shipping_disruption,eval_red_sea_shipping_disruption,agriculture,2,case_panama_canal_drought_shipping_capacity;case_2023_black_sea_shipping_insurance_restrictions,2,True,True,2,10,case_2018_2019_us_china_tariffs;case_2022_gas_fertilizer_shock;case_panama_canal_drought_shipping_capacity;case_black_sea_grain_export_disruption;case_2022_india_wheat_export_ban;case_2021_belarus_potash_sanctions;case_2023_black_sea_shipping_insurance_restrictions;case_2021_myanmar_coup_supply_chain_disruption;case_2008_rice_export_restrictions_food_security;case_2022_russia_fertilizer_export_restrictions,8,case_2018_2019_us_china_tariffs;case_2022_gas_fertilizer_shock;case_black_sea_grain_export_disruption;case_2022_india_wheat_export_ban;case_2021_belarus_potash_sanctions;case_2021_myanmar_coup_supply_chain_disruption;case_2008_rice_export_restrictions_food_security;case_2022_russia_fertilizer_export_restrictions,False,False,
evaluation_cases,eval_red_sea_shipping_disruption,eval_red_sea_shipping_disruption,aviation,1,case_2019_india_pakistan_airspace_closure,2,False,True,0,11,case_middle_east_oil_supply_disruption;case_opec_production_cut_policy_shock;case_2020_opec_plus_production_cut;case_2022_abu_dhabi_oil_facility_attack;case_2022_russia_aviation_supply_chain_sanctions;case_2017_north_korea_missile_escalation;case_2019_india_pakistan_airspace_closure;case_2011_libya_civil_war_oil_disruption;case_2024_ukraine_drone_attacks_russian_refineries;case_2021_colonial_pipeline_ransomware;case_2022_russia_airspace_closure_aviation_routes,10,case_middle_east_oil_supply_disruption;case_opec_production_cut_policy_shock;case_2020_opec_plus_production_cut;case_2022_abu_dhabi_oil_facility_attack;case_2022_russia_aviation_supply_chain_sanctions;case_2017_north_korea_missile_escalation;case_2011_libya_civil_war_oil_disruption;case_2024_ukraine_drone_attacks_russian_refineries;case_2021_colonial_pipeline_ransomware;case_2022_russia_airspace_closure_aviation_routes,True,False,
evaluation_cases,eval_red_sea_shipping_disruption,eval_red_sea_shipping_disruption,customs,1,case_2022_turkey_strait_tanker_insurance_backlog,2,False,True,0,32,case_2023_dutch_asml_controls;case_2019_huawei_entity_list;case_2018_2019_us_china_tariffs;case_china_gallium_germanium_graphite_controls;case_uranium_nuclear_fuel_supply_disruption;case_2022_russia_swift_financial_sanctions;case_2023_china_graphite_battery_export_controls;case_2022_india_wheat_export_ban;case_2022_russia_aviation_supply_chain_sanctions;case_2023_niger_coup_uranium_supply_risk;case_2022_chile_lithium_policy_shift;case_2020_indonesia_nickel_export_ban;case_2021_belarus_potash_sanctions;case_2021_xinjiang_forced_labor_import_restrictions;case_2024_ev_tariff_escalation_china;case_2024_drc_cobalt_copper_mining_disruption;case_2023_mexico_nearshoring_cross_border_policy_risk;case_2023_eu_carbon_border_adjustment_mechanism;case_2021_myanmar_coup_supply_chain_disruption;case_2022_turkey_strait_tanker_insurance_backlog;case_2014_crimea_financial_sanctions;case_2018_iran_swift_restrictions;case_2019_cosco_shipping_sanctions_tanker_market;case_2010_china_japan_rare_earth_embargo;case_2022_peru_mine_protests_copper_supply;case_2023_panama_cobre_mine_closure;case_2008_rice_export_restrictions_food_security;case_2022_russia_fertilizer_export_restrictions;case_2020_smic_entity_list_semiconductor_controls;case_2023_japan_chip_equipment_export_controls;case_2019_turkey_f35_s400_defense_restrictions;case_2022_russia_airspace_closure_aviation_routes,31,case_2023_dutch_asml_controls;case_2019_huawei_entity_list;case_2018_2019_us_china_tariffs;case_china_gallium_germanium_graphite_controls;case_uranium_nuclear_fuel_supply_disruption;case_2022_russia_swift_financial_sanctions;case_2023_china_graphite_battery_export_controls;case_2022_india_wheat_export_ban;case_2022_russia_aviation_supply_chain_sanctions;case_2023_niger_coup_uranium_supply_risk;case_2022_chile_lithium_policy_shift;case_2020_indonesia_nickel_export_ban;case_2021_belarus_potash_sanctions;case_2021_xinjiang_forced_labor_import_restrictions;case_2024_ev_tariff_escalation_china;case_2024_drc_cobalt_copper_mining_disruption;case_2023_mexico_nearshoring_cross_border_policy_risk;case_2023_eu_carbon_border_adjustment_mechanism;case_2021_myanmar_coup_supply_chain_disruption;case_2014_crimea_financial_sanctions;case_2018_iran_swift_restrictions;case_2019_cosco_shipping_sanctions_tanker_market;case_2010_china_japan_rare_earth_embargo;case_2022_peru_mine_protests_copper_supply;case_2023_panama_cobre_mine_closure;case_2008_rice_export_restrictions_food_security;case_2022_russia_fertilizer_export_restrictions;case_2020_smic_entity_list_semiconductor_controls;case_2023_japan_chip_equipment_export_controls;case_2019_turkey_f35_s400_defense_restrictions;case_2022_russia_airspace_closure_aviation_routes,True,False,
evaluation_cases,eval_red_sea_shipping_disruption,eval_red_sea_shipping_disruption,defense,3,case_2023_south_china_sea_shipping_tensions;case_1987_1988_tanker_war_reflagging;case_2019_india_pakistan_airspace_closure,2,True,True,2,15,case_taiwan_strait_semiconductor_risk;case_rare_earth_export_restriction_risk;case_israel_iran_escalation_energy_risk;case_defense_spending_shock_after_escalation;case_2023_middle_east_defense_supply_escalation;case_2024_taiwan_strait_drills_semiconductor_supply;case_2022_abu_dhabi_oil_facility_attack;case_2022_russia_aviation_supply_chain_sanctions;case_2017_north_korea_missile_escalation;case_2019_india_pakistan_airspace_closure;case_2022_ukraine_electricity_grid_attacks;case_2023_south_china_sea_shipping_tensions;case_1987_1988_tanker_war_reflagging;case_2010_china_japan_rare_earth_embargo;case_2019_turkey_f35_s400_defense_restrictions,12,case_taiwan_strait_semiconductor_risk;case_rare_earth_export_restriction_risk;case_israel_iran_escalation_energy_risk;case_defense_spending_shock_after_escalation;case_2023_middle_east_defense_supply_escalation;case_2024_taiwan_strait_drills_semiconductor_supply;case_2022_abu_dhabi_oil_facility_attack;case_2022_russia_aviation_supply_chain_sanctions;case_2017_north_korea_missile_escalation;case_2022_ukraine_electricity_grid_attacks;case_2010_china_japan_rare_earth_embargo;case_2019_turkey_f35_s400_defense_restrictions,False,False,
evaluation_cases,eval_red_sea_shipping_disruption,eval_red_sea_shipping_disruption,energy,3,case_2021_suez_blockage;case_2023_arctic_lng_russian_energy_shipping_sanctions;case_1987_1988_tanker_war_reflagging,2,True,True,2,28,case_2021_suez_blockage;case_hormuz_tanker_tensions;case_russia_ukraine_energy_shock;case_2022_gas_fertilizer_shock;case_middle_east_oil_supply_disruption;case_rare_earth_export_restriction_risk;case_opec_production_cut_policy_shock;case_israel_iran_escalation_energy_risk;case_cyberattack_pipeline_port_infrastructure;case_uranium_nuclear_fuel_supply_disruption;case_2022_russia_swift_financial_sanctions;case_2020_opec_plus_production_cut;case_2022_abu_dhabi_oil_facility_attack;case_2018_iran_oil_sanctions_reimposition;case_2019_venezuela_oil_sanctions;case_2022_nord_stream_pipeline_sabotage;case_2022_ukraine_electricity_grid_attacks;case_2023_niger_coup_uranium_supply_risk;case_2023_eu_carbon_border_adjustment_mechanism;case_2023_arctic_lng_russian_energy_shipping_sanctions;case_1987_1988_tanker_war_reflagging;case_2014_crimea_financial_sanctions;case_2009_russia_ukraine_gas_transit_dispute;case_2011_libya_civil_war_oil_disruption;case_2024_ukraine_drone_attacks_russian_refineries;case_2022_russia_fertilizer_export_restrictions;case_2021_colonial_pipeline_ransomware;case_2022_russia_airspace_closure_aviation_routes,25,case_hormuz_tanker_tensions;case_russia_ukraine_energy_shock;case_2022_gas_fertilizer_shock;case_middle_east_oil_supply_disruption;case_rare_earth_export_restriction_risk;case_opec_production_cut_policy_shock;case_israel_iran_escalation_energy_risk;case_cyberattack_pipeline_port_infrastructure;case_uranium_nuclear_fuel_supply_disruption;case_2022_russia_swift_financial_sanctions;case_2020_opec_plus_production_cut;case_2022_abu_dhabi_oil_facility_attack;case_2018_iran_oil_sanctions_reimposition;case_2019_venezuela_oil_sanctions;case_2022_nord_stream_pipeline_sabotage;case_2022_ukraine_electricity_grid_attacks;case_2023_niger_coup_uranium_supply_risk;case_2023_eu_carbon_border_adjustment_mechanism;case_2014_crimea_financial_sanctions;case_2009_russia_ukraine_gas_transit_dispute;case_2011_libya_civil_war_oil_disruption;case_2024_ukraine_drone_attacks_russian_refineries;case_2022_russia_fertilizer_export_restrictions;case_2021_colonial_pipeline_ransomware;case_2022_russia_airspace_closure_aviation_routes,False,False,
evaluation_cases,eval_red_sea_shipping_disruption,eval_red_sea_shipping_disruption,financial_sanctions,2,case_2023_arctic_lng_russian_energy_shipping_sanctions;case_2022_turkey_strait_tanker_insurance_backlog,2,True,True,2,8,case_2022_russia_swift_financial_sanctions;case_2018_iran_oil_sanctions_reimposition;case_2019_venezuela_oil_sanctions;case_2023_arctic_lng_russian_energy_shipping_sanctions;case_2022_turkey_strait_tanker_insurance_backlog;case_2014_crimea_financial_sanctions;case_2018_iran_swift_restrictions;case_2019_cosco_shipping_sanctions_tanker_market,6,case_2022_russia_swift_financial_sanctions;case_2018_iran_oil_sanctions_reimposition;case_2019_venezuela_oil_sanctions;case_2014_crimea_financial_sanctions;case_2018_iran_swift_restrictions;case_2019_cosco_shipping_sanctions_tanker_market,False,False,
evaluation_cases,eval_red_sea_shipping_disruption,eval_red_sea_shipping_disruption,grain_exports,1,case_2023_black_sea_shipping_insurance_restrictions,2,False,True,0,4,case_black_sea_grain_export_disruption;case_2022_india_wheat_export_ban;case_2023_black_sea_shipping_insurance_restrictions;case_2008_rice_export_restrictions_food_security,3,case_black_sea_grain_export_disruption;case_2022_india_wheat_export_ban;case_2008_rice_export_restrictions_food_security,True,False,
evaluation_cases,eval_red_sea_shipping_disruption,eval_red_sea_shipping_disruption,manufacturing_inputs,1,case_2019_india_pakistan_airspace_closure,2,False,True,0,34,case_russia_ukraine_energy_shock;case_2019_huawei_entity_list;case_2018_2019_us_china_tariffs;case_2022_gas_fertilizer_shock;case_taiwan_strait_semiconductor_risk;case_rare_earth_export_restriction_risk;case_china_gallium_germanium_graphite_controls;case_defense_spending_shock_after_escalation;case_uranium_nuclear_fuel_supply_disruption;case_2023_port_of_nagoya_cyberattack;case_2023_middle_east_defense_supply_escalation;case_2023_china_graphite_battery_export_controls;case_2022_russia_aviation_supply_chain_sanctions;case_2017_north_korea_missile_escalation;case_2019_india_pakistan_airspace_closure;case_2022_nord_stream_pipeline_sabotage;case_2022_ukraine_electricity_grid_attacks;case_2022_chile_lithium_policy_shift;case_2020_indonesia_nickel_export_ban;case_2021_xinjiang_forced_labor_import_restrictions;case_2024_ev_tariff_escalation_china;case_2017_notpetya_shipping_logistics_cyberattack;case_2024_drc_cobalt_copper_mining_disruption;case_2023_mexico_nearshoring_cross_border_policy_risk;case_2023_eu_carbon_border_adjustment_mechanism;case_2021_myanmar_coup_supply_chain_disruption;case_2014_crimea_financial_sanctions;case_2009_russia_ukraine_gas_transit_dispute;case_2010_china_japan_rare_earth_embargo;case_2022_peru_mine_protests_copper_supply;case_2023_panama_cobre_mine_closure;case_2020_smic_entity_list_semiconductor_controls;case_2023_japan_chip_equipment_export_controls;case_2019_turkey_f35_s400_defense_restrictions,33,case_russia_ukraine_energy_shock;case_2019_huawei_entity_list;case_2018_2019_us_china_tariffs;case_2022_gas_fertilizer_shock;case_taiwan_strait_semiconductor_risk;case_rare_earth_export_restriction_risk;case_china_gallium_germanium_graphite_controls;case_defense_spending_shock_after_escalation;case_uranium_nuclear_fuel_supply_disruption;case_2023_port_of_nagoya_cyberattack;case_2023_middle_east_defense_supply_escalation;case_2023_china_graphite_battery_export_controls;case_2022_russia_aviation_supply_chain_sanctions;case_2017_north_korea_missile_escalation;case_2022_nord_stream_pipeline_sabotage;case_2022_ukraine_electricity_grid_attacks;case_2022_chile_lithium_policy_shift;case_2020_indonesia_nickel_export_ban;case_2021_xinjiang_forced_labor_import_restrictions;case_2024_ev_tariff_escalation_china;case_2017_notpetya_shipping_logistics_cyberattack;case_2024_drc_cobalt_copper_mining_disruption;case_2023_mexico_nearshoring_cross_border_policy_risk;case_2023_eu_carbon_border_adjustment_mechanism;case_2021_myanmar_coup_supply_chain_disruption;case_2014_crimea_financial_sanctions;case_2009_russia_ukraine_gas_transit_dispute;case_2010_china_japan_rare_earth_embargo;case_2022_peru_mine_protests_copper_supply;case_2023_panama_cobre_mine_closure;case_2020_smic_entity_list_semiconductor_controls;case_2023_japan_chip_equipment_export_controls;case_2019_turkey_f35_s400_defense_restrictions,True,False,
evaluation_cases,eval_red_sea_shipping_disruption,eval_red_sea_shipping_disruption,panama_canal,1,case_panama_canal_drought_shipping_capacity,2,False,True,0,1,case_panama_canal_drought_shipping_capacity,0,,False,False,
evaluation_cases,eval_red_sea_shipping_disruption,eval_red_sea_shipping_disruption,payment_networks,1,case_2023_arctic_lng_russian_energy_shipping_sanctions,2,False,True,0,7,case_2022_russia_swift_financial_sanctions;case_2018_iran_oil_sanctions_reimposition;case_2019_venezuela_oil_sanctions;case_2023_arctic_lng_russian_energy_shipping_sanctions;case_2014_crimea_financial_sanctions;case_2018_iran_swift_restrictions;case_2019_cosco_shipping_sanctions_tanker_market,6,case_2022_russia_swift_financial_sanctions;case_2018_iran_oil_sanctions_reimposition;case_2019_venezuela_oil_sanctions;case_2014_crimea_financial_sanctions;case_2018_iran_swift_restrictions;case_2019_cosco_shipping_sanctions_tanker_market,True,False,
evaluation_cases,eval_red_sea_shipping_disruption,eval_red_sea_shipping_disruption,port_labor,1,case_2024_us_east_gulf_port_strike,2,False,True,0,1,case_2024_us_east_gulf_port_strike,0,,False,False,
evaluation_cases,eval_red_sea_shipping_disruption,eval_red_sea_shipping_disruption,ports,2,case_2021_suez_blockage;case_2024_us_east_gulf_port_strike,2,True,True,2,9,case_2021_suez_blockage;case_cyberattack_pipeline_port_infrastructure;case_2023_port_of_nagoya_cyberattack;case_2024_us_east_gulf_port_strike;case_2017_notpetya_shipping_logistics_cyberattack;case_2023_mexico_nearshoring_cross_border_policy_risk;case_2021_myanmar_coup_supply_chain_disruption;case_2023_panama_cobre_mine_closure;case_2023_dp_world_australia_cyber_port_disruption,7,case_cyberattack_pipeline_port_infrastructure;case_2023_port_of_nagoya_cyberattack;case_2017_notpetya_shipping_logistics_cyberattack;case_2023_mexico_nearshoring_cross_border_policy_risk;case_2021_myanmar_coup_supply_chain_disruption;case_2023_panama_cobre_mine_closure;case_2023_dp_world_australia_cyber_port_disruption,False,False,
evaluation_cases,eval_red_sea_shipping_disruption,eval_red_sea_shipping_disruption,trade_lanes,3,case_2024_us_east_gulf_port_strike;case_2023_south_china_sea_shipping_tensions;case_2019_india_pakistan_airspace_closure,2,True,True,2,31,case_2018_2019_us_china_tariffs;case_uranium_nuclear_fuel_supply_disruption;case_2022_russia_swift_financial_sanctions;case_2024_us_east_gulf_port_strike;case_2022_india_wheat_export_ban;case_2022_russia_aviation_supply_chain_sanctions;case_2017_north_korea_missile_escalation;case_2019_india_pakistan_airspace_closure;case_2023_niger_coup_uranium_supply_risk;case_2022_chile_lithium_policy_shift;case_2020_indonesia_nickel_export_ban;case_2021_belarus_potash_sanctions;case_2021_xinjiang_forced_labor_import_restrictions;case_2024_ev_tariff_escalation_china;case_2023_south_china_sea_shipping_tensions;case_2024_drc_cobalt_copper_mining_disruption;case_2023_mexico_nearshoring_cross_border_policy_risk;case_2023_eu_carbon_border_adjustment_mechanism;case_2021_myanmar_coup_supply_chain_disruption;case_2014_crimea_financial_sanctions;case_2018_iran_swift_restrictions;case_2019_cosco_shipping_sanctions_tanker_market;case_2009_russia_ukraine_gas_transit_dispute;case_2011_libya_civil_war_oil_disruption;case_2010_china_japan_rare_earth_embargo;case_2022_peru_mine_protests_copper_supply;case_2023_panama_cobre_mine_closure;case_2008_rice_export_restrictions_food_security;case_2022_russia_fertilizer_export_restrictions;case_2023_dp_world_australia_cyber_port_disruption;case_2019_turkey_f35_s400_defense_restrictions,28,case_2018_2019_us_china_tariffs;case_uranium_nuclear_fuel_supply_disruption;case_2022_russia_swift_financial_sanctions;case_2022_india_wheat_export_ban;case_2022_russia_aviation_supply_chain_sanctions;case_2017_north_korea_missile_escalation;case_2023_niger_coup_uranium_supply_risk;case_2022_chile_lithium_policy_shift;case_2020_indonesia_nickel_export_ban;case_2021_belarus_potash_sanctions;case_2021_xinjiang_forced_labor_import_restrictions;case_2024_ev_tariff_escalation_china;case_2024_drc_cobalt_copper_mining_disruption;case_2023_mexico_nearshoring_cross_border_policy_risk;case_2023_eu_carbon_border_adjustment_mechanism;case_2021_myanmar_coup_supply_chain_disruption;case_2014_crimea_financial_sanctions;case_2018_iran_swift_restrictions;case_2019_cosco_shipping_sanctions_tanker_market;case_2009_russia_ukraine_gas_transit_dispute;case_2011_libya_civil_war_oil_disruption;case_2010_china_japan_rare_earth_embargo;case_2022_peru_mine_protests_copper_supply;case_2023_panama_cobre_mine_closure;case_2008_rice_export_restrictions_food_security;case_2022_russia_fertilizer_export_restrictions;case_2023_dp_world_australia_cyber_port_disruption;case_2019_turkey_f35_s400_defense_restrictions,False,False,
evaluation_cases,eval_semiconductor_export_controls,eval_semiconductor_export_controls,aerospace_supply_chain,1,case_2019_turkey_f35_s400_defense_restrictions,2,False,True,0,4,case_2023_middle_east_defense_supply_escalation;case_2022_russia_aviation_supply_chain_sanctions;case_2019_turkey_f35_s400_defense_restrictions;case_2022_russia_airspace_closure_aviation_routes,3,case_2023_middle_east_defense_supply_escalation;case_2022_russia_aviation_supply_chain_sanctions;case_2022_russia_airspace_closure_aviation_routes,True,False,
evaluation_cases,eval_semiconductor_export_controls,eval_semiconductor_export_controls,critical_minerals,2,case_2010_china_japan_rare_earth_embargo;case_china_gallium_germanium_graphite_controls,2,True,True,2,12,case_rare_earth_export_restriction_risk;case_china_gallium_germanium_graphite_controls;case_2023_china_graphite_battery_export_controls;case_2022_chile_lithium_policy_shift;case_2020_indonesia_nickel_export_ban;case_2021_xinjiang_forced_labor_import_restrictions;case_2024_ev_tariff_escalation_china;case_2024_drc_cobalt_copper_mining_disruption;case_2023_eu_carbon_border_adjustment_mechanism;case_2010_china_japan_rare_earth_embargo;case_2022_peru_mine_protests_copper_supply;case_2023_panama_cobre_mine_closure,10,case_rare_earth_export_restriction_risk;case_2023_china_graphite_battery_export_controls;case_2022_chile_lithium_policy_shift;case_2020_indonesia_nickel_export_ban;case_2021_xinjiang_forced_labor_import_restrictions;case_2024_ev_tariff_escalation_china;case_2024_drc_cobalt_copper_mining_disruption;case_2023_eu_carbon_border_adjustment_mechanism;case_2022_peru_mine_protests_copper_supply;case_2023_panama_cobre_mine_closure,False,False,
evaluation_cases,eval_semiconductor_export_controls,eval_semiconductor_export_controls,defense,4,case_2024_taiwan_strait_drills_semiconductor_supply;case_2010_china_japan_rare_earth_embargo;case_taiwan_strait_semiconductor_risk;case_2019_turkey_f35_s400_defense_restrictions,2,True,True,2,15,case_taiwan_strait_semiconductor_risk;case_rare_earth_export_restriction_risk;case_israel_iran_escalation_energy_risk;case_defense_spending_shock_after_escalation;case_2023_middle_east_defense_supply_escalation;case_2024_taiwan_strait_drills_semiconductor_supply;case_2022_abu_dhabi_oil_facility_attack;case_2022_russia_aviation_supply_chain_sanctions;case_2017_north_korea_missile_escalation;case_2019_india_pakistan_airspace_closure;case_2022_ukraine_electricity_grid_attacks;case_2023_south_china_sea_shipping_tensions;case_1987_1988_tanker_war_reflagging;case_2010_china_japan_rare_earth_embargo;case_2019_turkey_f35_s400_defense_restrictions,11,case_rare_earth_export_restriction_risk;case_israel_iran_escalation_energy_risk;case_defense_spending_shock_after_escalation;case_2023_middle_east_defense_supply_escalation;case_2022_abu_dhabi_oil_facility_attack;case_2022_russia_aviation_supply_chain_sanctions;case_2017_north_korea_missile_escalation;case_2019_india_pakistan_airspace_closure;case_2022_ukraine_electricity_grid_attacks;case_2023_south_china_sea_shipping_tensions;case_1987_1988_tanker_war_reflagging,False,False,
evaluation_cases,eval_semiconductor_export_controls,eval_semiconductor_export_controls,gallium_germanium_graphite,1,case_china_gallium_germanium_graphite_controls,2,False,True,0,2,case_china_gallium_germanium_graphite_controls;case_2023_china_graphite_battery_export_controls,1,case_2023_china_graphite_battery_export_controls,True,False,
evaluation_cases,eval_semiconductor_export_controls,eval_semiconductor_export_controls,manufacturing_inputs,7,case_2023_japan_chip_equipment_export_controls;case_2020_smic_entity_list_semiconductor_controls;case_2019_huawei_entity_list;case_2010_china_japan_rare_earth_embargo;case_taiwan_strait_semiconductor_risk;case_china_gallium_germanium_graphite_controls;case_2019_turkey_f35_s400_defense_restrictions,2,True,True,2,34,case_russia_ukraine_energy_shock;case_2019_huawei_entity_list;case_2018_2019_us_china_tariffs;case_2022_gas_fertilizer_shock;case_taiwan_strait_semiconductor_risk;case_rare_earth_export_restriction_risk;case_china_gallium_germanium_graphite_controls;case_defense_spending_shock_after_escalation;case_uranium_nuclear_fuel_supply_disruption;case_2023_port_of_nagoya_cyberattack;case_2023_middle_east_defense_supply_escalation;case_2023_china_graphite_battery_export_controls;case_2022_russia_aviation_supply_chain_sanctions;case_2017_north_korea_missile_escalation;case_2019_india_pakistan_airspace_closure;case_2022_nord_stream_pipeline_sabotage;case_2022_ukraine_electricity_grid_attacks;case_2022_chile_lithium_policy_shift;case_2020_indonesia_nickel_export_ban;case_2021_xinjiang_forced_labor_import_restrictions;case_2024_ev_tariff_escalation_china;case_2017_notpetya_shipping_logistics_cyberattack;case_2024_drc_cobalt_copper_mining_disruption;case_2023_mexico_nearshoring_cross_border_policy_risk;case_2023_eu_carbon_border_adjustment_mechanism;case_2021_myanmar_coup_supply_chain_disruption;case_2014_crimea_financial_sanctions;case_2009_russia_ukraine_gas_transit_dispute;case_2010_china_japan_rare_earth_embargo;case_2022_peru_mine_protests_copper_supply;case_2023_panama_cobre_mine_closure;case_2020_smic_entity_list_semiconductor_controls;case_2023_japan_chip_equipment_export_controls;case_2019_turkey_f35_s400_defense_restrictions,27,case_russia_ukraine_energy_shock;case_2018_2019_us_china_tariffs;case_2022_gas_fertilizer_shock;case_rare_earth_export_restriction_risk;case_defense_spending_shock_after_escalation;case_uranium_nuclear_fuel_supply_disruption;case_2023_port_of_nagoya_cyberattack;case_2023_middle_east_defense_supply_escalation;case_2023_china_graphite_battery_export_controls;case_2022_russia_aviation_supply_chain_sanctions;case_2017_north_korea_missile_escalation;case_2019_india_pakistan_airspace_closure;case_2022_nord_stream_pipeline_sabotage;case_2022_ukraine_electricity_grid_attacks;case_2022_chile_lithium_policy_shift;case_2020_indonesia_nickel_export_ban;case_2021_xinjiang_forced_labor_import_restrictions;case_2024_ev_tariff_escalation_china;case_2017_notpetya_shipping_logistics_cyberattack;case_2024_drc_cobalt_copper_mining_disruption;case_2023_mexico_nearshoring_cross_border_policy_risk;case_2023_eu_carbon_border_adjustment_mechanism;case_2021_myanmar_coup_supply_chain_disruption;case_2014_crimea_financial_sanctions;case_2009_russia_ukraine_gas_transit_dispute;case_2022_peru_mine_protests_copper_supply;case_2023_panama_cobre_mine_closure,False,False,
evaluation_cases,eval_semiconductor_export_controls,eval_semiconductor_export_controls,rare_earths,1,case_2010_china_japan_rare_earth_embargo,2,False,True,0,2,case_rare_earth_export_restriction_risk;case_2010_china_japan_rare_earth_embargo,1,case_rare_earth_export_restriction_risk,True,False,
evaluation_cases,eval_semiconductor_export_controls,eval_semiconductor_export_controls,taiwan_semiconductor_supply,1,case_2024_taiwan_strait_drills_semiconductor_supply,2,False,True,0,1,case_2024_taiwan_strait_drills_semiconductor_supply,0,,False,False,
evaluation_cases,eval_semiconductor_export_controls,eval_semiconductor_export_controls,trade_lanes,2,case_2010_china_japan_rare_earth_embargo;case_2019_turkey_f35_s400_defense_restrictions,2,True,True,2,31,case_2018_2019_us_china_tariffs;case_uranium_nuclear_fuel_supply_disruption;case_2022_russia_swift_financial_sanctions;case_2024_us_east_gulf_port_strike;case_2022_india_wheat_export_ban;case_2022_russia_aviation_supply_chain_sanctions;case_2017_north_korea_missile_escalation;case_2019_india_pakistan_airspace_closure;case_2023_niger_coup_uranium_supply_risk;case_2022_chile_lithium_policy_shift;case_2020_indonesia_nickel_export_ban;case_2021_belarus_potash_sanctions;case_2021_xinjiang_forced_labor_import_restrictions;case_2024_ev_tariff_escalation_china;case_2023_south_china_sea_shipping_tensions;case_2024_drc_cobalt_copper_mining_disruption;case_2023_mexico_nearshoring_cross_border_policy_risk;case_2023_eu_carbon_border_adjustment_mechanism;case_2021_myanmar_coup_supply_chain_disruption;case_2014_crimea_financial_sanctions;case_2018_iran_swift_restrictions;case_2019_cosco_shipping_sanctions_tanker_market;case_2009_russia_ukraine_gas_transit_dispute;case_2011_libya_civil_war_oil_disruption;case_2010_china_japan_rare_earth_embargo;case_2022_peru_mine_protests_copper_supply;case_2023_panama_cobre_mine_closure;case_2008_rice_export_restrictions_food_security;case_2022_russia_fertilizer_export_restrictions;case_2023_dp_world_australia_cyber_port_disruption;case_2019_turkey_f35_s400_defense_restrictions,29,case_2018_2019_us_china_tariffs;case_uranium_nuclear_fuel_supply_disruption;case_2022_russia_swift_financial_sanctions;case_2024_us_east_gulf_port_strike;case_2022_india_wheat_export_ban;case_2022_russia_aviation_supply_chain_sanctions;case_2017_north_korea_missile_escalation;case_2019_india_pakistan_airspace_closure;case_2023_niger_coup_uranium_supply_risk;case_2022_chile_lithium_policy_shift;case_2020_indonesia_nickel_export_ban;case_2021_belarus_potash_sanctions;case_2021_xinjiang_forced_labor_import_restrictions;case_2024_ev_tariff_escalation_china;case_2023_south_china_sea_shipping_tensions;case_2024_drc_cobalt_copper_mining_disruption;case_2023_mexico_nearshoring_cross_border_policy_risk;case_2023_eu_carbon_border_adjustment_mechanism;case_2021_myanmar_coup_supply_chain_disruption;case_2014_crimea_financial_sanctions;case_2018_iran_swift_restrictions;case_2019_cosco_shipping_sanctions_tanker_market;case_2009_russia_ukraine_gas_transit_dispute;case_2011_libya_civil_war_oil_disruption;case_2022_peru_mine_protests_copper_supply;case_2023_panama_cobre_mine_closure;case_2008_rice_export_restrictions_food_security;case_2022_russia_fertilizer_export_restrictions;case_2023_dp_world_australia_cyber_port_disruption,False,False,
evaluation_cases,eval_russia_europe_gas_disruption,eval_russia_europe_gas_disruption,aviation,2,case_2024_ukraine_drone_attacks_russian_refineries;case_middle_east_oil_supply_disruption,2,True,True,2,11,case_middle_east_oil_supply_disruption;case_opec_production_cut_policy_shock;case_2020_opec_plus_production_cut;case_2022_abu_dhabi_oil_facility_attack;case_2022_russia_aviation_supply_chain_sanctions;case_2017_north_korea_missile_escalation;case_2019_india_pakistan_airspace_closure;case_2011_libya_civil_war_oil_disruption;case_2024_ukraine_drone_attacks_russian_refineries;case_2021_colonial_pipeline_ransomware;case_2022_russia_airspace_closure_aviation_routes,9,case_opec_production_cut_policy_shock;case_2020_opec_plus_production_cut;case_2022_abu_dhabi_oil_facility_attack;case_2022_russia_aviation_supply_chain_sanctions;case_2017_north_korea_missile_escalation;case_2019_india_pakistan_airspace_closure;case_2011_libya_civil_war_oil_disruption;case_2021_colonial_pipeline_ransomware;case_2022_russia_airspace_closure_aviation_routes,False,False,
evaluation_cases,eval_russia_europe_gas_disruption,eval_russia_europe_gas_disruption,customs,3,case_uranium_nuclear_fuel_supply_disruption;case_2022_russia_swift_financial_sanctions;case_2014_crimea_financial_sanctions,2,True,True,2,32,case_2023_dutch_asml_controls;case_2019_huawei_entity_list;case_2018_2019_us_china_tariffs;case_china_gallium_germanium_graphite_controls;case_uranium_nuclear_fuel_supply_disruption;case_2022_russia_swift_financial_sanctions;case_2023_china_graphite_battery_export_controls;case_2022_india_wheat_export_ban;case_2022_russia_aviation_supply_chain_sanctions;case_2023_niger_coup_uranium_supply_risk;case_2022_chile_lithium_policy_shift;case_2020_indonesia_nickel_export_ban;case_2021_belarus_potash_sanctions;case_2021_xinjiang_forced_labor_import_restrictions;case_2024_ev_tariff_escalation_china;case_2024_drc_cobalt_copper_mining_disruption;case_2023_mexico_nearshoring_cross_border_policy_risk;case_2023_eu_carbon_border_adjustment_mechanism;case_2021_myanmar_coup_supply_chain_disruption;case_2022_turkey_strait_tanker_insurance_backlog;case_2014_crimea_financial_sanctions;case_2018_iran_swift_restrictions;case_2019_cosco_shipping_sanctions_tanker_market;case_2010_china_japan_rare_earth_embargo;case_2022_peru_mine_protests_copper_supply;case_2023_panama_cobre_mine_closure;case_2008_rice_export_restrictions_food_security;case_2022_russia_fertilizer_export_restrictions;case_2020_smic_entity_list_semiconductor_controls;case_2023_japan_chip_equipment_export_controls;case_2019_turkey_f35_s400_defense_restrictions;case_2022_russia_airspace_closure_aviation_routes,29,case_2023_dutch_asml_controls;case_2019_huawei_entity_list;case_2018_2019_us_china_tariffs;case_china_gallium_germanium_graphite_controls;case_2023_china_graphite_battery_export_controls;case_2022_india_wheat_export_ban;case_2022_russia_aviation_supply_chain_sanctions;case_2023_niger_coup_uranium_supply_risk;case_2022_chile_lithium_policy_shift;case_2020_indonesia_nickel_export_ban;case_2021_belarus_potash_sanctions;case_2021_xinjiang_forced_labor_import_restrictions;case_2024_ev_tariff_escalation_china;case_2024_drc_cobalt_copper_mining_disruption;case_2023_mexico_nearshoring_cross_border_policy_risk;case_2023_eu_carbon_border_adjustment_mechanism;case_2021_myanmar_coup_supply_chain_disruption;case_2022_turkey_strait_tanker_insurance_backlog;case_2018_iran_swift_restrictions;case_2019_cosco_shipping_sanctions_tanker_market;case_2010_china_japan_rare_earth_embargo;case_2022_peru_mine_protests_copper_supply;case_2023_panama_cobre_mine_closure;case_2008_rice_export_restrictions_food_security;case_2022_russia_fertilizer_export_restrictions;case_2020_smic_entity_list_semiconductor_controls;case_2023_japan_chip_equipment_export_controls;case_2019_turkey_f35_s400_defense_restrictions;case_2022_russia_airspace_closure_aviation_routes,False,False,
evaluation_cases,eval_russia_europe_gas_disruption,eval_russia_europe_gas_disruption,cyber_infrastructure,1,case_2022_nord_stream_pipeline_sabotage,2,False,True,0,9,case_cyberattack_pipeline_port_infrastructure;case_defense_spending_shock_after_escalation;case_2023_port_of_nagoya_cyberattack;case_2023_middle_east_defense_supply_escalation;case_2022_nord_stream_pipeline_sabotage;case_2022_ukraine_electricity_grid_attacks;case_2017_notpetya_shipping_logistics_cyberattack;case_2021_colonial_pipeline_ransomware;case_2023_dp_world_australia_cyber_port_disruption,8,case_cyberattack_pipeline_port_infrastructure;case_defense_spending_shock_after_escalation;case_2023_port_of_nagoya_cyberattack;case_2023_middle_east_defense_supply_escalation;case_2022_ukraine_electricity_grid_attacks;case_2017_notpetya_shipping_logistics_cyberattack;case_2021_colonial_pipeline_ransomware;case_2023_dp_world_australia_cyber_port_disruption,True,False,
evaluation_cases,eval_russia_europe_gas_disruption,eval_russia_europe_gas_disruption,financial_sanctions,4,case_2023_arctic_lng_russian_energy_shipping_sanctions;case_2022_russia_swift_financial_sanctions;case_2019_venezuela_oil_sanctions;case_2014_crimea_financial_sanctions,2,True,True,2,8,case_2022_russia_swift_financial_sanctions;case_2018_iran_oil_sanctions_reimposition;case_2019_venezuela_oil_sanctions;case_2023_arctic_lng_russian_energy_shipping_sanctions;case_2022_turkey_strait_tanker_insurance_backlog;case_2014_crimea_financial_sanctions;case_2018_iran_swift_restrictions;case_2019_cosco_shipping_sanctions_tanker_market,4,case_2018_iran_oil_sanctions_reimposition;case_2022_turkey_strait_tanker_insurance_backlog;case_2018_iran_swift_restrictions;case_2019_cosco_shipping_sanctions_tanker_market,False,False,
evaluation_cases,eval_russia_europe_gas_disruption,eval_russia_europe_gas_disruption,marine_insurance,1,case_2023_arctic_lng_russian_energy_shipping_sanctions,2,False,True,0,12,case_2023_red_sea_attacks;case_hormuz_tanker_tensions;case_israel_iran_escalation_energy_risk;case_2018_iran_oil_sanctions_reimposition;case_2023_black_sea_shipping_insurance_restrictions;case_2023_south_china_sea_shipping_tensions;case_2023_arctic_lng_russian_energy_shipping_sanctions;case_1987_1988_tanker_war_reflagging;case_2008_somali_piracy_gulf_of_aden;case_2022_turkey_strait_tanker_insurance_backlog;case_2018_iran_swift_restrictions;case_2019_cosco_shipping_sanctions_tanker_market,11,case_2023_red_sea_attacks;case_hormuz_tanker_tensions;case_israel_iran_escalation_energy_risk;case_2018_iran_oil_sanctions_reimposition;case_2023_black_sea_shipping_insurance_restrictions;case_2023_south_china_sea_shipping_tensions;case_1987_1988_tanker_war_reflagging;case_2008_somali_piracy_gulf_of_aden;case_2022_turkey_strait_tanker_insurance_backlog;case_2018_iran_swift_restrictions;case_2019_cosco_shipping_sanctions_tanker_market,True,False,
evaluation_cases,eval_russia_europe_gas_disruption,eval_russia_europe_gas_disruption,maritime_chokepoint,1,case_2023_arctic_lng_russian_energy_shipping_sanctions,2,False,True,0,12,case_2021_suez_blockage;case_2023_red_sea_attacks;case_hormuz_tanker_tensions;case_panama_canal_drought_shipping_capacity;case_black_sea_grain_export_disruption;case_israel_iran_escalation_energy_risk;case_2023_black_sea_shipping_insurance_restrictions;case_2023_south_china_sea_shipping_tensions;case_2023_arctic_lng_russian_energy_shipping_sanctions;case_1987_1988_tanker_war_reflagging;case_2008_somali_piracy_gulf_of_aden;case_2022_turkey_strait_tanker_insurance_backlog,11,case_2021_suez_blockage;case_2023_red_sea_attacks;case_hormuz_tanker_tensions;case_panama_canal_drought_shipping_capacity;case_black_sea_grain_export_disruption;case_israel_iran_escalation_energy_risk;case_2023_black_sea_shipping_insurance_restrictions;case_2023_south_china_sea_shipping_tensions;case_1987_1988_tanker_war_reflagging;case_2008_somali_piracy_gulf_of_aden;case_2022_turkey_strait_tanker_insurance_backlog,True,False,
evaluation_cases,eval_russia_europe_gas_disruption,eval_russia_europe_gas_disruption,nuclear_fuel,1,case_uranium_nuclear_fuel_supply_disruption,2,False,True,0,2,case_uranium_nuclear_fuel_supply_disruption;case_2023_niger_coup_uranium_supply_risk,1,case_2023_niger_coup_uranium_supply_risk,True,False,
evaluation_cases,eval_russia_europe_gas_disruption,eval_russia_europe_gas_disruption,oil_shipping,4,case_2023_arctic_lng_russian_energy_shipping_sanctions;case_2024_ukraine_drone_attacks_russian_refineries;case_middle_east_oil_supply_disruption;case_2019_venezuela_oil_sanctions,2,True,True,2,17,case_2023_red_sea_attacks;case_hormuz_tanker_tensions;case_middle_east_oil_supply_disruption;case_opec_production_cut_policy_shock;case_israel_iran_escalation_energy_risk;case_2020_opec_plus_production_cut;case_2022_abu_dhabi_oil_facility_attack;case_2018_iran_oil_sanctions_reimposition;case_2019_venezuela_oil_sanctions;case_2023_arctic_lng_russian_energy_shipping_sanctions;case_1987_1988_tanker_war_reflagging;case_2008_somali_piracy_gulf_of_aden;case_2022_turkey_strait_tanker_insurance_backlog;case_2018_iran_swift_restrictions;case_2019_cosco_shipping_sanctions_tanker_market;case_2011_libya_civil_war_oil_disruption;case_2024_ukraine_drone_attacks_russian_refineries,13,case_2023_red_sea_attacks;case_hormuz_tanker_tensions;case_opec_production_cut_policy_shock;case_israel_iran_escalation_energy_risk;case_2020_opec_plus_production_cut;case_2022_abu_dhabi_oil_facility_attack;case_2018_iran_oil_sanctions_reimposition;case_1987_1988_tanker_war_reflagging;case_2008_somali_piracy_gulf_of_aden;case_2022_turkey_strait_tanker_insurance_backlog;case_2018_iran_swift_restrictions;case_2019_cosco_shipping_sanctions_tanker_market;case_2011_libya_civil_war_oil_disruption,False,False,
evaluation_cases,eval_russia_europe_gas_disruption,eval_russia_europe_gas_disruption,payment_networks,4,case_2023_arctic_lng_russian_energy_shipping_sanctions;case_2022_russia_swift_financial_sanctions;case_2019_venezuela_oil_sanctions;case_2014_crimea_financial_sanctions,2,True,True,2,7,case_2022_russia_swift_financial_sanctions;case_2018_iran_oil_sanctions_reimposition;case_2019_venezuela_oil_sanctions;case_2023_arctic_lng_russian_energy_shipping_sanctions;case_2014_crimea_financial_sanctions;case_2018_iran_swift_restrictions;case_2019_cosco_shipping_sanctions_tanker_market,3,case_2018_iran_oil_sanctions_reimposition;case_2018_iran_swift_restrictions;case_2019_cosco_shipping_sanctions_tanker_market,False,False,
evaluation_cases,eval_russia_europe_gas_disruption,eval_russia_europe_gas_disruption,pipeline_infrastructure,3,case_2009_russia_ukraine_gas_transit_dispute;case_2022_nord_stream_pipeline_sabotage;case_2024_ukraine_drone_attacks_russian_refineries,2,True,True,2,6,case_cyberattack_pipeline_port_infrastructure;case_2022_nord_stream_pipeline_sabotage;case_2022_ukraine_electricity_grid_attacks;case_2009_russia_ukraine_gas_transit_dispute;case_2024_ukraine_drone_attacks_russian_refineries;case_2021_colonial_pipeline_ransomware,3,case_cyberattack_pipeline_port_infrastructure;case_2022_ukraine_electricity_grid_attacks;case_2021_colonial_pipeline_ransomware,False,False,
evaluation_cases,eval_russia_europe_gas_disruption,eval_russia_europe_gas_disruption,trade_lanes,4,case_2009_russia_ukraine_gas_transit_dispute;case_uranium_nuclear_fuel_supply_disruption;case_2022_russia_swift_financial_sanctions;case_2014_crimea_financial_sanctions,2,True,True,2,31,case_2018_2019_us_china_tariffs;case_uranium_nuclear_fuel_supply_disruption;case_2022_russia_swift_financial_sanctions;case_2024_us_east_gulf_port_strike;case_2022_india_wheat_export_ban;case_2022_russia_aviation_supply_chain_sanctions;case_2017_north_korea_missile_escalation;case_2019_india_pakistan_airspace_closure;case_2023_niger_coup_uranium_supply_risk;case_2022_chile_lithium_policy_shift;case_2020_indonesia_nickel_export_ban;case_2021_belarus_potash_sanctions;case_2021_xinjiang_forced_labor_import_restrictions;case_2024_ev_tariff_escalation_china;case_2023_south_china_sea_shipping_tensions;case_2024_drc_cobalt_copper_mining_disruption;case_2023_mexico_nearshoring_cross_border_policy_risk;case_2023_eu_carbon_border_adjustment_mechanism;case_2021_myanmar_coup_supply_chain_disruption;case_2014_crimea_financial_sanctions;case_2018_iran_swift_restrictions;case_2019_cosco_shipping_sanctions_tanker_market;case_2009_russia_ukraine_gas_transit_dispute;case_2011_libya_civil_war_oil_disruption;case_2010_china_japan_rare_earth_embargo;case_2022_peru_mine_protests_copper_supply;case_2023_panama_cobre_mine_closure;case_2008_rice_export_restrictions_food_security;case_2022_russia_fertilizer_export_restrictions;case_2023_dp_world_australia_cyber_port_disruption;case_2019_turkey_f35_s400_defense_restrictions,27,case_2018_2019_us_china_tariffs;case_2024_us_east_gulf_port_strike;case_2022_india_wheat_export_ban;case_2022_russia_aviation_supply_chain_sanctions;case_2017_north_korea_missile_escalation;case_2019_india_pakistan_airspace_closure;case_2023_niger_coup_uranium_supply_risk;case_2022_chile_lithium_policy_shift;case_2020_indonesia_nickel_export_ban;case_2021_belarus_potash_sanctions;case_2021_xinjiang_forced_labor_import_restrictions;case_2024_ev_tariff_escalation_china;case_2023_south_china_sea_shipping_tensions;case_2024_drc_cobalt_copper_mining_disruption;case_2023_mexico_nearshoring_cross_border_policy_risk;case_2023_eu_carbon_border_adjustment_mechanism;case_2021_myanmar_coup_supply_chain_disruption;case_2018_iran_swift_restrictions;case_2019_cosco_shipping_sanctions_tanker_market;case_2011_libya_civil_war_oil_disruption;case_2010_china_japan_rare_earth_embargo;case_2022_peru_mine_protests_copper_supply;case_2023_panama_cobre_mine_closure;case_2008_rice_export_restrictions_food_security;case_2022_russia_fertilizer_export_restrictions;case_2023_dp_world_australia_cyber_port_disruption;case_2019_turkey_f35_s400_defense_restrictions,False,False,
evaluation_cases,eval_russia_europe_gas_disruption,eval_russia_europe_gas_disruption,uranium,1,case_uranium_nuclear_fuel_supply_disruption,2,False,True,0,2,case_uranium_nuclear_fuel_supply_disruption;case_2023_niger_coup_uranium_supply_risk,1,case_2023_niger_coup_uranium_supply_risk,True,False,
evaluation_cases,eval_natural_gas_fertilizer_shock,eval_natural_gas_fertilizer_shock,aviation,1,case_opec_production_cut_policy_shock,2,False,True,0,11,case_middle_east_oil_supply_disruption;case_opec_production_cut_policy_shock;case_2020_opec_plus_production_cut;case_2022_abu_dhabi_oil_facility_attack;case_2022_russia_aviation_supply_chain_sanctions;case_2017_north_korea_missile_escalation;case_2019_india_pakistan_airspace_closure;case_2011_libya_civil_war_oil_disruption;case_2024_ukraine_drone_attacks_russian_refineries;case_2021_colonial_pipeline_ransomware;case_2022_russia_airspace_closure_aviation_routes,10,case_middle_east_oil_supply_disruption;case_2020_opec_plus_production_cut;case_2022_abu_dhabi_oil_facility_attack;case_2022_russia_aviation_supply_chain_sanctions;case_2017_north_korea_missile_escalation;case_2019_india_pakistan_airspace_closure;case_2011_libya_civil_war_oil_disruption;case_2024_ukraine_drone_attacks_russian_refineries;case_2021_colonial_pipeline_ransomware;case_2022_russia_airspace_closure_aviation_routes,True,False,
evaluation_cases,eval_natural_gas_fertilizer_shock,eval_natural_gas_fertilizer_shock,critical_minerals,1,case_2023_eu_carbon_border_adjustment_mechanism,2,False,True,0,12,case_rare_earth_export_restriction_risk;case_china_gallium_germanium_graphite_controls;case_2023_china_graphite_battery_export_controls;case_2022_chile_lithium_policy_shift;case_2020_indonesia_nickel_export_ban;case_2021_xinjiang_forced_labor_import_restrictions;case_2024_ev_tariff_escalation_china;case_2024_drc_cobalt_copper_mining_disruption;case_2023_eu_carbon_border_adjustment_mechanism;case_2010_china_japan_rare_earth_embargo;case_2022_peru_mine_protests_copper_supply;case_2023_panama_cobre_mine_closure,11,case_rare_earth_export_restriction_risk;case_china_gallium_germanium_graphite_controls;case_2023_china_graphite_battery_export_controls;case_2022_chile_lithium_policy_shift;case_2020_indonesia_nickel_export_ban;case_2021_xinjiang_forced_labor_import_restrictions;case_2024_ev_tariff_escalation_china;case_2024_drc_cobalt_copper_mining_disruption;case_2010_china_japan_rare_earth_embargo;case_2022_peru_mine_protests_copper_supply;case_2023_panama_cobre_mine_closure,True,False,
evaluation_cases,eval_natural_gas_fertilizer_shock,eval_natural_gas_fertilizer_shock,customs,5,case_2021_belarus_potash_sanctions;case_2022_russia_fertilizer_export_restrictions;case_uranium_nuclear_fuel_supply_disruption;case_2022_india_wheat_export_ban;case_2023_eu_carbon_border_adjustment_mechanism,2,True,True,2,32,case_2023_dutch_asml_controls;case_2019_huawei_entity_list;case_2018_2019_us_china_tariffs;case_china_gallium_germanium_graphite_controls;case_uranium_nuclear_fuel_supply_disruption;case_2022_russia_swift_financial_sanctions;case_2023_china_graphite_battery_export_controls;case_2022_india_wheat_export_ban;case_2022_russia_aviation_supply_chain_sanctions;case_2023_niger_coup_uranium_supply_risk;case_2022_chile_lithium_policy_shift;case_2020_indonesia_nickel_export_ban;case_2021_belarus_potash_sanctions;case_2021_xinjiang_forced_labor_import_restrictions;case_2024_ev_tariff_escalation_china;case_2024_drc_cobalt_copper_mining_disruption;case_2023_mexico_nearshoring_cross_border_policy_risk;case_2023_eu_carbon_border_adjustment_mechanism;case_2021_myanmar_coup_supply_chain_disruption;case_2022_turkey_strait_tanker_insurance_backlog;case_2014_crimea_financial_sanctions;case_2018_iran_swift_restrictions;case_2019_cosco_shipping_sanctions_tanker_market;case_2010_china_japan_rare_earth_embargo;case_2022_peru_mine_protests_copper_supply;case_2023_panama_cobre_mine_closure;case_2008_rice_export_restrictions_food_security;case_2022_russia_fertilizer_export_restrictions;case_2020_smic_entity_list_semiconductor_controls;case_2023_japan_chip_equipment_export_controls;case_2019_turkey_f35_s400_defense_restrictions;case_2022_russia_airspace_closure_aviation_routes,27,case_2023_dutch_asml_controls;case_2019_huawei_entity_list;case_2018_2019_us_china_tariffs;case_china_gallium_germanium_graphite_controls;case_2022_russia_swift_financial_sanctions;case_2023_china_graphite_battery_export_controls;case_2022_russia_aviation_supply_chain_sanctions;case_2023_niger_coup_uranium_supply_risk;case_2022_chile_lithium_policy_shift;case_2020_indonesia_nickel_export_ban;case_2021_xinjiang_forced_labor_import_restrictions;case_2024_ev_tariff_escalation_china;case_2024_drc_cobalt_copper_mining_disruption;case_2023_mexico_nearshoring_cross_border_policy_risk;case_2021_myanmar_coup_supply_chain_disruption;case_2022_turkey_strait_tanker_insurance_backlog;case_2014_crimea_financial_sanctions;case_2018_iran_swift_restrictions;case_2019_cosco_shipping_sanctions_tanker_market;case_2010_china_japan_rare_earth_embargo;case_2022_peru_mine_protests_copper_supply;case_2023_panama_cobre_mine_closure;case_2008_rice_export_restrictions_food_security;case_2020_smic_entity_list_semiconductor_controls;case_2023_japan_chip_equipment_export_controls;case_2019_turkey_f35_s400_defense_restrictions;case_2022_russia_airspace_closure_aviation_routes,False,False,
evaluation_cases,eval_natural_gas_fertilizer_shock,eval_natural_gas_fertilizer_shock,food_export_controls,1,case_2022_india_wheat_export_ban,2,False,True,0,2,case_2022_india_wheat_export_ban;case_2008_rice_export_restrictions_food_security,1,case_2008_rice_export_restrictions_food_security,True,False,
evaluation_cases,eval_natural_gas_fertilizer_shock,eval_natural_gas_fertilizer_shock,freight_routes,2,case_2021_belarus_potash_sanctions;case_black_sea_grain_export_disruption,2,True,True,2,19,case_2021_suez_blockage;case_2023_red_sea_attacks;case_panama_canal_drought_shipping_capacity;case_black_sea_grain_export_disruption;case_cyberattack_pipeline_port_infrastructure;case_2023_port_of_nagoya_cyberattack;case_2024_us_east_gulf_port_strike;case_2019_india_pakistan_airspace_closure;case_2021_belarus_potash_sanctions;case_2017_notpetya_shipping_logistics_cyberattack;case_2023_black_sea_shipping_insurance_restrictions;case_2023_south_china_sea_shipping_tensions;case_2023_mexico_nearshoring_cross_border_policy_risk;case_1987_1988_tanker_war_reflagging;case_2008_somali_piracy_gulf_of_aden;case_2022_turkey_strait_tanker_insurance_backlog;case_2021_colonial_pipeline_ransomware;case_2023_dp_world_australia_cyber_port_disruption;case_2022_russia_airspace_closure_aviation_routes,17,case_2021_suez_blockage;case_2023_red_sea_attacks;case_panama_canal_drought_shipping_capacity;case_cyberattack_pipeline_port_infrastructure;case_2023_port_of_nagoya_cyberattack;case_2024_us_east_gulf_port_strike;case_2019_india_pakistan_airspace_closure;case_2017_notpetya_shipping_logistics_cyberattack;case_2023_black_sea_shipping_insurance_restrictions;case_2023_south_china_sea_shipping_tensions;case_2023_mexico_nearshoring_cross_border_policy_risk;case_1987_1988_tanker_war_reflagging;case_2008_somali_piracy_gulf_of_aden;case_2022_turkey_strait_tanker_insurance_backlog;case_2021_colonial_pipeline_ransomware;case_2023_dp_world_australia_cyber_port_disruption;case_2022_russia_airspace_closure_aviation_routes,False,False,
evaluation_cases,eval_natural_gas_fertilizer_shock,eval_natural_gas_fertilizer_shock,grain_exports,2,case_black_sea_grain_export_disruption;case_2022_india_wheat_export_ban,2,True,True,1,4,case_black_sea_grain_export_disruption;case_2022_india_wheat_export_ban;case_2023_black_sea_shipping_insurance_restrictions;case_2008_rice_export_restrictions_food_security,2,case_2023_black_sea_shipping_insurance_restrictions;case_2008_rice_export_restrictions_food_security,False,False,
evaluation_cases,eval_natural_gas_fertilizer_shock,eval_natural_gas_fertilizer_shock,lng_shipping,2,case_russia_ukraine_energy_shock;case_2009_russia_ukraine_gas_transit_dispute,2,True,True,2,8,case_2023_red_sea_attacks;case_hormuz_tanker_tensions;case_russia_ukraine_energy_shock;case_panama_canal_drought_shipping_capacity;case_israel_iran_escalation_energy_risk;case_2022_nord_stream_pipeline_sabotage;case_2023_arctic_lng_russian_energy_shipping_sanctions;case_2009_russia_ukraine_gas_transit_dispute,6,case_2023_red_sea_attacks;case_hormuz_tanker_tensions;case_panama_canal_drought_shipping_capacity;case_israel_iran_escalation_energy_risk;case_2022_nord_stream_pipeline_sabotage;case_2023_arctic_lng_russian_energy_shipping_sanctions,False,False,
evaluation_cases,eval_natural_gas_fertilizer_shock,eval_natural_gas_fertilizer_shock,logistics,4,case_2021_belarus_potash_sanctions;case_2022_russia_fertilizer_export_restrictions;case_black_sea_grain_export_disruption;case_2022_india_wheat_export_ban,2,True,True,2,33,case_2021_suez_blockage;case_2023_red_sea_attacks;case_2018_2019_us_china_tariffs;case_panama_canal_drought_shipping_capacity;case_black_sea_grain_export_disruption;case_cyberattack_pipeline_port_infrastructure;case_2023_port_of_nagoya_cyberattack;case_2024_us_east_gulf_port_strike;case_2022_india_wheat_export_ban;case_2017_north_korea_missile_escalation;case_2019_india_pakistan_airspace_closure;case_2022_ukraine_electricity_grid_attacks;case_2023_niger_coup_uranium_supply_risk;case_2021_belarus_potash_sanctions;case_2021_xinjiang_forced_labor_import_restrictions;case_2024_ev_tariff_escalation_china;case_2017_notpetya_shipping_logistics_cyberattack;case_2023_black_sea_shipping_insurance_restrictions;case_2023_south_china_sea_shipping_tensions;case_2024_drc_cobalt_copper_mining_disruption;case_2023_mexico_nearshoring_cross_border_policy_risk;case_2021_myanmar_coup_supply_chain_disruption;case_1987_1988_tanker_war_reflagging;case_2008_somali_piracy_gulf_of_aden;case_2022_turkey_strait_tanker_insurance_backlog;case_2019_cosco_shipping_sanctions_tanker_market;case_2011_libya_civil_war_oil_disruption;case_2022_peru_mine_protests_copper_supply;case_2008_rice_export_restrictions_food_security;case_2022_russia_fertilizer_export_restrictions;case_2021_colonial_pipeline_ransomware;case_2023_dp_world_australia_cyber_port_disruption;case_2022_russia_airspace_closure_aviation_routes,29,case_2021_suez_blockage;case_2023_red_sea_attacks;case_2018_2019_us_china_tariffs;case_panama_canal_drought_shipping_capacity;case_cyberattack_pipeline_port_infrastructure;case_2023_port_of_nagoya_cyberattack;case_2024_us_east_gulf_port_strike;case_2017_north_korea_missile_escalation;case_2019_india_pakistan_airspace_closure;case_2022_ukraine_electricity_grid_attacks;case_2023_niger_coup_uranium_supply_risk;case_2021_xinjiang_forced_labor_import_restrictions;case_2024_ev_tariff_escalation_china;case_2017_notpetya_shipping_logistics_cyberattack;case_2023_black_sea_shipping_insurance_restrictions;case_2023_south_china_sea_shipping_tensions;case_2024_drc_cobalt_copper_mining_disruption;case_2023_mexico_nearshoring_cross_border_policy_risk;case_2021_myanmar_coup_supply_chain_disruption;case_1987_1988_tanker_war_reflagging;case_2008_somali_piracy_gulf_of_aden;case_2022_turkey_strait_tanker_insurance_backlog;case_2019_cosco_shipping_sanctions_tanker_market;case_2011_libya_civil_war_oil_disruption;case_2022_peru_mine_protests_copper_supply;case_2008_rice_export_restrictions_food_security;case_2021_colonial_pipeline_ransomware;case_2023_dp_world_australia_cyber_port_disruption;case_2022_russia_airspace_closure_aviation_routes,False,False,
evaluation_cases,eval_natural_gas_fertilizer_shock,eval_natural_gas_fertilizer_shock,maritime_chokepoint,1,case_black_sea_grain_export_disruption,2,False,True,0,12,case_2021_suez_blockage;case_2023_red_sea_attacks;case_hormuz_tanker_tensions;case_panama_canal_drought_shipping_capacity;case_black_sea_grain_export_disruption;case_israel_iran_escalation_energy_risk;case_2023_black_sea_shipping_insurance_restrictions;case_2023_south_china_sea_shipping_tensions;case_2023_arctic_lng_russian_energy_shipping_sanctions;case_1987_1988_tanker_war_reflagging;case_2008_somali_piracy_gulf_of_aden;case_2022_turkey_strait_tanker_insurance_backlog,11,case_2021_suez_blockage;case_2023_red_sea_attacks;case_hormuz_tanker_tensions;case_panama_canal_drought_shipping_capacity;case_israel_iran_escalation_energy_risk;case_2023_black_sea_shipping_insurance_restrictions;case_2023_south_china_sea_shipping_tensions;case_2023_arctic_lng_russian_energy_shipping_sanctions;case_1987_1988_tanker_war_reflagging;case_2008_somali_piracy_gulf_of_aden;case_2022_turkey_strait_tanker_insurance_backlog,True,False,
evaluation_cases,eval_natural_gas_fertilizer_shock,eval_natural_gas_fertilizer_shock,nuclear_fuel,1,case_uranium_nuclear_fuel_supply_disruption,2,False,True,0,2,case_uranium_nuclear_fuel_supply_disruption;case_2023_niger_coup_uranium_supply_risk,1,case_2023_niger_coup_uranium_supply_risk,True,False,
evaluation_cases,eval_natural_gas_fertilizer_shock,eval_natural_gas_fertilizer_shock,oil_shipping,1,case_opec_production_cut_policy_shock,2,False,True,0,17,case_2023_red_sea_attacks;case_hormuz_tanker_tensions;case_middle_east_oil_supply_disruption;case_opec_production_cut_policy_shock;case_israel_iran_escalation_energy_risk;case_2020_opec_plus_production_cut;case_2022_abu_dhabi_oil_facility_attack;case_2018_iran_oil_sanctions_reimposition;case_2019_venezuela_oil_sanctions;case_2023_arctic_lng_russian_energy_shipping_sanctions;case_1987_1988_tanker_war_reflagging;case_2008_somali_piracy_gulf_of_aden;case_2022_turkey_strait_tanker_insurance_backlog;case_2018_iran_swift_restrictions;case_2019_cosco_shipping_sanctions_tanker_market;case_2011_libya_civil_war_oil_disruption;case_2024_ukraine_drone_attacks_russian_refineries,16,case_2023_red_sea_attacks;case_hormuz_tanker_tensions;case_middle_east_oil_supply_disruption;case_israel_iran_escalation_energy_risk;case_2020_opec_plus_production_cut;case_2022_abu_dhabi_oil_facility_attack;case_2018_iran_oil_sanctions_reimposition;case_2019_venezuela_oil_sanctions;case_2023_arctic_lng_russian_energy_shipping_sanctions;case_1987_1988_tanker_war_reflagging;case_2008_somali_piracy_gulf_of_aden;case_2022_turkey_strait_tanker_insurance_backlog;case_2018_iran_swift_restrictions;case_2019_cosco_shipping_sanctions_tanker_market;case_2011_libya_civil_war_oil_disruption;case_2024_ukraine_drone_attacks_russian_refineries,True,False,
evaluation_cases,eval_natural_gas_fertilizer_shock,eval_natural_gas_fertilizer_shock,pipeline_infrastructure,1,case_2009_russia_ukraine_gas_transit_dispute,2,False,True,0,6,case_cyberattack_pipeline_port_infrastructure;case_2022_nord_stream_pipeline_sabotage;case_2022_ukraine_electricity_grid_attacks;case_2009_russia_ukraine_gas_transit_dispute;case_2024_ukraine_drone_attacks_russian_refineries;case_2021_colonial_pipeline_ransomware,5,case_cyberattack_pipeline_port_infrastructure;case_2022_nord_stream_pipeline_sabotage;case_2022_ukraine_electricity_grid_attacks;case_2024_ukraine_drone_attacks_russian_refineries;case_2021_colonial_pipeline_ransomware,True,False,
evaluation_cases,eval_natural_gas_fertilizer_shock,eval_natural_gas_fertilizer_shock,refining,2,case_russia_ukraine_energy_shock;case_opec_production_cut_policy_shock,2,True,True,2,12,case_hormuz_tanker_tensions;case_russia_ukraine_energy_shock;case_middle_east_oil_supply_disruption;case_opec_production_cut_policy_shock;case_israel_iran_escalation_energy_risk;case_2020_opec_plus_production_cut;case_2022_abu_dhabi_oil_facility_attack;case_2018_iran_oil_sanctions_reimposition;case_2019_venezuela_oil_sanctions;case_2011_libya_civil_war_oil_disruption;case_2024_ukraine_drone_attacks_russian_refineries;case_2021_colonial_pipeline_ransomware,10,case_hormuz_tanker_tensions;case_middle_east_oil_supply_disruption;case_israel_iran_escalation_energy_risk;case_2020_opec_plus_production_cut;case_2022_abu_dhabi_oil_facility_attack;case_2018_iran_oil_sanctions_reimposition;case_2019_venezuela_oil_sanctions;case_2011_libya_civil_war_oil_disruption;case_2024_ukraine_drone_attacks_russian_refineries;case_2021_colonial_pipeline_ransomware,False,False,
evaluation_cases,eval_natural_gas_fertilizer_shock,eval_natural_gas_fertilizer_shock,trade_lanes,6,case_2021_belarus_potash_sanctions;case_2022_russia_fertilizer_export_restrictions;case_uranium_nuclear_fuel_supply_disruption;case_2009_russia_ukraine_gas_transit_dispute;case_2022_india_wheat_export_ban;case_2023_eu_carbon_border_adjustment_mechanism,2,True,True,2,31,case_2018_2019_us_china_tariffs;case_uranium_nuclear_fuel_supply_disruption;case_2022_russia_swift_financial_sanctions;case_2024_us_east_gulf_port_strike;case_2022_india_wheat_export_ban;case_2022_russia_aviation_supply_chain_sanctions;case_2017_north_korea_missile_escalation;case_2019_india_pakistan_airspace_closure;case_2023_niger_coup_uranium_supply_risk;case_2022_chile_lithium_policy_shift;case_2020_indonesia_nickel_export_ban;case_2021_belarus_potash_sanctions;case_2021_xinjiang_forced_labor_import_restrictions;case_2024_ev_tariff_escalation_china;case_2023_south_china_sea_shipping_tensions;case_2024_drc_cobalt_copper_mining_disruption;case_2023_mexico_nearshoring_cross_border_policy_risk;case_2023_eu_carbon_border_adjustment_mechanism;case_2021_myanmar_coup_supply_chain_disruption;case_2014_crimea_financial_sanctions;case_2018_iran_swift_restrictions;case_2019_cosco_shipping_sanctions_tanker_market;case_2009_russia_ukraine_gas_transit_dispute;case_2011_libya_civil_war_oil_disruption;case_2010_china_japan_rare_earth_embargo;case_2022_peru_mine_protests_copper_supply;case_2023_panama_cobre_mine_closure;case_2008_rice_export_restrictions_food_security;case_2022_russia_fertilizer_export_restrictions;case_2023_dp_world_australia_cyber_port_disruption;case_2019_turkey_f35_s400_defense_restrictions,25,case_2018_2019_us_china_tariffs;case_2022_russia_swift_financial_sanctions;case_2024_us_east_gulf_port_strike;case_2022_russia_aviation_supply_chain_sanctions;case_2017_north_korea_missile_escalation;case_2019_india_pakistan_airspace_closure;case_2023_niger_coup_uranium_supply_risk;case_2022_chile_lithium_policy_shift;case_2020_indonesia_nickel_export_ban;case_2021_xinjiang_forced_labor_import_restrictions;case_2024_ev_tariff_escalation_china;case_2023_south_china_sea_shipping_tensions;case_2024_drc_cobalt_copper_mining_disruption;case_2023_mexico_nearshoring_cross_border_policy_risk;case_2021_myanmar_coup_supply_chain_disruption;case_2014_crimea_financial_sanctions;case_2018_iran_swift_restrictions;case_2019_cosco_shipping_sanctions_tanker_market;case_2011_libya_civil_war_oil_disruption;case_2010_china_japan_rare_earth_embargo;case_2022_peru_mine_protests_copper_supply;case_2023_panama_cobre_mine_closure;case_2008_rice_export_restrictions_food_security;case_2023_dp_world_australia_cyber_port_disruption;case_2019_turkey_f35_s400_defense_restrictions,False,False,
evaluation_cases,eval_natural_gas_fertilizer_shock,eval_natural_gas_fertilizer_shock,uranium,1,case_uranium_nuclear_fuel_supply_disruption,2,False,True,0,2,case_uranium_nuclear_fuel_supply_disruption;case_2023_niger_coup_uranium_supply_risk,1,case_2023_niger_coup_uranium_supply_risk,True,False,
evaluation_cases,eval_us_china_tariffs,eval_us_china_tariffs,ai_chips,2,case_2019_huawei_entity_list;case_2023_japan_chip_equipment_export_controls,2,True,True,2,8,case_2022_us_china_semiconductor_controls;case_2019_huawei_entity_list;case_taiwan_strait_semiconductor_risk;case_china_gallium_germanium_graphite_controls;case_defense_spending_shock_after_escalation;case_2023_middle_east_defense_supply_escalation;case_2024_taiwan_strait_drills_semiconductor_supply;case_2023_japan_chip_equipment_export_controls,6,case_2022_us_china_semiconductor_controls;case_taiwan_strait_semiconductor_risk;case_china_gallium_germanium_graphite_controls;case_defense_spending_shock_after_escalation;case_2023_middle_east_defense_supply_escalation;case_2024_taiwan_strait_drills_semiconductor_supply,False,False,
evaluation_cases,eval_us_china_tariffs,eval_us_china_tariffs,battery_materials,1,case_2024_ev_tariff_escalation_china,2,False,True,0,7,case_2023_china_graphite_battery_export_controls;case_2022_chile_lithium_policy_shift;case_2020_indonesia_nickel_export_ban;case_2024_ev_tariff_escalation_china;case_2024_drc_cobalt_copper_mining_disruption;case_2022_peru_mine_protests_copper_supply;case_2023_panama_cobre_mine_closure,6,case_2023_china_graphite_battery_export_controls;case_2022_chile_lithium_policy_shift;case_2020_indonesia_nickel_export_ban;case_2024_drc_cobalt_copper_mining_disruption;case_2022_peru_mine_protests_copper_supply;case_2023_panama_cobre_mine_closure,True,False,
evaluation_cases,eval_us_china_tariffs,eval_us_china_tariffs,critical_minerals,3,case_2024_ev_tariff_escalation_china;case_2021_xinjiang_forced_labor_import_restrictions;case_2023_eu_carbon_border_adjustment_mechanism,2,True,True,2,12,case_rare_earth_export_restriction_risk;case_china_gallium_germanium_graphite_controls;case_2023_china_graphite_battery_export_controls;case_2022_chile_lithium_policy_shift;case_2020_indonesia_nickel_export_ban;case_2021_xinjiang_forced_labor_import_restrictions;case_2024_ev_tariff_escalation_china;case_2024_drc_cobalt_copper_mining_disruption;case_2023_eu_carbon_border_adjustment_mechanism;case_2010_china_japan_rare_earth_embargo;case_2022_peru_mine_protests_copper_supply;case_2023_panama_cobre_mine_closure,9,case_rare_earth_export_restriction_risk;case_china_gallium_germanium_graphite_controls;case_2023_china_graphite_battery_export_controls;case_2022_chile_lithium_policy_shift;case_2020_indonesia_nickel_export_ban;case_2024_drc_cobalt_copper_mining_disruption;case_2010_china_japan_rare_earth_embargo;case_2022_peru_mine_protests_copper_supply;case_2023_panama_cobre_mine_closure,False,False,
evaluation_cases,eval_us_china_tariffs,eval_us_china_tariffs,data_centers,2,case_2019_huawei_entity_list;case_2023_japan_chip_equipment_export_controls,2,True,True,2,6,case_2022_us_china_semiconductor_controls;case_2019_huawei_entity_list;case_taiwan_strait_semiconductor_risk;case_2024_taiwan_strait_drills_semiconductor_supply;case_2020_smic_entity_list_semiconductor_controls;case_2023_japan_chip_equipment_export_controls,4,case_2022_us_china_semiconductor_controls;case_taiwan_strait_semiconductor_risk;case_2024_taiwan_strait_drills_semiconductor_supply;case_2020_smic_entity_list_semiconductor_controls,False,False,
evaluation_cases,eval_us_china_tariffs,eval_us_china_tariffs,eda_software,1,case_2019_huawei_entity_list,2,False,True,0,3,case_2022_us_china_semiconductor_controls;case_2019_huawei_entity_list;case_2020_smic_entity_list_semiconductor_controls,2,case_2022_us_china_semiconductor_controls;case_2020_smic_entity_list_semiconductor_controls,True,False,
evaluation_cases,eval_us_china_tariffs,eval_us_china_tariffs,energy,1,case_2023_eu_carbon_border_adjustment_mechanism,2,False,True,0,28,case_2021_suez_blockage;case_hormuz_tanker_tensions;case_russia_ukraine_energy_shock;case_2022_gas_fertilizer_shock;case_middle_east_oil_supply_disruption;case_rare_earth_export_restriction_risk;case_opec_production_cut_policy_shock;case_israel_iran_escalation_energy_risk;case_cyberattack_pipeline_port_infrastructure;case_uranium_nuclear_fuel_supply_disruption;case_2022_russia_swift_financial_sanctions;case_2020_opec_plus_production_cut;case_2022_abu_dhabi_oil_facility_attack;case_2018_iran_oil_sanctions_reimposition;case_2019_venezuela_oil_sanctions;case_2022_nord_stream_pipeline_sabotage;case_2022_ukraine_electricity_grid_attacks;case_2023_niger_coup_uranium_supply_risk;case_2023_eu_carbon_border_adjustment_mechanism;case_2023_arctic_lng_russian_energy_shipping_sanctions;case_1987_1988_tanker_war_reflagging;case_2014_crimea_financial_sanctions;case_2009_russia_ukraine_gas_transit_dispute;case_2011_libya_civil_war_oil_disruption;case_2024_ukraine_drone_attacks_russian_refineries;case_2022_russia_fertilizer_export_restrictions;case_2021_colonial_pipeline_ransomware;case_2022_russia_airspace_closure_aviation_routes,27,case_2021_suez_blockage;case_hormuz_tanker_tensions;case_russia_ukraine_energy_shock;case_2022_gas_fertilizer_shock;case_middle_east_oil_supply_disruption;case_rare_earth_export_restriction_risk;case_opec_production_cut_policy_shock;case_israel_iran_escalation_energy_risk;case_cyberattack_pipeline_port_infrastructure;case_uranium_nuclear_fuel_supply_disruption;case_2022_russia_swift_financial_sanctions;case_2020_opec_plus_production_cut;case_2022_abu_dhabi_oil_facility_attack;case_2018_iran_oil_sanctions_reimposition;case_2019_venezuela_oil_sanctions;case_2022_nord_stream_pipeline_sabotage;case_2022_ukraine_electricity_grid_attacks;case_2023_niger_coup_uranium_supply_risk;case_2023_arctic_lng_russian_energy_shipping_sanctions;case_1987_1988_tanker_war_reflagging;case_2014_crimea_financial_sanctions;case_2009_russia_ukraine_gas_transit_dispute;case_2011_libya_civil_war_oil_disruption;case_2024_ukraine_drone_attacks_russian_refineries;case_2022_russia_fertilizer_export_restrictions;case_2021_colonial_pipeline_ransomware;case_2022_russia_airspace_closure_aviation_routes,True,False,
evaluation_cases,eval_us_china_tariffs,eval_us_china_tariffs,fertilizer,1,case_2023_eu_carbon_border_adjustment_mechanism,2,False,True,0,5,case_2022_gas_fertilizer_shock;case_black_sea_grain_export_disruption;case_2021_belarus_potash_sanctions;case_2023_eu_carbon_border_adjustment_mechanism;case_2022_russia_fertilizer_export_restrictions,4,case_2022_gas_fertilizer_shock;case_black_sea_grain_export_disruption;case_2021_belarus_potash_sanctions;case_2022_russia_fertilizer_export_restrictions,True,False,
evaluation_cases,eval_us_china_tariffs,eval_us_china_tariffs,food_export_controls,2,case_2008_rice_export_restrictions_food_security;case_2022_india_wheat_export_ban,2,True,True,2,2,case_2022_india_wheat_export_ban;case_2008_rice_export_restrictions_food_security,0,,False,False,
evaluation_cases,eval_us_china_tariffs,eval_us_china_tariffs,foundry,1,case_2023_japan_chip_equipment_export_controls,2,False,True,0,6,case_2022_us_china_semiconductor_controls;case_2023_dutch_asml_controls;case_taiwan_strait_semiconductor_risk;case_2024_taiwan_strait_drills_semiconductor_supply;case_2020_smic_entity_list_semiconductor_controls;case_2023_japan_chip_equipment_export_controls,5,case_2022_us_china_semiconductor_controls;case_2023_dutch_asml_controls;case_taiwan_strait_semiconductor_risk;case_2024_taiwan_strait_drills_semiconductor_supply;case_2020_smic_entity_list_semiconductor_controls,True,False,
evaluation_cases,eval_us_china_tariffs,eval_us_china_tariffs,freight_routes,1,case_2023_mexico_nearshoring_cross_border_policy_risk,2,False,True,0,19,case_2021_suez_blockage;case_2023_red_sea_attacks;case_panama_canal_drought_shipping_capacity;case_black_sea_grain_export_disruption;case_cyberattack_pipeline_port_infrastructure;case_2023_port_of_nagoya_cyberattack;case_2024_us_east_gulf_port_strike;case_2019_india_pakistan_airspace_closure;case_2021_belarus_potash_sanctions;case_2017_notpetya_shipping_logistics_cyberattack;case_2023_black_sea_shipping_insurance_restrictions;case_2023_south_china_sea_shipping_tensions;case_2023_mexico_nearshoring_cross_border_policy_risk;case_1987_1988_tanker_war_reflagging;case_2008_somali_piracy_gulf_of_aden;case_2022_turkey_strait_tanker_insurance_backlog;case_2021_colonial_pipeline_ransomware;case_2023_dp_world_australia_cyber_port_disruption;case_2022_russia_airspace_closure_aviation_routes,18,case_2021_suez_blockage;case_2023_red_sea_attacks;case_panama_canal_drought_shipping_capacity;case_black_sea_grain_export_disruption;case_cyberattack_pipeline_port_infrastructure;case_2023_port_of_nagoya_cyberattack;case_2024_us_east_gulf_port_strike;case_2019_india_pakistan_airspace_closure;case_2021_belarus_potash_sanctions;case_2017_notpetya_shipping_logistics_cyberattack;case_2023_black_sea_shipping_insurance_restrictions;case_2023_south_china_sea_shipping_tensions;case_1987_1988_tanker_war_reflagging;case_2008_somali_piracy_gulf_of_aden;case_2022_turkey_strait_tanker_insurance_backlog;case_2021_colonial_pipeline_ransomware;case_2023_dp_world_australia_cyber_port_disruption;case_2022_russia_airspace_closure_aviation_routes,True,False,
evaluation_cases,eval_us_china_tariffs,eval_us_china_tariffs,grain_exports,2,case_2008_rice_export_restrictions_food_security;case_2022_india_wheat_export_ban,2,True,True,1,4,case_black_sea_grain_export_disruption;case_2022_india_wheat_export_ban;case_2023_black_sea_shipping_insurance_restrictions;case_2008_rice_export_restrictions_food_security,2,case_black_sea_grain_export_disruption;case_2023_black_sea_shipping_insurance_restrictions,False,False,
evaluation_cases,eval_us_china_tariffs,eval_us_china_tariffs,ports,2,case_2023_mexico_nearshoring_cross_border_policy_risk;case_2021_myanmar_coup_supply_chain_disruption,2,True,True,2,9,case_2021_suez_blockage;case_cyberattack_pipeline_port_infrastructure;case_2023_port_of_nagoya_cyberattack;case_2024_us_east_gulf_port_strike;case_2017_notpetya_shipping_logistics_cyberattack;case_2023_mexico_nearshoring_cross_border_policy_risk;case_2021_myanmar_coup_supply_chain_disruption;case_2023_panama_cobre_mine_closure;case_2023_dp_world_australia_cyber_port_disruption,7,case_2021_suez_blockage;case_cyberattack_pipeline_port_infrastructure;case_2023_port_of_nagoya_cyberattack;case_2024_us_east_gulf_port_strike;case_2017_notpetya_shipping_logistics_cyberattack;case_2023_panama_cobre_mine_closure;case_2023_dp_world_australia_cyber_port_disruption,False,False,
evaluation_cases,eval_us_china_tariffs,eval_us_china_tariffs,semiconductor_equipment,2,case_2019_huawei_entity_list;case_2023_japan_chip_equipment_export_controls,2,True,True,2,11,case_2022_us_china_semiconductor_controls;case_2023_dutch_asml_controls;case_2019_huawei_entity_list;case_taiwan_strait_semiconductor_risk;case_china_gallium_germanium_graphite_controls;case_defense_spending_shock_after_escalation;case_2024_taiwan_strait_drills_semiconductor_supply;case_2017_north_korea_missile_escalation;case_2020_smic_entity_list_semiconductor_controls;case_2023_japan_chip_equipment_export_controls;case_2019_turkey_f35_s400_defense_restrictions,9,case_2022_us_china_semiconductor_controls;case_2023_dutch_asml_controls;case_taiwan_strait_semiconductor_risk;case_china_gallium_germanium_graphite_controls;case_defense_spending_shock_after_escalation;case_2024_taiwan_strait_drills_semiconductor_supply;case_2017_north_korea_missile_escalation;case_2020_smic_entity_list_semiconductor_controls;case_2019_turkey_f35_s400_defense_restrictions,False,False,
evaluation_cases,eval_middle_east_oil_infrastructure_attack,eval_middle_east_oil_infrastructure_attack,defense,3,case_2022_abu_dhabi_oil_facility_attack;case_israel_iran_escalation_energy_risk;case_1987_1988_tanker_war_reflagging,2,True,True,2,15,case_taiwan_strait_semiconductor_risk;case_rare_earth_export_restriction_risk;case_israel_iran_escalation_energy_risk;case_defense_spending_shock_after_escalation;case_2023_middle_east_defense_supply_escalation;case_2024_taiwan_strait_drills_semiconductor_supply;case_2022_abu_dhabi_oil_facility_attack;case_2022_russia_aviation_supply_chain_sanctions;case_2017_north_korea_missile_escalation;case_2019_india_pakistan_airspace_closure;case_2022_ukraine_electricity_grid_attacks;case_2023_south_china_sea_shipping_tensions;case_1987_1988_tanker_war_reflagging;case_2010_china_japan_rare_earth_embargo;case_2019_turkey_f35_s400_defense_restrictions,12,case_taiwan_strait_semiconductor_risk;case_rare_earth_export_restriction_risk;case_defense_spending_shock_after_escalation;case_2023_middle_east_defense_supply_escalation;case_2024_taiwan_strait_drills_semiconductor_supply;case_2022_russia_aviation_supply_chain_sanctions;case_2017_north_korea_missile_escalation;case_2019_india_pakistan_airspace_closure;case_2022_ukraine_electricity_grid_attacks;case_2023_south_china_sea_shipping_tensions;case_2010_china_japan_rare_earth_embargo;case_2019_turkey_f35_s400_defense_restrictions,False,False,
evaluation_cases,eval_middle_east_oil_infrastructure_attack,eval_middle_east_oil_infrastructure_attack,financial_sanctions,1,case_2019_venezuela_oil_sanctions,2,False,True,0,8,case_2022_russia_swift_financial_sanctions;case_2018_iran_oil_sanctions_reimposition;case_2019_venezuela_oil_sanctions;case_2023_arctic_lng_russian_energy_shipping_sanctions;case_2022_turkey_strait_tanker_insurance_backlog;case_2014_crimea_financial_sanctions;case_2018_iran_swift_restrictions;case_2019_cosco_shipping_sanctions_tanker_market,7,case_2022_russia_swift_financial_sanctions;case_2018_iran_oil_sanctions_reimposition;case_2023_arctic_lng_russian_energy_shipping_sanctions;case_2022_turkey_strait_tanker_insurance_backlog;case_2014_crimea_financial_sanctions;case_2018_iran_swift_restrictions;case_2019_cosco_shipping_sanctions_tanker_market,True,False,
evaluation_cases,eval_middle_east_oil_infrastructure_attack,eval_middle_east_oil_infrastructure_attack,freight_routes,1,case_1987_1988_tanker_war_reflagging,2,False,True,0,19,case_2021_suez_blockage;case_2023_red_sea_attacks;case_panama_canal_drought_shipping_capacity;case_black_sea_grain_export_disruption;case_cyberattack_pipeline_port_infrastructure;case_2023_port_of_nagoya_cyberattack;case_2024_us_east_gulf_port_strike;case_2019_india_pakistan_airspace_closure;case_2021_belarus_potash_sanctions;case_2017_notpetya_shipping_logistics_cyberattack;case_2023_black_sea_shipping_insurance_restrictions;case_2023_south_china_sea_shipping_tensions;case_2023_mexico_nearshoring_cross_border_policy_risk;case_1987_1988_tanker_war_reflagging;case_2008_somali_piracy_gulf_of_aden;case_2022_turkey_strait_tanker_insurance_backlog;case_2021_colonial_pipeline_ransomware;case_2023_dp_world_australia_cyber_port_disruption;case_2022_russia_airspace_closure_aviation_routes,18,case_2021_suez_blockage;case_2023_red_sea_attacks;case_panama_canal_drought_shipping_capacity;case_black_sea_grain_export_disruption;case_cyberattack_pipeline_port_infrastructure;case_2023_port_of_nagoya_cyberattack;case_2024_us_east_gulf_port_strike;case_2019_india_pakistan_airspace_closure;case_2021_belarus_potash_sanctions;case_2017_notpetya_shipping_logistics_cyberattack;case_2023_black_sea_shipping_insurance_restrictions;case_2023_south_china_sea_shipping_tensions;case_2023_mexico_nearshoring_cross_border_policy_risk;case_2008_somali_piracy_gulf_of_aden;case_2022_turkey_strait_tanker_insurance_backlog;case_2021_colonial_pipeline_ransomware;case_2023_dp_world_australia_cyber_port_disruption;case_2022_russia_airspace_closure_aviation_routes,True,False,
evaluation_cases,eval_middle_east_oil_infrastructure_attack,eval_middle_east_oil_infrastructure_attack,lng_shipping,2,case_israel_iran_escalation_energy_risk;case_hormuz_tanker_tensions,2,True,True,2,8,case_2023_red_sea_attacks;case_hormuz_tanker_tensions;case_russia_ukraine_energy_shock;case_panama_canal_drought_shipping_capacity;case_israel_iran_escalation_energy_risk;case_2022_nord_stream_pipeline_sabotage;case_2023_arctic_lng_russian_energy_shipping_sanctions;case_2009_russia_ukraine_gas_transit_dispute,6,case_2023_red_sea_attacks;case_russia_ukraine_energy_shock;case_panama_canal_drought_shipping_capacity;case_2022_nord_stream_pipeline_sabotage;case_2023_arctic_lng_russian_energy_shipping_sanctions;case_2009_russia_ukraine_gas_transit_dispute,False,False,
evaluation_cases,eval_middle_east_oil_infrastructure_attack,eval_middle_east_oil_infrastructure_attack,logistics,2,case_2011_libya_civil_war_oil_disruption;case_1987_1988_tanker_war_reflagging,2,True,True,2,33,case_2021_suez_blockage;case_2023_red_sea_attacks;case_2018_2019_us_china_tariffs;case_panama_canal_drought_shipping_capacity;case_black_sea_grain_export_disruption;case_cyberattack_pipeline_port_infrastructure;case_2023_port_of_nagoya_cyberattack;case_2024_us_east_gulf_port_strike;case_2022_india_wheat_export_ban;case_2017_north_korea_missile_escalation;case_2019_india_pakistan_airspace_closure;case_2022_ukraine_electricity_grid_attacks;case_2023_niger_coup_uranium_supply_risk;case_2021_belarus_potash_sanctions;case_2021_xinjiang_forced_labor_import_restrictions;case_2024_ev_tariff_escalation_china;case_2017_notpetya_shipping_logistics_cyberattack;case_2023_black_sea_shipping_insurance_restrictions;case_2023_south_china_sea_shipping_tensions;case_2024_drc_cobalt_copper_mining_disruption;case_2023_mexico_nearshoring_cross_border_policy_risk;case_2021_myanmar_coup_supply_chain_disruption;case_1987_1988_tanker_war_reflagging;case_2008_somali_piracy_gulf_of_aden;case_2022_turkey_strait_tanker_insurance_backlog;case_2019_cosco_shipping_sanctions_tanker_market;case_2011_libya_civil_war_oil_disruption;case_2022_peru_mine_protests_copper_supply;case_2008_rice_export_restrictions_food_security;case_2022_russia_fertilizer_export_restrictions;case_2021_colonial_pipeline_ransomware;case_2023_dp_world_australia_cyber_port_disruption;case_2022_russia_airspace_closure_aviation_routes,31,case_2021_suez_blockage;case_2023_red_sea_attacks;case_2018_2019_us_china_tariffs;case_panama_canal_drought_shipping_capacity;case_black_sea_grain_export_disruption;case_cyberattack_pipeline_port_infrastructure;case_2023_port_of_nagoya_cyberattack;case_2024_us_east_gulf_port_strike;case_2022_india_wheat_export_ban;case_2017_north_korea_missile_escalation;case_2019_india_pakistan_airspace_closure;case_2022_ukraine_electricity_grid_attacks;case_2023_niger_coup_uranium_supply_risk;case_2021_belarus_potash_sanctions;case_2021_xinjiang_forced_labor_import_restrictions;case_2024_ev_tariff_escalation_china;case_2017_notpetya_shipping_logistics_cyberattack;case_2023_black_sea_shipping_insurance_restrictions;case_2023_south_china_sea_shipping_tensions;case_2024_drc_cobalt_copper_mining_disruption;case_2023_mexico_nearshoring_cross_border_policy_risk;case_2021_myanmar_coup_supply_chain_disruption;case_2008_somali_piracy_gulf_of_aden;case_2022_turkey_strait_tanker_insurance_backlog;case_2019_cosco_shipping_sanctions_tanker_market;case_2022_peru_mine_protests_copper_supply;case_2008_rice_export_restrictions_food_security;case_2022_russia_fertilizer_export_restrictions;case_2021_colonial_pipeline_ransomware;case_2023_dp_world_australia_cyber_port_disruption;case_2022_russia_airspace_closure_aviation_routes,False,False,
evaluation_cases,eval_middle_east_oil_infrastructure_attack,eval_middle_east_oil_infrastructure_attack,marine_insurance,3,case_israel_iran_escalation_energy_risk;case_hormuz_tanker_tensions;case_1987_1988_tanker_war_reflagging,2,True,True,2,12,case_2023_red_sea_attacks;case_hormuz_tanker_tensions;case_israel_iran_escalation_energy_risk;case_2018_iran_oil_sanctions_reimposition;case_2023_black_sea_shipping_insurance_restrictions;case_2023_south_china_sea_shipping_tensions;case_2023_arctic_lng_russian_energy_shipping_sanctions;case_1987_1988_tanker_war_reflagging;case_2008_somali_piracy_gulf_of_aden;case_2022_turkey_strait_tanker_insurance_backlog;case_2018_iran_swift_restrictions;case_2019_cosco_shipping_sanctions_tanker_market,9,case_2023_red_sea_attacks;case_2018_iran_oil_sanctions_reimposition;case_2023_black_sea_shipping_insurance_restrictions;case_2023_south_china_sea_shipping_tensions;case_2023_arctic_lng_russian_energy_shipping_sanctions;case_2008_somali_piracy_gulf_of_aden;case_2022_turkey_strait_tanker_insurance_backlog;case_2018_iran_swift_restrictions;case_2019_cosco_shipping_sanctions_tanker_market,False,False,
evaluation_cases,eval_middle_east_oil_infrastructure_attack,eval_middle_east_oil_infrastructure_attack,maritime_chokepoint,3,case_israel_iran_escalation_energy_risk;case_hormuz_tanker_tensions;case_1987_1988_tanker_war_reflagging,2,True,True,2,12,case_2021_suez_blockage;case_2023_red_sea_attacks;case_hormuz_tanker_tensions;case_panama_canal_drought_shipping_capacity;case_black_sea_grain_export_disruption;case_israel_iran_escalation_energy_risk;case_2023_black_sea_shipping_insurance_restrictions;case_2023_south_china_sea_shipping_tensions;case_2023_arctic_lng_russian_energy_shipping_sanctions;case_1987_1988_tanker_war_reflagging;case_2008_somali_piracy_gulf_of_aden;case_2022_turkey_strait_tanker_insurance_backlog,9,case_2021_suez_blockage;case_2023_red_sea_attacks;case_panama_canal_drought_shipping_capacity;case_black_sea_grain_export_disruption;case_2023_black_sea_shipping_insurance_restrictions;case_2023_south_china_sea_shipping_tensions;case_2023_arctic_lng_russian_energy_shipping_sanctions;case_2008_somali_piracy_gulf_of_aden;case_2022_turkey_strait_tanker_insurance_backlog,False,False,
evaluation_cases,eval_middle_east_oil_infrastructure_attack,eval_middle_east_oil_infrastructure_attack,payment_networks,1,case_2019_venezuela_oil_sanctions,2,False,True,0,7,case_2022_russia_swift_financial_sanctions;case_2018_iran_oil_sanctions_reimposition;case_2019_venezuela_oil_sanctions;case_2023_arctic_lng_russian_energy_shipping_sanctions;case_2014_crimea_financial_sanctions;case_2018_iran_swift_restrictions;case_2019_cosco_shipping_sanctions_tanker_market,6,case_2022_russia_swift_financial_sanctions;case_2018_iran_oil_sanctions_reimposition;case_2023_arctic_lng_russian_energy_shipping_sanctions;case_2014_crimea_financial_sanctions;case_2018_iran_swift_restrictions;case_2019_cosco_shipping_sanctions_tanker_market,True,False,
evaluation_cases,eval_middle_east_oil_infrastructure_attack,eval_middle_east_oil_infrastructure_attack,pipeline_infrastructure,1,case_2024_ukraine_drone_attacks_russian_refineries,2,False,True,0,6,case_cyberattack_pipeline_port_infrastructure;case_2022_nord_stream_pipeline_sabotage;case_2022_ukraine_electricity_grid_attacks;case_2009_russia_ukraine_gas_transit_dispute;case_2024_ukraine_drone_attacks_russian_refineries;case_2021_colonial_pipeline_ransomware,5,case_cyberattack_pipeline_port_infrastructure;case_2022_nord_stream_pipeline_sabotage;case_2022_ukraine_electricity_grid_attacks;case_2009_russia_ukraine_gas_transit_dispute;case_2021_colonial_pipeline_ransomware,True,False,
evaluation_cases,eval_middle_east_oil_infrastructure_attack,eval_middle_east_oil_infrastructure_attack,trade_lanes,1,case_2011_libya_civil_war_oil_disruption,2,False,True,0,31,case_2018_2019_us_china_tariffs;case_uranium_nuclear_fuel_supply_disruption;case_2022_russia_swift_financial_sanctions;case_2024_us_east_gulf_port_strike;case_2022_india_wheat_export_ban;case_2022_russia_aviation_supply_chain_sanctions;case_2017_north_korea_missile_escalation;case_2019_india_pakistan_airspace_closure;case_2023_niger_coup_uranium_supply_risk;case_2022_chile_lithium_policy_shift;case_2020_indonesia_nickel_export_ban;case_2021_belarus_potash_sanctions;case_2021_xinjiang_forced_labor_import_restrictions;case_2024_ev_tariff_escalation_china;case_2023_south_china_sea_shipping_tensions;case_2024_drc_cobalt_copper_mining_disruption;case_2023_mexico_nearshoring_cross_border_policy_risk;case_2023_eu_carbon_border_adjustment_mechanism;case_2021_myanmar_coup_supply_chain_disruption;case_2014_crimea_financial_sanctions;case_2018_iran_swift_restrictions;case_2019_cosco_shipping_sanctions_tanker_market;case_2009_russia_ukraine_gas_transit_dispute;case_2011_libya_civil_war_oil_disruption;case_2010_china_japan_rare_earth_embargo;case_2022_peru_mine_protests_copper_supply;case_2023_panama_cobre_mine_closure;case_2008_rice_export_restrictions_food_security;case_2022_russia_fertilizer_export_restrictions;case_2023_dp_world_australia_cyber_port_disruption;case_2019_turkey_f35_s400_defense_restrictions,30,case_2018_2019_us_china_tariffs;case_uranium_nuclear_fuel_supply_disruption;case_2022_russia_swift_financial_sanctions;case_2024_us_east_gulf_port_strike;case_2022_india_wheat_export_ban;case_2022_russia_aviation_supply_chain_sanctions;case_2017_north_korea_missile_escalation;case_2019_india_pakistan_airspace_closure;case_2023_niger_coup_uranium_supply_risk;case_2022_chile_lithium_policy_shift;case_2020_indonesia_nickel_export_ban;case_2021_belarus_potash_sanctions;case_2021_xinjiang_forced_labor_import_restrictions;case_2024_ev_tariff_escalation_china;case_2023_south_china_sea_shipping_tensions;case_2024_drc_cobalt_copper_mining_disruption;case_2023_mexico_nearshoring_cross_border_policy_risk;case_2023_eu_carbon_border_adjustment_mechanism;case_2021_myanmar_coup_supply_chain_disruption;case_2014_crimea_financial_sanctions;case_2018_iran_swift_restrictions;case_2019_cosco_shipping_sanctions_tanker_market;case_2009_russia_ukraine_gas_transit_dispute;case_2010_china_japan_rare_earth_embargo;case_2022_peru_mine_protests_copper_supply;case_2023_panama_cobre_mine_closure;case_2008_rice_export_restrictions_food_security;case_2022_russia_fertilizer_export_restrictions;case_2023_dp_world_australia_cyber_port_disruption;case_2019_turkey_f35_s400_defense_restrictions,True,False,
evaluation_cases,eval_hormuz_tanker_tensions,eval_hormuz_tanker_tensions,aviation,3,case_2022_abu_dhabi_oil_facility_attack;case_middle_east_oil_supply_disruption;case_opec_production_cut_policy_shock,2,False,True,0,11,case_middle_east_oil_supply_disruption;case_opec_production_cut_policy_shock;case_2020_opec_plus_production_cut;case_2022_abu_dhabi_oil_facility_attack;case_2022_russia_aviation_supply_chain_sanctions;case_2017_north_korea_missile_escalation;case_2019_india_pakistan_airspace_closure;case_2011_libya_civil_war_oil_disruption;case_2024_ukraine_drone_attacks_russian_refineries;case_2021_colonial_pipeline_ransomware;case_2022_russia_airspace_closure_aviation_routes,8,case_2020_opec_plus_production_cut;case_2022_russia_aviation_supply_chain_sanctions;case_2017_north_korea_missile_escalation;case_2019_india_pakistan_airspace_closure;case_2011_libya_civil_war_oil_disruption;case_2024_ukraine_drone_attacks_russian_refineries;case_2021_colonial_pipeline_ransomware;case_2022_russia_airspace_closure_aviation_routes,False,False,
evaluation_cases,eval_hormuz_tanker_tensions,eval_hormuz_tanker_tensions,container_shipping,1,case_2023_red_sea_attacks,2,False,True,0,8,case_2021_suez_blockage;case_2023_red_sea_attacks;case_panama_canal_drought_shipping_capacity;case_2024_us_east_gulf_port_strike;case_2017_notpetya_shipping_logistics_cyberattack;case_2023_south_china_sea_shipping_tensions;case_2008_somali_piracy_gulf_of_aden;case_2023_dp_world_australia_cyber_port_disruption,7,case_2021_suez_blockage;case_panama_canal_drought_shipping_capacity;case_2024_us_east_gulf_port_strike;case_2017_notpetya_shipping_logistics_cyberattack;case_2023_south_china_sea_shipping_tensions;case_2008_somali_piracy_gulf_of_aden;case_2023_dp_world_australia_cyber_port_disruption,True,False,
evaluation_cases,eval_hormuz_tanker_tensions,eval_hormuz_tanker_tensions,customs,1,case_2022_turkey_strait_tanker_insurance_backlog,2,False,True,0,32,case_2023_dutch_asml_controls;case_2019_huawei_entity_list;case_2018_2019_us_china_tariffs;case_china_gallium_germanium_graphite_controls;case_uranium_nuclear_fuel_supply_disruption;case_2022_russia_swift_financial_sanctions;case_2023_china_graphite_battery_export_controls;case_2022_india_wheat_export_ban;case_2022_russia_aviation_supply_chain_sanctions;case_2023_niger_coup_uranium_supply_risk;case_2022_chile_lithium_policy_shift;case_2020_indonesia_nickel_export_ban;case_2021_belarus_potash_sanctions;case_2021_xinjiang_forced_labor_import_restrictions;case_2024_ev_tariff_escalation_china;case_2024_drc_cobalt_copper_mining_disruption;case_2023_mexico_nearshoring_cross_border_policy_risk;case_2023_eu_carbon_border_adjustment_mechanism;case_2021_myanmar_coup_supply_chain_disruption;case_2022_turkey_strait_tanker_insurance_backlog;case_2014_crimea_financial_sanctions;case_2018_iran_swift_restrictions;case_2019_cosco_shipping_sanctions_tanker_market;case_2010_china_japan_rare_earth_embargo;case_2022_peru_mine_protests_copper_supply;case_2023_panama_cobre_mine_closure;case_2008_rice_export_restrictions_food_security;case_2022_russia_fertilizer_export_restrictions;case_2020_smic_entity_list_semiconductor_controls;case_2023_japan_chip_equipment_export_controls;case_2019_turkey_f35_s400_defense_restrictions;case_2022_russia_airspace_closure_aviation_routes,31,case_2023_dutch_asml_controls;case_2019_huawei_entity_list;case_2018_2019_us_china_tariffs;case_china_gallium_germanium_graphite_controls;case_uranium_nuclear_fuel_supply_disruption;case_2022_russia_swift_financial_sanctions;case_2023_china_graphite_battery_export_controls;case_2022_india_wheat_export_ban;case_2022_russia_aviation_supply_chain_sanctions;case_2023_niger_coup_uranium_supply_risk;case_2022_chile_lithium_policy_shift;case_2020_indonesia_nickel_export_ban;case_2021_belarus_potash_sanctions;case_2021_xinjiang_forced_labor_import_restrictions;case_2024_ev_tariff_escalation_china;case_2024_drc_cobalt_copper_mining_disruption;case_2023_mexico_nearshoring_cross_border_policy_risk;case_2023_eu_carbon_border_adjustment_mechanism;case_2021_myanmar_coup_supply_chain_disruption;case_2014_crimea_financial_sanctions;case_2018_iran_swift_restrictions;case_2019_cosco_shipping_sanctions_tanker_market;case_2010_china_japan_rare_earth_embargo;case_2022_peru_mine_protests_copper_supply;case_2023_panama_cobre_mine_closure;case_2008_rice_export_restrictions_food_security;case_2022_russia_fertilizer_export_restrictions;case_2020_smic_entity_list_semiconductor_controls;case_2023_japan_chip_equipment_export_controls;case_2019_turkey_f35_s400_defense_restrictions;case_2022_russia_airspace_closure_aviation_routes,True,False,
evaluation_cases,eval_hormuz_tanker_tensions,eval_hormuz_tanker_tensions,defense,3,case_1987_1988_tanker_war_reflagging;case_israel_iran_escalation_energy_risk;case_2022_abu_dhabi_oil_facility_attack,2,False,True,0,15,case_taiwan_strait_semiconductor_risk;case_rare_earth_export_restriction_risk;case_israel_iran_escalation_energy_risk;case_defense_spending_shock_after_escalation;case_2023_middle_east_defense_supply_escalation;case_2024_taiwan_strait_drills_semiconductor_supply;case_2022_abu_dhabi_oil_facility_attack;case_2022_russia_aviation_supply_chain_sanctions;case_2017_north_korea_missile_escalation;case_2019_india_pakistan_airspace_closure;case_2022_ukraine_electricity_grid_attacks;case_2023_south_china_sea_shipping_tensions;case_1987_1988_tanker_war_reflagging;case_2010_china_japan_rare_earth_embargo;case_2019_turkey_f35_s400_defense_restrictions,12,case_taiwan_strait_semiconductor_risk;case_rare_earth_export_restriction_risk;case_defense_spending_shock_after_escalation;case_2023_middle_east_defense_supply_escalation;case_2024_taiwan_strait_drills_semiconductor_supply;case_2022_russia_aviation_supply_chain_sanctions;case_2017_north_korea_missile_escalation;case_2019_india_pakistan_airspace_closure;case_2022_ukraine_electricity_grid_attacks;case_2023_south_china_sea_shipping_tensions;case_2010_china_japan_rare_earth_embargo;case_2019_turkey_f35_s400_defense_restrictions,False,False,
evaluation_cases,eval_hormuz_tanker_tensions,eval_hormuz_tanker_tensions,energy,8,case_hormuz_tanker_tensions;case_1987_1988_tanker_war_reflagging;case_israel_iran_escalation_energy_risk;case_2022_abu_dhabi_oil_facility_attack;case_2023_arctic_lng_russian_energy_shipping_sanctions;case_middle_east_oil_supply_disruption;case_opec_production_cut_policy_shock;case_russia_ukraine_energy_shock,2,False,True,0,28,case_2021_suez_blockage;case_hormuz_tanker_tensions;case_russia_ukraine_energy_shock;case_2022_gas_fertilizer_shock;case_middle_east_oil_supply_disruption;case_rare_earth_export_restriction_risk;case_opec_production_cut_policy_shock;case_israel_iran_escalation_energy_risk;case_cyberattack_pipeline_port_infrastructure;case_uranium_nuclear_fuel_supply_disruption;case_2022_russia_swift_financial_sanctions;case_2020_opec_plus_production_cut;case_2022_abu_dhabi_oil_facility_attack;case_2018_iran_oil_sanctions_reimposition;case_2019_venezuela_oil_sanctions;case_2022_nord_stream_pipeline_sabotage;case_2022_ukraine_electricity_grid_attacks;case_2023_niger_coup_uranium_supply_risk;case_2023_eu_carbon_border_adjustment_mechanism;case_2023_arctic_lng_russian_energy_shipping_sanctions;case_1987_1988_tanker_war_reflagging;case_2014_crimea_financial_sanctions;case_2009_russia_ukraine_gas_transit_dispute;case_2011_libya_civil_war_oil_disruption;case_2024_ukraine_drone_attacks_russian_refineries;case_2022_russia_fertilizer_export_restrictions;case_2021_colonial_pipeline_ransomware;case_2022_russia_airspace_closure_aviation_routes,20,case_2021_suez_blockage;case_2022_gas_fertilizer_shock;case_rare_earth_export_restriction_risk;case_cyberattack_pipeline_port_infrastructure;case_uranium_nuclear_fuel_supply_disruption;case_2022_russia_swift_financial_sanctions;case_2020_opec_plus_production_cut;case_2018_iran_oil_sanctions_reimposition;case_2019_venezuela_oil_sanctions;case_2022_nord_stream_pipeline_sabotage;case_2022_ukraine_electricity_grid_attacks;case_2023_niger_coup_uranium_supply_risk;case_2023_eu_carbon_border_adjustment_mechanism;case_2014_crimea_financial_sanctions;case_2009_russia_ukraine_gas_transit_dispute;case_2011_libya_civil_war_oil_disruption;case_2024_ukraine_drone_attacks_russian_refineries;case_2022_russia_fertilizer_export_restrictions;case_2021_colonial_pipeline_ransomware;case_2022_russia_airspace_closure_aviation_routes,False,False,
evaluation_cases,eval_hormuz_tanker_tensions,eval_hormuz_tanker_tensions,financial_sanctions,2,case_2023_arctic_lng_russian_energy_shipping_sanctions;case_2022_turkey_strait_tanker_insurance_backlog,2,False,True,0,8,case_2022_russia_swift_financial_sanctions;case_2018_iran_oil_sanctions_reimposition;case_2019_venezuela_oil_sanctions;case_2023_arctic_lng_russian_energy_shipping_sanctions;case_2022_turkey_strait_tanker_insurance_backlog;case_2014_crimea_financial_sanctions;case_2018_iran_swift_restrictions;case_2019_cosco_shipping_sanctions_tanker_market,6,case_2022_russia_swift_financial_sanctions;case_2018_iran_oil_sanctions_reimposition;case_2019_venezuela_oil_sanctions;case_2014_crimea_financial_sanctions;case_2018_iran_swift_restrictions;case_2019_cosco_shipping_sanctions_tanker_market,False,False,
evaluation_cases,eval_hormuz_tanker_tensions,eval_hormuz_tanker_tensions,freight_routes,3,case_1987_1988_tanker_war_reflagging;case_2023_red_sea_attacks;case_2022_turkey_strait_tanker_insurance_backlog,2,False,True,0,19,case_2021_suez_blockage;case_2023_red_sea_attacks;case_panama_canal_drought_shipping_capacity;case_black_sea_grain_export_disruption;case_cyberattack_pipeline_port_infrastructure;case_2023_port_of_nagoya_cyberattack;case_2024_us_east_gulf_port_strike;case_2019_india_pakistan_airspace_closure;case_2021_belarus_potash_sanctions;case_2017_notpetya_shipping_logistics_cyberattack;case_2023_black_sea_shipping_insurance_restrictions;case_2023_south_china_sea_shipping_tensions;case_2023_mexico_nearshoring_cross_border_policy_risk;case_1987_1988_tanker_war_reflagging;case_2008_somali_piracy_gulf_of_aden;case_2022_turkey_strait_tanker_insurance_backlog;case_2021_colonial_pipeline_ransomware;case_2023_dp_world_australia_cyber_port_disruption;case_2022_russia_airspace_closure_aviation_routes,16,case_2021_suez_blockage;case_panama_canal_drought_shipping_capacity;case_black_sea_grain_export_disruption;case_cyberattack_pipeline_port_infrastructure;case_2023_port_of_nagoya_cyberattack;case_2024_us_east_gulf_port_strike;case_2019_india_pakistan_airspace_closure;case_2021_belarus_potash_sanctions;case_2017_notpetya_shipping_logistics_cyberattack;case_2023_black_sea_shipping_insurance_restrictions;case_2023_south_china_sea_shipping_tensions;case_2023_mexico_nearshoring_cross_border_policy_risk;case_2008_somali_piracy_gulf_of_aden;case_2021_colonial_pipeline_ransomware;case_2023_dp_world_australia_cyber_port_disruption;case_2022_russia_airspace_closure_aviation_routes,False,False,
evaluation_cases,eval_hormuz_tanker_tensions,eval_hormuz_tanker_tensions,lng_shipping,5,case_hormuz_tanker_tensions;case_israel_iran_escalation_energy_risk;case_2023_red_sea_attacks;case_2023_arctic_lng_russian_energy_shipping_sanctions;case_russia_ukraine_energy_shock,2,False,True,0,8,case_2023_red_sea_attacks;case_hormuz_tanker_tensions;case_russia_ukraine_energy_shock;case_panama_canal_drought_shipping_capacity;case_israel_iran_escalation_energy_risk;case_2022_nord_stream_pipeline_sabotage;case_2023_arctic_lng_russian_energy_shipping_sanctions;case_2009_russia_ukraine_gas_transit_dispute,3,case_panama_canal_drought_shipping_capacity;case_2022_nord_stream_pipeline_sabotage;case_2009_russia_ukraine_gas_transit_dispute,False,False,
evaluation_cases,eval_hormuz_tanker_tensions,eval_hormuz_tanker_tensions,logistics,3,case_1987_1988_tanker_war_reflagging;case_2023_red_sea_attacks;case_2022_turkey_strait_tanker_insurance_backlog,2,False,True,0,33,case_2021_suez_blockage;case_2023_red_sea_attacks;case_2018_2019_us_china_tariffs;case_panama_canal_drought_shipping_capacity;case_black_sea_grain_export_disruption;case_cyberattack_pipeline_port_infrastructure;case_2023_port_of_nagoya_cyberattack;case_2024_us_east_gulf_port_strike;case_2022_india_wheat_export_ban;case_2017_north_korea_missile_escalation;case_2019_india_pakistan_airspace_closure;case_2022_ukraine_electricity_grid_attacks;case_2023_niger_coup_uranium_supply_risk;case_2021_belarus_potash_sanctions;case_2021_xinjiang_forced_labor_import_restrictions;case_2024_ev_tariff_escalation_china;case_2017_notpetya_shipping_logistics_cyberattack;case_2023_black_sea_shipping_insurance_restrictions;case_2023_south_china_sea_shipping_tensions;case_2024_drc_cobalt_copper_mining_disruption;case_2023_mexico_nearshoring_cross_border_policy_risk;case_2021_myanmar_coup_supply_chain_disruption;case_1987_1988_tanker_war_reflagging;case_2008_somali_piracy_gulf_of_aden;case_2022_turkey_strait_tanker_insurance_backlog;case_2019_cosco_shipping_sanctions_tanker_market;case_2011_libya_civil_war_oil_disruption;case_2022_peru_mine_protests_copper_supply;case_2008_rice_export_restrictions_food_security;case_2022_russia_fertilizer_export_restrictions;case_2021_colonial_pipeline_ransomware;case_2023_dp_world_australia_cyber_port_disruption;case_2022_russia_airspace_closure_aviation_routes,30,case_2021_suez_blockage;case_2018_2019_us_china_tariffs;case_panama_canal_drought_shipping_capacity;case_black_sea_grain_export_disruption;case_cyberattack_pipeline_port_infrastructure;case_2023_port_of_nagoya_cyberattack;case_2024_us_east_gulf_port_strike;case_2022_india_wheat_export_ban;case_2017_north_korea_missile_escalation;case_2019_india_pakistan_airspace_closure;case_2022_ukraine_electricity_grid_attacks;case_2023_niger_coup_uranium_supply_risk;case_2021_belarus_potash_sanctions;case_2021_xinjiang_forced_labor_import_restrictions;case_2024_ev_tariff_escalation_china;case_2017_notpetya_shipping_logistics_cyberattack;case_2023_black_sea_shipping_insurance_restrictions;case_2023_south_china_sea_shipping_tensions;case_2024_drc_cobalt_copper_mining_disruption;case_2023_mexico_nearshoring_cross_border_policy_risk;case_2021_myanmar_coup_supply_chain_disruption;case_2008_somali_piracy_gulf_of_aden;case_2019_cosco_shipping_sanctions_tanker_market;case_2011_libya_civil_war_oil_disruption;case_2022_peru_mine_protests_copper_supply;case_2008_rice_export_restrictions_food_security;case_2022_russia_fertilizer_export_restrictions;case_2021_colonial_pipeline_ransomware;case_2023_dp_world_australia_cyber_port_disruption;case_2022_russia_airspace_closure_aviation_routes,False,False,
evaluation_cases,eval_hormuz_tanker_tensions,eval_hormuz_tanker_tensions,manufacturing_inputs,1,case_russia_ukraine_energy_shock,2,False,True,0,34,case_russia_ukraine_energy_shock;case_2019_huawei_entity_list;case_2018_2019_us_china_tariffs;case_2022_gas_fertilizer_shock;case_taiwan_strait_semiconductor_risk;case_rare_earth_export_restriction_risk;case_china_gallium_germanium_graphite_controls;case_defense_spending_shock_after_escalation;case_uranium_nuclear_fuel_supply_disruption;case_2023_port_of_nagoya_cyberattack;case_2023_middle_east_defense_supply_escalation;case_2023_china_graphite_battery_export_controls;case_2022_russia_aviation_supply_chain_sanctions;case_2017_north_korea_missile_escalation;case_2019_india_pakistan_airspace_closure;case_2022_nord_stream_pipeline_sabotage;case_2022_ukraine_electricity_grid_attacks;case_2022_chile_lithium_policy_shift;case_2020_indonesia_nickel_export_ban;case_2021_xinjiang_forced_labor_import_restrictions;case_2024_ev_tariff_escalation_china;case_2017_notpetya_shipping_logistics_cyberattack;case_2024_drc_cobalt_copper_mining_disruption;case_2023_mexico_nearshoring_cross_border_policy_risk;case_2023_eu_carbon_border_adjustment_mechanism;case_2021_myanmar_coup_supply_chain_disruption;case_2014_crimea_financial_sanctions;case_2009_russia_ukraine_gas_transit_dispute;case_2010_china_japan_rare_earth_embargo;case_2022_peru_mine_protests_copper_supply;case_2023_panama_cobre_mine_closure;case_2020_smic_entity_list_semiconductor_controls;case_2023_japan_chip_equipment_export_controls;case_2019_turkey_f35_s400_defense_restrictions,33,case_2019_huawei_entity_list;case_2018_2019_us_china_tariffs;case_2022_gas_fertilizer_shock;case_taiwan_strait_semiconductor_risk;case_rare_earth_export_restriction_risk;case_china_gallium_germanium_graphite_controls;case_defense_spending_shock_after_escalation;case_uranium_nuclear_fuel_supply_disruption;case_2023_port_of_nagoya_cyberattack;case_2023_middle_east_defense_supply_escalation;case_2023_china_graphite_battery_export_controls;case_2022_russia_aviation_supply_chain_sanctions;case_2017_north_korea_missile_escalation;case_2019_india_pakistan_airspace_closure;case_2022_nord_stream_pipeline_sabotage;case_2022_ukraine_electricity_grid_attacks;case_2022_chile_lithium_policy_shift;case_2020_indonesia_nickel_export_ban;case_2021_xinjiang_forced_labor_import_restrictions;case_2024_ev_tariff_escalation_china;case_2017_notpetya_shipping_logistics_cyberattack;case_2024_drc_cobalt_copper_mining_disruption;case_2023_mexico_nearshoring_cross_border_policy_risk;case_2023_eu_carbon_border_adjustment_mechanism;case_2021_myanmar_coup_supply_chain_disruption;case_2014_crimea_financial_sanctions;case_2009_russia_ukraine_gas_transit_dispute;case_2010_china_japan_rare_earth_embargo;case_2022_peru_mine_protests_copper_supply;case_2023_panama_cobre_mine_closure;case_2020_smic_entity_list_semiconductor_controls;case_2023_japan_chip_equipment_export_controls;case_2019_turkey_f35_s400_defense_restrictions,True,False,
evaluation_cases,eval_hormuz_tanker_tensions,eval_hormuz_tanker_tensions,marine_insurance,6,case_hormuz_tanker_tensions;case_1987_1988_tanker_war_reflagging;case_israel_iran_escalation_energy_risk;case_2023_red_sea_attacks;case_2023_arctic_lng_russian_energy_shipping_sanctions;case_2022_turkey_strait_tanker_insurance_backlog,2,False,True,0,12,case_2023_red_sea_attacks;case_hormuz_tanker_tensions;case_israel_iran_escalation_energy_risk;case_2018_iran_oil_sanctions_reimposition;case_2023_black_sea_shipping_insurance_restrictions;case_2023_south_china_sea_shipping_tensions;case_2023_arctic_lng_russian_energy_shipping_sanctions;case_1987_1988_tanker_war_reflagging;case_2008_somali_piracy_gulf_of_aden;case_2022_turkey_strait_tanker_insurance_backlog;case_2018_iran_swift_restrictions;case_2019_cosco_shipping_sanctions_tanker_market,6,case_2018_iran_oil_sanctions_reimposition;case_2023_black_sea_shipping_insurance_restrictions;case_2023_south_china_sea_shipping_tensions;case_2008_somali_piracy_gulf_of_aden;case_2018_iran_swift_restrictions;case_2019_cosco_shipping_sanctions_tanker_market,False,False,
evaluation_cases,eval_hormuz_tanker_tensions,eval_hormuz_tanker_tensions,maritime_chokepoint,6,case_hormuz_tanker_tensions;case_1987_1988_tanker_war_reflagging;case_israel_iran_escalation_energy_risk;case_2023_red_sea_attacks;case_2023_arctic_lng_russian_energy_shipping_sanctions;case_2022_turkey_strait_tanker_insurance_backlog,2,False,True,0,12,case_2021_suez_blockage;case_2023_red_sea_attacks;case_hormuz_tanker_tensions;case_panama_canal_drought_shipping_capacity;case_black_sea_grain_export_disruption;case_israel_iran_escalation_energy_risk;case_2023_black_sea_shipping_insurance_restrictions;case_2023_south_china_sea_shipping_tensions;case_2023_arctic_lng_russian_energy_shipping_sanctions;case_1987_1988_tanker_war_reflagging;case_2008_somali_piracy_gulf_of_aden;case_2022_turkey_strait_tanker_insurance_backlog,6,case_2021_suez_blockage;case_panama_canal_drought_shipping_capacity;case_black_sea_grain_export_disruption;case_2023_black_sea_shipping_insurance_restrictions;case_2023_south_china_sea_shipping_tensions;case_2008_somali_piracy_gulf_of_aden,False,False,
evaluation_cases,eval_hormuz_tanker_tensions,eval_hormuz_tanker_tensions,oil_shipping,9,case_hormuz_tanker_tensions;case_1987_1988_tanker_war_reflagging;case_israel_iran_escalation_energy_risk;case_2022_abu_dhabi_oil_facility_attack;case_2023_red_sea_attacks;case_2023_arctic_lng_russian_energy_shipping_sanctions;case_middle_east_oil_supply_disruption;case_2022_turkey_strait_tanker_insurance_backlog;case_opec_production_cut_policy_shock,2,False,True,0,17,case_2023_red_sea_attacks;case_hormuz_tanker_tensions;case_middle_east_oil_supply_disruption;case_opec_production_cut_policy_shock;case_israel_iran_escalation_energy_risk;case_2020_opec_plus_production_cut;case_2022_abu_dhabi_oil_facility_attack;case_2018_iran_oil_sanctions_reimposition;case_2019_venezuela_oil_sanctions;case_2023_arctic_lng_russian_energy_shipping_sanctions;case_1987_1988_tanker_war_reflagging;case_2008_somali_piracy_gulf_of_aden;case_2022_turkey_strait_tanker_insurance_backlog;case_2018_iran_swift_restrictions;case_2019_cosco_shipping_sanctions_tanker_market;case_2011_libya_civil_war_oil_disruption;case_2024_ukraine_drone_attacks_russian_refineries,8,case_2020_opec_plus_production_cut;case_2018_iran_oil_sanctions_reimposition;case_2019_venezuela_oil_sanctions;case_2008_somali_piracy_gulf_of_aden;case_2018_iran_swift_restrictions;case_2019_cosco_shipping_sanctions_tanker_market;case_2011_libya_civil_war_oil_disruption;case_2024_ukraine_drone_attacks_russian_refineries,False,False,
evaluation_cases,eval_hormuz_tanker_tensions,eval_hormuz_tanker_tensions,payment_networks,1,case_2023_arctic_lng_russian_energy_shipping_sanctions,2,False,True,0,7,case_2022_russia_swift_financial_sanctions;case_2018_iran_oil_sanctions_reimposition;case_2019_venezuela_oil_sanctions;case_2023_arctic_lng_russian_energy_shipping_sanctions;case_2014_crimea_financial_sanctions;case_2018_iran_swift_restrictions;case_2019_cosco_shipping_sanctions_tanker_market,6,case_2022_russia_swift_financial_sanctions;case_2018_iran_oil_sanctions_reimposition;case_2019_venezuela_oil_sanctions;case_2014_crimea_financial_sanctions;case_2018_iran_swift_restrictions;case_2019_cosco_shipping_sanctions_tanker_market,True,False,
evaluation_cases,eval_hormuz_tanker_tensions,eval_hormuz_tanker_tensions,petrochemicals,4,case_2022_abu_dhabi_oil_facility_attack;case_middle_east_oil_supply_disruption;case_opec_production_cut_policy_shock;case_russia_ukraine_energy_shock,2,False,True,0,12,case_russia_ukraine_energy_shock;case_2022_gas_fertilizer_shock;case_middle_east_oil_supply_disruption;case_opec_production_cut_policy_shock;case_2020_opec_plus_production_cut;case_2022_abu_dhabi_oil_facility_attack;case_2018_iran_oil_sanctions_reimposition;case_2019_venezuela_oil_sanctions;case_2022_nord_stream_pipeline_sabotage;case_2009_russia_ukraine_gas_transit_dispute;case_2011_libya_civil_war_oil_disruption;case_2024_ukraine_drone_attacks_russian_refineries,8,case_2022_gas_fertilizer_shock;case_2020_opec_plus_production_cut;case_2018_iran_oil_sanctions_reimposition;case_2019_venezuela_oil_sanctions;case_2022_nord_stream_pipeline_sabotage;case_2009_russia_ukraine_gas_transit_dispute;case_2011_libya_civil_war_oil_disruption;case_2024_ukraine_drone_attacks_russian_refineries,False,False,
evaluation_cases,eval_hormuz_tanker_tensions,eval_hormuz_tanker_tensions,refining,6,case_hormuz_tanker_tensions;case_israel_iran_escalation_energy_risk;case_2022_abu_dhabi_oil_facility_attack;case_middle_east_oil_supply_disruption;case_opec_production_cut_policy_shock;case_russia_ukraine_energy_shock,2,False,True,0,12,case_hormuz_tanker_tensions;case_russia_ukraine_energy_shock;case_middle_east_oil_supply_disruption;case_opec_production_cut_policy_shock;case_israel_iran_escalation_energy_risk;case_2020_opec_plus_production_cut;case_2022_abu_dhabi_oil_facility_attack;case_2018_iran_oil_sanctions_reimposition;case_2019_venezuela_oil_sanctions;case_2011_libya_civil_war_oil_disruption;case_2024_ukraine_drone_attacks_russian_refineries;case_2021_colonial_pipeline_ransomware,6,case_2020_opec_plus_production_cut;case_2018_iran_oil_sanctions_reimposition;case_2019_venezuela_oil_sanctions;case_2011_libya_civil_war_oil_disruption;case_2024_ukraine_drone_attacks_russian_refineries;case_2021_colonial_pipeline_ransomware,False,False,
evaluation_cases,eval_suez_canal_blockage,eval_suez_canal_blockage,agriculture,1,case_panama_canal_drought_shipping_capacity,2,False,True,0,10,case_2018_2019_us_china_tariffs;case_2022_gas_fertilizer_shock;case_panama_canal_drought_shipping_capacity;case_black_sea_grain_export_disruption;case_2022_india_wheat_export_ban;case_2021_belarus_potash_sanctions;case_2023_black_sea_shipping_insurance_restrictions;case_2021_myanmar_coup_supply_chain_disruption;case_2008_rice_export_restrictions_food_security;case_2022_russia_fertilizer_export_restrictions,9,case_2018_2019_us_china_tariffs;case_2022_gas_fertilizer_shock;case_black_sea_grain_export_disruption;case_2022_india_wheat_export_ban;case_2021_belarus_potash_sanctions;case_2023_black_sea_shipping_insurance_restrictions;case_2021_myanmar_coup_supply_chain_disruption;case_2008_rice_export_restrictions_food_security;case_2022_russia_fertilizer_export_restrictions,True,False,
evaluation_cases,eval_suez_canal_blockage,eval_suez_canal_blockage,customs,2,case_2022_turkey_strait_tanker_insurance_backlog;case_2019_cosco_shipping_sanctions_tanker_market,2,True,True,2,32,case_2023_dutch_asml_controls;case_2019_huawei_entity_list;case_2018_2019_us_china_tariffs;case_china_gallium_germanium_graphite_controls;case_uranium_nuclear_fuel_supply_disruption;case_2022_russia_swift_financial_sanctions;case_2023_china_graphite_battery_export_controls;case_2022_india_wheat_export_ban;case_2022_russia_aviation_supply_chain_sanctions;case_2023_niger_coup_uranium_supply_risk;case_2022_chile_lithium_policy_shift;case_2020_indonesia_nickel_export_ban;case_2021_belarus_potash_sanctions;case_2021_xinjiang_forced_labor_import_restrictions;case_2024_ev_tariff_escalation_china;case_2024_drc_cobalt_copper_mining_disruption;case_2023_mexico_nearshoring_cross_border_policy_risk;case_2023_eu_carbon_border_adjustment_mechanism;case_2021_myanmar_coup_supply_chain_disruption;case_2022_turkey_strait_tanker_insurance_backlog;case_2014_crimea_financial_sanctions;case_2018_iran_swift_restrictions;case_2019_cosco_shipping_sanctions_tanker_market;case_2010_china_japan_rare_earth_embargo;case_2022_peru_mine_protests_copper_supply;case_2023_panama_cobre_mine_closure;case_2008_rice_export_restrictions_food_security;case_2022_russia_fertilizer_export_restrictions;case_2020_smic_entity_list_semiconductor_controls;case_2023_japan_chip_equipment_export_controls;case_2019_turkey_f35_s400_defense_restrictions;case_2022_russia_airspace_closure_aviation_routes,30,case_2023_dutch_asml_controls;case_2019_huawei_entity_list;case_2018_2019_us_china_tariffs;case_china_gallium_germanium_graphite_controls;case_uranium_nuclear_fuel_supply_disruption;case_2022_russia_swift_financial_sanctions;case_2023_china_graphite_battery_export_controls;case_2022_india_wheat_export_ban;case_2022_russia_aviation_supply_chain_sanctions;case_2023_niger_coup_uranium_supply_risk;case_2022_chile_lithium_policy_shift;case_2020_indonesia_nickel_export_ban;case_2021_belarus_potash_sanctions;case_2021_xinjiang_forced_labor_import_restrictions;case_2024_ev_tariff_escalation_china;case_2024_drc_cobalt_copper_mining_disruption;case_2023_mexico_nearshoring_cross_border_policy_risk;case_2023_eu_carbon_border_adjustment_mechanism;case_2021_myanmar_coup_supply_chain_disruption;case_2014_crimea_financial_sanctions;case_2018_iran_swift_restrictions;case_2010_china_japan_rare_earth_embargo;case_2022_peru_mine_protests_copper_supply;case_2023_panama_cobre_mine_closure;case_2008_rice_export_restrictions_food_security;case_2022_russia_fertilizer_export_restrictions;case_2020_smic_entity_list_semiconductor_controls;case_2023_japan_chip_equipment_export_controls;case_2019_turkey_f35_s400_defense_restrictions;case_2022_russia_airspace_closure_aviation_routes,False,False,
evaluation_cases,eval_suez_canal_blockage,eval_suez_canal_blockage,cyber_infrastructure,2,case_2023_dp_world_australia_cyber_port_disruption;case_2017_notpetya_shipping_logistics_cyberattack,2,True,True,2,9,case_cyberattack_pipeline_port_infrastructure;case_defense_spending_shock_after_escalation;case_2023_port_of_nagoya_cyberattack;case_2023_middle_east_defense_supply_escalation;case_2022_nord_stream_pipeline_sabotage;case_2022_ukraine_electricity_grid_attacks;case_2017_notpetya_shipping_logistics_cyberattack;case_2021_colonial_pipeline_ransomware;case_2023_dp_world_australia_cyber_port_disruption,7,case_cyberattack_pipeline_port_infrastructure;case_defense_spending_shock_after_escalation;case_2023_port_of_nagoya_cyberattack;case_2023_middle_east_defense_supply_escalation;case_2022_nord_stream_pipeline_sabotage;case_2022_ukraine_electricity_grid_attacks;case_2021_colonial_pipeline_ransomware,False,False,
evaluation_cases,eval_suez_canal_blockage,eval_suez_canal_blockage,defense,1,case_2023_south_china_sea_shipping_tensions,2,False,True,0,15,case_taiwan_strait_semiconductor_risk;case_rare_earth_export_restriction_risk;case_israel_iran_escalation_energy_risk;case_defense_spending_shock_after_escalation;case_2023_middle_east_defense_supply_escalation;case_2024_taiwan_strait_drills_semiconductor_supply;case_2022_abu_dhabi_oil_facility_attack;case_2022_russia_aviation_supply_chain_sanctions;case_2017_north_korea_missile_escalation;case_2019_india_pakistan_airspace_closure;case_2022_ukraine_electricity_grid_attacks;case_2023_south_china_sea_shipping_tensions;case_1987_1988_tanker_war_reflagging;case_2010_china_japan_rare_earth_embargo;case_2019_turkey_f35_s400_defense_restrictions,14,case_taiwan_strait_semiconductor_risk;case_rare_earth_export_restriction_risk;case_israel_iran_escalation_energy_risk;case_defense_spending_shock_after_escalation;case_2023_middle_east_defense_supply_escalation;case_2024_taiwan_strait_drills_semiconductor_supply;case_2022_abu_dhabi_oil_facility_attack;case_2022_russia_aviation_supply_chain_sanctions;case_2017_north_korea_missile_escalation;case_2019_india_pakistan_airspace_closure;case_2022_ukraine_electricity_grid_attacks;case_1987_1988_tanker_war_reflagging;case_2010_china_japan_rare_earth_embargo;case_2019_turkey_f35_s400_defense_restrictions,True,False,
evaluation_cases,eval_suez_canal_blockage,eval_suez_canal_blockage,energy,2,case_2021_suez_blockage;case_2023_arctic_lng_russian_energy_shipping_sanctions,2,True,True,2,28,case_2021_suez_blockage;case_hormuz_tanker_tensions;case_russia_ukraine_energy_shock;case_2022_gas_fertilizer_shock;case_middle_east_oil_supply_disruption;case_rare_earth_export_restriction_risk;case_opec_production_cut_policy_shock;case_israel_iran_escalation_energy_risk;case_cyberattack_pipeline_port_infrastructure;case_uranium_nuclear_fuel_supply_disruption;case_2022_russia_swift_financial_sanctions;case_2020_opec_plus_production_cut;case_2022_abu_dhabi_oil_facility_attack;case_2018_iran_oil_sanctions_reimposition;case_2019_venezuela_oil_sanctions;case_2022_nord_stream_pipeline_sabotage;case_2022_ukraine_electricity_grid_attacks;case_2023_niger_coup_uranium_supply_risk;case_2023_eu_carbon_border_adjustment_mechanism;case_2023_arctic_lng_russian_energy_shipping_sanctions;case_1987_1988_tanker_war_reflagging;case_2014_crimea_financial_sanctions;case_2009_russia_ukraine_gas_transit_dispute;case_2011_libya_civil_war_oil_disruption;case_2024_ukraine_drone_attacks_russian_refineries;case_2022_russia_fertilizer_export_restrictions;case_2021_colonial_pipeline_ransomware;case_2022_russia_airspace_closure_aviation_routes,26,case_hormuz_tanker_tensions;case_russia_ukraine_energy_shock;case_2022_gas_fertilizer_shock;case_middle_east_oil_supply_disruption;case_rare_earth_export_restriction_risk;case_opec_production_cut_policy_shock;case_israel_iran_escalation_energy_risk;case_cyberattack_pipeline_port_infrastructure;case_uranium_nuclear_fuel_supply_disruption;case_2022_russia_swift_financial_sanctions;case_2020_opec_plus_production_cut;case_2022_abu_dhabi_oil_facility_attack;case_2018_iran_oil_sanctions_reimposition;case_2019_venezuela_oil_sanctions;case_2022_nord_stream_pipeline_sabotage;case_2022_ukraine_electricity_grid_attacks;case_2023_niger_coup_uranium_supply_risk;case_2023_eu_carbon_border_adjustment_mechanism;case_1987_1988_tanker_war_reflagging;case_2014_crimea_financial_sanctions;case_2009_russia_ukraine_gas_transit_dispute;case_2011_libya_civil_war_oil_disruption;case_2024_ukraine_drone_attacks_russian_refineries;case_2022_russia_fertilizer_export_restrictions;case_2021_colonial_pipeline_ransomware;case_2022_russia_airspace_closure_aviation_routes,False,False,
evaluation_cases,eval_suez_canal_blockage,eval_suez_canal_blockage,financial_sanctions,3,case_2022_turkey_strait_tanker_insurance_backlog;case_2023_arctic_lng_russian_energy_shipping_sanctions;case_2019_cosco_shipping_sanctions_tanker_market,2,True,True,2,8,case_2022_russia_swift_financial_sanctions;case_2018_iran_oil_sanctions_reimposition;case_2019_venezuela_oil_sanctions;case_2023_arctic_lng_russian_energy_shipping_sanctions;case_2022_turkey_strait_tanker_insurance_backlog;case_2014_crimea_financial_sanctions;case_2018_iran_swift_restrictions;case_2019_cosco_shipping_sanctions_tanker_market,5,case_2022_russia_swift_financial_sanctions;case_2018_iran_oil_sanctions_reimposition;case_2019_venezuela_oil_sanctions;case_2014_crimea_financial_sanctions;case_2018_iran_swift_restrictions,False,False,
evaluation_cases,eval_suez_canal_blockage,eval_suez_canal_blockage,lng_shipping,3,case_2023_red_sea_attacks;case_panama_canal_drought_shipping_capacity;case_2023_arctic_lng_russian_energy_shipping_sanctions,2,True,True,2,8,case_2023_red_sea_attacks;case_hormuz_tanker_tensions;case_russia_ukraine_energy_shock;case_panama_canal_drought_shipping_capacity;case_israel_iran_escalation_energy_risk;case_2022_nord_stream_pipeline_sabotage;case_2023_arctic_lng_russian_energy_shipping_sanctions;case_2009_russia_ukraine_gas_transit_dispute,5,case_hormuz_tanker_tensions;case_russia_ukraine_energy_shock;case_israel_iran_escalation_energy_risk;case_2022_nord_stream_pipeline_sabotage;case_2009_russia_ukraine_gas_transit_dispute,False,False,
evaluation_cases,eval_suez_canal_blockage,eval_suez_canal_blockage,manufacturing_inputs,1,case_2017_notpetya_shipping_logistics_cyberattack,2,False,True,0,34,case_russia_ukraine_energy_shock;case_2019_huawei_entity_list;case_2018_2019_us_china_tariffs;case_2022_gas_fertilizer_shock;case_taiwan_strait_semiconductor_risk;case_rare_earth_export_restriction_risk;case_china_gallium_germanium_graphite_controls;case_defense_spending_shock_after_escalation;case_uranium_nuclear_fuel_supply_disruption;case_2023_port_of_nagoya_cyberattack;case_2023_middle_east_defense_supply_escalation;case_2023_china_graphite_battery_export_controls;case_2022_russia_aviation_supply_chain_sanctions;case_2017_north_korea_missile_escalation;case_2019_india_pakistan_airspace_closure;case_2022_nord_stream_pipeline_sabotage;case_2022_ukraine_electricity_grid_attacks;case_2022_chile_lithium_policy_shift;case_2020_indonesia_nickel_export_ban;case_2021_xinjiang_forced_labor_import_restrictions;case_2024_ev_tariff_escalation_china;case_2017_notpetya_shipping_logistics_cyberattack;case_2024_drc_cobalt_copper_mining_disruption;case_2023_mexico_nearshoring_cross_border_policy_risk;case_2023_eu_carbon_border_adjustment_mechanism;case_2021_myanmar_coup_supply_chain_disruption;case_2014_crimea_financial_sanctions;case_2009_russia_ukraine_gas_transit_dispute;case_2010_china_japan_rare_earth_embargo;case_2022_peru_mine_protests_copper_supply;case_2023_panama_cobre_mine_closure;case_2020_smic_entity_list_semiconductor_controls;case_2023_japan_chip_equipment_export_controls;case_2019_turkey_f35_s400_defense_restrictions,33,case_russia_ukraine_energy_shock;case_2019_huawei_entity_list;case_2018_2019_us_china_tariffs;case_2022_gas_fertilizer_shock;case_taiwan_strait_semiconductor_risk;case_rare_earth_export_restriction_risk;case_china_gallium_germanium_graphite_controls;case_defense_spending_shock_after_escalation;case_uranium_nuclear_fuel_supply_disruption;case_2023_port_of_nagoya_cyberattack;case_2023_middle_east_defense_supply_escalation;case_2023_china_graphite_battery_export_controls;case_2022_russia_aviation_supply_chain_sanctions;case_2017_north_korea_missile_escalation;case_2019_india_pakistan_airspace_closure;case_2022_nord_stream_pipeline_sabotage;case_2022_ukraine_electricity_grid_attacks;case_2022_chile_lithium_policy_shift;case_2020_indonesia_nickel_export_ban;case_2021_xinjiang_forced_labor_import_restrictions;case_2024_ev_tariff_escalation_china;case_2024_drc_cobalt_copper_mining_disruption;case_2023_mexico_nearshoring_cross_border_policy_risk;case_2023_eu_carbon_border_adjustment_mechanism;case_2021_myanmar_coup_supply_chain_disruption;case_2014_crimea_financial_sanctions;case_2009_russia_ukraine_gas_transit_dispute;case_2010_china_japan_rare_earth_embargo;case_2022_peru_mine_protests_copper_supply;case_2023_panama_cobre_mine_closure;case_2020_smic_entity_list_semiconductor_controls;case_2023_japan_chip_equipment_export_controls;case_2019_turkey_f35_s400_defense_restrictions,True,False,
evaluation_cases,eval_suez_canal_blockage,eval_suez_canal_blockage,marine_insurance,5,case_2023_red_sea_attacks;case_2023_south_china_sea_shipping_tensions;case_2022_turkey_strait_tanker_insurance_backlog;case_2023_arctic_lng_russian_energy_shipping_sanctions;case_2019_cosco_shipping_sanctions_tanker_market,2,True,True,2,12,case_2023_red_sea_attacks;case_hormuz_tanker_tensions;case_israel_iran_escalation_energy_risk;case_2018_iran_oil_sanctions_reimposition;case_2023_black_sea_shipping_insurance_restrictions;case_2023_south_china_sea_shipping_tensions;case_2023_arctic_lng_russian_energy_shipping_sanctions;case_1987_1988_tanker_war_reflagging;case_2008_somali_piracy_gulf_of_aden;case_2022_turkey_strait_tanker_insurance_backlog;case_2018_iran_swift_restrictions;case_2019_cosco_shipping_sanctions_tanker_market,7,case_hormuz_tanker_tensions;case_israel_iran_escalation_energy_risk;case_2018_iran_oil_sanctions_reimposition;case_2023_black_sea_shipping_insurance_restrictions;case_1987_1988_tanker_war_reflagging;case_2008_somali_piracy_gulf_of_aden;case_2018_iran_swift_restrictions,False,False,
evaluation_cases,eval_suez_canal_blockage,eval_suez_canal_blockage,oil_shipping,4,case_2023_red_sea_attacks;case_2022_turkey_strait_tanker_insurance_backlog;case_2023_arctic_lng_russian_energy_shipping_sanctions;case_2019_cosco_shipping_sanctions_tanker_market,2,True,True,2,17,case_2023_red_sea_attacks;case_hormuz_tanker_tensions;case_middle_east_oil_supply_disruption;case_opec_production_cut_policy_shock;case_israel_iran_escalation_energy_risk;case_2020_opec_plus_production_cut;case_2022_abu_dhabi_oil_facility_attack;case_2018_iran_oil_sanctions_reimposition;case_2019_venezuela_oil_sanctions;case_2023_arctic_lng_russian_energy_shipping_sanctions;case_1987_1988_tanker_war_reflagging;case_2008_somali_piracy_gulf_of_aden;case_2022_turkey_strait_tanker_insurance_backlog;case_2018_iran_swift_restrictions;case_2019_cosco_shipping_sanctions_tanker_market;case_2011_libya_civil_war_oil_disruption;case_2024_ukraine_drone_attacks_russian_refineries,13,case_hormuz_tanker_tensions;case_middle_east_oil_supply_disruption;case_opec_production_cut_policy_shock;case_israel_iran_escalation_energy_risk;case_2020_opec_plus_production_cut;case_2022_abu_dhabi_oil_facility_attack;case_2018_iran_oil_sanctions_reimposition;case_2019_venezuela_oil_sanctions;case_1987_1988_tanker_war_reflagging;case_2008_somali_piracy_gulf_of_aden;case_2018_iran_swift_restrictions;case_2011_libya_civil_war_oil_disruption;case_2024_ukraine_drone_attacks_russian_refineries,False,False,
evaluation_cases,eval_suez_canal_blockage,eval_suez_canal_blockage,panama_canal,1,case_panama_canal_drought_shipping_capacity,2,False,True,0,1,case_panama_canal_drought_shipping_capacity,0,,False,False,
evaluation_cases,eval_suez_canal_blockage,eval_suez_canal_blockage,payment_networks,2,case_2023_arctic_lng_russian_energy_shipping_sanctions;case_2019_cosco_shipping_sanctions_tanker_market,2,True,True,2,7,case_2022_russia_swift_financial_sanctions;case_2018_iran_oil_sanctions_reimposition;case_2019_venezuela_oil_sanctions;case_2023_arctic_lng_russian_energy_shipping_sanctions;case_2014_crimea_financial_sanctions;case_2018_iran_swift_restrictions;case_2019_cosco_shipping_sanctions_tanker_market,5,case_2022_russia_swift_financial_sanctions;case_2018_iran_oil_sanctions_reimposition;case_2019_venezuela_oil_sanctions;case_2014_crimea_financial_sanctions;case_2018_iran_swift_restrictions,False,False,
evaluation_cases,eval_suez_canal_blockage,eval_suez_canal_blockage,port_labor,1,case_2024_us_east_gulf_port_strike,2,False,True,0,1,case_2024_us_east_gulf_port_strike,0,,False,False,
evaluation_cases,eval_suez_canal_blockage,eval_suez_canal_blockage,trade_lanes,4,case_2024_us_east_gulf_port_strike;case_2023_south_china_sea_shipping_tensions;case_2023_dp_world_australia_cyber_port_disruption;case_2019_cosco_shipping_sanctions_tanker_market,2,True,True,2,31,case_2018_2019_us_china_tariffs;case_uranium_nuclear_fuel_supply_disruption;case_2022_russia_swift_financial_sanctions;case_2024_us_east_gulf_port_strike;case_2022_india_wheat_export_ban;case_2022_russia_aviation_supply_chain_sanctions;case_2017_north_korea_missile_escalation;case_2019_india_pakistan_airspace_closure;case_2023_niger_coup_uranium_supply_risk;case_2022_chile_lithium_policy_shift;case_2020_indonesia_nickel_export_ban;case_2021_belarus_potash_sanctions;case_2021_xinjiang_forced_labor_import_restrictions;case_2024_ev_tariff_escalation_china;case_2023_south_china_sea_shipping_tensions;case_2024_drc_cobalt_copper_mining_disruption;case_2023_mexico_nearshoring_cross_border_policy_risk;case_2023_eu_carbon_border_adjustment_mechanism;case_2021_myanmar_coup_supply_chain_disruption;case_2014_crimea_financial_sanctions;case_2018_iran_swift_restrictions;case_2019_cosco_shipping_sanctions_tanker_market;case_2009_russia_ukraine_gas_transit_dispute;case_2011_libya_civil_war_oil_disruption;case_2010_china_japan_rare_earth_embargo;case_2022_peru_mine_protests_copper_supply;case_2023_panama_cobre_mine_closure;case_2008_rice_export_restrictions_food_security;case_2022_russia_fertilizer_export_restrictions;case_2023_dp_world_australia_cyber_port_disruption;case_2019_turkey_f35_s400_defense_restrictions,27,case_2018_2019_us_china_tariffs;case_uranium_nuclear_fuel_supply_disruption;case_2022_russia_swift_financial_sanctions;case_2022_india_wheat_export_ban;case_2022_russia_aviation_supply_chain_sanctions;case_2017_north_korea_missile_escalation;case_2019_india_pakistan_airspace_closure;case_2023_niger_coup_uranium_supply_risk;case_2022_chile_lithium_policy_shift;case_2020_indonesia_nickel_export_ban;case_2021_belarus_potash_sanctions;case_2021_xinjiang_forced_labor_import_restrictions;case_2024_ev_tariff_escalation_china;case_2024_drc_cobalt_copper_mining_disruption;case_2023_mexico_nearshoring_cross_border_policy_risk;case_2023_eu_carbon_border_adjustment_mechanism;case_2021_myanmar_coup_supply_chain_disruption;case_2014_crimea_financial_sanctions;case_2018_iran_swift_restrictions;case_2009_russia_ukraine_gas_transit_dispute;case_2011_libya_civil_war_oil_disruption;case_2010_china_japan_rare_earth_embargo;case_2022_peru_mine_protests_copper_supply;case_2023_panama_cobre_mine_closure;case_2008_rice_export_restrictions_food_security;case_2022_russia_fertilizer_export_restrictions;case_2019_turkey_f35_s400_defense_restrictions,False,False,
evaluation_cases,eval_huawei_entity_list,eval_huawei_entity_list,aerospace_supply_chain,1,case_2019_turkey_f35_s400_defense_restrictions,2,False,True,0,4,case_2023_middle_east_defense_supply_escalation;case_2022_russia_aviation_supply_chain_sanctions;case_2019_turkey_f35_s400_defense_restrictions;case_2022_russia_airspace_closure_aviation_routes,3,case_2023_middle_east_defense_supply_escalation;case_2022_russia_aviation_supply_chain_sanctions;case_2022_russia_airspace_closure_aviation_routes,True,False,
evaluation_cases,eval_huawei_entity_list,eval_huawei_entity_list,critical_minerals,2,case_2021_xinjiang_forced_labor_import_restrictions;case_2010_china_japan_rare_earth_embargo,2,True,True,2,12,case_rare_earth_export_restriction_risk;case_china_gallium_germanium_graphite_controls;case_2023_china_graphite_battery_export_controls;case_2022_chile_lithium_policy_shift;case_2020_indonesia_nickel_export_ban;case_2021_xinjiang_forced_labor_import_restrictions;case_2024_ev_tariff_escalation_china;case_2024_drc_cobalt_copper_mining_disruption;case_2023_eu_carbon_border_adjustment_mechanism;case_2010_china_japan_rare_earth_embargo;case_2022_peru_mine_protests_copper_supply;case_2023_panama_cobre_mine_closure,10,case_rare_earth_export_restriction_risk;case_china_gallium_germanium_graphite_controls;case_2023_china_graphite_battery_export_controls;case_2022_chile_lithium_policy_shift;case_2020_indonesia_nickel_export_ban;case_2024_ev_tariff_escalation_china;case_2024_drc_cobalt_copper_mining_disruption;case_2023_eu_carbon_border_adjustment_mechanism;case_2022_peru_mine_protests_copper_supply;case_2023_panama_cobre_mine_closure,False,False,
evaluation_cases,eval_huawei_entity_list,eval_huawei_entity_list,defense,4,case_2024_taiwan_strait_drills_semiconductor_supply;case_2010_china_japan_rare_earth_embargo;case_taiwan_strait_semiconductor_risk;case_2019_turkey_f35_s400_defense_restrictions,2,True,True,2,15,case_taiwan_strait_semiconductor_risk;case_rare_earth_export_restriction_risk;case_israel_iran_escalation_energy_risk;case_defense_spending_shock_after_escalation;case_2023_middle_east_defense_supply_escalation;case_2024_taiwan_strait_drills_semiconductor_supply;case_2022_abu_dhabi_oil_facility_attack;case_2022_russia_aviation_supply_chain_sanctions;case_2017_north_korea_missile_escalation;case_2019_india_pakistan_airspace_closure;case_2022_ukraine_electricity_grid_attacks;case_2023_south_china_sea_shipping_tensions;case_1987_1988_tanker_war_reflagging;case_2010_china_japan_rare_earth_embargo;case_2019_turkey_f35_s400_defense_restrictions,11,case_rare_earth_export_restriction_risk;case_israel_iran_escalation_energy_risk;case_defense_spending_shock_after_escalation;case_2023_middle_east_defense_supply_escalation;case_2022_abu_dhabi_oil_facility_attack;case_2022_russia_aviation_supply_chain_sanctions;case_2017_north_korea_missile_escalation;case_2019_india_pakistan_airspace_closure;case_2022_ukraine_electricity_grid_attacks;case_2023_south_china_sea_shipping_tensions;case_1987_1988_tanker_war_reflagging,False,False,
evaluation_cases,eval_huawei_entity_list,eval_huawei_entity_list,logistics,1,case_2021_xinjiang_forced_labor_import_restrictions,2,False,True,0,33,case_2021_suez_blockage;case_2023_red_sea_attacks;case_2018_2019_us_china_tariffs;case_panama_canal_drought_shipping_capacity;case_black_sea_grain_export_disruption;case_cyberattack_pipeline_port_infrastructure;case_2023_port_of_nagoya_cyberattack;case_2024_us_east_gulf_port_strike;case_2022_india_wheat_export_ban;case_2017_north_korea_missile_escalation;case_2019_india_pakistan_airspace_closure;case_2022_ukraine_electricity_grid_attacks;case_2023_niger_coup_uranium_supply_risk;case_2021_belarus_potash_sanctions;case_2021_xinjiang_forced_labor_import_restrictions;case_2024_ev_tariff_escalation_china;case_2017_notpetya_shipping_logistics_cyberattack;case_2023_black_sea_shipping_insurance_restrictions;case_2023_south_china_sea_shipping_tensions;case_2024_drc_cobalt_copper_mining_disruption;case_2023_mexico_nearshoring_cross_border_policy_risk;case_2021_myanmar_coup_supply_chain_disruption;case_1987_1988_tanker_war_reflagging;case_2008_somali_piracy_gulf_of_aden;case_2022_turkey_strait_tanker_insurance_backlog;case_2019_cosco_shipping_sanctions_tanker_market;case_2011_libya_civil_war_oil_disruption;case_2022_peru_mine_protests_copper_supply;case_2008_rice_export_restrictions_food_security;case_2022_russia_fertilizer_export_restrictions;case_2021_colonial_pipeline_ransomware;case_2023_dp_world_australia_cyber_port_disruption;case_2022_russia_airspace_closure_aviation_routes,32,case_2021_suez_blockage;case_2023_red_sea_attacks;case_2018_2019_us_china_tariffs;case_panama_canal_drought_shipping_capacity;case_black_sea_grain_export_disruption;case_cyberattack_pipeline_port_infrastructure;case_2023_port_of_nagoya_cyberattack;case_2024_us_east_gulf_port_strike;case_2022_india_wheat_export_ban;case_2017_north_korea_missile_escalation;case_2019_india_pakistan_airspace_closure;case_2022_ukraine_electricity_grid_attacks;case_2023_niger_coup_uranium_supply_risk;case_2021_belarus_potash_sanctions;case_2024_ev_tariff_escalation_china;case_2017_notpetya_shipping_logistics_cyberattack;case_2023_black_sea_shipping_insurance_restrictions;case_2023_south_china_sea_shipping_tensions;case_2024_drc_cobalt_copper_mining_disruption;case_2023_mexico_nearshoring_cross_border_policy_risk;case_2021_myanmar_coup_supply_chain_disruption;case_1987_1988_tanker_war_reflagging;case_2008_somali_piracy_gulf_of_aden;case_2022_turkey_strait_tanker_insurance_backlog;case_2019_cosco_shipping_sanctions_tanker_market;case_2011_libya_civil_war_oil_disruption;case_2022_peru_mine_protests_copper_supply;case_2008_rice_export_restrictions_food_security;case_2022_russia_fertilizer_export_restrictions;case_2021_colonial_pipeline_ransomware;case_2023_dp_world_australia_cyber_port_disruption;case_2022_russia_airspace_closure_aviation_routes,True,False,
evaluation_cases,eval_huawei_entity_list,eval_huawei_entity_list,manufacturing_inputs,7,case_2020_smic_entity_list_semiconductor_controls;case_2019_huawei_entity_list;case_2023_japan_chip_equipment_export_controls;case_2021_xinjiang_forced_labor_import_restrictions;case_2010_china_japan_rare_earth_embargo;case_taiwan_strait_semiconductor_risk;case_2019_turkey_f35_s400_defense_restrictions,2,True,True,2,34,case_russia_ukraine_energy_shock;case_2019_huawei_entity_list;case_2018_2019_us_china_tariffs;case_2022_gas_fertilizer_shock;case_taiwan_strait_semiconductor_risk;case_rare_earth_export_restriction_risk;case_china_gallium_germanium_graphite_controls;case_defense_spending_shock_after_escalation;case_uranium_nuclear_fuel_supply_disruption;case_2023_port_of_nagoya_cyberattack;case_2023_middle_east_defense_supply_escalation;case_2023_china_graphite_battery_export_controls;case_2022_russia_aviation_supply_chain_sanctions;case_2017_north_korea_missile_escalation;case_2019_india_pakistan_airspace_closure;case_2022_nord_stream_pipeline_sabotage;case_2022_ukraine_electricity_grid_attacks;case_2022_chile_lithium_policy_shift;case_2020_indonesia_nickel_export_ban;case_2021_xinjiang_forced_labor_import_restrictions;case_2024_ev_tariff_escalation_china;case_2017_notpetya_shipping_logistics_cyberattack;case_2024_drc_cobalt_copper_mining_disruption;case_2023_mexico_nearshoring_cross_border_policy_risk;case_2023_eu_carbon_border_adjustment_mechanism;case_2021_myanmar_coup_supply_chain_disruption;case_2014_crimea_financial_sanctions;case_2009_russia_ukraine_gas_transit_dispute;case_2010_china_japan_rare_earth_embargo;case_2022_peru_mine_protests_copper_supply;case_2023_panama_cobre_mine_closure;case_2020_smic_entity_list_semiconductor_controls;case_2023_japan_chip_equipment_export_controls;case_2019_turkey_f35_s400_defense_restrictions,27,case_russia_ukraine_energy_shock;case_2018_2019_us_china_tariffs;case_2022_gas_fertilizer_shock;case_rare_earth_export_restriction_risk;case_china_gallium_germanium_graphite_controls;case_defense_spending_shock_after_escalation;case_uranium_nuclear_fuel_supply_disruption;case_2023_port_of_nagoya_cyberattack;case_2023_middle_east_defense_supply_escalation;case_2023_china_graphite_battery_export_controls;case_2022_russia_aviation_supply_chain_sanctions;case_2017_north_korea_missile_escalation;case_2019_india_pakistan_airspace_closure;case_2022_nord_stream_pipeline_sabotage;case_2022_ukraine_electricity_grid_attacks;case_2022_chile_lithium_policy_shift;case_2020_indonesia_nickel_export_ban;case_2024_ev_tariff_escalation_china;case_2017_notpetya_shipping_logistics_cyberattack;case_2024_drc_cobalt_copper_mining_disruption;case_2023_mexico_nearshoring_cross_border_policy_risk;case_2023_eu_carbon_border_adjustment_mechanism;case_2021_myanmar_coup_supply_chain_disruption;case_2014_crimea_financial_sanctions;case_2009_russia_ukraine_gas_transit_dispute;case_2022_peru_mine_protests_copper_supply;case_2023_panama_cobre_mine_closure,False,False,
evaluation_cases,eval_huawei_entity_list,eval_huawei_entity_list,rare_earths,1,case_2010_china_japan_rare_earth_embargo,2,False,True,0,2,case_rare_earth_export_restriction_risk;case_2010_china_japan_rare_earth_embargo,1,case_rare_earth_export_restriction_risk,True,False,
evaluation_cases,eval_huawei_entity_list,eval_huawei_entity_list,taiwan_semiconductor_supply,1,case_2024_taiwan_strait_drills_semiconductor_supply,2,False,True,0,1,case_2024_taiwan_strait_drills_semiconductor_supply,0,,False,False,
evaluation_cases,eval_huawei_entity_list,eval_huawei_entity_list,trade_lanes,3,case_2021_xinjiang_forced_labor_import_restrictions;case_2010_china_japan_rare_earth_embargo;case_2019_turkey_f35_s400_defense_restrictions,2,True,True,2,31,case_2018_2019_us_china_tariffs;case_uranium_nuclear_fuel_supply_disruption;case_2022_russia_swift_financial_sanctions;case_2024_us_east_gulf_port_strike;case_2022_india_wheat_export_ban;case_2022_russia_aviation_supply_chain_sanctions;case_2017_north_korea_missile_escalation;case_2019_india_pakistan_airspace_closure;case_2023_niger_coup_uranium_supply_risk;case_2022_chile_lithium_policy_shift;case_2020_indonesia_nickel_export_ban;case_2021_belarus_potash_sanctions;case_2021_xinjiang_forced_labor_import_restrictions;case_2024_ev_tariff_escalation_china;case_2023_south_china_sea_shipping_tensions;case_2024_drc_cobalt_copper_mining_disruption;case_2023_mexico_nearshoring_cross_border_policy_risk;case_2023_eu_carbon_border_adjustment_mechanism;case_2021_myanmar_coup_supply_chain_disruption;case_2014_crimea_financial_sanctions;case_2018_iran_swift_restrictions;case_2019_cosco_shipping_sanctions_tanker_market;case_2009_russia_ukraine_gas_transit_dispute;case_2011_libya_civil_war_oil_disruption;case_2010_china_japan_rare_earth_embargo;case_2022_peru_mine_protests_copper_supply;case_2023_panama_cobre_mine_closure;case_2008_rice_export_restrictions_food_security;case_2022_russia_fertilizer_export_restrictions;case_2023_dp_world_australia_cyber_port_disruption;case_2019_turkey_f35_s400_defense_restrictions,28,case_2018_2019_us_china_tariffs;case_uranium_nuclear_fuel_supply_disruption;case_2022_russia_swift_financial_sanctions;case_2024_us_east_gulf_port_strike;case_2022_india_wheat_export_ban;case_2022_russia_aviation_supply_chain_sanctions;case_2017_north_korea_missile_escalation;case_2019_india_pakistan_airspace_closure;case_2023_niger_coup_uranium_supply_risk;case_2022_chile_lithium_policy_shift;case_2020_indonesia_nickel_export_ban;case_2021_belarus_potash_sanctions;case_2024_ev_tariff_escalation_china;case_2023_south_china_sea_shipping_tensions;case_2024_drc_cobalt_copper_mining_disruption;case_2023_mexico_nearshoring_cross_border_policy_risk;case_2023_eu_carbon_border_adjustment_mechanism;case_2021_myanmar_coup_supply_chain_disruption;case_2014_crimea_financial_sanctions;case_2018_iran_swift_restrictions;case_2019_cosco_shipping_sanctions_tanker_market;case_2009_russia_ukraine_gas_transit_dispute;case_2011_libya_civil_war_oil_disruption;case_2022_peru_mine_protests_copper_supply;case_2023_panama_cobre_mine_closure;case_2008_rice_export_restrictions_food_security;case_2022_russia_fertilizer_export_restrictions;case_2023_dp_world_australia_cyber_port_disruption,False,False,
evaluation_cases,eval_dutch_asml_export_controls,eval_dutch_asml_export_controls,critical_minerals,3,case_2010_china_japan_rare_earth_embargo;case_2021_xinjiang_forced_labor_import_restrictions;case_china_gallium_germanium_graphite_controls,2,True,True,2,12,case_rare_earth_export_restriction_risk;case_china_gallium_germanium_graphite_controls;case_2023_china_graphite_battery_export_controls;case_2022_chile_lithium_policy_shift;case_2020_indonesia_nickel_export_ban;case_2021_xinjiang_forced_labor_import_restrictions;case_2024_ev_tariff_escalation_china;case_2024_drc_cobalt_copper_mining_disruption;case_2023_eu_carbon_border_adjustment_mechanism;case_2010_china_japan_rare_earth_embargo;case_2022_peru_mine_protests_copper_supply;case_2023_panama_cobre_mine_closure,9,case_rare_earth_export_restriction_risk;case_2023_china_graphite_battery_export_controls;case_2022_chile_lithium_policy_shift;case_2020_indonesia_nickel_export_ban;case_2024_ev_tariff_escalation_china;case_2024_drc_cobalt_copper_mining_disruption;case_2023_eu_carbon_border_adjustment_mechanism;case_2022_peru_mine_protests_copper_supply;case_2023_panama_cobre_mine_closure,False,False,
evaluation_cases,eval_dutch_asml_export_controls,eval_dutch_asml_export_controls,defense,3,case_2024_taiwan_strait_drills_semiconductor_supply;case_taiwan_strait_semiconductor_risk;case_2010_china_japan_rare_earth_embargo,2,True,True,2,15,case_taiwan_strait_semiconductor_risk;case_rare_earth_export_restriction_risk;case_israel_iran_escalation_energy_risk;case_defense_spending_shock_after_escalation;case_2023_middle_east_defense_supply_escalation;case_2024_taiwan_strait_drills_semiconductor_supply;case_2022_abu_dhabi_oil_facility_attack;case_2022_russia_aviation_supply_chain_sanctions;case_2017_north_korea_missile_escalation;case_2019_india_pakistan_airspace_closure;case_2022_ukraine_electricity_grid_attacks;case_2023_south_china_sea_shipping_tensions;case_1987_1988_tanker_war_reflagging;case_2010_china_japan_rare_earth_embargo;case_2019_turkey_f35_s400_defense_restrictions,12,case_rare_earth_export_restriction_risk;case_israel_iran_escalation_energy_risk;case_defense_spending_shock_after_escalation;case_2023_middle_east_defense_supply_escalation;case_2022_abu_dhabi_oil_facility_attack;case_2022_russia_aviation_supply_chain_sanctions;case_2017_north_korea_missile_escalation;case_2019_india_pakistan_airspace_closure;case_2022_ukraine_electricity_grid_attacks;case_2023_south_china_sea_shipping_tensions;case_1987_1988_tanker_war_reflagging;case_2019_turkey_f35_s400_defense_restrictions,False,False,
evaluation_cases,eval_dutch_asml_export_controls,eval_dutch_asml_export_controls,gallium_germanium_graphite,1,case_china_gallium_germanium_graphite_controls,2,False,True,0,2,case_china_gallium_germanium_graphite_controls;case_2023_china_graphite_battery_export_controls,1,case_2023_china_graphite_battery_export_controls,True,False,
evaluation_cases,eval_dutch_asml_export_controls,eval_dutch_asml_export_controls,logistics,1,case_2021_xinjiang_forced_labor_import_restrictions,2,False,True,0,33,case_2021_suez_blockage;case_2023_red_sea_attacks;case_2018_2019_us_china_tariffs;case_panama_canal_drought_shipping_capacity;case_black_sea_grain_export_disruption;case_cyberattack_pipeline_port_infrastructure;case_2023_port_of_nagoya_cyberattack;case_2024_us_east_gulf_port_strike;case_2022_india_wheat_export_ban;case_2017_north_korea_missile_escalation;case_2019_india_pakistan_airspace_closure;case_2022_ukraine_electricity_grid_attacks;case_2023_niger_coup_uranium_supply_risk;case_2021_belarus_potash_sanctions;case_2021_xinjiang_forced_labor_import_restrictions;case_2024_ev_tariff_escalation_china;case_2017_notpetya_shipping_logistics_cyberattack;case_2023_black_sea_shipping_insurance_restrictions;case_2023_south_china_sea_shipping_tensions;case_2024_drc_cobalt_copper_mining_disruption;case_2023_mexico_nearshoring_cross_border_policy_risk;case_2021_myanmar_coup_supply_chain_disruption;case_1987_1988_tanker_war_reflagging;case_2008_somali_piracy_gulf_of_aden;case_2022_turkey_strait_tanker_insurance_backlog;case_2019_cosco_shipping_sanctions_tanker_market;case_2011_libya_civil_war_oil_disruption;case_2022_peru_mine_protests_copper_supply;case_2008_rice_export_restrictions_food_security;case_2022_russia_fertilizer_export_restrictions;case_2021_colonial_pipeline_ransomware;case_2023_dp_world_australia_cyber_port_disruption;case_2022_russia_airspace_closure_aviation_routes,32,case_2021_suez_blockage;case_2023_red_sea_attacks;case_2018_2019_us_china_tariffs;case_panama_canal_drought_shipping_capacity;case_black_sea_grain_export_disruption;case_cyberattack_pipeline_port_infrastructure;case_2023_port_of_nagoya_cyberattack;case_2024_us_east_gulf_port_strike;case_2022_india_wheat_export_ban;case_2017_north_korea_missile_escalation;case_2019_india_pakistan_airspace_closure;case_2022_ukraine_electricity_grid_attacks;case_2023_niger_coup_uranium_supply_risk;case_2021_belarus_potash_sanctions;case_2024_ev_tariff_escalation_china;case_2017_notpetya_shipping_logistics_cyberattack;case_2023_black_sea_shipping_insurance_restrictions;case_2023_south_china_sea_shipping_tensions;case_2024_drc_cobalt_copper_mining_disruption;case_2023_mexico_nearshoring_cross_border_policy_risk;case_2021_myanmar_coup_supply_chain_disruption;case_1987_1988_tanker_war_reflagging;case_2008_somali_piracy_gulf_of_aden;case_2022_turkey_strait_tanker_insurance_backlog;case_2019_cosco_shipping_sanctions_tanker_market;case_2011_libya_civil_war_oil_disruption;case_2022_peru_mine_protests_copper_supply;case_2008_rice_export_restrictions_food_security;case_2022_russia_fertilizer_export_restrictions;case_2021_colonial_pipeline_ransomware;case_2023_dp_world_australia_cyber_port_disruption;case_2022_russia_airspace_closure_aviation_routes,True,False,
evaluation_cases,eval_dutch_asml_export_controls,eval_dutch_asml_export_controls,manufacturing_inputs,7,case_2020_smic_entity_list_semiconductor_controls;case_2023_japan_chip_equipment_export_controls;case_2019_huawei_entity_list;case_taiwan_strait_semiconductor_risk;case_2010_china_japan_rare_earth_embargo;case_2021_xinjiang_forced_labor_import_restrictions;case_china_gallium_germanium_graphite_controls,2,True,True,2,34,case_russia_ukraine_energy_shock;case_2019_huawei_entity_list;case_2018_2019_us_china_tariffs;case_2022_gas_fertilizer_shock;case_taiwan_strait_semiconductor_risk;case_rare_earth_export_restriction_risk;case_china_gallium_germanium_graphite_controls;case_defense_spending_shock_after_escalation;case_uranium_nuclear_fuel_supply_disruption;case_2023_port_of_nagoya_cyberattack;case_2023_middle_east_defense_supply_escalation;case_2023_china_graphite_battery_export_controls;case_2022_russia_aviation_supply_chain_sanctions;case_2017_north_korea_missile_escalation;case_2019_india_pakistan_airspace_closure;case_2022_nord_stream_pipeline_sabotage;case_2022_ukraine_electricity_grid_attacks;case_2022_chile_lithium_policy_shift;case_2020_indonesia_nickel_export_ban;case_2021_xinjiang_forced_labor_import_restrictions;case_2024_ev_tariff_escalation_china;case_2017_notpetya_shipping_logistics_cyberattack;case_2024_drc_cobalt_copper_mining_disruption;case_2023_mexico_nearshoring_cross_border_policy_risk;case_2023_eu_carbon_border_adjustment_mechanism;case_2021_myanmar_coup_supply_chain_disruption;case_2014_crimea_financial_sanctions;case_2009_russia_ukraine_gas_transit_dispute;case_2010_china_japan_rare_earth_embargo;case_2022_peru_mine_protests_copper_supply;case_2023_panama_cobre_mine_closure;case_2020_smic_entity_list_semiconductor_controls;case_2023_japan_chip_equipment_export_controls;case_2019_turkey_f35_s400_defense_restrictions,27,case_russia_ukraine_energy_shock;case_2018_2019_us_china_tariffs;case_2022_gas_fertilizer_shock;case_rare_earth_export_restriction_risk;case_defense_spending_shock_after_escalation;case_uranium_nuclear_fuel_supply_disruption;case_2023_port_of_nagoya_cyberattack;case_2023_middle_east_defense_supply_escalation;case_2023_china_graphite_battery_export_controls;case_2022_russia_aviation_supply_chain_sanctions;case_2017_north_korea_missile_escalation;case_2019_india_pakistan_airspace_closure;case_2022_nord_stream_pipeline_sabotage;case_2022_ukraine_electricity_grid_attacks;case_2022_chile_lithium_policy_shift;case_2020_indonesia_nickel_export_ban;case_2024_ev_tariff_escalation_china;case_2017_notpetya_shipping_logistics_cyberattack;case_2024_drc_cobalt_copper_mining_disruption;case_2023_mexico_nearshoring_cross_border_policy_risk;case_2023_eu_carbon_border_adjustment_mechanism;case_2021_myanmar_coup_supply_chain_disruption;case_2014_crimea_financial_sanctions;case_2009_russia_ukraine_gas_transit_dispute;case_2022_peru_mine_protests_copper_supply;case_2023_panama_cobre_mine_closure;case_2019_turkey_f35_s400_defense_restrictions,False,False,
evaluation_cases,eval_dutch_asml_export_controls,eval_dutch_asml_export_controls,rare_earths,1,case_2010_china_japan_rare_earth_embargo,2,False,True,0,2,case_rare_earth_export_restriction_risk;case_2010_china_japan_rare_earth_embargo,1,case_rare_earth_export_restriction_risk,True,False,
evaluation_cases,eval_dutch_asml_export_controls,eval_dutch_asml_export_controls,taiwan_semiconductor_supply,1,case_2024_taiwan_strait_drills_semiconductor_supply,2,False,True,0,1,case_2024_taiwan_strait_drills_semiconductor_supply,0,,False,False,
evaluation_cases,eval_dutch_asml_export_controls,eval_dutch_asml_export_controls,trade_lanes,2,case_2010_china_japan_rare_earth_embargo;case_2021_xinjiang_forced_labor_import_restrictions,2,True,True,2,31,case_2018_2019_us_china_tariffs;case_uranium_nuclear_fuel_supply_disruption;case_2022_russia_swift_financial_sanctions;case_2024_us_east_gulf_port_strike;case_2022_india_wheat_export_ban;case_2022_russia_aviation_supply_chain_sanctions;case_2017_north_korea_missile_escalation;case_2019_india_pakistan_airspace_closure;case_2023_niger_coup_uranium_supply_risk;case_2022_chile_lithium_policy_shift;case_2020_indonesia_nickel_export_ban;case_2021_belarus_potash_sanctions;case_2021_xinjiang_forced_labor_import_restrictions;case_2024_ev_tariff_escalation_china;case_2023_south_china_sea_shipping_tensions;case_2024_drc_cobalt_copper_mining_disruption;case_2023_mexico_nearshoring_cross_border_policy_risk;case_2023_eu_carbon_border_adjustment_mechanism;case_2021_myanmar_coup_supply_chain_disruption;case_2014_crimea_financial_sanctions;case_2018_iran_swift_restrictions;case_2019_cosco_shipping_sanctions_tanker_market;case_2009_russia_ukraine_gas_transit_dispute;case_2011_libya_civil_war_oil_disruption;case_2010_china_japan_rare_earth_embargo;case_2022_peru_mine_protests_copper_supply;case_2023_panama_cobre_mine_closure;case_2008_rice_export_restrictions_food_security;case_2022_russia_fertilizer_export_restrictions;case_2023_dp_world_australia_cyber_port_disruption;case_2019_turkey_f35_s400_defense_restrictions,29,case_2018_2019_us_china_tariffs;case_uranium_nuclear_fuel_supply_disruption;case_2022_russia_swift_financial_sanctions;case_2024_us_east_gulf_port_strike;case_2022_india_wheat_export_ban;case_2022_russia_aviation_supply_chain_sanctions;case_2017_north_korea_missile_escalation;case_2019_india_pakistan_airspace_closure;case_2023_niger_coup_uranium_supply_risk;case_2022_chile_lithium_policy_shift;case_2020_indonesia_nickel_export_ban;case_2021_belarus_potash_sanctions;case_2024_ev_tariff_escalation_china;case_2023_south_china_sea_shipping_tensions;case_2024_drc_cobalt_copper_mining_disruption;case_2023_mexico_nearshoring_cross_border_policy_risk;case_2023_eu_carbon_border_adjustment_mechanism;case_2021_myanmar_coup_supply_chain_disruption;case_2014_crimea_financial_sanctions;case_2018_iran_swift_restrictions;case_2019_cosco_shipping_sanctions_tanker_market;case_2009_russia_ukraine_gas_transit_dispute;case_2011_libya_civil_war_oil_disruption;case_2022_peru_mine_protests_copper_supply;case_2023_panama_cobre_mine_closure;case_2008_rice_export_restrictions_food_security;case_2022_russia_fertilizer_export_restrictions;case_2023_dp_world_australia_cyber_port_disruption;case_2019_turkey_f35_s400_defense_restrictions,False,False,
evaluation_cases,eval_taiwan_strait_semiconductor_risk,eval_taiwan_strait_semiconductor_risk,aerospace_supply_chain,1,case_2023_middle_east_defense_supply_escalation,2,False,True,0,4,case_2023_middle_east_defense_supply_escalation;case_2022_russia_aviation_supply_chain_sanctions;case_2019_turkey_f35_s400_defense_restrictions;case_2022_russia_airspace_closure_aviation_routes,3,case_2022_russia_aviation_supply_chain_sanctions;case_2019_turkey_f35_s400_defense_restrictions;case_2022_russia_airspace_closure_aviation_routes,True,False,
evaluation_cases,eval_taiwan_strait_semiconductor_risk,eval_taiwan_strait_semiconductor_risk,aviation,1,case_2017_north_korea_missile_escalation,2,False,True,0,11,case_middle_east_oil_supply_disruption;case_opec_production_cut_policy_shock;case_2020_opec_plus_production_cut;case_2022_abu_dhabi_oil_facility_attack;case_2022_russia_aviation_supply_chain_sanctions;case_2017_north_korea_missile_escalation;case_2019_india_pakistan_airspace_closure;case_2011_libya_civil_war_oil_disruption;case_2024_ukraine_drone_attacks_russian_refineries;case_2021_colonial_pipeline_ransomware;case_2022_russia_airspace_closure_aviation_routes,10,case_middle_east_oil_supply_disruption;case_opec_production_cut_policy_shock;case_2020_opec_plus_production_cut;case_2022_abu_dhabi_oil_facility_attack;case_2022_russia_aviation_supply_chain_sanctions;case_2019_india_pakistan_airspace_closure;case_2011_libya_civil_war_oil_disruption;case_2024_ukraine_drone_attacks_russian_refineries;case_2021_colonial_pipeline_ransomware;case_2022_russia_airspace_closure_aviation_routes,True,False,
evaluation_cases,eval_taiwan_strait_semiconductor_risk,eval_taiwan_strait_semiconductor_risk,container_shipping,1,case_2023_south_china_sea_shipping_tensions,2,False,True,0,8,case_2021_suez_blockage;case_2023_red_sea_attacks;case_panama_canal_drought_shipping_capacity;case_2024_us_east_gulf_port_strike;case_2017_notpetya_shipping_logistics_cyberattack;case_2023_south_china_sea_shipping_tensions;case_2008_somali_piracy_gulf_of_aden;case_2023_dp_world_australia_cyber_port_disruption,7,case_2021_suez_blockage;case_2023_red_sea_attacks;case_panama_canal_drought_shipping_capacity;case_2024_us_east_gulf_port_strike;case_2017_notpetya_shipping_logistics_cyberattack;case_2008_somali_piracy_gulf_of_aden;case_2023_dp_world_australia_cyber_port_disruption,True,False,
evaluation_cases,eval_taiwan_strait_semiconductor_risk,eval_taiwan_strait_semiconductor_risk,critical_minerals,1,case_2010_china_japan_rare_earth_embargo,2,False,True,0,12,case_rare_earth_export_restriction_risk;case_china_gallium_germanium_graphite_controls;case_2023_china_graphite_battery_export_controls;case_2022_chile_lithium_policy_shift;case_2020_indonesia_nickel_export_ban;case_2021_xinjiang_forced_labor_import_restrictions;case_2024_ev_tariff_escalation_china;case_2024_drc_cobalt_copper_mining_disruption;case_2023_eu_carbon_border_adjustment_mechanism;case_2010_china_japan_rare_earth_embargo;case_2022_peru_mine_protests_copper_supply;case_2023_panama_cobre_mine_closure,11,case_rare_earth_export_restriction_risk;case_china_gallium_germanium_graphite_controls;case_2023_china_graphite_battery_export_controls;case_2022_chile_lithium_policy_shift;case_2020_indonesia_nickel_export_ban;case_2021_xinjiang_forced_labor_import_restrictions;case_2024_ev_tariff_escalation_china;case_2024_drc_cobalt_copper_mining_disruption;case_2023_eu_carbon_border_adjustment_mechanism;case_2022_peru_mine_protests_copper_supply;case_2023_panama_cobre_mine_closure,True,False,
evaluation_cases,eval_taiwan_strait_semiconductor_risk,eval_taiwan_strait_semiconductor_risk,customs,4,case_2023_japan_chip_equipment_export_controls;case_2020_smic_entity_list_semiconductor_controls;case_2019_huawei_entity_list;case_2010_china_japan_rare_earth_embargo,2,True,True,2,32,case_2023_dutch_asml_controls;case_2019_huawei_entity_list;case_2018_2019_us_china_tariffs;case_china_gallium_germanium_graphite_controls;case_uranium_nuclear_fuel_supply_disruption;case_2022_russia_swift_financial_sanctions;case_2023_china_graphite_battery_export_controls;case_2022_india_wheat_export_ban;case_2022_russia_aviation_supply_chain_sanctions;case_2023_niger_coup_uranium_supply_risk;case_2022_chile_lithium_policy_shift;case_2020_indonesia_nickel_export_ban;case_2021_belarus_potash_sanctions;case_2021_xinjiang_forced_labor_import_restrictions;case_2024_ev_tariff_escalation_china;case_2024_drc_cobalt_copper_mining_disruption;case_2023_mexico_nearshoring_cross_border_policy_risk;case_2023_eu_carbon_border_adjustment_mechanism;case_2021_myanmar_coup_supply_chain_disruption;case_2022_turkey_strait_tanker_insurance_backlog;case_2014_crimea_financial_sanctions;case_2018_iran_swift_restrictions;case_2019_cosco_shipping_sanctions_tanker_market;case_2010_china_japan_rare_earth_embargo;case_2022_peru_mine_protests_copper_supply;case_2023_panama_cobre_mine_closure;case_2008_rice_export_restrictions_food_security;case_2022_russia_fertilizer_export_restrictions;case_2020_smic_entity_list_semiconductor_controls;case_2023_japan_chip_equipment_export_controls;case_2019_turkey_f35_s400_defense_restrictions;case_2022_russia_airspace_closure_aviation_routes,28,case_2023_dutch_asml_controls;case_2018_2019_us_china_tariffs;case_china_gallium_germanium_graphite_controls;case_uranium_nuclear_fuel_supply_disruption;case_2022_russia_swift_financial_sanctions;case_2023_china_graphite_battery_export_controls;case_2022_india_wheat_export_ban;case_2022_russia_aviation_supply_chain_sanctions;case_2023_niger_coup_uranium_supply_risk;case_2022_chile_lithium_policy_shift;case_2020_indonesia_nickel_export_ban;case_2021_belarus_potash_sanctions;case_2021_xinjiang_forced_labor_import_restrictions;case_2024_ev_tariff_escalation_china;case_2024_drc_cobalt_copper_mining_disruption;case_2023_mexico_nearshoring_cross_border_policy_risk;case_2023_eu_carbon_border_adjustment_mechanism;case_2021_myanmar_coup_supply_chain_disruption;case_2022_turkey_strait_tanker_insurance_backlog;case_2014_crimea_financial_sanctions;case_2018_iran_swift_restrictions;case_2019_cosco_shipping_sanctions_tanker_market;case_2022_peru_mine_protests_copper_supply;case_2023_panama_cobre_mine_closure;case_2008_rice_export_restrictions_food_security;case_2022_russia_fertilizer_export_restrictions;case_2019_turkey_f35_s400_defense_restrictions;case_2022_russia_airspace_closure_aviation_routes,False,False,
evaluation_cases,eval_taiwan_strait_semiconductor_risk,eval_taiwan_strait_semiconductor_risk,cyber_infrastructure,1,case_2023_middle_east_defense_supply_escalation,2,False,True,0,9,case_cyberattack_pipeline_port_infrastructure;case_defense_spending_shock_after_escalation;case_2023_port_of_nagoya_cyberattack;case_2023_middle_east_defense_supply_escalation;case_2022_nord_stream_pipeline_sabotage;case_2022_ukraine_electricity_grid_attacks;case_2017_notpetya_shipping_logistics_cyberattack;case_2021_colonial_pipeline_ransomware;case_2023_dp_world_australia_cyber_port_disruption,8,case_cyberattack_pipeline_port_infrastructure;case_defense_spending_shock_after_escalation;case_2023_port_of_nagoya_cyberattack;case_2022_nord_stream_pipeline_sabotage;case_2022_ukraine_electricity_grid_attacks;case_2017_notpetya_shipping_logistics_cyberattack;case_2021_colonial_pipeline_ransomware;case_2023_dp_world_australia_cyber_port_disruption,True,False,
evaluation_cases,eval_taiwan_strait_semiconductor_risk,eval_taiwan_strait_semiconductor_risk,eda_software,3,case_2020_smic_entity_list_semiconductor_controls;case_2022_us_china_semiconductor_controls;case_2019_huawei_entity_list,2,True,True,2,3,case_2022_us_china_semiconductor_controls;case_2019_huawei_entity_list;case_2020_smic_entity_list_semiconductor_controls,0,,False,False,
evaluation_cases,eval_taiwan_strait_semiconductor_risk,eval_taiwan_strait_semiconductor_risk,freight_routes,1,case_2023_south_china_sea_shipping_tensions,2,False,True,0,19,case_2021_suez_blockage;case_2023_red_sea_attacks;case_panama_canal_drought_shipping_capacity;case_black_sea_grain_export_disruption;case_cyberattack_pipeline_port_infrastructure;case_2023_port_of_nagoya_cyberattack;case_2024_us_east_gulf_port_strike;case_2019_india_pakistan_airspace_closure;case_2021_belarus_potash_sanctions;case_2017_notpetya_shipping_logistics_cyberattack;case_2023_black_sea_shipping_insurance_restrictions;case_2023_south_china_sea_shipping_tensions;case_2023_mexico_nearshoring_cross_border_policy_risk;case_1987_1988_tanker_war_reflagging;case_2008_somali_piracy_gulf_of_aden;case_2022_turkey_strait_tanker_insurance_backlog;case_2021_colonial_pipeline_ransomware;case_2023_dp_world_australia_cyber_port_disruption;case_2022_russia_airspace_closure_aviation_routes,18,case_2021_suez_blockage;case_2023_red_sea_attacks;case_panama_canal_drought_shipping_capacity;case_black_sea_grain_export_disruption;case_cyberattack_pipeline_port_infrastructure;case_2023_port_of_nagoya_cyberattack;case_2024_us_east_gulf_port_strike;case_2019_india_pakistan_airspace_closure;case_2021_belarus_potash_sanctions;case_2017_notpetya_shipping_logistics_cyberattack;case_2023_black_sea_shipping_insurance_restrictions;case_2023_mexico_nearshoring_cross_border_policy_risk;case_1987_1988_tanker_war_reflagging;case_2008_somali_piracy_gulf_of_aden;case_2022_turkey_strait_tanker_insurance_backlog;case_2021_colonial_pipeline_ransomware;case_2023_dp_world_australia_cyber_port_disruption;case_2022_russia_airspace_closure_aviation_routes,True,False,
evaluation_cases,eval_taiwan_strait_semiconductor_risk,eval_taiwan_strait_semiconductor_risk,logistics,2,case_2017_north_korea_missile_escalation;case_2023_south_china_sea_shipping_tensions,2,True,True,2,33,case_2021_suez_blockage;case_2023_red_sea_attacks;case_2018_2019_us_china_tariffs;case_panama_canal_drought_shipping_capacity;case_black_sea_grain_export_disruption;case_cyberattack_pipeline_port_infrastructure;case_2023_port_of_nagoya_cyberattack;case_2024_us_east_gulf_port_strike;case_2022_india_wheat_export_ban;case_2017_north_korea_missile_escalation;case_2019_india_pakistan_airspace_closure;case_2022_ukraine_electricity_grid_attacks;case_2023_niger_coup_uranium_supply_risk;case_2021_belarus_potash_sanctions;case_2021_xinjiang_forced_labor_import_restrictions;case_2024_ev_tariff_escalation_china;case_2017_notpetya_shipping_logistics_cyberattack;case_2023_black_sea_shipping_insurance_restrictions;case_2023_south_china_sea_shipping_tensions;case_2024_drc_cobalt_copper_mining_disruption;case_2023_mexico_nearshoring_cross_border_policy_risk;case_2021_myanmar_coup_supply_chain_disruption;case_1987_1988_tanker_war_reflagging;case_2008_somali_piracy_gulf_of_aden;case_2022_turkey_strait_tanker_insurance_backlog;case_2019_cosco_shipping_sanctions_tanker_market;case_2011_libya_civil_war_oil_disruption;case_2022_peru_mine_protests_copper_supply;case_2008_rice_export_restrictions_food_security;case_2022_russia_fertilizer_export_restrictions;case_2021_colonial_pipeline_ransomware;case_2023_dp_world_australia_cyber_port_disruption;case_2022_russia_airspace_closure_aviation_routes,31,case_2021_suez_blockage;case_2023_red_sea_attacks;case_2018_2019_us_china_tariffs;case_panama_canal_drought_shipping_capacity;case_black_sea_grain_export_disruption;case_cyberattack_pipeline_port_infrastructure;case_2023_port_of_nagoya_cyberattack;case_2024_us_east_gulf_port_strike;case_2022_india_wheat_export_ban;case_2019_india_pakistan_airspace_closure;case_2022_ukraine_electricity_grid_attacks;case_2023_niger_coup_uranium_supply_risk;case_2021_belarus_potash_sanctions;case_2021_xinjiang_forced_labor_import_restrictions;case_2024_ev_tariff_escalation_china;case_2017_notpetya_shipping_logistics_cyberattack;case_2023_black_sea_shipping_insurance_restrictions;case_2024_drc_cobalt_copper_mining_disruption;case_2023_mexico_nearshoring_cross_border_policy_risk;case_2021_myanmar_coup_supply_chain_disruption;case_1987_1988_tanker_war_reflagging;case_2008_somali_piracy_gulf_of_aden;case_2022_turkey_strait_tanker_insurance_backlog;case_2019_cosco_shipping_sanctions_tanker_market;case_2011_libya_civil_war_oil_disruption;case_2022_peru_mine_protests_copper_supply;case_2008_rice_export_restrictions_food_security;case_2022_russia_fertilizer_export_restrictions;case_2021_colonial_pipeline_ransomware;case_2023_dp_world_australia_cyber_port_disruption;case_2022_russia_airspace_closure_aviation_routes,False,False,
evaluation_cases,eval_taiwan_strait_semiconductor_risk,eval_taiwan_strait_semiconductor_risk,marine_insurance,1,case_2023_south_china_sea_shipping_tensions,2,False,True,0,12,case_2023_red_sea_attacks;case_hormuz_tanker_tensions;case_israel_iran_escalation_energy_risk;case_2018_iran_oil_sanctions_reimposition;case_2023_black_sea_shipping_insurance_restrictions;case_2023_south_china_sea_shipping_tensions;case_2023_arctic_lng_russian_energy_shipping_sanctions;case_1987_1988_tanker_war_reflagging;case_2008_somali_piracy_gulf_of_aden;case_2022_turkey_strait_tanker_insurance_backlog;case_2018_iran_swift_restrictions;case_2019_cosco_shipping_sanctions_tanker_market,11,case_2023_red_sea_attacks;case_hormuz_tanker_tensions;case_israel_iran_escalation_energy_risk;case_2018_iran_oil_sanctions_reimposition;case_2023_black_sea_shipping_insurance_restrictions;case_2023_arctic_lng_russian_energy_shipping_sanctions;case_1987_1988_tanker_war_reflagging;case_2008_somali_piracy_gulf_of_aden;case_2022_turkey_strait_tanker_insurance_backlog;case_2018_iran_swift_restrictions;case_2019_cosco_shipping_sanctions_tanker_market,True,False,
evaluation_cases,eval_taiwan_strait_semiconductor_risk,eval_taiwan_strait_semiconductor_risk,maritime_chokepoint,1,case_2023_south_china_sea_shipping_tensions,2,False,True,0,12,case_2021_suez_blockage;case_2023_red_sea_attacks;case_hormuz_tanker_tensions;case_panama_canal_drought_shipping_capacity;case_black_sea_grain_export_disruption;case_israel_iran_escalation_energy_risk;case_2023_black_sea_shipping_insurance_restrictions;case_2023_south_china_sea_shipping_tensions;case_2023_arctic_lng_russian_energy_shipping_sanctions;case_1987_1988_tanker_war_reflagging;case_2008_somali_piracy_gulf_of_aden;case_2022_turkey_strait_tanker_insurance_backlog,11,case_2021_suez_blockage;case_2023_red_sea_attacks;case_hormuz_tanker_tensions;case_panama_canal_drought_shipping_capacity;case_black_sea_grain_export_disruption;case_israel_iran_escalation_energy_risk;case_2023_black_sea_shipping_insurance_restrictions;case_2023_arctic_lng_russian_energy_shipping_sanctions;case_1987_1988_tanker_war_reflagging;case_2008_somali_piracy_gulf_of_aden;case_2022_turkey_strait_tanker_insurance_backlog,True,False,
evaluation_cases,eval_taiwan_strait_semiconductor_risk,eval_taiwan_strait_semiconductor_risk,rare_earths,1,case_2010_china_japan_rare_earth_embargo,2,False,True,0,2,case_rare_earth_export_restriction_risk;case_2010_china_japan_rare_earth_embargo,1,case_rare_earth_export_restriction_risk,True,False,
evaluation_cases,eval_taiwan_strait_semiconductor_risk,eval_taiwan_strait_semiconductor_risk,taiwan_semiconductor_supply,1,case_2024_taiwan_strait_drills_semiconductor_supply,2,False,True,0,1,case_2024_taiwan_strait_drills_semiconductor_supply,0,,False,False,
evaluation_cases,eval_taiwan_strait_semiconductor_risk,eval_taiwan_strait_semiconductor_risk,trade_lanes,3,case_2017_north_korea_missile_escalation;case_2023_south_china_sea_shipping_tensions;case_2010_china_japan_rare_earth_embargo,2,True,True,2,31,case_2018_2019_us_china_tariffs;case_uranium_nuclear_fuel_supply_disruption;case_2022_russia_swift_financial_sanctions;case_2024_us_east_gulf_port_strike;case_2022_india_wheat_export_ban;case_2022_russia_aviation_supply_chain_sanctions;case_2017_north_korea_missile_escalation;case_2019_india_pakistan_airspace_closure;case_2023_niger_coup_uranium_supply_risk;case_2022_chile_lithium_policy_shift;case_2020_indonesia_nickel_export_ban;case_2021_belarus_potash_sanctions;case_2021_xinjiang_forced_labor_import_restrictions;case_2024_ev_tariff_escalation_china;case_2023_south_china_sea_shipping_tensions;case_2024_drc_cobalt_copper_mining_disruption;case_2023_mexico_nearshoring_cross_border_policy_risk;case_2023_eu_carbon_border_adjustment_mechanism;case_2021_myanmar_coup_supply_chain_disruption;case_2014_crimea_financial_sanctions;case_2018_iran_swift_restrictions;case_2019_cosco_shipping_sanctions_tanker_market;case_2009_russia_ukraine_gas_transit_dispute;case_2011_libya_civil_war_oil_disruption;case_2010_china_japan_rare_earth_embargo;case_2022_peru_mine_protests_copper_supply;case_2023_panama_cobre_mine_closure;case_2008_rice_export_restrictions_food_security;case_2022_russia_fertilizer_export_restrictions;case_2023_dp_world_australia_cyber_port_disruption;case_2019_turkey_f35_s400_defense_restrictions,28,case_2018_2019_us_china_tariffs;case_uranium_nuclear_fuel_supply_disruption;case_2022_russia_swift_financial_sanctions;case_2024_us_east_gulf_port_strike;case_2022_india_wheat_export_ban;case_2022_russia_aviation_supply_chain_sanctions;case_2019_india_pakistan_airspace_closure;case_2023_niger_coup_uranium_supply_risk;case_2022_chile_lithium_policy_shift;case_2020_indonesia_nickel_export_ban;case_2021_belarus_potash_sanctions;case_2021_xinjiang_forced_labor_import_restrictions;case_2024_ev_tariff_escalation_china;case_2024_drc_cobalt_copper_mining_disruption;case_2023_mexico_nearshoring_cross_border_policy_risk;case_2023_eu_carbon_border_adjustment_mechanism;case_2021_myanmar_coup_supply_chain_disruption;case_2014_crimea_financial_sanctions;case_2018_iran_swift_restrictions;case_2019_cosco_shipping_sanctions_tanker_market;case_2009_russia_ukraine_gas_transit_dispute;case_2011_libya_civil_war_oil_disruption;case_2022_peru_mine_protests_copper_supply;case_2023_panama_cobre_mine_closure;case_2008_rice_export_restrictions_food_security;case_2022_russia_fertilizer_export_restrictions;case_2023_dp_world_australia_cyber_port_disruption;case_2019_turkey_f35_s400_defense_restrictions,False,False,
evaluation_cases,eval_rare_earth_critical_minerals_controls,eval_rare_earth_critical_minerals_controls,ai_chips,1,case_china_gallium_germanium_graphite_controls,2,False,True,0,8,case_2022_us_china_semiconductor_controls;case_2019_huawei_entity_list;case_taiwan_strait_semiconductor_risk;case_china_gallium_germanium_graphite_controls;case_defense_spending_shock_after_escalation;case_2023_middle_east_defense_supply_escalation;case_2024_taiwan_strait_drills_semiconductor_supply;case_2023_japan_chip_equipment_export_controls,7,case_2022_us_china_semiconductor_controls;case_2019_huawei_entity_list;case_taiwan_strait_semiconductor_risk;case_defense_spending_shock_after_escalation;case_2023_middle_east_defense_supply_escalation;case_2024_taiwan_strait_drills_semiconductor_supply;case_2023_japan_chip_equipment_export_controls,True,False,
evaluation_cases,eval_rare_earth_critical_minerals_controls,eval_rare_earth_critical_minerals_controls,battery_materials,6,case_2023_china_graphite_battery_export_controls;case_2020_indonesia_nickel_export_ban;case_2023_panama_cobre_mine_closure;case_2022_chile_lithium_policy_shift;case_2024_drc_cobalt_copper_mining_disruption;case_2022_peru_mine_protests_copper_supply,2,True,True,2,7,case_2023_china_graphite_battery_export_controls;case_2022_chile_lithium_policy_shift;case_2020_indonesia_nickel_export_ban;case_2024_ev_tariff_escalation_china;case_2024_drc_cobalt_copper_mining_disruption;case_2022_peru_mine_protests_copper_supply;case_2023_panama_cobre_mine_closure,1,case_2024_ev_tariff_escalation_china,False,False,
evaluation_cases,eval_rare_earth_critical_minerals_controls,eval_rare_earth_critical_minerals_controls,defense,2,case_rare_earth_export_restriction_risk;case_2010_china_japan_rare_earth_embargo,2,True,True,2,15,case_taiwan_strait_semiconductor_risk;case_rare_earth_export_restriction_risk;case_israel_iran_escalation_energy_risk;case_defense_spending_shock_after_escalation;case_2023_middle_east_defense_supply_escalation;case_2024_taiwan_strait_drills_semiconductor_supply;case_2022_abu_dhabi_oil_facility_attack;case_2022_russia_aviation_supply_chain_sanctions;case_2017_north_korea_missile_escalation;case_2019_india_pakistan_airspace_closure;case_2022_ukraine_electricity_grid_attacks;case_2023_south_china_sea_shipping_tensions;case_1987_1988_tanker_war_reflagging;case_2010_china_japan_rare_earth_embargo;case_2019_turkey_f35_s400_defense_restrictions,13,case_taiwan_strait_semiconductor_risk;case_israel_iran_escalation_energy_risk;case_defense_spending_shock_after_escalation;case_2023_middle_east_defense_supply_escalation;case_2024_taiwan_strait_drills_semiconductor_supply;case_2022_abu_dhabi_oil_facility_attack;case_2022_russia_aviation_supply_chain_sanctions;case_2017_north_korea_missile_escalation;case_2019_india_pakistan_airspace_closure;case_2022_ukraine_electricity_grid_attacks;case_2023_south_china_sea_shipping_tensions;case_1987_1988_tanker_war_reflagging;case_2019_turkey_f35_s400_defense_restrictions,False,False,
evaluation_cases,eval_rare_earth_critical_minerals_controls,eval_rare_earth_critical_minerals_controls,energy,2,case_rare_earth_export_restriction_risk;case_2023_eu_carbon_border_adjustment_mechanism,2,True,True,2,28,case_2021_suez_blockage;case_hormuz_tanker_tensions;case_russia_ukraine_energy_shock;case_2022_gas_fertilizer_shock;case_middle_east_oil_supply_disruption;case_rare_earth_export_restriction_risk;case_opec_production_cut_policy_shock;case_israel_iran_escalation_energy_risk;case_cyberattack_pipeline_port_infrastructure;case_uranium_nuclear_fuel_supply_disruption;case_2022_russia_swift_financial_sanctions;case_2020_opec_plus_production_cut;case_2022_abu_dhabi_oil_facility_attack;case_2018_iran_oil_sanctions_reimposition;case_2019_venezuela_oil_sanctions;case_2022_nord_stream_pipeline_sabotage;case_2022_ukraine_electricity_grid_attacks;case_2023_niger_coup_uranium_supply_risk;case_2023_eu_carbon_border_adjustment_mechanism;case_2023_arctic_lng_russian_energy_shipping_sanctions;case_1987_1988_tanker_war_reflagging;case_2014_crimea_financial_sanctions;case_2009_russia_ukraine_gas_transit_dispute;case_2011_libya_civil_war_oil_disruption;case_2024_ukraine_drone_attacks_russian_refineries;case_2022_russia_fertilizer_export_restrictions;case_2021_colonial_pipeline_ransomware;case_2022_russia_airspace_closure_aviation_routes,26,case_2021_suez_blockage;case_hormuz_tanker_tensions;case_russia_ukraine_energy_shock;case_2022_gas_fertilizer_shock;case_middle_east_oil_supply_disruption;case_opec_production_cut_policy_shock;case_israel_iran_escalation_energy_risk;case_cyberattack_pipeline_port_infrastructure;case_uranium_nuclear_fuel_supply_disruption;case_2022_russia_swift_financial_sanctions;case_2020_opec_plus_production_cut;case_2022_abu_dhabi_oil_facility_attack;case_2018_iran_oil_sanctions_reimposition;case_2019_venezuela_oil_sanctions;case_2022_nord_stream_pipeline_sabotage;case_2022_ukraine_electricity_grid_attacks;case_2023_niger_coup_uranium_supply_risk;case_2023_arctic_lng_russian_energy_shipping_sanctions;case_1987_1988_tanker_war_reflagging;case_2014_crimea_financial_sanctions;case_2009_russia_ukraine_gas_transit_dispute;case_2011_libya_civil_war_oil_disruption;case_2024_ukraine_drone_attacks_russian_refineries;case_2022_russia_fertilizer_export_restrictions;case_2021_colonial_pipeline_ransomware;case_2022_russia_airspace_closure_aviation_routes,False,False,
evaluation_cases,eval_rare_earth_critical_minerals_controls,eval_rare_earth_critical_minerals_controls,fertilizer,1,case_2023_eu_carbon_border_adjustment_mechanism,2,False,True,0,5,case_2022_gas_fertilizer_shock;case_black_sea_grain_export_disruption;case_2021_belarus_potash_sanctions;case_2023_eu_carbon_border_adjustment_mechanism;case_2022_russia_fertilizer_export_restrictions,4,case_2022_gas_fertilizer_shock;case_black_sea_grain_export_disruption;case_2021_belarus_potash_sanctions;case_2022_russia_fertilizer_export_restrictions,True,False,
evaluation_cases,eval_rare_earth_critical_minerals_controls,eval_rare_earth_critical_minerals_controls,graphite,1,case_2023_china_graphite_battery_export_controls,2,False,True,0,1,case_2023_china_graphite_battery_export_controls,0,,False,False,
evaluation_cases,eval_rare_earth_critical_minerals_controls,eval_rare_earth_critical_minerals_controls,logistics,2,case_2024_drc_cobalt_copper_mining_disruption;case_2022_peru_mine_protests_copper_supply,2,True,True,2,33,case_2021_suez_blockage;case_2023_red_sea_attacks;case_2018_2019_us_china_tariffs;case_panama_canal_drought_shipping_capacity;case_black_sea_grain_export_disruption;case_cyberattack_pipeline_port_infrastructure;case_2023_port_of_nagoya_cyberattack;case_2024_us_east_gulf_port_strike;case_2022_india_wheat_export_ban;case_2017_north_korea_missile_escalation;case_2019_india_pakistan_airspace_closure;case_2022_ukraine_electricity_grid_attacks;case_2023_niger_coup_uranium_supply_risk;case_2021_belarus_potash_sanctions;case_2021_xinjiang_forced_labor_import_restrictions;case_2024_ev_tariff_escalation_china;case_2017_notpetya_shipping_logistics_cyberattack;case_2023_black_sea_shipping_insurance_restrictions;case_2023_south_china_sea_shipping_tensions;case_2024_drc_cobalt_copper_mining_disruption;case_2023_mexico_nearshoring_cross_border_policy_risk;case_2021_myanmar_coup_supply_chain_disruption;case_1987_1988_tanker_war_reflagging;case_2008_somali_piracy_gulf_of_aden;case_2022_turkey_strait_tanker_insurance_backlog;case_2019_cosco_shipping_sanctions_tanker_market;case_2011_libya_civil_war_oil_disruption;case_2022_peru_mine_protests_copper_supply;case_2008_rice_export_restrictions_food_security;case_2022_russia_fertilizer_export_restrictions;case_2021_colonial_pipeline_ransomware;case_2023_dp_world_australia_cyber_port_disruption;case_2022_russia_airspace_closure_aviation_routes,31,case_2021_suez_blockage;case_2023_red_sea_attacks;case_2018_2019_us_china_tariffs;case_panama_canal_drought_shipping_capacity;case_black_sea_grain_export_disruption;case_cyberattack_pipeline_port_infrastructure;case_2023_port_of_nagoya_cyberattack;case_2024_us_east_gulf_port_strike;case_2022_india_wheat_export_ban;case_2017_north_korea_missile_escalation;case_2019_india_pakistan_airspace_closure;case_2022_ukraine_electricity_grid_attacks;case_2023_niger_coup_uranium_supply_risk;case_2021_belarus_potash_sanctions;case_2021_xinjiang_forced_labor_import_restrictions;case_2024_ev_tariff_escalation_china;case_2017_notpetya_shipping_logistics_cyberattack;case_2023_black_sea_shipping_insurance_restrictions;case_2023_south_china_sea_shipping_tensions;case_2023_mexico_nearshoring_cross_border_policy_risk;case_2021_myanmar_coup_supply_chain_disruption;case_1987_1988_tanker_war_reflagging;case_2008_somali_piracy_gulf_of_aden;case_2022_turkey_strait_tanker_insurance_backlog;case_2019_cosco_shipping_sanctions_tanker_market;case_2011_libya_civil_war_oil_disruption;case_2008_rice_export_restrictions_food_security;case_2022_russia_fertilizer_export_restrictions;case_2021_colonial_pipeline_ransomware;case_2023_dp_world_australia_cyber_port_disruption;case_2022_russia_airspace_closure_aviation_routes,False,False,
evaluation_cases,eval_rare_earth_critical_minerals_controls,eval_rare_earth_critical_minerals_controls,ports,1,case_2023_panama_cobre_mine_closure,2,False,True,0,9,case_2021_suez_blockage;case_cyberattack_pipeline_port_infrastructure;case_2023_port_of_nagoya_cyberattack;case_2024_us_east_gulf_port_strike;case_2017_notpetya_shipping_logistics_cyberattack;case_2023_mexico_nearshoring_cross_border_policy_risk;case_2021_myanmar_coup_supply_chain_disruption;case_2023_panama_cobre_mine_closure;case_2023_dp_world_australia_cyber_port_disruption,8,case_2021_suez_blockage;case_cyberattack_pipeline_port_infrastructure;case_2023_port_of_nagoya_cyberattack;case_2024_us_east_gulf_port_strike;case_2017_notpetya_shipping_logistics_cyberattack;case_2023_mexico_nearshoring_cross_border_policy_risk;case_2021_myanmar_coup_supply_chain_disruption;case_2023_dp_world_australia_cyber_port_disruption,True,False,
evaluation_cases,eval_rare_earth_critical_minerals_controls,eval_rare_earth_critical_minerals_controls,semiconductor_equipment,1,case_china_gallium_germanium_graphite_controls,2,False,True,0,11,case_2022_us_china_semiconductor_controls;case_2023_dutch_asml_controls;case_2019_huawei_entity_list;case_taiwan_strait_semiconductor_risk;case_china_gallium_germanium_graphite_controls;case_defense_spending_shock_after_escalation;case_2024_taiwan_strait_drills_semiconductor_supply;case_2017_north_korea_missile_escalation;case_2020_smic_entity_list_semiconductor_controls;case_2023_japan_chip_equipment_export_controls;case_2019_turkey_f35_s400_defense_restrictions,10,case_2022_us_china_semiconductor_controls;case_2023_dutch_asml_controls;case_2019_huawei_entity_list;case_taiwan_strait_semiconductor_risk;case_defense_spending_shock_after_escalation;case_2024_taiwan_strait_drills_semiconductor_supply;case_2017_north_korea_missile_escalation;case_2020_smic_entity_list_semiconductor_controls;case_2023_japan_chip_equipment_export_controls;case_2019_turkey_f35_s400_defense_restrictions,True,False,
evaluation_cases,eval_rare_earth_critical_minerals_controls,eval_rare_earth_critical_minerals_controls,trade_lanes,7,case_2010_china_japan_rare_earth_embargo;case_2020_indonesia_nickel_export_ban;case_2023_panama_cobre_mine_closure;case_2022_chile_lithium_policy_shift;case_2024_drc_cobalt_copper_mining_disruption;case_2022_peru_mine_protests_copper_supply;case_2023_eu_carbon_border_adjustment_mechanism,2,True,True,2,31,case_2018_2019_us_china_tariffs;case_uranium_nuclear_fuel_supply_disruption;case_2022_russia_swift_financial_sanctions;case_2024_us_east_gulf_port_strike;case_2022_india_wheat_export_ban;case_2022_russia_aviation_supply_chain_sanctions;case_2017_north_korea_missile_escalation;case_2019_india_pakistan_airspace_closure;case_2023_niger_coup_uranium_supply_risk;case_2022_chile_lithium_policy_shift;case_2020_indonesia_nickel_export_ban;case_2021_belarus_potash_sanctions;case_2021_xinjiang_forced_labor_import_restrictions;case_2024_ev_tariff_escalation_china;case_2023_south_china_sea_shipping_tensions;case_2024_drc_cobalt_copper_mining_disruption;case_2023_mexico_nearshoring_cross_border_policy_risk;case_2023_eu_carbon_border_adjustment_mechanism;case_2021_myanmar_coup_supply_chain_disruption;case_2014_crimea_financial_sanctions;case_2018_iran_swift_restrictions;case_2019_cosco_shipping_sanctions_tanker_market;case_2009_russia_ukraine_gas_transit_dispute;case_2011_libya_civil_war_oil_disruption;case_2010_china_japan_rare_earth_embargo;case_2022_peru_mine_protests_copper_supply;case_2023_panama_cobre_mine_closure;case_2008_rice_export_restrictions_food_security;case_2022_russia_fertilizer_export_restrictions;case_2023_dp_world_australia_cyber_port_disruption;case_2019_turkey_f35_s400_defense_restrictions,24,case_2018_2019_us_china_tariffs;case_uranium_nuclear_fuel_supply_disruption;case_2022_russia_swift_financial_sanctions;case_2024_us_east_gulf_port_strike;case_2022_india_wheat_export_ban;case_2022_russia_aviation_supply_chain_sanctions;case_2017_north_korea_missile_escalation;case_2019_india_pakistan_airspace_closure;case_2023_niger_coup_uranium_supply_risk;case_2021_belarus_potash_sanctions;case_2021_xinjiang_forced_labor_import_restrictions;case_2024_ev_tariff_escalation_china;case_2023_south_china_sea_shipping_tensions;case_2023_mexico_nearshoring_cross_border_policy_risk;case_2021_myanmar_coup_supply_chain_disruption;case_2014_crimea_financial_sanctions;case_2018_iran_swift_restrictions;case_2019_cosco_shipping_sanctions_tanker_market;case_2009_russia_ukraine_gas_transit_dispute;case_2011_libya_civil_war_oil_disruption;case_2008_rice_export_restrictions_food_security;case_2022_russia_fertilizer_export_restrictions;case_2023_dp_world_australia_cyber_port_disruption;case_2019_turkey_f35_s400_defense_restrictions,False,False,
evaluation_cases,eval_panama_canal_drought_shipping,eval_panama_canal_drought_shipping,battery_materials,1,case_2023_panama_cobre_mine_closure,2,False,True,0,7,case_2023_china_graphite_battery_export_controls;case_2022_chile_lithium_policy_shift;case_2020_indonesia_nickel_export_ban;case_2024_ev_tariff_escalation_china;case_2024_drc_cobalt_copper_mining_disruption;case_2022_peru_mine_protests_copper_supply;case_2023_panama_cobre_mine_closure,6,case_2023_china_graphite_battery_export_controls;case_2022_chile_lithium_policy_shift;case_2020_indonesia_nickel_export_ban;case_2024_ev_tariff_escalation_china;case_2024_drc_cobalt_copper_mining_disruption;case_2022_peru_mine_protests_copper_supply,True,False,
evaluation_cases,eval_panama_canal_drought_shipping,eval_panama_canal_drought_shipping,critical_minerals,1,case_2023_panama_cobre_mine_closure,2,False,True,0,12,case_rare_earth_export_restriction_risk;case_china_gallium_germanium_graphite_controls;case_2023_china_graphite_battery_export_controls;case_2022_chile_lithium_policy_shift;case_2020_indonesia_nickel_export_ban;case_2021_xinjiang_forced_labor_import_restrictions;case_2024_ev_tariff_escalation_china;case_2024_drc_cobalt_copper_mining_disruption;case_2023_eu_carbon_border_adjustment_mechanism;case_2010_china_japan_rare_earth_embargo;case_2022_peru_mine_protests_copper_supply;case_2023_panama_cobre_mine_closure,11,case_rare_earth_export_restriction_risk;case_china_gallium_germanium_graphite_controls;case_2023_china_graphite_battery_export_controls;case_2022_chile_lithium_policy_shift;case_2020_indonesia_nickel_export_ban;case_2021_xinjiang_forced_labor_import_restrictions;case_2024_ev_tariff_escalation_china;case_2024_drc_cobalt_copper_mining_disruption;case_2023_eu_carbon_border_adjustment_mechanism;case_2010_china_japan_rare_earth_embargo;case_2022_peru_mine_protests_copper_supply,True,False,
evaluation_cases,eval_panama_canal_drought_shipping,eval_panama_canal_drought_shipping,customs,3,case_2022_india_wheat_export_ban;case_2008_rice_export_restrictions_food_security;case_2023_panama_cobre_mine_closure,2,True,True,2,32,case_2023_dutch_asml_controls;case_2019_huawei_entity_list;case_2018_2019_us_china_tariffs;case_china_gallium_germanium_graphite_controls;case_uranium_nuclear_fuel_supply_disruption;case_2022_russia_swift_financial_sanctions;case_2023_china_graphite_battery_export_controls;case_2022_india_wheat_export_ban;case_2022_russia_aviation_supply_chain_sanctions;case_2023_niger_coup_uranium_supply_risk;case_2022_chile_lithium_policy_shift;case_2020_indonesia_nickel_export_ban;case_2021_belarus_potash_sanctions;case_2021_xinjiang_forced_labor_import_restrictions;case_2024_ev_tariff_escalation_china;case_2024_drc_cobalt_copper_mining_disruption;case_2023_mexico_nearshoring_cross_border_policy_risk;case_2023_eu_carbon_border_adjustment_mechanism;case_2021_myanmar_coup_supply_chain_disruption;case_2022_turkey_strait_tanker_insurance_backlog;case_2014_crimea_financial_sanctions;case_2018_iran_swift_restrictions;case_2019_cosco_shipping_sanctions_tanker_market;case_2010_china_japan_rare_earth_embargo;case_2022_peru_mine_protests_copper_supply;case_2023_panama_cobre_mine_closure;case_2008_rice_export_restrictions_food_security;case_2022_russia_fertilizer_export_restrictions;case_2020_smic_entity_list_semiconductor_controls;case_2023_japan_chip_equipment_export_controls;case_2019_turkey_f35_s400_defense_restrictions;case_2022_russia_airspace_closure_aviation_routes,29,case_2023_dutch_asml_controls;case_2019_huawei_entity_list;case_2018_2019_us_china_tariffs;case_china_gallium_germanium_graphite_controls;case_uranium_nuclear_fuel_supply_disruption;case_2022_russia_swift_financial_sanctions;case_2023_china_graphite_battery_export_controls;case_2022_russia_aviation_supply_chain_sanctions;case_2023_niger_coup_uranium_supply_risk;case_2022_chile_lithium_policy_shift;case_2020_indonesia_nickel_export_ban;case_2021_belarus_potash_sanctions;case_2021_xinjiang_forced_labor_import_restrictions;case_2024_ev_tariff_escalation_china;case_2024_drc_cobalt_copper_mining_disruption;case_2023_mexico_nearshoring_cross_border_policy_risk;case_2023_eu_carbon_border_adjustment_mechanism;case_2021_myanmar_coup_supply_chain_disruption;case_2022_turkey_strait_tanker_insurance_backlog;case_2014_crimea_financial_sanctions;case_2018_iran_swift_restrictions;case_2019_cosco_shipping_sanctions_tanker_market;case_2010_china_japan_rare_earth_embargo;case_2022_peru_mine_protests_copper_supply;case_2022_russia_fertilizer_export_restrictions;case_2020_smic_entity_list_semiconductor_controls;case_2023_japan_chip_equipment_export_controls;case_2019_turkey_f35_s400_defense_restrictions;case_2022_russia_airspace_closure_aviation_routes,False,False,
evaluation_cases,eval_panama_canal_drought_shipping,eval_panama_canal_drought_shipping,defense,1,case_2023_south_china_sea_shipping_tensions,2,False,True,0,15,case_taiwan_strait_semiconductor_risk;case_rare_earth_export_restriction_risk;case_israel_iran_escalation_energy_risk;case_defense_spending_shock_after_escalation;case_2023_middle_east_defense_supply_escalation;case_2024_taiwan_strait_drills_semiconductor_supply;case_2022_abu_dhabi_oil_facility_attack;case_2022_russia_aviation_supply_chain_sanctions;case_2017_north_korea_missile_escalation;case_2019_india_pakistan_airspace_closure;case_2022_ukraine_electricity_grid_attacks;case_2023_south_china_sea_shipping_tensions;case_1987_1988_tanker_war_reflagging;case_2010_china_japan_rare_earth_embargo;case_2019_turkey_f35_s400_defense_restrictions,14,case_taiwan_strait_semiconductor_risk;case_rare_earth_export_restriction_risk;case_israel_iran_escalation_energy_risk;case_defense_spending_shock_after_escalation;case_2023_middle_east_defense_supply_escalation;case_2024_taiwan_strait_drills_semiconductor_supply;case_2022_abu_dhabi_oil_facility_attack;case_2022_russia_aviation_supply_chain_sanctions;case_2017_north_korea_missile_escalation;case_2019_india_pakistan_airspace_closure;case_2022_ukraine_electricity_grid_attacks;case_1987_1988_tanker_war_reflagging;case_2010_china_japan_rare_earth_embargo;case_2019_turkey_f35_s400_defense_restrictions,True,False,
evaluation_cases,eval_panama_canal_drought_shipping,eval_panama_canal_drought_shipping,energy,2,case_2021_suez_blockage;case_2023_arctic_lng_russian_energy_shipping_sanctions,2,True,True,2,28,case_2021_suez_blockage;case_hormuz_tanker_tensions;case_russia_ukraine_energy_shock;case_2022_gas_fertilizer_shock;case_middle_east_oil_supply_disruption;case_rare_earth_export_restriction_risk;case_opec_production_cut_policy_shock;case_israel_iran_escalation_energy_risk;case_cyberattack_pipeline_port_infrastructure;case_uranium_nuclear_fuel_supply_disruption;case_2022_russia_swift_financial_sanctions;case_2020_opec_plus_production_cut;case_2022_abu_dhabi_oil_facility_attack;case_2018_iran_oil_sanctions_reimposition;case_2019_venezuela_oil_sanctions;case_2022_nord_stream_pipeline_sabotage;case_2022_ukraine_electricity_grid_attacks;case_2023_niger_coup_uranium_supply_risk;case_2023_eu_carbon_border_adjustment_mechanism;case_2023_arctic_lng_russian_energy_shipping_sanctions;case_1987_1988_tanker_war_reflagging;case_2014_crimea_financial_sanctions;case_2009_russia_ukraine_gas_transit_dispute;case_2011_libya_civil_war_oil_disruption;case_2024_ukraine_drone_attacks_russian_refineries;case_2022_russia_fertilizer_export_restrictions;case_2021_colonial_pipeline_ransomware;case_2022_russia_airspace_closure_aviation_routes,26,case_hormuz_tanker_tensions;case_russia_ukraine_energy_shock;case_2022_gas_fertilizer_shock;case_middle_east_oil_supply_disruption;case_rare_earth_export_restriction_risk;case_opec_production_cut_policy_shock;case_israel_iran_escalation_energy_risk;case_cyberattack_pipeline_port_infrastructure;case_uranium_nuclear_fuel_supply_disruption;case_2022_russia_swift_financial_sanctions;case_2020_opec_plus_production_cut;case_2022_abu_dhabi_oil_facility_attack;case_2018_iran_oil_sanctions_reimposition;case_2019_venezuela_oil_sanctions;case_2022_nord_stream_pipeline_sabotage;case_2022_ukraine_electricity_grid_attacks;case_2023_niger_coup_uranium_supply_risk;case_2023_eu_carbon_border_adjustment_mechanism;case_1987_1988_tanker_war_reflagging;case_2014_crimea_financial_sanctions;case_2009_russia_ukraine_gas_transit_dispute;case_2011_libya_civil_war_oil_disruption;case_2024_ukraine_drone_attacks_russian_refineries;case_2022_russia_fertilizer_export_restrictions;case_2021_colonial_pipeline_ransomware;case_2022_russia_airspace_closure_aviation_routes,False,False,
evaluation_cases,eval_panama_canal_drought_shipping,eval_panama_canal_drought_shipping,fertilizer,1,case_black_sea_grain_export_disruption,2,False,True,0,5,case_2022_gas_fertilizer_shock;case_black_sea_grain_export_disruption;case_2021_belarus_potash_sanctions;case_2023_eu_carbon_border_adjustment_mechanism;case_2022_russia_fertilizer_export_restrictions,4,case_2022_gas_fertilizer_shock;case_2021_belarus_potash_sanctions;case_2023_eu_carbon_border_adjustment_mechanism;case_2022_russia_fertilizer_export_restrictions,True,False,
evaluation_cases,eval_panama_canal_drought_shipping,eval_panama_canal_drought_shipping,financial_sanctions,1,case_2023_arctic_lng_russian_energy_shipping_sanctions,2,False,True,0,8,case_2022_russia_swift_financial_sanctions;case_2018_iran_oil_sanctions_reimposition;case_2019_venezuela_oil_sanctions;case_2023_arctic_lng_russian_energy_shipping_sanctions;case_2022_turkey_strait_tanker_insurance_backlog;case_2014_crimea_financial_sanctions;case_2018_iran_swift_restrictions;case_2019_cosco_shipping_sanctions_tanker_market,7,case_2022_russia_swift_financial_sanctions;case_2018_iran_oil_sanctions_reimposition;case_2019_venezuela_oil_sanctions;case_2022_turkey_strait_tanker_insurance_backlog;case_2014_crimea_financial_sanctions;case_2018_iran_swift_restrictions;case_2019_cosco_shipping_sanctions_tanker_market,True,False,
evaluation_cases,eval_panama_canal_drought_shipping,eval_panama_canal_drought_shipping,food_export_controls,2,case_2022_india_wheat_export_ban;case_2008_rice_export_restrictions_food_security,2,True,True,2,2,case_2022_india_wheat_export_ban;case_2008_rice_export_restrictions_food_security,0,,False,False,
evaluation_cases,eval_panama_canal_drought_shipping,eval_panama_canal_drought_shipping,grain_exports,3,case_2022_india_wheat_export_ban;case_2008_rice_export_restrictions_food_security;case_black_sea_grain_export_disruption,2,True,True,1,4,case_black_sea_grain_export_disruption;case_2022_india_wheat_export_ban;case_2023_black_sea_shipping_insurance_restrictions;case_2008_rice_export_restrictions_food_security,1,case_2023_black_sea_shipping_insurance_restrictions,False,False,
evaluation_cases,eval_panama_canal_drought_shipping,eval_panama_canal_drought_shipping,manufacturing_inputs,1,case_2023_panama_cobre_mine_closure,2,False,True,0,34,case_russia_ukraine_energy_shock;case_2019_huawei_entity_list;case_2018_2019_us_china_tariffs;case_2022_gas_fertilizer_shock;case_taiwan_strait_semiconductor_risk;case_rare_earth_export_restriction_risk;case_china_gallium_germanium_graphite_controls;case_defense_spending_shock_after_escalation;case_uranium_nuclear_fuel_supply_disruption;case_2023_port_of_nagoya_cyberattack;case_2023_middle_east_defense_supply_escalation;case_2023_china_graphite_battery_export_controls;case_2022_russia_aviation_supply_chain_sanctions;case_2017_north_korea_missile_escalation;case_2019_india_pakistan_airspace_closure;case_2022_nord_stream_pipeline_sabotage;case_2022_ukraine_electricity_grid_attacks;case_2022_chile_lithium_policy_shift;case_2020_indonesia_nickel_export_ban;case_2021_xinjiang_forced_labor_import_restrictions;case_2024_ev_tariff_escalation_china;case_2017_notpetya_shipping_logistics_cyberattack;case_2024_drc_cobalt_copper_mining_disruption;case_2023_mexico_nearshoring_cross_border_policy_risk;case_2023_eu_carbon_border_adjustment_mechanism;case_2021_myanmar_coup_supply_chain_disruption;case_2014_crimea_financial_sanctions;case_2009_russia_ukraine_gas_transit_dispute;case_2010_china_japan_rare_earth_embargo;case_2022_peru_mine_protests_copper_supply;case_2023_panama_cobre_mine_closure;case_2020_smic_entity_list_semiconductor_controls;case_2023_japan_chip_equipment_export_controls;case_2019_turkey_f35_s400_defense_restrictions,33,case_russia_ukraine_energy_shock;case_2019_huawei_entity_list;case_2018_2019_us_china_tariffs;case_2022_gas_fertilizer_shock;case_taiwan_strait_semiconductor_risk;case_rare_earth_export_restriction_risk;case_china_gallium_germanium_graphite_controls;case_defense_spending_shock_after_escalation;case_uranium_nuclear_fuel_supply_disruption;case_2023_port_of_nagoya_cyberattack;case_2023_middle_east_defense_supply_escalation;case_2023_china_graphite_battery_export_controls;case_2022_russia_aviation_supply_chain_sanctions;case_2017_north_korea_missile_escalation;case_2019_india_pakistan_airspace_closure;case_2022_nord_stream_pipeline_sabotage;case_2022_ukraine_electricity_grid_attacks;case_2022_chile_lithium_policy_shift;case_2020_indonesia_nickel_export_ban;case_2021_xinjiang_forced_labor_import_restrictions;case_2024_ev_tariff_escalation_china;case_2017_notpetya_shipping_logistics_cyberattack;case_2024_drc_cobalt_copper_mining_disruption;case_2023_mexico_nearshoring_cross_border_policy_risk;case_2023_eu_carbon_border_adjustment_mechanism;case_2021_myanmar_coup_supply_chain_disruption;case_2014_crimea_financial_sanctions;case_2009_russia_ukraine_gas_transit_dispute;case_2010_china_japan_rare_earth_embargo;case_2022_peru_mine_protests_copper_supply;case_2020_smic_entity_list_semiconductor_controls;case_2023_japan_chip_equipment_export_controls;case_2019_turkey_f35_s400_defense_restrictions,True,False,
evaluation_cases,eval_panama_canal_drought_shipping,eval_panama_canal_drought_shipping,marine_insurance,3,case_2023_red_sea_attacks;case_2023_south_china_sea_shipping_tensions;case_2023_arctic_lng_russian_energy_shipping_sanctions,2,True,True,2,12,case_2023_red_sea_attacks;case_hormuz_tanker_tensions;case_israel_iran_escalation_energy_risk;case_2018_iran_oil_sanctions_reimposition;case_2023_black_sea_shipping_insurance_restrictions;case_2023_south_china_sea_shipping_tensions;case_2023_arctic_lng_russian_energy_shipping_sanctions;case_1987_1988_tanker_war_reflagging;case_2008_somali_piracy_gulf_of_aden;case_2022_turkey_strait_tanker_insurance_backlog;case_2018_iran_swift_restrictions;case_2019_cosco_shipping_sanctions_tanker_market,9,case_hormuz_tanker_tensions;case_israel_iran_escalation_energy_risk;case_2018_iran_oil_sanctions_reimposition;case_2023_black_sea_shipping_insurance_restrictions;case_1987_1988_tanker_war_reflagging;case_2008_somali_piracy_gulf_of_aden;case_2022_turkey_strait_tanker_insurance_backlog;case_2018_iran_swift_restrictions;case_2019_cosco_shipping_sanctions_tanker_market,False,False,
evaluation_cases,eval_panama_canal_drought_shipping,eval_panama_canal_drought_shipping,oil_shipping,2,case_2023_red_sea_attacks;case_2023_arctic_lng_russian_energy_shipping_sanctions,2,True,True,2,17,case_2023_red_sea_attacks;case_hormuz_tanker_tensions;case_middle_east_oil_supply_disruption;case_opec_production_cut_policy_shock;case_israel_iran_escalation_energy_risk;case_2020_opec_plus_production_cut;case_2022_abu_dhabi_oil_facility_attack;case_2018_iran_oil_sanctions_reimposition;case_2019_venezuela_oil_sanctions;case_2023_arctic_lng_russian_energy_shipping_sanctions;case_1987_1988_tanker_war_reflagging;case_2008_somali_piracy_gulf_of_aden;case_2022_turkey_strait_tanker_insurance_backlog;case_2018_iran_swift_restrictions;case_2019_cosco_shipping_sanctions_tanker_market;case_2011_libya_civil_war_oil_disruption;case_2024_ukraine_drone_attacks_russian_refineries,15,case_hormuz_tanker_tensions;case_middle_east_oil_supply_disruption;case_opec_production_cut_policy_shock;case_israel_iran_escalation_energy_risk;case_2020_opec_plus_production_cut;case_2022_abu_dhabi_oil_facility_attack;case_2018_iran_oil_sanctions_reimposition;case_2019_venezuela_oil_sanctions;case_1987_1988_tanker_war_reflagging;case_2008_somali_piracy_gulf_of_aden;case_2022_turkey_strait_tanker_insurance_backlog;case_2018_iran_swift_restrictions;case_2019_cosco_shipping_sanctions_tanker_market;case_2011_libya_civil_war_oil_disruption;case_2024_ukraine_drone_attacks_russian_refineries,False,False,
evaluation_cases,eval_panama_canal_drought_shipping,eval_panama_canal_drought_shipping,payment_networks,1,case_2023_arctic_lng_russian_energy_shipping_sanctions,2,False,True,0,7,case_2022_russia_swift_financial_sanctions;case_2018_iran_oil_sanctions_reimposition;case_2019_venezuela_oil_sanctions;case_2023_arctic_lng_russian_energy_shipping_sanctions;case_2014_crimea_financial_sanctions;case_2018_iran_swift_restrictions;case_2019_cosco_shipping_sanctions_tanker_market,6,case_2022_russia_swift_financial_sanctions;case_2018_iran_oil_sanctions_reimposition;case_2019_venezuela_oil_sanctions;case_2014_crimea_financial_sanctions;case_2018_iran_swift_restrictions;case_2019_cosco_shipping_sanctions_tanker_market,True,False,
evaluation_cases,eval_panama_canal_drought_shipping,eval_panama_canal_drought_shipping,port_labor,1,case_2024_us_east_gulf_port_strike,2,False,True,0,1,case_2024_us_east_gulf_port_strike,0,,False,False,
evaluation_cases,eval_panama_canal_drought_shipping,eval_panama_canal_drought_shipping,ports,3,case_2024_us_east_gulf_port_strike;case_2021_suez_blockage;case_2023_panama_cobre_mine_closure,2,True,True,2,9,case_2021_suez_blockage;case_cyberattack_pipeline_port_infrastructure;case_2023_port_of_nagoya_cyberattack;case_2024_us_east_gulf_port_strike;case_2017_notpetya_shipping_logistics_cyberattack;case_2023_mexico_nearshoring_cross_border_policy_risk;case_2021_myanmar_coup_supply_chain_disruption;case_2023_panama_cobre_mine_closure;case_2023_dp_world_australia_cyber_port_disruption,6,case_cyberattack_pipeline_port_infrastructure;case_2023_port_of_nagoya_cyberattack;case_2017_notpetya_shipping_logistics_cyberattack;case_2023_mexico_nearshoring_cross_border_policy_risk;case_2021_myanmar_coup_supply_chain_disruption;case_2023_dp_world_australia_cyber_port_disruption,False,False,
evaluation_cases,eval_panama_canal_drought_shipping,eval_panama_canal_drought_shipping,trade_lanes,5,case_2024_us_east_gulf_port_strike;case_2022_india_wheat_export_ban;case_2023_south_china_sea_shipping_tensions;case_2008_rice_export_restrictions_food_security;case_2023_panama_cobre_mine_closure,2,True,True,2,31,case_2018_2019_us_china_tariffs;case_uranium_nuclear_fuel_supply_disruption;case_2022_russia_swift_financial_sanctions;case_2024_us_east_gulf_port_strike;case_2022_india_wheat_export_ban;case_2022_russia_aviation_supply_chain_sanctions;case_2017_north_korea_missile_escalation;case_2019_india_pakistan_airspace_closure;case_2023_niger_coup_uranium_supply_risk;case_2022_chile_lithium_policy_shift;case_2020_indonesia_nickel_export_ban;case_2021_belarus_potash_sanctions;case_2021_xinjiang_forced_labor_import_restrictions;case_2024_ev_tariff_escalation_china;case_2023_south_china_sea_shipping_tensions;case_2024_drc_cobalt_copper_mining_disruption;case_2023_mexico_nearshoring_cross_border_policy_risk;case_2023_eu_carbon_border_adjustment_mechanism;case_2021_myanmar_coup_supply_chain_disruption;case_2014_crimea_financial_sanctions;case_2018_iran_swift_restrictions;case_2019_cosco_shipping_sanctions_tanker_market;case_2009_russia_ukraine_gas_transit_dispute;case_2011_libya_civil_war_oil_disruption;case_2010_china_japan_rare_earth_embargo;case_2022_peru_mine_protests_copper_supply;case_2023_panama_cobre_mine_closure;case_2008_rice_export_restrictions_food_security;case_2022_russia_fertilizer_export_restrictions;case_2023_dp_world_australia_cyber_port_disruption;case_2019_turkey_f35_s400_defense_restrictions,26,case_2018_2019_us_china_tariffs;case_uranium_nuclear_fuel_supply_disruption;case_2022_russia_swift_financial_sanctions;case_2022_russia_aviation_supply_chain_sanctions;case_2017_north_korea_missile_escalation;case_2019_india_pakistan_airspace_closure;case_2023_niger_coup_uranium_supply_risk;case_2022_chile_lithium_policy_shift;case_2020_indonesia_nickel_export_ban;case_2021_belarus_potash_sanctions;case_2021_xinjiang_forced_labor_import_restrictions;case_2024_ev_tariff_escalation_china;case_2024_drc_cobalt_copper_mining_disruption;case_2023_mexico_nearshoring_cross_border_policy_risk;case_2023_eu_carbon_border_adjustment_mechanism;case_2021_myanmar_coup_supply_chain_disruption;case_2014_crimea_financial_sanctions;case_2018_iran_swift_restrictions;case_2019_cosco_shipping_sanctions_tanker_market;case_2009_russia_ukraine_gas_transit_dispute;case_2011_libya_civil_war_oil_disruption;case_2010_china_japan_rare_earth_embargo;case_2022_peru_mine_protests_copper_supply;case_2022_russia_fertilizer_export_restrictions;case_2023_dp_world_australia_cyber_port_disruption;case_2019_turkey_f35_s400_defense_restrictions,False,False,
evaluation_cases,eval_black_sea_grain_export_disruption,eval_black_sea_grain_export_disruption,container_shipping,4,case_2023_red_sea_attacks;case_2021_suez_blockage;case_panama_canal_drought_shipping_capacity;case_2024_us_east_gulf_port_strike,2,True,True,2,8,case_2021_suez_blockage;case_2023_red_sea_attacks;case_panama_canal_drought_shipping_capacity;case_2024_us_east_gulf_port_strike;case_2017_notpetya_shipping_logistics_cyberattack;case_2023_south_china_sea_shipping_tensions;case_2008_somali_piracy_gulf_of_aden;case_2023_dp_world_australia_cyber_port_disruption,4,case_2017_notpetya_shipping_logistics_cyberattack;case_2023_south_china_sea_shipping_tensions;case_2008_somali_piracy_gulf_of_aden;case_2023_dp_world_australia_cyber_port_disruption,False,False,
evaluation_cases,eval_black_sea_grain_export_disruption,eval_black_sea_grain_export_disruption,customs,4,case_2008_rice_export_restrictions_food_security;case_2022_india_wheat_export_ban;case_2021_belarus_potash_sanctions;case_2022_russia_fertilizer_export_restrictions,2,True,True,2,32,case_2023_dutch_asml_controls;case_2019_huawei_entity_list;case_2018_2019_us_china_tariffs;case_china_gallium_germanium_graphite_controls;case_uranium_nuclear_fuel_supply_disruption;case_2022_russia_swift_financial_sanctions;case_2023_china_graphite_battery_export_controls;case_2022_india_wheat_export_ban;case_2022_russia_aviation_supply_chain_sanctions;case_2023_niger_coup_uranium_supply_risk;case_2022_chile_lithium_policy_shift;case_2020_indonesia_nickel_export_ban;case_2021_belarus_potash_sanctions;case_2021_xinjiang_forced_labor_import_restrictions;case_2024_ev_tariff_escalation_china;case_2024_drc_cobalt_copper_mining_disruption;case_2023_mexico_nearshoring_cross_border_policy_risk;case_2023_eu_carbon_border_adjustment_mechanism;case_2021_myanmar_coup_supply_chain_disruption;case_2022_turkey_strait_tanker_insurance_backlog;case_2014_crimea_financial_sanctions;case_2018_iran_swift_restrictions;case_2019_cosco_shipping_sanctions_tanker_market;case_2010_china_japan_rare_earth_embargo;case_2022_peru_mine_protests_copper_supply;case_2023_panama_cobre_mine_closure;case_2008_rice_export_restrictions_food_security;case_2022_russia_fertilizer_export_restrictions;case_2020_smic_entity_list_semiconductor_controls;case_2023_japan_chip_equipment_export_controls;case_2019_turkey_f35_s400_defense_restrictions;case_2022_russia_airspace_closure_aviation_routes,28,case_2023_dutch_asml_controls;case_2019_huawei_entity_list;case_2018_2019_us_china_tariffs;case_china_gallium_germanium_graphite_controls;case_uranium_nuclear_fuel_supply_disruption;case_2022_russia_swift_financial_sanctions;case_2023_china_graphite_battery_export_controls;case_2022_russia_aviation_supply_chain_sanctions;case_2023_niger_coup_uranium_supply_risk;case_2022_chile_lithium_policy_shift;case_2020_indonesia_nickel_export_ban;case_2021_xinjiang_forced_labor_import_restrictions;case_2024_ev_tariff_escalation_china;case_2024_drc_cobalt_copper_mining_disruption;case_2023_mexico_nearshoring_cross_border_policy_risk;case_2023_eu_carbon_border_adjustment_mechanism;case_2021_myanmar_coup_supply_chain_disruption;case_2022_turkey_strait_tanker_insurance_backlog;case_2014_crimea_financial_sanctions;case_2018_iran_swift_restrictions;case_2019_cosco_shipping_sanctions_tanker_market;case_2010_china_japan_rare_earth_embargo;case_2022_peru_mine_protests_copper_supply;case_2023_panama_cobre_mine_closure;case_2020_smic_entity_list_semiconductor_controls;case_2023_japan_chip_equipment_export_controls;case_2019_turkey_f35_s400_defense_restrictions;case_2022_russia_airspace_closure_aviation_routes,False,False,
evaluation_cases,eval_black_sea_grain_export_disruption,eval_black_sea_grain_export_disruption,energy,2,case_2021_suez_blockage;case_2022_russia_fertilizer_export_restrictions,2,True,True,2,28,case_2021_suez_blockage;case_hormuz_tanker_tensions;case_russia_ukraine_energy_shock;case_2022_gas_fertilizer_shock;case_middle_east_oil_supply_disruption;case_rare_earth_export_restriction_risk;case_opec_production_cut_policy_shock;case_israel_iran_escalation_energy_risk;case_cyberattack_pipeline_port_infrastructure;case_uranium_nuclear_fuel_supply_disruption;case_2022_russia_swift_financial_sanctions;case_2020_opec_plus_production_cut;case_2022_abu_dhabi_oil_facility_attack;case_2018_iran_oil_sanctions_reimposition;case_2019_venezuela_oil_sanctions;case_2022_nord_stream_pipeline_sabotage;case_2022_ukraine_electricity_grid_attacks;case_2023_niger_coup_uranium_supply_risk;case_2023_eu_carbon_border_adjustment_mechanism;case_2023_arctic_lng_russian_energy_shipping_sanctions;case_1987_1988_tanker_war_reflagging;case_2014_crimea_financial_sanctions;case_2009_russia_ukraine_gas_transit_dispute;case_2011_libya_civil_war_oil_disruption;case_2024_ukraine_drone_attacks_russian_refineries;case_2022_russia_fertilizer_export_restrictions;case_2021_colonial_pipeline_ransomware;case_2022_russia_airspace_closure_aviation_routes,26,case_hormuz_tanker_tensions;case_russia_ukraine_energy_shock;case_2022_gas_fertilizer_shock;case_middle_east_oil_supply_disruption;case_rare_earth_export_restriction_risk;case_opec_production_cut_policy_shock;case_israel_iran_escalation_energy_risk;case_cyberattack_pipeline_port_infrastructure;case_uranium_nuclear_fuel_supply_disruption;case_2022_russia_swift_financial_sanctions;case_2020_opec_plus_production_cut;case_2022_abu_dhabi_oil_facility_attack;case_2018_iran_oil_sanctions_reimposition;case_2019_venezuela_oil_sanctions;case_2022_nord_stream_pipeline_sabotage;case_2022_ukraine_electricity_grid_attacks;case_2023_niger_coup_uranium_supply_risk;case_2023_eu_carbon_border_adjustment_mechanism;case_2023_arctic_lng_russian_energy_shipping_sanctions;case_1987_1988_tanker_war_reflagging;case_2014_crimea_financial_sanctions;case_2009_russia_ukraine_gas_transit_dispute;case_2011_libya_civil_war_oil_disruption;case_2024_ukraine_drone_attacks_russian_refineries;case_2021_colonial_pipeline_ransomware;case_2022_russia_airspace_closure_aviation_routes,False,False,
evaluation_cases,eval_black_sea_grain_export_disruption,eval_black_sea_grain_export_disruption,food_export_controls,2,case_2008_rice_export_restrictions_food_security;case_2022_india_wheat_export_ban,2,True,True,2,2,case_2022_india_wheat_export_ban;case_2008_rice_export_restrictions_food_security,0,,False,False,
evaluation_cases,eval_black_sea_grain_export_disruption,eval_black_sea_grain_export_disruption,lng_shipping,2,case_2023_red_sea_attacks;case_panama_canal_drought_shipping_capacity,2,True,True,2,8,case_2023_red_sea_attacks;case_hormuz_tanker_tensions;case_russia_ukraine_energy_shock;case_panama_canal_drought_shipping_capacity;case_israel_iran_escalation_energy_risk;case_2022_nord_stream_pipeline_sabotage;case_2023_arctic_lng_russian_energy_shipping_sanctions;case_2009_russia_ukraine_gas_transit_dispute,6,case_hormuz_tanker_tensions;case_russia_ukraine_energy_shock;case_israel_iran_escalation_energy_risk;case_2022_nord_stream_pipeline_sabotage;case_2023_arctic_lng_russian_energy_shipping_sanctions;case_2009_russia_ukraine_gas_transit_dispute,False,False,
evaluation_cases,eval_black_sea_grain_export_disruption,eval_black_sea_grain_export_disruption,marine_insurance,2,case_2023_black_sea_shipping_insurance_restrictions;case_2023_red_sea_attacks,2,True,True,2,12,case_2023_red_sea_attacks;case_hormuz_tanker_tensions;case_israel_iran_escalation_energy_risk;case_2018_iran_oil_sanctions_reimposition;case_2023_black_sea_shipping_insurance_restrictions;case_2023_south_china_sea_shipping_tensions;case_2023_arctic_lng_russian_energy_shipping_sanctions;case_1987_1988_tanker_war_reflagging;case_2008_somali_piracy_gulf_of_aden;case_2022_turkey_strait_tanker_insurance_backlog;case_2018_iran_swift_restrictions;case_2019_cosco_shipping_sanctions_tanker_market,10,case_hormuz_tanker_tensions;case_israel_iran_escalation_energy_risk;case_2018_iran_oil_sanctions_reimposition;case_2023_south_china_sea_shipping_tensions;case_2023_arctic_lng_russian_energy_shipping_sanctions;case_1987_1988_tanker_war_reflagging;case_2008_somali_piracy_gulf_of_aden;case_2022_turkey_strait_tanker_insurance_backlog;case_2018_iran_swift_restrictions;case_2019_cosco_shipping_sanctions_tanker_market,False,False,
evaluation_cases,eval_black_sea_grain_export_disruption,eval_black_sea_grain_export_disruption,oil_shipping,1,case_2023_red_sea_attacks,2,False,True,0,17,case_2023_red_sea_attacks;case_hormuz_tanker_tensions;case_middle_east_oil_supply_disruption;case_opec_production_cut_policy_shock;case_israel_iran_escalation_energy_risk;case_2020_opec_plus_production_cut;case_2022_abu_dhabi_oil_facility_attack;case_2018_iran_oil_sanctions_reimposition;case_2019_venezuela_oil_sanctions;case_2023_arctic_lng_russian_energy_shipping_sanctions;case_1987_1988_tanker_war_reflagging;case_2008_somali_piracy_gulf_of_aden;case_2022_turkey_strait_tanker_insurance_backlog;case_2018_iran_swift_restrictions;case_2019_cosco_shipping_sanctions_tanker_market;case_2011_libya_civil_war_oil_disruption;case_2024_ukraine_drone_attacks_russian_refineries,16,case_hormuz_tanker_tensions;case_middle_east_oil_supply_disruption;case_opec_production_cut_policy_shock;case_israel_iran_escalation_energy_risk;case_2020_opec_plus_production_cut;case_2022_abu_dhabi_oil_facility_attack;case_2018_iran_oil_sanctions_reimposition;case_2019_venezuela_oil_sanctions;case_2023_arctic_lng_russian_energy_shipping_sanctions;case_1987_1988_tanker_war_reflagging;case_2008_somali_piracy_gulf_of_aden;case_2022_turkey_strait_tanker_insurance_backlog;case_2018_iran_swift_restrictions;case_2019_cosco_shipping_sanctions_tanker_market;case_2011_libya_civil_war_oil_disruption;case_2024_ukraine_drone_attacks_russian_refineries,True,False,
evaluation_cases,eval_black_sea_grain_export_disruption,eval_black_sea_grain_export_disruption,panama_canal,1,case_panama_canal_drought_shipping_capacity,2,False,True,0,1,case_panama_canal_drought_shipping_capacity,0,,False,False,
evaluation_cases,eval_black_sea_grain_export_disruption,eval_black_sea_grain_export_disruption,port_labor,1,case_2024_us_east_gulf_port_strike,2,False,True,0,1,case_2024_us_east_gulf_port_strike,0,,False,False,
evaluation_cases,eval_black_sea_grain_export_disruption,eval_black_sea_grain_export_disruption,ports,2,case_2021_suez_blockage;case_2024_us_east_gulf_port_strike,2,True,True,2,9,case_2021_suez_blockage;case_cyberattack_pipeline_port_infrastructure;case_2023_port_of_nagoya_cyberattack;case_2024_us_east_gulf_port_strike;case_2017_notpetya_shipping_logistics_cyberattack;case_2023_mexico_nearshoring_cross_border_policy_risk;case_2021_myanmar_coup_supply_chain_disruption;case_2023_panama_cobre_mine_closure;case_2023_dp_world_australia_cyber_port_disruption,7,case_cyberattack_pipeline_port_infrastructure;case_2023_port_of_nagoya_cyberattack;case_2017_notpetya_shipping_logistics_cyberattack;case_2023_mexico_nearshoring_cross_border_policy_risk;case_2021_myanmar_coup_supply_chain_disruption;case_2023_panama_cobre_mine_closure;case_2023_dp_world_australia_cyber_port_disruption,False,False,
evaluation_cases,eval_black_sea_grain_export_disruption,eval_black_sea_grain_export_disruption,trade_lanes,5,case_2008_rice_export_restrictions_food_security;case_2022_india_wheat_export_ban;case_2021_belarus_potash_sanctions;case_2022_russia_fertilizer_export_restrictions;case_2024_us_east_gulf_port_strike,2,True,True,2,31,case_2018_2019_us_china_tariffs;case_uranium_nuclear_fuel_supply_disruption;case_2022_russia_swift_financial_sanctions;case_2024_us_east_gulf_port_strike;case_2022_india_wheat_export_ban;case_2022_russia_aviation_supply_chain_sanctions;case_2017_north_korea_missile_escalation;case_2019_india_pakistan_airspace_closure;case_2023_niger_coup_uranium_supply_risk;case_2022_chile_lithium_policy_shift;case_2020_indonesia_nickel_export_ban;case_2021_belarus_potash_sanctions;case_2021_xinjiang_forced_labor_import_restrictions;case_2024_ev_tariff_escalation_china;case_2023_south_china_sea_shipping_tensions;case_2024_drc_cobalt_copper_mining_disruption;case_2023_mexico_nearshoring_cross_border_policy_risk;case_2023_eu_carbon_border_adjustment_mechanism;case_2021_myanmar_coup_supply_chain_disruption;case_2014_crimea_financial_sanctions;case_2018_iran_swift_restrictions;case_2019_cosco_shipping_sanctions_tanker_market;case_2009_russia_ukraine_gas_transit_dispute;case_2011_libya_civil_war_oil_disruption;case_2010_china_japan_rare_earth_embargo;case_2022_peru_mine_protests_copper_supply;case_2023_panama_cobre_mine_closure;case_2008_rice_export_restrictions_food_security;case_2022_russia_fertilizer_export_restrictions;case_2023_dp_world_australia_cyber_port_disruption;case_2019_turkey_f35_s400_defense_restrictions,26,case_2018_2019_us_china_tariffs;case_uranium_nuclear_fuel_supply_disruption;case_2022_russia_swift_financial_sanctions;case_2022_russia_aviation_supply_chain_sanctions;case_2017_north_korea_missile_escalation;case_2019_india_pakistan_airspace_closure;case_2023_niger_coup_uranium_supply_risk;case_2022_chile_lithium_policy_shift;case_2020_indonesia_nickel_export_ban;case_2021_xinjiang_forced_labor_import_restrictions;case_2024_ev_tariff_escalation_china;case_2023_south_china_sea_shipping_tensions;case_2024_drc_cobalt_copper_mining_disruption;case_2023_mexico_nearshoring_cross_border_policy_risk;case_2023_eu_carbon_border_adjustment_mechanism;case_2021_myanmar_coup_supply_chain_disruption;case_2014_crimea_financial_sanctions;case_2018_iran_swift_restrictions;case_2019_cosco_shipping_sanctions_tanker_market;case_2009_russia_ukraine_gas_transit_dispute;case_2011_libya_civil_war_oil_disruption;case_2010_china_japan_rare_earth_embargo;case_2022_peru_mine_protests_copper_supply;case_2023_panama_cobre_mine_closure;case_2023_dp_world_australia_cyber_port_disruption;case_2019_turkey_f35_s400_defense_restrictions,False,False,
evaluation_cases,eval_uranium_nuclear_fuel_disruption,eval_uranium_nuclear_fuel_disruption,battery_materials,1,case_2023_panama_cobre_mine_closure,2,False,True,0,7,case_2023_china_graphite_battery_export_controls;case_2022_chile_lithium_policy_shift;case_2020_indonesia_nickel_export_ban;case_2024_ev_tariff_escalation_china;case_2024_drc_cobalt_copper_mining_disruption;case_2022_peru_mine_protests_copper_supply;case_2023_panama_cobre_mine_closure,6,case_2023_china_graphite_battery_export_controls;case_2022_chile_lithium_policy_shift;case_2020_indonesia_nickel_export_ban;case_2024_ev_tariff_escalation_china;case_2024_drc_cobalt_copper_mining_disruption;case_2022_peru_mine_protests_copper_supply,True,False,
evaluation_cases,eval_uranium_nuclear_fuel_disruption,eval_uranium_nuclear_fuel_disruption,container_shipping,1,case_2023_red_sea_attacks,2,False,True,0,8,case_2021_suez_blockage;case_2023_red_sea_attacks;case_panama_canal_drought_shipping_capacity;case_2024_us_east_gulf_port_strike;case_2017_notpetya_shipping_logistics_cyberattack;case_2023_south_china_sea_shipping_tensions;case_2008_somali_piracy_gulf_of_aden;case_2023_dp_world_australia_cyber_port_disruption,7,case_2021_suez_blockage;case_panama_canal_drought_shipping_capacity;case_2024_us_east_gulf_port_strike;case_2017_notpetya_shipping_logistics_cyberattack;case_2023_south_china_sea_shipping_tensions;case_2008_somali_piracy_gulf_of_aden;case_2023_dp_world_australia_cyber_port_disruption,True,False,
evaluation_cases,eval_uranium_nuclear_fuel_disruption,eval_uranium_nuclear_fuel_disruption,critical_minerals,1,case_2023_panama_cobre_mine_closure,2,False,True,0,12,case_rare_earth_export_restriction_risk;case_china_gallium_germanium_graphite_controls;case_2023_china_graphite_battery_export_controls;case_2022_chile_lithium_policy_shift;case_2020_indonesia_nickel_export_ban;case_2021_xinjiang_forced_labor_import_restrictions;case_2024_ev_tariff_escalation_china;case_2024_drc_cobalt_copper_mining_disruption;case_2023_eu_carbon_border_adjustment_mechanism;case_2010_china_japan_rare_earth_embargo;case_2022_peru_mine_protests_copper_supply;case_2023_panama_cobre_mine_closure,11,case_rare_earth_export_restriction_risk;case_china_gallium_germanium_graphite_controls;case_2023_china_graphite_battery_export_controls;case_2022_chile_lithium_policy_shift;case_2020_indonesia_nickel_export_ban;case_2021_xinjiang_forced_labor_import_restrictions;case_2024_ev_tariff_escalation_china;case_2024_drc_cobalt_copper_mining_disruption;case_2023_eu_carbon_border_adjustment_mechanism;case_2010_china_japan_rare_earth_embargo;case_2022_peru_mine_protests_copper_supply,True,False,
evaluation_cases,eval_uranium_nuclear_fuel_disruption,eval_uranium_nuclear_fuel_disruption,cyber_infrastructure,1,case_2022_nord_stream_pipeline_sabotage,2,False,True,0,9,case_cyberattack_pipeline_port_infrastructure;case_defense_spending_shock_after_escalation;case_2023_port_of_nagoya_cyberattack;case_2023_middle_east_defense_supply_escalation;case_2022_nord_stream_pipeline_sabotage;case_2022_ukraine_electricity_grid_attacks;case_2017_notpetya_shipping_logistics_cyberattack;case_2021_colonial_pipeline_ransomware;case_2023_dp_world_australia_cyber_port_disruption,8,case_cyberattack_pipeline_port_infrastructure;case_defense_spending_shock_after_escalation;case_2023_port_of_nagoya_cyberattack;case_2023_middle_east_defense_supply_escalation;case_2022_ukraine_electricity_grid_attacks;case_2017_notpetya_shipping_logistics_cyberattack;case_2021_colonial_pipeline_ransomware;case_2023_dp_world_australia_cyber_port_disruption,True,False,
evaluation_cases,eval_uranium_nuclear_fuel_disruption,eval_uranium_nuclear_fuel_disruption,defense,1,case_israel_iran_escalation_energy_risk,2,False,True,0,15,case_taiwan_strait_semiconductor_risk;case_rare_earth_export_restriction_risk;case_israel_iran_escalation_energy_risk;case_defense_spending_shock_after_escalation;case_2023_middle_east_defense_supply_escalation;case_2024_taiwan_strait_drills_semiconductor_supply;case_2022_abu_dhabi_oil_facility_attack;case_2022_russia_aviation_supply_chain_sanctions;case_2017_north_korea_missile_escalation;case_2019_india_pakistan_airspace_closure;case_2022_ukraine_electricity_grid_attacks;case_2023_south_china_sea_shipping_tensions;case_1987_1988_tanker_war_reflagging;case_2010_china_japan_rare_earth_embargo;case_2019_turkey_f35_s400_defense_restrictions,14,case_taiwan_strait_semiconductor_risk;case_rare_earth_export_restriction_risk;case_defense_spending_shock_after_escalation;case_2023_middle_east_defense_supply_escalation;case_2024_taiwan_strait_drills_semiconductor_supply;case_2022_abu_dhabi_oil_facility_attack;case_2022_russia_aviation_supply_chain_sanctions;case_2017_north_korea_missile_escalation;case_2019_india_pakistan_airspace_closure;case_2022_ukraine_electricity_grid_attacks;case_2023_south_china_sea_shipping_tensions;case_1987_1988_tanker_war_reflagging;case_2010_china_japan_rare_earth_embargo;case_2019_turkey_f35_s400_defense_restrictions,True,False,
evaluation_cases,eval_uranium_nuclear_fuel_disruption,eval_uranium_nuclear_fuel_disruption,financial_sanctions,1,case_2023_arctic_lng_russian_energy_shipping_sanctions,2,False,True,0,8,case_2022_russia_swift_financial_sanctions;case_2018_iran_oil_sanctions_reimposition;case_2019_venezuela_oil_sanctions;case_2023_arctic_lng_russian_energy_shipping_sanctions;case_2022_turkey_strait_tanker_insurance_backlog;case_2014_crimea_financial_sanctions;case_2018_iran_swift_restrictions;case_2019_cosco_shipping_sanctions_tanker_market,7,case_2022_russia_swift_financial_sanctions;case_2018_iran_oil_sanctions_reimposition;case_2019_venezuela_oil_sanctions;case_2022_turkey_strait_tanker_insurance_backlog;case_2014_crimea_financial_sanctions;case_2018_iran_swift_restrictions;case_2019_cosco_shipping_sanctions_tanker_market,True,False,
evaluation_cases,eval_uranium_nuclear_fuel_disruption,eval_uranium_nuclear_fuel_disruption,freight_routes,1,case_2023_red_sea_attacks,2,False,True,0,19,case_2021_suez_blockage;case_2023_red_sea_attacks;case_panama_canal_drought_shipping_capacity;case_black_sea_grain_export_disruption;case_cyberattack_pipeline_port_infrastructure;case_2023_port_of_nagoya_cyberattack;case_2024_us_east_gulf_port_strike;case_2019_india_pakistan_airspace_closure;case_2021_belarus_potash_sanctions;case_2017_notpetya_shipping_logistics_cyberattack;case_2023_black_sea_shipping_insurance_restrictions;case_2023_south_china_sea_shipping_tensions;case_2023_mexico_nearshoring_cross_border_policy_risk;case_1987_1988_tanker_war_reflagging;case_2008_somali_piracy_gulf_of_aden;case_2022_turkey_strait_tanker_insurance_backlog;case_2021_colonial_pipeline_ransomware;case_2023_dp_world_australia_cyber_port_disruption;case_2022_russia_airspace_closure_aviation_routes,18,case_2021_suez_blockage;case_panama_canal_drought_shipping_capacity;case_black_sea_grain_export_disruption;case_cyberattack_pipeline_port_infrastructure;case_2023_port_of_nagoya_cyberattack;case_2024_us_east_gulf_port_strike;case_2019_india_pakistan_airspace_closure;case_2021_belarus_potash_sanctions;case_2017_notpetya_shipping_logistics_cyberattack;case_2023_black_sea_shipping_insurance_restrictions;case_2023_south_china_sea_shipping_tensions;case_2023_mexico_nearshoring_cross_border_policy_risk;case_1987_1988_tanker_war_reflagging;case_2008_somali_piracy_gulf_of_aden;case_2022_turkey_strait_tanker_insurance_backlog;case_2021_colonial_pipeline_ransomware;case_2023_dp_world_australia_cyber_port_disruption;case_2022_russia_airspace_closure_aviation_routes,True,False,
evaluation_cases,eval_uranium_nuclear_fuel_disruption,eval_uranium_nuclear_fuel_disruption,lng_shipping,7,case_russia_ukraine_energy_shock;case_2023_arctic_lng_russian_energy_shipping_sanctions;case_2009_russia_ukraine_gas_transit_dispute;case_israel_iran_escalation_energy_risk;case_2023_red_sea_attacks;case_2022_nord_stream_pipeline_sabotage;case_hormuz_tanker_tensions,2,True,True,2,8,case_2023_red_sea_attacks;case_hormuz_tanker_tensions;case_russia_ukraine_energy_shock;case_panama_canal_drought_shipping_capacity;case_israel_iran_escalation_energy_risk;case_2022_nord_stream_pipeline_sabotage;case_2023_arctic_lng_russian_energy_shipping_sanctions;case_2009_russia_ukraine_gas_transit_dispute,1,case_panama_canal_drought_shipping_capacity,False,False,
evaluation_cases,eval_uranium_nuclear_fuel_disruption,eval_uranium_nuclear_fuel_disruption,logistics,2,case_2023_niger_coup_uranium_supply_risk;case_2023_red_sea_attacks,2,True,True,2,33,case_2021_suez_blockage;case_2023_red_sea_attacks;case_2018_2019_us_china_tariffs;case_panama_canal_drought_shipping_capacity;case_black_sea_grain_export_disruption;case_cyberattack_pipeline_port_infrastructure;case_2023_port_of_nagoya_cyberattack;case_2024_us_east_gulf_port_strike;case_2022_india_wheat_export_ban;case_2017_north_korea_missile_escalation;case_2019_india_pakistan_airspace_closure;case_2022_ukraine_electricity_grid_attacks;case_2023_niger_coup_uranium_supply_risk;case_2021_belarus_potash_sanctions;case_2021_xinjiang_forced_labor_import_restrictions;case_2024_ev_tariff_escalation_china;case_2017_notpetya_shipping_logistics_cyberattack;case_2023_black_sea_shipping_insurance_restrictions;case_2023_south_china_sea_shipping_tensions;case_2024_drc_cobalt_copper_mining_disruption;case_2023_mexico_nearshoring_cross_border_policy_risk;case_2021_myanmar_coup_supply_chain_disruption;case_1987_1988_tanker_war_reflagging;case_2008_somali_piracy_gulf_of_aden;case_2022_turkey_strait_tanker_insurance_backlog;case_2019_cosco_shipping_sanctions_tanker_market;case_2011_libya_civil_war_oil_disruption;case_2022_peru_mine_protests_copper_supply;case_2008_rice_export_restrictions_food_security;case_2022_russia_fertilizer_export_restrictions;case_2021_colonial_pipeline_ransomware;case_2023_dp_world_australia_cyber_port_disruption;case_2022_russia_airspace_closure_aviation_routes,31,case_2021_suez_blockage;case_2018_2019_us_china_tariffs;case_panama_canal_drought_shipping_capacity;case_black_sea_grain_export_disruption;case_cyberattack_pipeline_port_infrastructure;case_2023_port_of_nagoya_cyberattack;case_2024_us_east_gulf_port_strike;case_2022_india_wheat_export_ban;case_2017_north_korea_missile_escalation;case_2019_india_pakistan_airspace_closure;case_2022_ukraine_electricity_grid_attacks;case_2021_belarus_potash_sanctions;case_2021_xinjiang_forced_labor_import_restrictions;case_2024_ev_tariff_escalation_china;case_2017_notpetya_shipping_logistics_cyberattack;case_2023_black_sea_shipping_insurance_restrictions;case_2023_south_china_sea_shipping_tensions;case_2024_drc_cobalt_copper_mining_disruption;case_2023_mexico_nearshoring_cross_border_policy_risk;case_2021_myanmar_coup_supply_chain_disruption;case_1987_1988_tanker_war_reflagging;case_2008_somali_piracy_gulf_of_aden;case_2022_turkey_strait_tanker_insurance_backlog;case_2019_cosco_shipping_sanctions_tanker_market;case_2011_libya_civil_war_oil_disruption;case_2022_peru_mine_protests_copper_supply;case_2008_rice_export_restrictions_food_security;case_2022_russia_fertilizer_export_restrictions;case_2021_colonial_pipeline_ransomware;case_2023_dp_world_australia_cyber_port_disruption;case_2022_russia_airspace_closure_aviation_routes,False,False,
evaluation_cases,eval_uranium_nuclear_fuel_disruption,eval_uranium_nuclear_fuel_disruption,marine_insurance,4,case_2023_arctic_lng_russian_energy_shipping_sanctions;case_israel_iran_escalation_energy_risk;case_2023_red_sea_attacks;case_hormuz_tanker_tensions,2,True,True,2,12,case_2023_red_sea_attacks;case_hormuz_tanker_tensions;case_israel_iran_escalation_energy_risk;case_2018_iran_oil_sanctions_reimposition;case_2023_black_sea_shipping_insurance_restrictions;case_2023_south_china_sea_shipping_tensions;case_2023_arctic_lng_russian_energy_shipping_sanctions;case_1987_1988_tanker_war_reflagging;case_2008_somali_piracy_gulf_of_aden;case_2022_turkey_strait_tanker_insurance_backlog;case_2018_iran_swift_restrictions;case_2019_cosco_shipping_sanctions_tanker_market,8,case_2018_iran_oil_sanctions_reimposition;case_2023_black_sea_shipping_insurance_restrictions;case_2023_south_china_sea_shipping_tensions;case_1987_1988_tanker_war_reflagging;case_2008_somali_piracy_gulf_of_aden;case_2022_turkey_strait_tanker_insurance_backlog;case_2018_iran_swift_restrictions;case_2019_cosco_shipping_sanctions_tanker_market,False,False,
evaluation_cases,eval_uranium_nuclear_fuel_disruption,eval_uranium_nuclear_fuel_disruption,maritime_chokepoint,4,case_2023_arctic_lng_russian_energy_shipping_sanctions;case_israel_iran_escalation_energy_risk;case_2023_red_sea_attacks;case_hormuz_tanker_tensions,2,True,True,2,12,case_2021_suez_blockage;case_2023_red_sea_attacks;case_hormuz_tanker_tensions;case_panama_canal_drought_shipping_capacity;case_black_sea_grain_export_disruption;case_israel_iran_escalation_energy_risk;case_2023_black_sea_shipping_insurance_restrictions;case_2023_south_china_sea_shipping_tensions;case_2023_arctic_lng_russian_energy_shipping_sanctions;case_1987_1988_tanker_war_reflagging;case_2008_somali_piracy_gulf_of_aden;case_2022_turkey_strait_tanker_insurance_backlog,8,case_2021_suez_blockage;case_panama_canal_drought_shipping_capacity;case_black_sea_grain_export_disruption;case_2023_black_sea_shipping_insurance_restrictions;case_2023_south_china_sea_shipping_tensions;case_1987_1988_tanker_war_reflagging;case_2008_somali_piracy_gulf_of_aden;case_2022_turkey_strait_tanker_insurance_backlog,False,False,
evaluation_cases,eval_uranium_nuclear_fuel_disruption,eval_uranium_nuclear_fuel_disruption,oil_shipping,4,case_2023_arctic_lng_russian_energy_shipping_sanctions;case_israel_iran_escalation_energy_risk;case_2023_red_sea_attacks;case_hormuz_tanker_tensions,2,True,True,2,17,case_2023_red_sea_attacks;case_hormuz_tanker_tensions;case_middle_east_oil_supply_disruption;case_opec_production_cut_policy_shock;case_israel_iran_escalation_energy_risk;case_2020_opec_plus_production_cut;case_2022_abu_dhabi_oil_facility_attack;case_2018_iran_oil_sanctions_reimposition;case_2019_venezuela_oil_sanctions;case_2023_arctic_lng_russian_energy_shipping_sanctions;case_1987_1988_tanker_war_reflagging;case_2008_somali_piracy_gulf_of_aden;case_2022_turkey_strait_tanker_insurance_backlog;case_2018_iran_swift_restrictions;case_2019_cosco_shipping_sanctions_tanker_market;case_2011_libya_civil_war_oil_disruption;case_2024_ukraine_drone_attacks_russian_refineries,13,case_middle_east_oil_supply_disruption;case_opec_production_cut_policy_shock;case_2020_opec_plus_production_cut;case_2022_abu_dhabi_oil_facility_attack;case_2018_iran_oil_sanctions_reimposition;case_2019_venezuela_oil_sanctions;case_1987_1988_tanker_war_reflagging;case_2008_somali_piracy_gulf_of_aden;case_2022_turkey_strait_tanker_insurance_backlog;case_2018_iran_swift_restrictions;case_2019_cosco_shipping_sanctions_tanker_market;case_2011_libya_civil_war_oil_disruption;case_2024_ukraine_drone_attacks_russian_refineries,False,False,
evaluation_cases,eval_uranium_nuclear_fuel_disruption,eval_uranium_nuclear_fuel_disruption,payment_networks,1,case_2023_arctic_lng_russian_energy_shipping_sanctions,2,False,True,0,7,case_2022_russia_swift_financial_sanctions;case_2018_iran_oil_sanctions_reimposition;case_2019_venezuela_oil_sanctions;case_2023_arctic_lng_russian_energy_shipping_sanctions;case_2014_crimea_financial_sanctions;case_2018_iran_swift_restrictions;case_2019_cosco_shipping_sanctions_tanker_market,6,case_2022_russia_swift_financial_sanctions;case_2018_iran_oil_sanctions_reimposition;case_2019_venezuela_oil_sanctions;case_2014_crimea_financial_sanctions;case_2018_iran_swift_restrictions;case_2019_cosco_shipping_sanctions_tanker_market,True,False,
evaluation_cases,eval_uranium_nuclear_fuel_disruption,eval_uranium_nuclear_fuel_disruption,petrochemicals,3,case_russia_ukraine_energy_shock;case_2009_russia_ukraine_gas_transit_dispute;case_2022_nord_stream_pipeline_sabotage,2,True,True,2,12,case_russia_ukraine_energy_shock;case_2022_gas_fertilizer_shock;case_middle_east_oil_supply_disruption;case_opec_production_cut_policy_shock;case_2020_opec_plus_production_cut;case_2022_abu_dhabi_oil_facility_attack;case_2018_iran_oil_sanctions_reimposition;case_2019_venezuela_oil_sanctions;case_2022_nord_stream_pipeline_sabotage;case_2009_russia_ukraine_gas_transit_dispute;case_2011_libya_civil_war_oil_disruption;case_2024_ukraine_drone_attacks_russian_refineries,9,case_2022_gas_fertilizer_shock;case_middle_east_oil_supply_disruption;case_opec_production_cut_policy_shock;case_2020_opec_plus_production_cut;case_2022_abu_dhabi_oil_facility_attack;case_2018_iran_oil_sanctions_reimposition;case_2019_venezuela_oil_sanctions;case_2011_libya_civil_war_oil_disruption;case_2024_ukraine_drone_attacks_russian_refineries,False,False,
evaluation_cases,eval_uranium_nuclear_fuel_disruption,eval_uranium_nuclear_fuel_disruption,pipeline_infrastructure,2,case_2009_russia_ukraine_gas_transit_dispute;case_2022_nord_stream_pipeline_sabotage,2,True,True,2,6,case_cyberattack_pipeline_port_infrastructure;case_2022_nord_stream_pipeline_sabotage;case_2022_ukraine_electricity_grid_attacks;case_2009_russia_ukraine_gas_transit_dispute;case_2024_ukraine_drone_attacks_russian_refineries;case_2021_colonial_pipeline_ransomware,4,case_cyberattack_pipeline_port_infrastructure;case_2022_ukraine_electricity_grid_attacks;case_2024_ukraine_drone_attacks_russian_refineries;case_2021_colonial_pipeline_ransomware,False,False,
evaluation_cases,eval_uranium_nuclear_fuel_disruption,eval_uranium_nuclear_fuel_disruption,ports,1,case_2023_panama_cobre_mine_closure,2,False,True,0,9,case_2021_suez_blockage;case_cyberattack_pipeline_port_infrastructure;case_2023_port_of_nagoya_cyberattack;case_2024_us_east_gulf_port_strike;case_2017_notpetya_shipping_logistics_cyberattack;case_2023_mexico_nearshoring_cross_border_policy_risk;case_2021_myanmar_coup_supply_chain_disruption;case_2023_panama_cobre_mine_closure;case_2023_dp_world_australia_cyber_port_disruption,8,case_2021_suez_blockage;case_cyberattack_pipeline_port_infrastructure;case_2023_port_of_nagoya_cyberattack;case_2024_us_east_gulf_port_strike;case_2017_notpetya_shipping_logistics_cyberattack;case_2023_mexico_nearshoring_cross_border_policy_risk;case_2021_myanmar_coup_supply_chain_disruption;case_2023_dp_world_australia_cyber_port_disruption,True,False,
evaluation_cases,eval_uranium_nuclear_fuel_disruption,eval_uranium_nuclear_fuel_disruption,refining,3,case_russia_ukraine_energy_shock;case_israel_iran_escalation_energy_risk;case_hormuz_tanker_tensions,2,True,True,2,12,case_hormuz_tanker_tensions;case_russia_ukraine_energy_shock;case_middle_east_oil_supply_disruption;case_opec_production_cut_policy_shock;case_israel_iran_escalation_energy_risk;case_2020_opec_plus_production_cut;case_2022_abu_dhabi_oil_facility_attack;case_2018_iran_oil_sanctions_reimposition;case_2019_venezuela_oil_sanctions;case_2011_libya_civil_war_oil_disruption;case_2024_ukraine_drone_attacks_russian_refineries;case_2021_colonial_pipeline_ransomware,9,case_middle_east_oil_supply_disruption;case_opec_production_cut_policy_shock;case_2020_opec_plus_production_cut;case_2022_abu_dhabi_oil_facility_attack;case_2018_iran_oil_sanctions_reimposition;case_2019_venezuela_oil_sanctions;case_2011_libya_civil_war_oil_disruption;case_2024_ukraine_drone_attacks_russian_refineries;case_2021_colonial_pipeline_ransomware,False,False,
evaluation_cases,eval_china_graphite_battery_controls,eval_china_graphite_battery_controls,ai_chips,1,case_china_gallium_germanium_graphite_controls,2,False,True,0,8,case_2022_us_china_semiconductor_controls;case_2019_huawei_entity_list;case_taiwan_strait_semiconductor_risk;case_china_gallium_germanium_graphite_controls;case_defense_spending_shock_after_escalation;case_2023_middle_east_defense_supply_escalation;case_2024_taiwan_strait_drills_semiconductor_supply;case_2023_japan_chip_equipment_export_controls,7,case_2022_us_china_semiconductor_controls;case_2019_huawei_entity_list;case_taiwan_strait_semiconductor_risk;case_defense_spending_shock_after_escalation;case_2023_middle_east_defense_supply_escalation;case_2024_taiwan_strait_drills_semiconductor_supply;case_2023_japan_chip_equipment_export_controls,True,False,
evaluation_cases,eval_china_graphite_battery_controls,eval_china_graphite_battery_controls,battery_materials,7,case_2023_china_graphite_battery_export_controls;case_2020_indonesia_nickel_export_ban;case_2022_chile_lithium_policy_shift;case_2024_ev_tariff_escalation_china;case_2023_panama_cobre_mine_closure;case_2024_drc_cobalt_copper_mining_disruption;case_2022_peru_mine_protests_copper_supply,2,True,True,2,7,case_2023_china_graphite_battery_export_controls;case_2022_chile_lithium_policy_shift;case_2020_indonesia_nickel_export_ban;case_2024_ev_tariff_escalation_china;case_2024_drc_cobalt_copper_mining_disruption;case_2022_peru_mine_protests_copper_supply;case_2023_panama_cobre_mine_closure,0,,False,False,
evaluation_cases,eval_china_graphite_battery_controls,eval_china_graphite_battery_controls,defense,2,case_rare_earth_export_restriction_risk;case_2010_china_japan_rare_earth_embargo,2,True,True,2,15,case_taiwan_strait_semiconductor_risk;case_rare_earth_export_restriction_risk;case_israel_iran_escalation_energy_risk;case_defense_spending_shock_after_escalation;case_2023_middle_east_defense_supply_escalation;case_2024_taiwan_strait_drills_semiconductor_supply;case_2022_abu_dhabi_oil_facility_attack;case_2022_russia_aviation_supply_chain_sanctions;case_2017_north_korea_missile_escalation;case_2019_india_pakistan_airspace_closure;case_2022_ukraine_electricity_grid_attacks;case_2023_south_china_sea_shipping_tensions;case_1987_1988_tanker_war_reflagging;case_2010_china_japan_rare_earth_embargo;case_2019_turkey_f35_s400_defense_restrictions,13,case_taiwan_strait_semiconductor_risk;case_israel_iran_escalation_energy_risk;case_defense_spending_shock_after_escalation;case_2023_middle_east_defense_supply_escalation;case_2024_taiwan_strait_drills_semiconductor_supply;case_2022_abu_dhabi_oil_facility_attack;case_2022_russia_aviation_supply_chain_sanctions;case_2017_north_korea_missile_escalation;case_2019_india_pakistan_airspace_closure;case_2022_ukraine_electricity_grid_attacks;case_2023_south_china_sea_shipping_tensions;case_1987_1988_tanker_war_reflagging;case_2019_turkey_f35_s400_defense_restrictions,False,False,
evaluation_cases,eval_china_graphite_battery_controls,eval_china_graphite_battery_controls,energy,1,case_rare_earth_export_restriction_risk,2,False,True,0,28,case_2021_suez_blockage;case_hormuz_tanker_tensions;case_russia_ukraine_energy_shock;case_2022_gas_fertilizer_shock;case_middle_east_oil_supply_disruption;case_rare_earth_export_restriction_risk;case_opec_production_cut_policy_shock;case_israel_iran_escalation_energy_risk;case_cyberattack_pipeline_port_infrastructure;case_uranium_nuclear_fuel_supply_disruption;case_2022_russia_swift_financial_sanctions;case_2020_opec_plus_production_cut;case_2022_abu_dhabi_oil_facility_attack;case_2018_iran_oil_sanctions_reimposition;case_2019_venezuela_oil_sanctions;case_2022_nord_stream_pipeline_sabotage;case_2022_ukraine_electricity_grid_attacks;case_2023_niger_coup_uranium_supply_risk;case_2023_eu_carbon_border_adjustment_mechanism;case_2023_arctic_lng_russian_energy_shipping_sanctions;case_1987_1988_tanker_war_reflagging;case_2014_crimea_financial_sanctions;case_2009_russia_ukraine_gas_transit_dispute;case_2011_libya_civil_war_oil_disruption;case_2024_ukraine_drone_attacks_russian_refineries;case_2022_russia_fertilizer_export_restrictions;case_2021_colonial_pipeline_ransomware;case_2022_russia_airspace_closure_aviation_routes,27,case_2021_suez_blockage;case_hormuz_tanker_tensions;case_russia_ukraine_energy_shock;case_2022_gas_fertilizer_shock;case_middle_east_oil_supply_disruption;case_opec_production_cut_policy_shock;case_israel_iran_escalation_energy_risk;case_cyberattack_pipeline_port_infrastructure;case_uranium_nuclear_fuel_supply_disruption;case_2022_russia_swift_financial_sanctions;case_2020_opec_plus_production_cut;case_2022_abu_dhabi_oil_facility_attack;case_2018_iran_oil_sanctions_reimposition;case_2019_venezuela_oil_sanctions;case_2022_nord_stream_pipeline_sabotage;case_2022_ukraine_electricity_grid_attacks;case_2023_niger_coup_uranium_supply_risk;case_2023_eu_carbon_border_adjustment_mechanism;case_2023_arctic_lng_russian_energy_shipping_sanctions;case_1987_1988_tanker_war_reflagging;case_2014_crimea_financial_sanctions;case_2009_russia_ukraine_gas_transit_dispute;case_2011_libya_civil_war_oil_disruption;case_2024_ukraine_drone_attacks_russian_refineries;case_2022_russia_fertilizer_export_restrictions;case_2021_colonial_pipeline_ransomware;case_2022_russia_airspace_closure_aviation_routes,True,False,
evaluation_cases,eval_china_graphite_battery_controls,eval_china_graphite_battery_controls,graphite,1,case_2023_china_graphite_battery_export_controls,2,False,True,0,1,case_2023_china_graphite_battery_export_controls,0,,False,False,
evaluation_cases,eval_china_graphite_battery_controls,eval_china_graphite_battery_controls,logistics,3,case_2024_ev_tariff_escalation_china;case_2024_drc_cobalt_copper_mining_disruption;case_2022_peru_mine_protests_copper_supply,2,True,True,2,33,case_2021_suez_blockage;case_2023_red_sea_attacks;case_2018_2019_us_china_tariffs;case_panama_canal_drought_shipping_capacity;case_black_sea_grain_export_disruption;case_cyberattack_pipeline_port_infrastructure;case_2023_port_of_nagoya_cyberattack;case_2024_us_east_gulf_port_strike;case_2022_india_wheat_export_ban;case_2017_north_korea_missile_escalation;case_2019_india_pakistan_airspace_closure;case_2022_ukraine_electricity_grid_attacks;case_2023_niger_coup_uranium_supply_risk;case_2021_belarus_potash_sanctions;case_2021_xinjiang_forced_labor_import_restrictions;case_2024_ev_tariff_escalation_china;case_2017_notpetya_shipping_logistics_cyberattack;case_2023_black_sea_shipping_insurance_restrictions;case_2023_south_china_sea_shipping_tensions;case_2024_drc_cobalt_copper_mining_disruption;case_2023_mexico_nearshoring_cross_border_policy_risk;case_2021_myanmar_coup_supply_chain_disruption;case_1987_1988_tanker_war_reflagging;case_2008_somali_piracy_gulf_of_aden;case_2022_turkey_strait_tanker_insurance_backlog;case_2019_cosco_shipping_sanctions_tanker_market;case_2011_libya_civil_war_oil_disruption;case_2022_peru_mine_protests_copper_supply;case_2008_rice_export_restrictions_food_security;case_2022_russia_fertilizer_export_restrictions;case_2021_colonial_pipeline_ransomware;case_2023_dp_world_australia_cyber_port_disruption;case_2022_russia_airspace_closure_aviation_routes,30,case_2021_suez_blockage;case_2023_red_sea_attacks;case_2018_2019_us_china_tariffs;case_panama_canal_drought_shipping_capacity;case_black_sea_grain_export_disruption;case_cyberattack_pipeline_port_infrastructure;case_2023_port_of_nagoya_cyberattack;case_2024_us_east_gulf_port_strike;case_2022_india_wheat_export_ban;case_2017_north_korea_missile_escalation;case_2019_india_pakistan_airspace_closure;case_2022_ukraine_electricity_grid_attacks;case_2023_niger_coup_uranium_supply_risk;case_2021_belarus_potash_sanctions;case_2021_xinjiang_forced_labor_import_restrictions;case_2017_notpetya_shipping_logistics_cyberattack;case_2023_black_sea_shipping_insurance_restrictions;case_2023_south_china_sea_shipping_tensions;case_2023_mexico_nearshoring_cross_border_policy_risk;case_2021_myanmar_coup_supply_chain_disruption;case_1987_1988_tanker_war_reflagging;case_2008_somali_piracy_gulf_of_aden;case_2022_turkey_strait_tanker_insurance_backlog;case_2019_cosco_shipping_sanctions_tanker_market;case_2011_libya_civil_war_oil_disruption;case_2008_rice_export_restrictions_food_security;case_2022_russia_fertilizer_export_restrictions;case_2021_colonial_pipeline_ransomware;case_2023_dp_world_australia_cyber_port_disruption;case_2022_russia_airspace_closure_aviation_routes,False,False,
evaluation_cases,eval_china_graphite_battery_controls,eval_china_graphite_battery_controls,ports,1,case_2023_panama_cobre_mine_closure,2,False,True,0,9,case_2021_suez_blockage;case_cyberattack_pipeline_port_infrastructure;case_2023_port_of_nagoya_cyberattack;case_2024_us_east_gulf_port_strike;case_2017_notpetya_shipping_logistics_cyberattack;case_2023_mexico_nearshoring_cross_border_policy_risk;case_2021_myanmar_coup_supply_chain_disruption;case_2023_panama_cobre_mine_closure;case_2023_dp_world_australia_cyber_port_disruption,8,case_2021_suez_blockage;case_cyberattack_pipeline_port_infrastructure;case_2023_port_of_nagoya_cyberattack;case_2024_us_east_gulf_port_strike;case_2017_notpetya_shipping_logistics_cyberattack;case_2023_mexico_nearshoring_cross_border_policy_risk;case_2021_myanmar_coup_supply_chain_disruption;case_2023_dp_world_australia_cyber_port_disruption,True,False,
evaluation_cases,eval_china_graphite_battery_controls,eval_china_graphite_battery_controls,semiconductor_equipment,1,case_china_gallium_germanium_graphite_controls,2,False,True,0,11,case_2022_us_china_semiconductor_controls;case_2023_dutch_asml_controls;case_2019_huawei_entity_list;case_taiwan_strait_semiconductor_risk;case_china_gallium_germanium_graphite_controls;case_defense_spending_shock_after_escalation;case_2024_taiwan_strait_drills_semiconductor_supply;case_2017_north_korea_missile_escalation;case_2020_smic_entity_list_semiconductor_controls;case_2023_japan_chip_equipment_export_controls;case_2019_turkey_f35_s400_defense_restrictions,10,case_2022_us_china_semiconductor_controls;case_2023_dutch_asml_controls;case_2019_huawei_entity_list;case_taiwan_strait_semiconductor_risk;case_defense_spending_shock_after_escalation;case_2024_taiwan_strait_drills_semiconductor_supply;case_2017_north_korea_missile_escalation;case_2020_smic_entity_list_semiconductor_controls;case_2023_japan_chip_equipment_export_controls;case_2019_turkey_f35_s400_defense_restrictions,True,False,
evaluation_cases,eval_china_graphite_battery_controls,eval_china_graphite_battery_controls,trade_lanes,7,case_2020_indonesia_nickel_export_ban;case_2022_chile_lithium_policy_shift;case_2024_ev_tariff_escalation_china;case_2023_panama_cobre_mine_closure;case_2010_china_japan_rare_earth_embargo;case_2024_drc_cobalt_copper_mining_disruption;case_2022_peru_mine_protests_copper_supply,2,True,True,2,31,case_2018_2019_us_china_tariffs;case_uranium_nuclear_fuel_supply_disruption;case_2022_russia_swift_financial_sanctions;case_2024_us_east_gulf_port_strike;case_2022_india_wheat_export_ban;case_2022_russia_aviation_supply_chain_sanctions;case_2017_north_korea_missile_escalation;case_2019_india_pakistan_airspace_closure;case_2023_niger_coup_uranium_supply_risk;case_2022_chile_lithium_policy_shift;case_2020_indonesia_nickel_export_ban;case_2021_belarus_potash_sanctions;case_2021_xinjiang_forced_labor_import_restrictions;case_2024_ev_tariff_escalation_china;case_2023_south_china_sea_shipping_tensions;case_2024_drc_cobalt_copper_mining_disruption;case_2023_mexico_nearshoring_cross_border_policy_risk;case_2023_eu_carbon_border_adjustment_mechanism;case_2021_myanmar_coup_supply_chain_disruption;case_2014_crimea_financial_sanctions;case_2018_iran_swift_restrictions;case_2019_cosco_shipping_sanctions_tanker_market;case_2009_russia_ukraine_gas_transit_dispute;case_2011_libya_civil_war_oil_disruption;case_2010_china_japan_rare_earth_embargo;case_2022_peru_mine_protests_copper_supply;case_2023_panama_cobre_mine_closure;case_2008_rice_export_restrictions_food_security;case_2022_russia_fertilizer_export_restrictions;case_2023_dp_world_australia_cyber_port_disruption;case_2019_turkey_f35_s400_defense_restrictions,24,case_2018_2019_us_china_tariffs;case_uranium_nuclear_fuel_supply_disruption;case_2022_russia_swift_financial_sanctions;case_2024_us_east_gulf_port_strike;case_2022_india_wheat_export_ban;case_2022_russia_aviation_supply_chain_sanctions;case_2017_north_korea_missile_escalation;case_2019_india_pakistan_airspace_closure;case_2023_niger_coup_uranium_supply_risk;case_2021_belarus_potash_sanctions;case_2021_xinjiang_forced_labor_import_restrictions;case_2023_south_china_sea_shipping_tensions;case_2023_mexico_nearshoring_cross_border_policy_risk;case_2023_eu_carbon_border_adjustment_mechanism;case_2021_myanmar_coup_supply_chain_disruption;case_2014_crimea_financial_sanctions;case_2018_iran_swift_restrictions;case_2019_cosco_shipping_sanctions_tanker_market;case_2009_russia_ukraine_gas_transit_dispute;case_2011_libya_civil_war_oil_disruption;case_2008_rice_export_restrictions_food_security;case_2022_russia_fertilizer_export_restrictions;case_2023_dp_world_australia_cyber_port_disruption;case_2019_turkey_f35_s400_defense_restrictions,False,False,
evaluation_cases,eval_opec_oil_policy_shock,eval_opec_oil_policy_shock,defense,1,case_2022_abu_dhabi_oil_facility_attack,2,False,True,0,15,case_taiwan_strait_semiconductor_risk;case_rare_earth_export_restriction_risk;case_israel_iran_escalation_energy_risk;case_defense_spending_shock_after_escalation;case_2023_middle_east_defense_supply_escalation;case_2024_taiwan_strait_drills_semiconductor_supply;case_2022_abu_dhabi_oil_facility_attack;case_2022_russia_aviation_supply_chain_sanctions;case_2017_north_korea_missile_escalation;case_2019_india_pakistan_airspace_closure;case_2022_ukraine_electricity_grid_attacks;case_2023_south_china_sea_shipping_tensions;case_1987_1988_tanker_war_reflagging;case_2010_china_japan_rare_earth_embargo;case_2019_turkey_f35_s400_defense_restrictions,14,case_taiwan_strait_semiconductor_risk;case_rare_earth_export_restriction_risk;case_israel_iran_escalation_energy_risk;case_defense_spending_shock_after_escalation;case_2023_middle_east_defense_supply_escalation;case_2024_taiwan_strait_drills_semiconductor_supply;case_2022_russia_aviation_supply_chain_sanctions;case_2017_north_korea_missile_escalation;case_2019_india_pakistan_airspace_closure;case_2022_ukraine_electricity_grid_attacks;case_2023_south_china_sea_shipping_tensions;case_1987_1988_tanker_war_reflagging;case_2010_china_japan_rare_earth_embargo;case_2019_turkey_f35_s400_defense_restrictions,True,False,
evaluation_cases,eval_opec_oil_policy_shock,eval_opec_oil_policy_shock,financial_sanctions,2,case_2019_venezuela_oil_sanctions;case_2018_iran_oil_sanctions_reimposition,2,True,True,2,8,case_2022_russia_swift_financial_sanctions;case_2018_iran_oil_sanctions_reimposition;case_2019_venezuela_oil_sanctions;case_2023_arctic_lng_russian_energy_shipping_sanctions;case_2022_turkey_strait_tanker_insurance_backlog;case_2014_crimea_financial_sanctions;case_2018_iran_swift_restrictions;case_2019_cosco_shipping_sanctions_tanker_market,6,case_2022_russia_swift_financial_sanctions;case_2023_arctic_lng_russian_energy_shipping_sanctions;case_2022_turkey_strait_tanker_insurance_backlog;case_2014_crimea_financial_sanctions;case_2018_iran_swift_restrictions;case_2019_cosco_shipping_sanctions_tanker_market,False,False,
evaluation_cases,eval_opec_oil_policy_shock,eval_opec_oil_policy_shock,lng_shipping,2,case_hormuz_tanker_tensions;case_russia_ukraine_energy_shock,2,True,True,2,8,case_2023_red_sea_attacks;case_hormuz_tanker_tensions;case_russia_ukraine_energy_shock;case_panama_canal_drought_shipping_capacity;case_israel_iran_escalation_energy_risk;case_2022_nord_stream_pipeline_sabotage;case_2023_arctic_lng_russian_energy_shipping_sanctions;case_2009_russia_ukraine_gas_transit_dispute,6,case_2023_red_sea_attacks;case_panama_canal_drought_shipping_capacity;case_israel_iran_escalation_energy_risk;case_2022_nord_stream_pipeline_sabotage;case_2023_arctic_lng_russian_energy_shipping_sanctions;case_2009_russia_ukraine_gas_transit_dispute,False,False,
evaluation_cases,eval_opec_oil_policy_shock,eval_opec_oil_policy_shock,logistics,1,case_2011_libya_civil_war_oil_disruption,2,False,True,0,33,case_2021_suez_blockage;case_2023_red_sea_attacks;case_2018_2019_us_china_tariffs;case_panama_canal_drought_shipping_capacity;case_black_sea_grain_export_disruption;case_cyberattack_pipeline_port_infrastructure;case_2023_port_of_nagoya_cyberattack;case_2024_us_east_gulf_port_strike;case_2022_india_wheat_export_ban;case_2017_north_korea_missile_escalation;case_2019_india_pakistan_airspace_closure;case_2022_ukraine_electricity_grid_attacks;case_2023_niger_coup_uranium_supply_risk;case_2021_belarus_potash_sanctions;case_2021_xinjiang_forced_labor_import_restrictions;case_2024_ev_tariff_escalation_china;case_2017_notpetya_shipping_logistics_cyberattack;case_2023_black_sea_shipping_insurance_restrictions;case_2023_south_china_sea_shipping_tensions;case_2024_drc_cobalt_copper_mining_disruption;case_2023_mexico_nearshoring_cross_border_policy_risk;case_2021_myanmar_coup_supply_chain_disruption;case_1987_1988_tanker_war_reflagging;case_2008_somali_piracy_gulf_of_aden;case_2022_turkey_strait_tanker_insurance_backlog;case_2019_cosco_shipping_sanctions_tanker_market;case_2011_libya_civil_war_oil_disruption;case_2022_peru_mine_protests_copper_supply;case_2008_rice_export_restrictions_food_security;case_2022_russia_fertilizer_export_restrictions;case_2021_colonial_pipeline_ransomware;case_2023_dp_world_australia_cyber_port_disruption;case_2022_russia_airspace_closure_aviation_routes,32,case_2021_suez_blockage;case_2023_red_sea_attacks;case_2018_2019_us_china_tariffs;case_panama_canal_drought_shipping_capacity;case_black_sea_grain_export_disruption;case_cyberattack_pipeline_port_infrastructure;case_2023_port_of_nagoya_cyberattack;case_2024_us_east_gulf_port_strike;case_2022_india_wheat_export_ban;case_2017_north_korea_missile_escalation;case_2019_india_pakistan_airspace_closure;case_2022_ukraine_electricity_grid_attacks;case_2023_niger_coup_uranium_supply_risk;case_2021_belarus_potash_sanctions;case_2021_xinjiang_forced_labor_import_restrictions;case_2024_ev_tariff_escalation_china;case_2017_notpetya_shipping_logistics_cyberattack;case_2023_black_sea_shipping_insurance_restrictions;case_2023_south_china_sea_shipping_tensions;case_2024_drc_cobalt_copper_mining_disruption;case_2023_mexico_nearshoring_cross_border_policy_risk;case_2021_myanmar_coup_supply_chain_disruption;case_1987_1988_tanker_war_reflagging;case_2008_somali_piracy_gulf_of_aden;case_2022_turkey_strait_tanker_insurance_backlog;case_2019_cosco_shipping_sanctions_tanker_market;case_2022_peru_mine_protests_copper_supply;case_2008_rice_export_restrictions_food_security;case_2022_russia_fertilizer_export_restrictions;case_2021_colonial_pipeline_ransomware;case_2023_dp_world_australia_cyber_port_disruption;case_2022_russia_airspace_closure_aviation_routes,True,False,
evaluation_cases,eval_opec_oil_policy_shock,eval_opec_oil_policy_shock,manufacturing_inputs,1,case_russia_ukraine_energy_shock,2,False,True,0,34,case_russia_ukraine_energy_shock;case_2019_huawei_entity_list;case_2018_2019_us_china_tariffs;case_2022_gas_fertilizer_shock;case_taiwan_strait_semiconductor_risk;case_rare_earth_export_restriction_risk;case_china_gallium_germanium_graphite_controls;case_defense_spending_shock_after_escalation;case_uranium_nuclear_fuel_supply_disruption;case_2023_port_of_nagoya_cyberattack;case_2023_middle_east_defense_supply_escalation;case_2023_china_graphite_battery_export_controls;case_2022_russia_aviation_supply_chain_sanctions;case_2017_north_korea_missile_escalation;case_2019_india_pakistan_airspace_closure;case_2022_nord_stream_pipeline_sabotage;case_2022_ukraine_electricity_grid_attacks;case_2022_chile_lithium_policy_shift;case_2020_indonesia_nickel_export_ban;case_2021_xinjiang_forced_labor_import_restrictions;case_2024_ev_tariff_escalation_china;case_2017_notpetya_shipping_logistics_cyberattack;case_2024_drc_cobalt_copper_mining_disruption;case_2023_mexico_nearshoring_cross_border_policy_risk;case_2023_eu_carbon_border_adjustment_mechanism;case_2021_myanmar_coup_supply_chain_disruption;case_2014_crimea_financial_sanctions;case_2009_russia_ukraine_gas_transit_dispute;case_2010_china_japan_rare_earth_embargo;case_2022_peru_mine_protests_copper_supply;case_2023_panama_cobre_mine_closure;case_2020_smic_entity_list_semiconductor_controls;case_2023_japan_chip_equipment_export_controls;case_2019_turkey_f35_s400_defense_restrictions,33,case_2019_huawei_entity_list;case_2018_2019_us_china_tariffs;case_2022_gas_fertilizer_shock;case_taiwan_strait_semiconductor_risk;case_rare_earth_export_restriction_risk;case_china_gallium_germanium_graphite_controls;case_defense_spending_shock_after_escalation;case_uranium_nuclear_fuel_supply_disruption;case_2023_port_of_nagoya_cyberattack;case_2023_middle_east_defense_supply_escalation;case_2023_china_graphite_battery_export_controls;case_2022_russia_aviation_supply_chain_sanctions;case_2017_north_korea_missile_escalation;case_2019_india_pakistan_airspace_closure;case_2022_nord_stream_pipeline_sabotage;case_2022_ukraine_electricity_grid_attacks;case_2022_chile_lithium_policy_shift;case_2020_indonesia_nickel_export_ban;case_2021_xinjiang_forced_labor_import_restrictions;case_2024_ev_tariff_escalation_china;case_2017_notpetya_shipping_logistics_cyberattack;case_2024_drc_cobalt_copper_mining_disruption;case_2023_mexico_nearshoring_cross_border_policy_risk;case_2023_eu_carbon_border_adjustment_mechanism;case_2021_myanmar_coup_supply_chain_disruption;case_2014_crimea_financial_sanctions;case_2009_russia_ukraine_gas_transit_dispute;case_2010_china_japan_rare_earth_embargo;case_2022_peru_mine_protests_copper_supply;case_2023_panama_cobre_mine_closure;case_2020_smic_entity_list_semiconductor_controls;case_2023_japan_chip_equipment_export_controls;case_2019_turkey_f35_s400_defense_restrictions,True,False,
evaluation_cases,eval_opec_oil_policy_shock,eval_opec_oil_policy_shock,marine_insurance,2,case_hormuz_tanker_tensions;case_2018_iran_oil_sanctions_reimposition,2,True,True,2,12,case_2023_red_sea_attacks;case_hormuz_tanker_tensions;case_israel_iran_escalation_energy_risk;case_2018_iran_oil_sanctions_reimposition;case_2023_black_sea_shipping_insurance_restrictions;case_2023_south_china_sea_shipping_tensions;case_2023_arctic_lng_russian_energy_shipping_sanctions;case_1987_1988_tanker_war_reflagging;case_2008_somali_piracy_gulf_of_aden;case_2022_turkey_strait_tanker_insurance_backlog;case_2018_iran_swift_restrictions;case_2019_cosco_shipping_sanctions_tanker_market,10,case_2023_red_sea_attacks;case_israel_iran_escalation_energy_risk;case_2023_black_sea_shipping_insurance_restrictions;case_2023_south_china_sea_shipping_tensions;case_2023_arctic_lng_russian_energy_shipping_sanctions;case_1987_1988_tanker_war_reflagging;case_2008_somali_piracy_gulf_of_aden;case_2022_turkey_strait_tanker_insurance_backlog;case_2018_iran_swift_restrictions;case_2019_cosco_shipping_sanctions_tanker_market,False,False,
evaluation_cases,eval_opec_oil_policy_shock,eval_opec_oil_policy_shock,maritime_chokepoint,1,case_hormuz_tanker_tensions,2,False,True,0,12,case_2021_suez_blockage;case_2023_red_sea_attacks;case_hormuz_tanker_tensions;case_panama_canal_drought_shipping_capacity;case_black_sea_grain_export_disruption;case_israel_iran_escalation_energy_risk;case_2023_black_sea_shipping_insurance_restrictions;case_2023_south_china_sea_shipping_tensions;case_2023_arctic_lng_russian_energy_shipping_sanctions;case_1987_1988_tanker_war_reflagging;case_2008_somali_piracy_gulf_of_aden;case_2022_turkey_strait_tanker_insurance_backlog,11,case_2021_suez_blockage;case_2023_red_sea_attacks;case_panama_canal_drought_shipping_capacity;case_black_sea_grain_export_disruption;case_israel_iran_escalation_energy_risk;case_2023_black_sea_shipping_insurance_restrictions;case_2023_south_china_sea_shipping_tensions;case_2023_arctic_lng_russian_energy_shipping_sanctions;case_1987_1988_tanker_war_reflagging;case_2008_somali_piracy_gulf_of_aden;case_2022_turkey_strait_tanker_insurance_backlog,True,False,
evaluation_cases,eval_opec_oil_policy_shock,eval_opec_oil_policy_shock,payment_networks,2,case_2019_venezuela_oil_sanctions;case_2018_iran_oil_sanctions_reimposition,2,True,True,2,7,case_2022_russia_swift_financial_sanctions;case_2018_iran_oil_sanctions_reimposition;case_2019_venezuela_oil_sanctions;case_2023_arctic_lng_russian_energy_shipping_sanctions;case_2014_crimea_financial_sanctions;case_2018_iran_swift_restrictions;case_2019_cosco_shipping_sanctions_tanker_market,5,case_2022_russia_swift_financial_sanctions;case_2023_arctic_lng_russian_energy_shipping_sanctions;case_2014_crimea_financial_sanctions;case_2018_iran_swift_restrictions;case_2019_cosco_shipping_sanctions_tanker_market,False,False,
evaluation_cases,eval_opec_oil_policy_shock,eval_opec_oil_policy_shock,pipeline_infrastructure,1,case_2024_ukraine_drone_attacks_russian_refineries,2,False,True,0,6,case_cyberattack_pipeline_port_infrastructure;case_2022_nord_stream_pipeline_sabotage;case_2022_ukraine_electricity_grid_attacks;case_2009_russia_ukraine_gas_transit_dispute;case_2024_ukraine_drone_attacks_russian_refineries;case_2021_colonial_pipeline_ransomware,5,case_cyberattack_pipeline_port_infrastructure;case_2022_nord_stream_pipeline_sabotage;case_2022_ukraine_electricity_grid_attacks;case_2009_russia_ukraine_gas_transit_dispute;case_2021_colonial_pipeline_ransomware,True,False,
evaluation_cases,eval_opec_oil_policy_shock,eval_opec_oil_policy_shock,trade_lanes,1,case_2011_libya_civil_war_oil_disruption,2,False,True,0,31,case_2018_2019_us_china_tariffs;case_uranium_nuclear_fuel_supply_disruption;case_2022_russia_swift_financial_sanctions;case_2024_us_east_gulf_port_strike;case_2022_india_wheat_export_ban;case_2022_russia_aviation_supply_chain_sanctions;case_2017_north_korea_missile_escalation;case_2019_india_pakistan_airspace_closure;case_2023_niger_coup_uranium_supply_risk;case_2022_chile_lithium_policy_shift;case_2020_indonesia_nickel_export_ban;case_2021_belarus_potash_sanctions;case_2021_xinjiang_forced_labor_import_restrictions;case_2024_ev_tariff_escalation_china;case_2023_south_china_sea_shipping_tensions;case_2024_drc_cobalt_copper_mining_disruption;case_2023_mexico_nearshoring_cross_border_policy_risk;case_2023_eu_carbon_border_adjustment_mechanism;case_2021_myanmar_coup_supply_chain_disruption;case_2014_crimea_financial_sanctions;case_2018_iran_swift_restrictions;case_2019_cosco_shipping_sanctions_tanker_market;case_2009_russia_ukraine_gas_transit_dispute;case_2011_libya_civil_war_oil_disruption;case_2010_china_japan_rare_earth_embargo;case_2022_peru_mine_protests_copper_supply;case_2023_panama_cobre_mine_closure;case_2008_rice_export_restrictions_food_security;case_2022_russia_fertilizer_export_restrictions;case_2023_dp_world_australia_cyber_port_disruption;case_2019_turkey_f35_s400_defense_restrictions,30,case_2018_2019_us_china_tariffs;case_uranium_nuclear_fuel_supply_disruption;case_2022_russia_swift_financial_sanctions;case_2024_us_east_gulf_port_strike;case_2022_india_wheat_export_ban;case_2022_russia_aviation_supply_chain_sanctions;case_2017_north_korea_missile_escalation;case_2019_india_pakistan_airspace_closure;case_2023_niger_coup_uranium_supply_risk;case_2022_chile_lithium_policy_shift;case_2020_indonesia_nickel_export_ban;case_2021_belarus_potash_sanctions;case_2021_xinjiang_forced_labor_import_restrictions;case_2024_ev_tariff_escalation_china;case_2023_south_china_sea_shipping_tensions;case_2024_drc_cobalt_copper_mining_disruption;case_2023_mexico_nearshoring_cross_border_policy_risk;case_2023_eu_carbon_border_adjustment_mechanism;case_2021_myanmar_coup_supply_chain_disruption;case_2014_crimea_financial_sanctions;case_2018_iran_swift_restrictions;case_2019_cosco_shipping_sanctions_tanker_market;case_2009_russia_ukraine_gas_transit_dispute;case_2010_china_japan_rare_earth_embargo;case_2022_peru_mine_protests_copper_supply;case_2023_panama_cobre_mine_closure;case_2008_rice_export_restrictions_food_security;case_2022_russia_fertilizer_export_restrictions;case_2023_dp_world_australia_cyber_port_disruption;case_2019_turkey_f35_s400_defense_restrictions,True,False,
evaluation_cases,eval_cyber_port_pipeline_disruption,eval_cyber_port_pipeline_disruption,aviation,1,case_2021_colonial_pipeline_ransomware,2,False,True,0,11,case_middle_east_oil_supply_disruption;case_opec_production_cut_policy_shock;case_2020_opec_plus_production_cut;case_2022_abu_dhabi_oil_facility_attack;case_2022_russia_aviation_supply_chain_sanctions;case_2017_north_korea_missile_escalation;case_2019_india_pakistan_airspace_closure;case_2011_libya_civil_war_oil_disruption;case_2024_ukraine_drone_attacks_russian_refineries;case_2021_colonial_pipeline_ransomware;case_2022_russia_airspace_closure_aviation_routes,10,case_middle_east_oil_supply_disruption;case_opec_production_cut_policy_shock;case_2020_opec_plus_production_cut;case_2022_abu_dhabi_oil_facility_attack;case_2022_russia_aviation_supply_chain_sanctions;case_2017_north_korea_missile_escalation;case_2019_india_pakistan_airspace_closure;case_2011_libya_civil_war_oil_disruption;case_2024_ukraine_drone_attacks_russian_refineries;case_2022_russia_airspace_closure_aviation_routes,True,False,
evaluation_cases,eval_cyber_port_pipeline_disruption,eval_cyber_port_pipeline_disruption,container_shipping,4,case_2017_notpetya_shipping_logistics_cyberattack;case_2023_dp_world_australia_cyber_port_disruption;case_2021_suez_blockage;case_2023_red_sea_attacks,2,True,True,2,8,case_2021_suez_blockage;case_2023_red_sea_attacks;case_panama_canal_drought_shipping_capacity;case_2024_us_east_gulf_port_strike;case_2017_notpetya_shipping_logistics_cyberattack;case_2023_south_china_sea_shipping_tensions;case_2008_somali_piracy_gulf_of_aden;case_2023_dp_world_australia_cyber_port_disruption,4,case_panama_canal_drought_shipping_capacity;case_2024_us_east_gulf_port_strike;case_2023_south_china_sea_shipping_tensions;case_2008_somali_piracy_gulf_of_aden,False,False,
evaluation_cases,eval_cyber_port_pipeline_disruption,eval_cyber_port_pipeline_disruption,defense,1,case_2022_ukraine_electricity_grid_attacks,2,False,True,0,15,case_taiwan_strait_semiconductor_risk;case_rare_earth_export_restriction_risk;case_israel_iran_escalation_energy_risk;case_defense_spending_shock_after_escalation;case_2023_middle_east_defense_supply_escalation;case_2024_taiwan_strait_drills_semiconductor_supply;case_2022_abu_dhabi_oil_facility_attack;case_2022_russia_aviation_supply_chain_sanctions;case_2017_north_korea_missile_escalation;case_2019_india_pakistan_airspace_closure;case_2022_ukraine_electricity_grid_attacks;case_2023_south_china_sea_shipping_tensions;case_1987_1988_tanker_war_reflagging;case_2010_china_japan_rare_earth_embargo;case_2019_turkey_f35_s400_defense_restrictions,14,case_taiwan_strait_semiconductor_risk;case_rare_earth_export_restriction_risk;case_israel_iran_escalation_energy_risk;case_defense_spending_shock_after_escalation;case_2023_middle_east_defense_supply_escalation;case_2024_taiwan_strait_drills_semiconductor_supply;case_2022_abu_dhabi_oil_facility_attack;case_2022_russia_aviation_supply_chain_sanctions;case_2017_north_korea_missile_escalation;case_2019_india_pakistan_airspace_closure;case_2023_south_china_sea_shipping_tensions;case_1987_1988_tanker_war_reflagging;case_2010_china_japan_rare_earth_embargo;case_2019_turkey_f35_s400_defense_restrictions,True,False,
evaluation_cases,eval_cyber_port_pipeline_disruption,eval_cyber_port_pipeline_disruption,lng_shipping,3,case_2022_nord_stream_pipeline_sabotage;case_2009_russia_ukraine_gas_transit_dispute;case_2023_red_sea_attacks,2,True,True,2,8,case_2023_red_sea_attacks;case_hormuz_tanker_tensions;case_russia_ukraine_energy_shock;case_panama_canal_drought_shipping_capacity;case_israel_iran_escalation_energy_risk;case_2022_nord_stream_pipeline_sabotage;case_2023_arctic_lng_russian_energy_shipping_sanctions;case_2009_russia_ukraine_gas_transit_dispute,5,case_hormuz_tanker_tensions;case_russia_ukraine_energy_shock;case_panama_canal_drought_shipping_capacity;case_israel_iran_escalation_energy_risk;case_2023_arctic_lng_russian_energy_shipping_sanctions,False,False,
evaluation_cases,eval_cyber_port_pipeline_disruption,eval_cyber_port_pipeline_disruption,manufacturing_inputs,5,case_2023_port_of_nagoya_cyberattack;case_2017_notpetya_shipping_logistics_cyberattack;case_2022_nord_stream_pipeline_sabotage;case_2022_ukraine_electricity_grid_attacks;case_2009_russia_ukraine_gas_transit_dispute,2,True,True,2,34,case_russia_ukraine_energy_shock;case_2019_huawei_entity_list;case_2018_2019_us_china_tariffs;case_2022_gas_fertilizer_shock;case_taiwan_strait_semiconductor_risk;case_rare_earth_export_restriction_risk;case_china_gallium_germanium_graphite_controls;case_defense_spending_shock_after_escalation;case_uranium_nuclear_fuel_supply_disruption;case_2023_port_of_nagoya_cyberattack;case_2023_middle_east_defense_supply_escalation;case_2023_china_graphite_battery_export_controls;case_2022_russia_aviation_supply_chain_sanctions;case_2017_north_korea_missile_escalation;case_2019_india_pakistan_airspace_closure;case_2022_nord_stream_pipeline_sabotage;case_2022_ukraine_electricity_grid_attacks;case_2022_chile_lithium_policy_shift;case_2020_indonesia_nickel_export_ban;case_2021_xinjiang_forced_labor_import_restrictions;case_2024_ev_tariff_escalation_china;case_2017_notpetya_shipping_logistics_cyberattack;case_2024_drc_cobalt_copper_mining_disruption;case_2023_mexico_nearshoring_cross_border_policy_risk;case_2023_eu_carbon_border_adjustment_mechanism;case_2021_myanmar_coup_supply_chain_disruption;case_2014_crimea_financial_sanctions;case_2009_russia_ukraine_gas_transit_dispute;case_2010_china_japan_rare_earth_embargo;case_2022_peru_mine_protests_copper_supply;case_2023_panama_cobre_mine_closure;case_2020_smic_entity_list_semiconductor_controls;case_2023_japan_chip_equipment_export_controls;case_2019_turkey_f35_s400_defense_restrictions,29,case_russia_ukraine_energy_shock;case_2019_huawei_entity_list;case_2018_2019_us_china_tariffs;case_2022_gas_fertilizer_shock;case_taiwan_strait_semiconductor_risk;case_rare_earth_export_restriction_risk;case_china_gallium_germanium_graphite_controls;case_defense_spending_shock_after_escalation;case_uranium_nuclear_fuel_supply_disruption;case_2023_middle_east_defense_supply_escalation;case_2023_china_graphite_battery_export_controls;case_2022_russia_aviation_supply_chain_sanctions;case_2017_north_korea_missile_escalation;case_2019_india_pakistan_airspace_closure;case_2022_chile_lithium_policy_shift;case_2020_indonesia_nickel_export_ban;case_2021_xinjiang_forced_labor_import_restrictions;case_2024_ev_tariff_escalation_china;case_2024_drc_cobalt_copper_mining_disruption;case_2023_mexico_nearshoring_cross_border_policy_risk;case_2023_eu_carbon_border_adjustment_mechanism;case_2021_myanmar_coup_supply_chain_disruption;case_2014_crimea_financial_sanctions;case_2010_china_japan_rare_earth_embargo;case_2022_peru_mine_protests_copper_supply;case_2023_panama_cobre_mine_closure;case_2020_smic_entity_list_semiconductor_controls;case_2023_japan_chip_equipment_export_controls;case_2019_turkey_f35_s400_defense_restrictions,False,False,
evaluation_cases,eval_cyber_port_pipeline_disruption,eval_cyber_port_pipeline_disruption,marine_insurance,1,case_2023_red_sea_attacks,2,False,True,0,12,case_2023_red_sea_attacks;case_hormuz_tanker_tensions;case_israel_iran_escalation_energy_risk;case_2018_iran_oil_sanctions_reimposition;case_2023_black_sea_shipping_insurance_restrictions;case_2023_south_china_sea_shipping_tensions;case_2023_arctic_lng_russian_energy_shipping_sanctions;case_1987_1988_tanker_war_reflagging;case_2008_somali_piracy_gulf_of_aden;case_2022_turkey_strait_tanker_insurance_backlog;case_2018_iran_swift_restrictions;case_2019_cosco_shipping_sanctions_tanker_market,11,case_hormuz_tanker_tensions;case_israel_iran_escalation_energy_risk;case_2018_iran_oil_sanctions_reimposition;case_2023_black_sea_shipping_insurance_restrictions;case_2023_south_china_sea_shipping_tensions;case_2023_arctic_lng_russian_energy_shipping_sanctions;case_1987_1988_tanker_war_reflagging;case_2008_somali_piracy_gulf_of_aden;case_2022_turkey_strait_tanker_insurance_backlog;case_2018_iran_swift_restrictions;case_2019_cosco_shipping_sanctions_tanker_market,True,False,
evaluation_cases,eval_cyber_port_pipeline_disruption,eval_cyber_port_pipeline_disruption,maritime_chokepoint,2,case_2021_suez_blockage;case_2023_red_sea_attacks,2,True,True,2,12,case_2021_suez_blockage;case_2023_red_sea_attacks;case_hormuz_tanker_tensions;case_panama_canal_drought_shipping_capacity;case_black_sea_grain_export_disruption;case_israel_iran_escalation_energy_risk;case_2023_black_sea_shipping_insurance_restrictions;case_2023_south_china_sea_shipping_tensions;case_2023_arctic_lng_russian_energy_shipping_sanctions;case_1987_1988_tanker_war_reflagging;case_2008_somali_piracy_gulf_of_aden;case_2022_turkey_strait_tanker_insurance_backlog,10,case_hormuz_tanker_tensions;case_panama_canal_drought_shipping_capacity;case_black_sea_grain_export_disruption;case_israel_iran_escalation_energy_risk;case_2023_black_sea_shipping_insurance_restrictions;case_2023_south_china_sea_shipping_tensions;case_2023_arctic_lng_russian_energy_shipping_sanctions;case_1987_1988_tanker_war_reflagging;case_2008_somali_piracy_gulf_of_aden;case_2022_turkey_strait_tanker_insurance_backlog,False,False,
evaluation_cases,eval_cyber_port_pipeline_disruption,eval_cyber_port_pipeline_disruption,oil_shipping,1,case_2023_red_sea_attacks,2,False,True,0,17,case_2023_red_sea_attacks;case_hormuz_tanker_tensions;case_middle_east_oil_supply_disruption;case_opec_production_cut_policy_shock;case_israel_iran_escalation_energy_risk;case_2020_opec_plus_production_cut;case_2022_abu_dhabi_oil_facility_attack;case_2018_iran_oil_sanctions_reimposition;case_2019_venezuela_oil_sanctions;case_2023_arctic_lng_russian_energy_shipping_sanctions;case_1987_1988_tanker_war_reflagging;case_2008_somali_piracy_gulf_of_aden;case_2022_turkey_strait_tanker_insurance_backlog;case_2018_iran_swift_restrictions;case_2019_cosco_shipping_sanctions_tanker_market;case_2011_libya_civil_war_oil_disruption;case_2024_ukraine_drone_attacks_russian_refineries,16,case_hormuz_tanker_tensions;case_middle_east_oil_supply_disruption;case_opec_production_cut_policy_shock;case_israel_iran_escalation_energy_risk;case_2020_opec_plus_production_cut;case_2022_abu_dhabi_oil_facility_attack;case_2018_iran_oil_sanctions_reimposition;case_2019_venezuela_oil_sanctions;case_2023_arctic_lng_russian_energy_shipping_sanctions;case_1987_1988_tanker_war_reflagging;case_2008_somali_piracy_gulf_of_aden;case_2022_turkey_strait_tanker_insurance_backlog;case_2018_iran_swift_restrictions;case_2019_cosco_shipping_sanctions_tanker_market;case_2011_libya_civil_war_oil_disruption;case_2024_ukraine_drone_attacks_russian_refineries,True,False,
evaluation_cases,eval_cyber_port_pipeline_disruption,eval_cyber_port_pipeline_disruption,petrochemicals,2,case_2022_nord_stream_pipeline_sabotage;case_2009_russia_ukraine_gas_transit_dispute,2,True,True,2,12,case_russia_ukraine_energy_shock;case_2022_gas_fertilizer_shock;case_middle_east_oil_supply_disruption;case_opec_production_cut_policy_shock;case_2020_opec_plus_production_cut;case_2022_abu_dhabi_oil_facility_attack;case_2018_iran_oil_sanctions_reimposition;case_2019_venezuela_oil_sanctions;case_2022_nord_stream_pipeline_sabotage;case_2009_russia_ukraine_gas_transit_dispute;case_2011_libya_civil_war_oil_disruption;case_2024_ukraine_drone_attacks_russian_refineries,10,case_russia_ukraine_energy_shock;case_2022_gas_fertilizer_shock;case_middle_east_oil_supply_disruption;case_opec_production_cut_policy_shock;case_2020_opec_plus_production_cut;case_2022_abu_dhabi_oil_facility_attack;case_2018_iran_oil_sanctions_reimposition;case_2019_venezuela_oil_sanctions;case_2011_libya_civil_war_oil_disruption;case_2024_ukraine_drone_attacks_russian_refineries,False,False,
evaluation_cases,eval_cyber_port_pipeline_disruption,eval_cyber_port_pipeline_disruption,refining,1,case_2021_colonial_pipeline_ransomware,2,False,True,0,12,case_hormuz_tanker_tensions;case_russia_ukraine_energy_shock;case_middle_east_oil_supply_disruption;case_opec_production_cut_policy_shock;case_israel_iran_escalation_energy_risk;case_2020_opec_plus_production_cut;case_2022_abu_dhabi_oil_facility_attack;case_2018_iran_oil_sanctions_reimposition;case_2019_venezuela_oil_sanctions;case_2011_libya_civil_war_oil_disruption;case_2024_ukraine_drone_attacks_russian_refineries;case_2021_colonial_pipeline_ransomware,11,case_hormuz_tanker_tensions;case_russia_ukraine_energy_shock;case_middle_east_oil_supply_disruption;case_opec_production_cut_policy_shock;case_israel_iran_escalation_energy_risk;case_2020_opec_plus_production_cut;case_2022_abu_dhabi_oil_facility_attack;case_2018_iran_oil_sanctions_reimposition;case_2019_venezuela_oil_sanctions;case_2011_libya_civil_war_oil_disruption;case_2024_ukraine_drone_attacks_russian_refineries,True,False,
evaluation_cases,eval_cyber_port_pipeline_disruption,eval_cyber_port_pipeline_disruption,trade_lanes,2,case_2023_dp_world_australia_cyber_port_disruption;case_2009_russia_ukraine_gas_transit_dispute,2,True,True,2,31,case_2018_2019_us_china_tariffs;case_uranium_nuclear_fuel_supply_disruption;case_2022_russia_swift_financial_sanctions;case_2024_us_east_gulf_port_strike;case_2022_india_wheat_export_ban;case_2022_russia_aviation_supply_chain_sanctions;case_2017_north_korea_missile_escalation;case_2019_india_pakistan_airspace_closure;case_2023_niger_coup_uranium_supply_risk;case_2022_chile_lithium_policy_shift;case_2020_indonesia_nickel_export_ban;case_2021_belarus_potash_sanctions;case_2021_xinjiang_forced_labor_import_restrictions;case_2024_ev_tariff_escalation_china;case_2023_south_china_sea_shipping_tensions;case_2024_drc_cobalt_copper_mining_disruption;case_2023_mexico_nearshoring_cross_border_policy_risk;case_2023_eu_carbon_border_adjustment_mechanism;case_2021_myanmar_coup_supply_chain_disruption;case_2014_crimea_financial_sanctions;case_2018_iran_swift_restrictions;case_2019_cosco_shipping_sanctions_tanker_market;case_2009_russia_ukraine_gas_transit_dispute;case_2011_libya_civil_war_oil_disruption;case_2010_china_japan_rare_earth_embargo;case_2022_peru_mine_protests_copper_supply;case_2023_panama_cobre_mine_closure;case_2008_rice_export_restrictions_food_security;case_2022_russia_fertilizer_export_restrictions;case_2023_dp_world_australia_cyber_port_disruption;case_2019_turkey_f35_s400_defense_restrictions,29,case_2018_2019_us_china_tariffs;case_uranium_nuclear_fuel_supply_disruption;case_2022_russia_swift_financial_sanctions;case_2024_us_east_gulf_port_strike;case_2022_india_wheat_export_ban;case_2022_russia_aviation_supply_chain_sanctions;case_2017_north_korea_missile_escalation;case_2019_india_pakistan_airspace_closure;case_2023_niger_coup_uranium_supply_risk;case_2022_chile_lithium_policy_shift;case_2020_indonesia_nickel_export_ban;case_2021_belarus_potash_sanctions;case_2021_xinjiang_forced_labor_import_restrictions;case_2024_ev_tariff_escalation_china;case_2023_south_china_sea_shipping_tensions;case_2024_drc_cobalt_copper_mining_disruption;case_2023_mexico_nearshoring_cross_border_policy_risk;case_2023_eu_carbon_border_adjustment_mechanism;case_2021_myanmar_coup_supply_chain_disruption;case_2014_crimea_financial_sanctions;case_2018_iran_swift_restrictions;case_2019_cosco_shipping_sanctions_tanker_market;case_2011_libya_civil_war_oil_disruption;case_2010_china_japan_rare_earth_embargo;case_2022_peru_mine_protests_copper_supply;case_2023_panama_cobre_mine_closure;case_2008_rice_export_restrictions_food_security;case_2022_russia_fertilizer_export_restrictions;case_2019_turkey_f35_s400_defense_restrictions,False,False,
evaluation_cases,eval_defense_supply_chain_escalation,eval_defense_supply_chain_escalation,aerospace_supply_chain,2,case_2023_middle_east_defense_supply_escalation;case_2019_turkey_f35_s400_defense_restrictions,2,True,True,2,4,case_2023_middle_east_defense_supply_escalation;case_2022_russia_aviation_supply_chain_sanctions;case_2019_turkey_f35_s400_defense_restrictions;case_2022_russia_airspace_closure_aviation_routes,2,case_2022_russia_aviation_supply_chain_sanctions;case_2022_russia_airspace_closure_aviation_routes,False,False,
evaluation_cases,eval_defense_supply_chain_escalation,eval_defense_supply_chain_escalation,agriculture,1,case_black_sea_grain_export_disruption,2,False,True,0,10,case_2018_2019_us_china_tariffs;case_2022_gas_fertilizer_shock;case_panama_canal_drought_shipping_capacity;case_black_sea_grain_export_disruption;case_2022_india_wheat_export_ban;case_2021_belarus_potash_sanctions;case_2023_black_sea_shipping_insurance_restrictions;case_2021_myanmar_coup_supply_chain_disruption;case_2008_rice_export_restrictions_food_security;case_2022_russia_fertilizer_export_restrictions,9,case_2018_2019_us_china_tariffs;case_2022_gas_fertilizer_shock;case_panama_canal_drought_shipping_capacity;case_2022_india_wheat_export_ban;case_2021_belarus_potash_sanctions;case_2023_black_sea_shipping_insurance_restrictions;case_2021_myanmar_coup_supply_chain_disruption;case_2008_rice_export_restrictions_food_security;case_2022_russia_fertilizer_export_restrictions,True,False,
evaluation_cases,eval_defense_supply_chain_escalation,eval_defense_supply_chain_escalation,aviation,3,case_2017_north_korea_missile_escalation;case_2019_india_pakistan_airspace_closure;case_2011_libya_civil_war_oil_disruption,2,True,True,2,11,case_middle_east_oil_supply_disruption;case_opec_production_cut_policy_shock;case_2020_opec_plus_production_cut;case_2022_abu_dhabi_oil_facility_attack;case_2022_russia_aviation_supply_chain_sanctions;case_2017_north_korea_missile_escalation;case_2019_india_pakistan_airspace_closure;case_2011_libya_civil_war_oil_disruption;case_2024_ukraine_drone_attacks_russian_refineries;case_2021_colonial_pipeline_ransomware;case_2022_russia_airspace_closure_aviation_routes,8,case_middle_east_oil_supply_disruption;case_opec_production_cut_policy_shock;case_2020_opec_plus_production_cut;case_2022_abu_dhabi_oil_facility_attack;case_2022_russia_aviation_supply_chain_sanctions;case_2024_ukraine_drone_attacks_russian_refineries;case_2021_colonial_pipeline_ransomware;case_2022_russia_airspace_closure_aviation_routes,False,False,
evaluation_cases,eval_defense_supply_chain_escalation,eval_defense_supply_chain_escalation,customs,1,case_2019_turkey_f35_s400_defense_restrictions,2,False,True,0,32,case_2023_dutch_asml_controls;case_2019_huawei_entity_list;case_2018_2019_us_china_tariffs;case_china_gallium_germanium_graphite_controls;case_uranium_nuclear_fuel_supply_disruption;case_2022_russia_swift_financial_sanctions;case_2023_china_graphite_battery_export_controls;case_2022_india_wheat_export_ban;case_2022_russia_aviation_supply_chain_sanctions;case_2023_niger_coup_uranium_supply_risk;case_2022_chile_lithium_policy_shift;case_2020_indonesia_nickel_export_ban;case_2021_belarus_potash_sanctions;case_2021_xinjiang_forced_labor_import_restrictions;case_2024_ev_tariff_escalation_china;case_2024_drc_cobalt_copper_mining_disruption;case_2023_mexico_nearshoring_cross_border_policy_risk;case_2023_eu_carbon_border_adjustment_mechanism;case_2021_myanmar_coup_supply_chain_disruption;case_2022_turkey_strait_tanker_insurance_backlog;case_2014_crimea_financial_sanctions;case_2018_iran_swift_restrictions;case_2019_cosco_shipping_sanctions_tanker_market;case_2010_china_japan_rare_earth_embargo;case_2022_peru_mine_protests_copper_supply;case_2023_panama_cobre_mine_closure;case_2008_rice_export_restrictions_food_security;case_2022_russia_fertilizer_export_restrictions;case_2020_smic_entity_list_semiconductor_controls;case_2023_japan_chip_equipment_export_controls;case_2019_turkey_f35_s400_defense_restrictions;case_2022_russia_airspace_closure_aviation_routes,31,case_2023_dutch_asml_controls;case_2019_huawei_entity_list;case_2018_2019_us_china_tariffs;case_china_gallium_germanium_graphite_controls;case_uranium_nuclear_fuel_supply_disruption;case_2022_russia_swift_financial_sanctions;case_2023_china_graphite_battery_export_controls;case_2022_india_wheat_export_ban;case_2022_russia_aviation_supply_chain_sanctions;case_2023_niger_coup_uranium_supply_risk;case_2022_chile_lithium_policy_shift;case_2020_indonesia_nickel_export_ban;case_2021_belarus_potash_sanctions;case_2021_xinjiang_forced_labor_import_restrictions;case_2024_ev_tariff_escalation_china;case_2024_drc_cobalt_copper_mining_disruption;case_2023_mexico_nearshoring_cross_border_policy_risk;case_2023_eu_carbon_border_adjustment_mechanism;case_2021_myanmar_coup_supply_chain_disruption;case_2022_turkey_strait_tanker_insurance_backlog;case_2014_crimea_financial_sanctions;case_2018_iran_swift_restrictions;case_2019_cosco_shipping_sanctions_tanker_market;case_2010_china_japan_rare_earth_embargo;case_2022_peru_mine_protests_copper_supply;case_2023_panama_cobre_mine_closure;case_2008_rice_export_restrictions_food_security;case_2022_russia_fertilizer_export_restrictions;case_2020_smic_entity_list_semiconductor_controls;case_2023_japan_chip_equipment_export_controls;case_2022_russia_airspace_closure_aviation_routes,True,False,
evaluation_cases,eval_defense_supply_chain_escalation,eval_defense_supply_chain_escalation,data_centers,1,case_taiwan_strait_semiconductor_risk,2,False,True,0,6,case_2022_us_china_semiconductor_controls;case_2019_huawei_entity_list;case_taiwan_strait_semiconductor_risk;case_2024_taiwan_strait_drills_semiconductor_supply;case_2020_smic_entity_list_semiconductor_controls;case_2023_japan_chip_equipment_export_controls,5,case_2022_us_china_semiconductor_controls;case_2019_huawei_entity_list;case_2024_taiwan_strait_drills_semiconductor_supply;case_2020_smic_entity_list_semiconductor_controls;case_2023_japan_chip_equipment_export_controls,True,False,
evaluation_cases,eval_defense_supply_chain_escalation,eval_defense_supply_chain_escalation,energy,3,case_2022_ukraine_electricity_grid_attacks;case_israel_iran_escalation_energy_risk;case_2011_libya_civil_war_oil_disruption,2,True,True,2,28,case_2021_suez_blockage;case_hormuz_tanker_tensions;case_russia_ukraine_energy_shock;case_2022_gas_fertilizer_shock;case_middle_east_oil_supply_disruption;case_rare_earth_export_restriction_risk;case_opec_production_cut_policy_shock;case_israel_iran_escalation_energy_risk;case_cyberattack_pipeline_port_infrastructure;case_uranium_nuclear_fuel_supply_disruption;case_2022_russia_swift_financial_sanctions;case_2020_opec_plus_production_cut;case_2022_abu_dhabi_oil_facility_attack;case_2018_iran_oil_sanctions_reimposition;case_2019_venezuela_oil_sanctions;case_2022_nord_stream_pipeline_sabotage;case_2022_ukraine_electricity_grid_attacks;case_2023_niger_coup_uranium_supply_risk;case_2023_eu_carbon_border_adjustment_mechanism;case_2023_arctic_lng_russian_energy_shipping_sanctions;case_1987_1988_tanker_war_reflagging;case_2014_crimea_financial_sanctions;case_2009_russia_ukraine_gas_transit_dispute;case_2011_libya_civil_war_oil_disruption;case_2024_ukraine_drone_attacks_russian_refineries;case_2022_russia_fertilizer_export_restrictions;case_2021_colonial_pipeline_ransomware;case_2022_russia_airspace_closure_aviation_routes,25,case_2021_suez_blockage;case_hormuz_tanker_tensions;case_russia_ukraine_energy_shock;case_2022_gas_fertilizer_shock;case_middle_east_oil_supply_disruption;case_rare_earth_export_restriction_risk;case_opec_production_cut_policy_shock;case_cyberattack_pipeline_port_infrastructure;case_uranium_nuclear_fuel_supply_disruption;case_2022_russia_swift_financial_sanctions;case_2020_opec_plus_production_cut;case_2022_abu_dhabi_oil_facility_attack;case_2018_iran_oil_sanctions_reimposition;case_2019_venezuela_oil_sanctions;case_2022_nord_stream_pipeline_sabotage;case_2023_niger_coup_uranium_supply_risk;case_2023_eu_carbon_border_adjustment_mechanism;case_2023_arctic_lng_russian_energy_shipping_sanctions;case_1987_1988_tanker_war_reflagging;case_2014_crimea_financial_sanctions;case_2009_russia_ukraine_gas_transit_dispute;case_2024_ukraine_drone_attacks_russian_refineries;case_2022_russia_fertilizer_export_restrictions;case_2021_colonial_pipeline_ransomware;case_2022_russia_airspace_closure_aviation_routes,False,False,
evaluation_cases,eval_defense_supply_chain_escalation,eval_defense_supply_chain_escalation,fertilizer,1,case_black_sea_grain_export_disruption,2,False,True,0,5,case_2022_gas_fertilizer_shock;case_black_sea_grain_export_disruption;case_2021_belarus_potash_sanctions;case_2023_eu_carbon_border_adjustment_mechanism;case_2022_russia_fertilizer_export_restrictions,4,case_2022_gas_fertilizer_shock;case_2021_belarus_potash_sanctions;case_2023_eu_carbon_border_adjustment_mechanism;case_2022_russia_fertilizer_export_restrictions,True,False,
evaluation_cases,eval_defense_supply_chain_escalation,eval_defense_supply_chain_escalation,foundry,1,case_taiwan_strait_semiconductor_risk,2,False,True,0,6,case_2022_us_china_semiconductor_controls;case_2023_dutch_asml_controls;case_taiwan_strait_semiconductor_risk;case_2024_taiwan_strait_drills_semiconductor_supply;case_2020_smic_entity_list_semiconductor_controls;case_2023_japan_chip_equipment_export_controls,5,case_2022_us_china_semiconductor_controls;case_2023_dutch_asml_controls;case_2024_taiwan_strait_drills_semiconductor_supply;case_2020_smic_entity_list_semiconductor_controls;case_2023_japan_chip_equipment_export_controls,True,False,
evaluation_cases,eval_defense_supply_chain_escalation,eval_defense_supply_chain_escalation,freight_routes,2,case_black_sea_grain_export_disruption;case_2019_india_pakistan_airspace_closure,2,True,True,2,19,case_2021_suez_blockage;case_2023_red_sea_attacks;case_panama_canal_drought_shipping_capacity;case_black_sea_grain_export_disruption;case_cyberattack_pipeline_port_infrastructure;case_2023_port_of_nagoya_cyberattack;case_2024_us_east_gulf_port_strike;case_2019_india_pakistan_airspace_closure;case_2021_belarus_potash_sanctions;case_2017_notpetya_shipping_logistics_cyberattack;case_2023_black_sea_shipping_insurance_restrictions;case_2023_south_china_sea_shipping_tensions;case_2023_mexico_nearshoring_cross_border_policy_risk;case_1987_1988_tanker_war_reflagging;case_2008_somali_piracy_gulf_of_aden;case_2022_turkey_strait_tanker_insurance_backlog;case_2021_colonial_pipeline_ransomware;case_2023_dp_world_australia_cyber_port_disruption;case_2022_russia_airspace_closure_aviation_routes,17,case_2021_suez_blockage;case_2023_red_sea_attacks;case_panama_canal_drought_shipping_capacity;case_cyberattack_pipeline_port_infrastructure;case_2023_port_of_nagoya_cyberattack;case_2024_us_east_gulf_port_strike;case_2021_belarus_potash_sanctions;case_2017_notpetya_shipping_logistics_cyberattack;case_2023_black_sea_shipping_insurance_restrictions;case_2023_south_china_sea_shipping_tensions;case_2023_mexico_nearshoring_cross_border_policy_risk;case_1987_1988_tanker_war_reflagging;case_2008_somali_piracy_gulf_of_aden;case_2022_turkey_strait_tanker_insurance_backlog;case_2021_colonial_pipeline_ransomware;case_2023_dp_world_australia_cyber_port_disruption;case_2022_russia_airspace_closure_aviation_routes,False,False,
evaluation_cases,eval_defense_supply_chain_escalation,eval_defense_supply_chain_escalation,grain_exports,1,case_black_sea_grain_export_disruption,2,False,True,0,4,case_black_sea_grain_export_disruption;case_2022_india_wheat_export_ban;case_2023_black_sea_shipping_insurance_restrictions;case_2008_rice_export_restrictions_food_security,3,case_2022_india_wheat_export_ban;case_2023_black_sea_shipping_insurance_restrictions;case_2008_rice_export_restrictions_food_security,True,False,
evaluation_cases,eval_defense_supply_chain_escalation,eval_defense_supply_chain_escalation,lng_shipping,1,case_israel_iran_escalation_energy_risk,2,False,True,0,8,case_2023_red_sea_attacks;case_hormuz_tanker_tensions;case_russia_ukraine_energy_shock;case_panama_canal_drought_shipping_capacity;case_israel_iran_escalation_energy_risk;case_2022_nord_stream_pipeline_sabotage;case_2023_arctic_lng_russian_energy_shipping_sanctions;case_2009_russia_ukraine_gas_transit_dispute,7,case_2023_red_sea_attacks;case_hormuz_tanker_tensions;case_russia_ukraine_energy_shock;case_panama_canal_drought_shipping_capacity;case_2022_nord_stream_pipeline_sabotage;case_2023_arctic_lng_russian_energy_shipping_sanctions;case_2009_russia_ukraine_gas_transit_dispute,True,False,
evaluation_cases,eval_defense_supply_chain_escalation,eval_defense_supply_chain_escalation,logistics,5,case_2017_north_korea_missile_escalation;case_2022_ukraine_electricity_grid_attacks;case_black_sea_grain_export_disruption;case_2019_india_pakistan_airspace_closure;case_2011_libya_civil_war_oil_disruption,2,True,True,2,33,case_2021_suez_blockage;case_2023_red_sea_attacks;case_2018_2019_us_china_tariffs;case_panama_canal_drought_shipping_capacity;case_black_sea_grain_export_disruption;case_cyberattack_pipeline_port_infrastructure;case_2023_port_of_nagoya_cyberattack;case_2024_us_east_gulf_port_strike;case_2022_india_wheat_export_ban;case_2017_north_korea_missile_escalation;case_2019_india_pakistan_airspace_closure;case_2022_ukraine_electricity_grid_attacks;case_2023_niger_coup_uranium_supply_risk;case_2021_belarus_potash_sanctions;case_2021_xinjiang_forced_labor_import_restrictions;case_2024_ev_tariff_escalation_china;case_2017_notpetya_shipping_logistics_cyberattack;case_2023_black_sea_shipping_insurance_restrictions;case_2023_south_china_sea_shipping_tensions;case_2024_drc_cobalt_copper_mining_disruption;case_2023_mexico_nearshoring_cross_border_policy_risk;case_2021_myanmar_coup_supply_chain_disruption;case_1987_1988_tanker_war_reflagging;case_2008_somali_piracy_gulf_of_aden;case_2022_turkey_strait_tanker_insurance_backlog;case_2019_cosco_shipping_sanctions_tanker_market;case_2011_libya_civil_war_oil_disruption;case_2022_peru_mine_protests_copper_supply;case_2008_rice_export_restrictions_food_security;case_2022_russia_fertilizer_export_restrictions;case_2021_colonial_pipeline_ransomware;case_2023_dp_world_australia_cyber_port_disruption;case_2022_russia_airspace_closure_aviation_routes,28,case_2021_suez_blockage;case_2023_red_sea_attacks;case_2018_2019_us_china_tariffs;case_panama_canal_drought_shipping_capacity;case_cyberattack_pipeline_port_infrastructure;case_2023_port_of_nagoya_cyberattack;case_2024_us_east_gulf_port_strike;case_2022_india_wheat_export_ban;case_2023_niger_coup_uranium_supply_risk;case_2021_belarus_potash_sanctions;case_2021_xinjiang_forced_labor_import_restrictions;case_2024_ev_tariff_escalation_china;case_2017_notpetya_shipping_logistics_cyberattack;case_2023_black_sea_shipping_insurance_restrictions;case_2023_south_china_sea_shipping_tensions;case_2024_drc_cobalt_copper_mining_disruption;case_2023_mexico_nearshoring_cross_border_policy_risk;case_2021_myanmar_coup_supply_chain_disruption;case_1987_1988_tanker_war_reflagging;case_2008_somali_piracy_gulf_of_aden;case_2022_turkey_strait_tanker_insurance_backlog;case_2019_cosco_shipping_sanctions_tanker_market;case_2022_peru_mine_protests_copper_supply;case_2008_rice_export_restrictions_food_security;case_2022_russia_fertilizer_export_restrictions;case_2021_colonial_pipeline_ransomware;case_2023_dp_world_australia_cyber_port_disruption;case_2022_russia_airspace_closure_aviation_routes,False,False,
evaluation_cases,eval_defense_supply_chain_escalation,eval_defense_supply_chain_escalation,marine_insurance,1,case_israel_iran_escalation_energy_risk,2,False,True,0,12,case_2023_red_sea_attacks;case_hormuz_tanker_tensions;case_israel_iran_escalation_energy_risk;case_2018_iran_oil_sanctions_reimposition;case_2023_black_sea_shipping_insurance_restrictions;case_2023_south_china_sea_shipping_tensions;case_2023_arctic_lng_russian_energy_shipping_sanctions;case_1987_1988_tanker_war_reflagging;case_2008_somali_piracy_gulf_of_aden;case_2022_turkey_strait_tanker_insurance_backlog;case_2018_iran_swift_restrictions;case_2019_cosco_shipping_sanctions_tanker_market,11,case_2023_red_sea_attacks;case_hormuz_tanker_tensions;case_2018_iran_oil_sanctions_reimposition;case_2023_black_sea_shipping_insurance_restrictions;case_2023_south_china_sea_shipping_tensions;case_2023_arctic_lng_russian_energy_shipping_sanctions;case_1987_1988_tanker_war_reflagging;case_2008_somali_piracy_gulf_of_aden;case_2022_turkey_strait_tanker_insurance_backlog;case_2018_iran_swift_restrictions;case_2019_cosco_shipping_sanctions_tanker_market,True,False,
evaluation_cases,eval_defense_supply_chain_escalation,eval_defense_supply_chain_escalation,maritime_chokepoint,2,case_black_sea_grain_export_disruption;case_israel_iran_escalation_energy_risk,2,True,True,2,12,case_2021_suez_blockage;case_2023_red_sea_attacks;case_hormuz_tanker_tensions;case_panama_canal_drought_shipping_capacity;case_black_sea_grain_export_disruption;case_israel_iran_escalation_energy_risk;case_2023_black_sea_shipping_insurance_restrictions;case_2023_south_china_sea_shipping_tensions;case_2023_arctic_lng_russian_energy_shipping_sanctions;case_1987_1988_tanker_war_reflagging;case_2008_somali_piracy_gulf_of_aden;case_2022_turkey_strait_tanker_insurance_backlog,10,case_2021_suez_blockage;case_2023_red_sea_attacks;case_hormuz_tanker_tensions;case_panama_canal_drought_shipping_capacity;case_2023_black_sea_shipping_insurance_restrictions;case_2023_south_china_sea_shipping_tensions;case_2023_arctic_lng_russian_energy_shipping_sanctions;case_1987_1988_tanker_war_reflagging;case_2008_somali_piracy_gulf_of_aden;case_2022_turkey_strait_tanker_insurance_backlog,False,False,
evaluation_cases,eval_defense_supply_chain_escalation,eval_defense_supply_chain_escalation,oil_shipping,2,case_israel_iran_escalation_energy_risk;case_2011_libya_civil_war_oil_disruption,2,True,True,2,17,case_2023_red_sea_attacks;case_hormuz_tanker_tensions;case_middle_east_oil_supply_disruption;case_opec_production_cut_policy_shock;case_israel_iran_escalation_energy_risk;case_2020_opec_plus_production_cut;case_2022_abu_dhabi_oil_facility_attack;case_2018_iran_oil_sanctions_reimposition;case_2019_venezuela_oil_sanctions;case_2023_arctic_lng_russian_energy_shipping_sanctions;case_1987_1988_tanker_war_reflagging;case_2008_somali_piracy_gulf_of_aden;case_2022_turkey_strait_tanker_insurance_backlog;case_2018_iran_swift_restrictions;case_2019_cosco_shipping_sanctions_tanker_market;case_2011_libya_civil_war_oil_disruption;case_2024_ukraine_drone_attacks_russian_refineries,15,case_2023_red_sea_attacks;case_hormuz_tanker_tensions;case_middle_east_oil_supply_disruption;case_opec_production_cut_policy_shock;case_2020_opec_plus_production_cut;case_2022_abu_dhabi_oil_facility_attack;case_2018_iran_oil_sanctions_reimposition;case_2019_venezuela_oil_sanctions;case_2023_arctic_lng_russian_energy_shipping_sanctions;case_1987_1988_tanker_war_reflagging;case_2008_somali_piracy_gulf_of_aden;case_2022_turkey_strait_tanker_insurance_backlog;case_2018_iran_swift_restrictions;case_2019_cosco_shipping_sanctions_tanker_market;case_2024_ukraine_drone_attacks_russian_refineries,False,False,
evaluation_cases,eval_defense_supply_chain_escalation,eval_defense_supply_chain_escalation,petrochemicals,1,case_2011_libya_civil_war_oil_disruption,2,False,True,0,12,case_russia_ukraine_energy_shock;case_2022_gas_fertilizer_shock;case_middle_east_oil_supply_disruption;case_opec_production_cut_policy_shock;case_2020_opec_plus_production_cut;case_2022_abu_dhabi_oil_facility_attack;case_2018_iran_oil_sanctions_reimposition;case_2019_venezuela_oil_sanctions;case_2022_nord_stream_pipeline_sabotage;case_2009_russia_ukraine_gas_transit_dispute;case_2011_libya_civil_war_oil_disruption;case_2024_ukraine_drone_attacks_russian_refineries,11,case_russia_ukraine_energy_shock;case_2022_gas_fertilizer_shock;case_middle_east_oil_supply_disruption;case_opec_production_cut_policy_shock;case_2020_opec_plus_production_cut;case_2022_abu_dhabi_oil_facility_attack;case_2018_iran_oil_sanctions_reimposition;case_2019_venezuela_oil_sanctions;case_2022_nord_stream_pipeline_sabotage;case_2009_russia_ukraine_gas_transit_dispute;case_2024_ukraine_drone_attacks_russian_refineries,True,False,
evaluation_cases,eval_defense_supply_chain_escalation,eval_defense_supply_chain_escalation,pipeline_infrastructure,1,case_2022_ukraine_electricity_grid_attacks,2,False,True,0,6,case_cyberattack_pipeline_port_infrastructure;case_2022_nord_stream_pipeline_sabotage;case_2022_ukraine_electricity_grid_attacks;case_2009_russia_ukraine_gas_transit_dispute;case_2024_ukraine_drone_attacks_russian_refineries;case_2021_colonial_pipeline_ransomware,5,case_cyberattack_pipeline_port_infrastructure;case_2022_nord_stream_pipeline_sabotage;case_2009_russia_ukraine_gas_transit_dispute;case_2024_ukraine_drone_attacks_russian_refineries;case_2021_colonial_pipeline_ransomware,True,False,
evaluation_cases,eval_defense_supply_chain_escalation,eval_defense_supply_chain_escalation,refining,2,case_israel_iran_escalation_energy_risk;case_2011_libya_civil_war_oil_disruption,2,True,True,2,12,case_hormuz_tanker_tensions;case_russia_ukraine_energy_shock;case_middle_east_oil_supply_disruption;case_opec_production_cut_policy_shock;case_israel_iran_escalation_energy_risk;case_2020_opec_plus_production_cut;case_2022_abu_dhabi_oil_facility_attack;case_2018_iran_oil_sanctions_reimposition;case_2019_venezuela_oil_sanctions;case_2011_libya_civil_war_oil_disruption;case_2024_ukraine_drone_attacks_russian_refineries;case_2021_colonial_pipeline_ransomware,10,case_hormuz_tanker_tensions;case_russia_ukraine_energy_shock;case_middle_east_oil_supply_disruption;case_opec_production_cut_policy_shock;case_2020_opec_plus_production_cut;case_2022_abu_dhabi_oil_facility_attack;case_2018_iran_oil_sanctions_reimposition;case_2019_venezuela_oil_sanctions;case_2024_ukraine_drone_attacks_russian_refineries;case_2021_colonial_pipeline_ransomware,False,False,
evaluation_cases,eval_defense_supply_chain_escalation,eval_defense_supply_chain_escalation,trade_lanes,4,case_2017_north_korea_missile_escalation;case_2019_turkey_f35_s400_defense_restrictions;case_2019_india_pakistan_airspace_closure;case_2011_libya_civil_war_oil_disruption,2,True,True,2,31,case_2018_2019_us_china_tariffs;case_uranium_nuclear_fuel_supply_disruption;case_2022_russia_swift_financial_sanctions;case_2024_us_east_gulf_port_strike;case_2022_india_wheat_export_ban;case_2022_russia_aviation_supply_chain_sanctions;case_2017_north_korea_missile_escalation;case_2019_india_pakistan_airspace_closure;case_2023_niger_coup_uranium_supply_risk;case_2022_chile_lithium_policy_shift;case_2020_indonesia_nickel_export_ban;case_2021_belarus_potash_sanctions;case_2021_xinjiang_forced_labor_import_restrictions;case_2024_ev_tariff_escalation_china;case_2023_south_china_sea_shipping_tensions;case_2024_drc_cobalt_copper_mining_disruption;case_2023_mexico_nearshoring_cross_border_policy_risk;case_2023_eu_carbon_border_adjustment_mechanism;case_2021_myanmar_coup_supply_chain_disruption;case_2014_crimea_financial_sanctions;case_2018_iran_swift_restrictions;case_2019_cosco_shipping_sanctions_tanker_market;case_2009_russia_ukraine_gas_transit_dispute;case_2011_libya_civil_war_oil_disruption;case_2010_china_japan_rare_earth_embargo;case_2022_peru_mine_protests_copper_supply;case_2023_panama_cobre_mine_closure;case_2008_rice_export_restrictions_food_security;case_2022_russia_fertilizer_export_restrictions;case_2023_dp_world_australia_cyber_port_disruption;case_2019_turkey_f35_s400_defense_restrictions,27,case_2018_2019_us_china_tariffs;case_uranium_nuclear_fuel_supply_disruption;case_2022_russia_swift_financial_sanctions;case_2024_us_east_gulf_port_strike;case_2022_india_wheat_export_ban;case_2022_russia_aviation_supply_chain_sanctions;case_2023_niger_coup_uranium_supply_risk;case_2022_chile_lithium_policy_shift;case_2020_indonesia_nickel_export_ban;case_2021_belarus_potash_sanctions;case_2021_xinjiang_forced_labor_import_restrictions;case_2024_ev_tariff_escalation_china;case_2023_south_china_sea_shipping_tensions;case_2024_drc_cobalt_copper_mining_disruption;case_2023_mexico_nearshoring_cross_border_policy_risk;case_2023_eu_carbon_border_adjustment_mechanism;case_2021_myanmar_coup_supply_chain_disruption;case_2014_crimea_financial_sanctions;case_2018_iran_swift_restrictions;case_2019_cosco_shipping_sanctions_tanker_market;case_2009_russia_ukraine_gas_transit_dispute;case_2010_china_japan_rare_earth_embargo;case_2022_peru_mine_protests_copper_supply;case_2023_panama_cobre_mine_closure;case_2008_rice_export_restrictions_food_security;case_2022_russia_fertilizer_export_restrictions;case_2023_dp_world_australia_cyber_port_disruption,False,False,
evaluation_cases,eval_food_export_grain_restriction,eval_food_export_grain_restriction,container_shipping,3,case_2023_red_sea_attacks;case_panama_canal_drought_shipping_capacity;case_2021_suez_blockage,2,True,True,2,8,case_2021_suez_blockage;case_2023_red_sea_attacks;case_panama_canal_drought_shipping_capacity;case_2024_us_east_gulf_port_strike;case_2017_notpetya_shipping_logistics_cyberattack;case_2023_south_china_sea_shipping_tensions;case_2008_somali_piracy_gulf_of_aden;case_2023_dp_world_australia_cyber_port_disruption,5,case_2024_us_east_gulf_port_strike;case_2017_notpetya_shipping_logistics_cyberattack;case_2023_south_china_sea_shipping_tensions;case_2008_somali_piracy_gulf_of_aden;case_2023_dp_world_australia_cyber_port_disruption,False,False,
evaluation_cases,eval_food_export_grain_restriction,eval_food_export_grain_restriction,customs,5,case_2022_india_wheat_export_ban;case_2008_rice_export_restrictions_food_security;case_2022_russia_fertilizer_export_restrictions;case_2021_belarus_potash_sanctions;case_2014_crimea_financial_sanctions,2,True,True,2,32,case_2023_dutch_asml_controls;case_2019_huawei_entity_list;case_2018_2019_us_china_tariffs;case_china_gallium_germanium_graphite_controls;case_uranium_nuclear_fuel_supply_disruption;case_2022_russia_swift_financial_sanctions;case_2023_china_graphite_battery_export_controls;case_2022_india_wheat_export_ban;case_2022_russia_aviation_supply_chain_sanctions;case_2023_niger_coup_uranium_supply_risk;case_2022_chile_lithium_policy_shift;case_2020_indonesia_nickel_export_ban;case_2021_belarus_potash_sanctions;case_2021_xinjiang_forced_labor_import_restrictions;case_2024_ev_tariff_escalation_china;case_2024_drc_cobalt_copper_mining_disruption;case_2023_mexico_nearshoring_cross_border_policy_risk;case_2023_eu_carbon_border_adjustment_mechanism;case_2021_myanmar_coup_supply_chain_disruption;case_2022_turkey_strait_tanker_insurance_backlog;case_2014_crimea_financial_sanctions;case_2018_iran_swift_restrictions;case_2019_cosco_shipping_sanctions_tanker_market;case_2010_china_japan_rare_earth_embargo;case_2022_peru_mine_protests_copper_supply;case_2023_panama_cobre_mine_closure;case_2008_rice_export_restrictions_food_security;case_2022_russia_fertilizer_export_restrictions;case_2020_smic_entity_list_semiconductor_controls;case_2023_japan_chip_equipment_export_controls;case_2019_turkey_f35_s400_defense_restrictions;case_2022_russia_airspace_closure_aviation_routes,27,case_2023_dutch_asml_controls;case_2019_huawei_entity_list;case_2018_2019_us_china_tariffs;case_china_gallium_germanium_graphite_controls;case_uranium_nuclear_fuel_supply_disruption;case_2022_russia_swift_financial_sanctions;case_2023_china_graphite_battery_export_controls;case_2022_russia_aviation_supply_chain_sanctions;case_2023_niger_coup_uranium_supply_risk;case_2022_chile_lithium_policy_shift;case_2020_indonesia_nickel_export_ban;case_2021_xinjiang_forced_labor_import_restrictions;case_2024_ev_tariff_escalation_china;case_2024_drc_cobalt_copper_mining_disruption;case_2023_mexico_nearshoring_cross_border_policy_risk;case_2023_eu_carbon_border_adjustment_mechanism;case_2021_myanmar_coup_supply_chain_disruption;case_2022_turkey_strait_tanker_insurance_backlog;case_2018_iran_swift_restrictions;case_2019_cosco_shipping_sanctions_tanker_market;case_2010_china_japan_rare_earth_embargo;case_2022_peru_mine_protests_copper_supply;case_2023_panama_cobre_mine_closure;case_2020_smic_entity_list_semiconductor_controls;case_2023_japan_chip_equipment_export_controls;case_2019_turkey_f35_s400_defense_restrictions;case_2022_russia_airspace_closure_aviation_routes,False,False,
evaluation_cases,eval_food_export_grain_restriction,eval_food_export_grain_restriction,energy,3,case_2022_russia_fertilizer_export_restrictions;case_2014_crimea_financial_sanctions;case_2021_suez_blockage,2,True,True,2,28,case_2021_suez_blockage;case_hormuz_tanker_tensions;case_russia_ukraine_energy_shock;case_2022_gas_fertilizer_shock;case_middle_east_oil_supply_disruption;case_rare_earth_export_restriction_risk;case_opec_production_cut_policy_shock;case_israel_iran_escalation_energy_risk;case_cyberattack_pipeline_port_infrastructure;case_uranium_nuclear_fuel_supply_disruption;case_2022_russia_swift_financial_sanctions;case_2020_opec_plus_production_cut;case_2022_abu_dhabi_oil_facility_attack;case_2018_iran_oil_sanctions_reimposition;case_2019_venezuela_oil_sanctions;case_2022_nord_stream_pipeline_sabotage;case_2022_ukraine_electricity_grid_attacks;case_2023_niger_coup_uranium_supply_risk;case_2023_eu_carbon_border_adjustment_mechanism;case_2023_arctic_lng_russian_energy_shipping_sanctions;case_1987_1988_tanker_war_reflagging;case_2014_crimea_financial_sanctions;case_2009_russia_ukraine_gas_transit_dispute;case_2011_libya_civil_war_oil_disruption;case_2024_ukraine_drone_attacks_russian_refineries;case_2022_russia_fertilizer_export_restrictions;case_2021_colonial_pipeline_ransomware;case_2022_russia_airspace_closure_aviation_routes,25,case_hormuz_tanker_tensions;case_russia_ukraine_energy_shock;case_2022_gas_fertilizer_shock;case_middle_east_oil_supply_disruption;case_rare_earth_export_restriction_risk;case_opec_production_cut_policy_shock;case_israel_iran_escalation_energy_risk;case_cyberattack_pipeline_port_infrastructure;case_uranium_nuclear_fuel_supply_disruption;case_2022_russia_swift_financial_sanctions;case_2020_opec_plus_production_cut;case_2022_abu_dhabi_oil_facility_attack;case_2018_iran_oil_sanctions_reimposition;case_2019_venezuela_oil_sanctions;case_2022_nord_stream_pipeline_sabotage;case_2022_ukraine_electricity_grid_attacks;case_2023_niger_coup_uranium_supply_risk;case_2023_eu_carbon_border_adjustment_mechanism;case_2023_arctic_lng_russian_energy_shipping_sanctions;case_1987_1988_tanker_war_reflagging;case_2009_russia_ukraine_gas_transit_dispute;case_2011_libya_civil_war_oil_disruption;case_2024_ukraine_drone_attacks_russian_refineries;case_2021_colonial_pipeline_ransomware;case_2022_russia_airspace_closure_aviation_routes,False,False,
evaluation_cases,eval_food_export_grain_restriction,eval_food_export_grain_restriction,financial_sanctions,1,case_2014_crimea_financial_sanctions,2,False,True,0,8,case_2022_russia_swift_financial_sanctions;case_2018_iran_oil_sanctions_reimposition;case_2019_venezuela_oil_sanctions;case_2023_arctic_lng_russian_energy_shipping_sanctions;case_2022_turkey_strait_tanker_insurance_backlog;case_2014_crimea_financial_sanctions;case_2018_iran_swift_restrictions;case_2019_cosco_shipping_sanctions_tanker_market,7,case_2022_russia_swift_financial_sanctions;case_2018_iran_oil_sanctions_reimposition;case_2019_venezuela_oil_sanctions;case_2023_arctic_lng_russian_energy_shipping_sanctions;case_2022_turkey_strait_tanker_insurance_backlog;case_2018_iran_swift_restrictions;case_2019_cosco_shipping_sanctions_tanker_market,True,False,
evaluation_cases,eval_food_export_grain_restriction,eval_food_export_grain_restriction,food_export_controls,2,case_2022_india_wheat_export_ban;case_2008_rice_export_restrictions_food_security,2,True,True,2,2,case_2022_india_wheat_export_ban;case_2008_rice_export_restrictions_food_security,0,,False,False,
evaluation_cases,eval_food_export_grain_restriction,eval_food_export_grain_restriction,lng_shipping,2,case_2023_red_sea_attacks;case_panama_canal_drought_shipping_capacity,2,True,True,2,8,case_2023_red_sea_attacks;case_hormuz_tanker_tensions;case_russia_ukraine_energy_shock;case_panama_canal_drought_shipping_capacity;case_israel_iran_escalation_energy_risk;case_2022_nord_stream_pipeline_sabotage;case_2023_arctic_lng_russian_energy_shipping_sanctions;case_2009_russia_ukraine_gas_transit_dispute,6,case_hormuz_tanker_tensions;case_russia_ukraine_energy_shock;case_israel_iran_escalation_energy_risk;case_2022_nord_stream_pipeline_sabotage;case_2023_arctic_lng_russian_energy_shipping_sanctions;case_2009_russia_ukraine_gas_transit_dispute,False,False,
evaluation_cases,eval_food_export_grain_restriction,eval_food_export_grain_restriction,manufacturing_inputs,1,case_2014_crimea_financial_sanctions,2,False,True,0,34,case_russia_ukraine_energy_shock;case_2019_huawei_entity_list;case_2018_2019_us_china_tariffs;case_2022_gas_fertilizer_shock;case_taiwan_strait_semiconductor_risk;case_rare_earth_export_restriction_risk;case_china_gallium_germanium_graphite_controls;case_defense_spending_shock_after_escalation;case_uranium_nuclear_fuel_supply_disruption;case_2023_port_of_nagoya_cyberattack;case_2023_middle_east_defense_supply_escalation;case_2023_china_graphite_battery_export_controls;case_2022_russia_aviation_supply_chain_sanctions;case_2017_north_korea_missile_escalation;case_2019_india_pakistan_airspace_closure;case_2022_nord_stream_pipeline_sabotage;case_2022_ukraine_electricity_grid_attacks;case_2022_chile_lithium_policy_shift;case_2020_indonesia_nickel_export_ban;case_2021_xinjiang_forced_labor_import_restrictions;case_2024_ev_tariff_escalation_china;case_2017_notpetya_shipping_logistics_cyberattack;case_2024_drc_cobalt_copper_mining_disruption;case_2023_mexico_nearshoring_cross_border_policy_risk;case_2023_eu_carbon_border_adjustment_mechanism;case_2021_myanmar_coup_supply_chain_disruption;case_2014_crimea_financial_sanctions;case_2009_russia_ukraine_gas_transit_dispute;case_2010_china_japan_rare_earth_embargo;case_2022_peru_mine_protests_copper_supply;case_2023_panama_cobre_mine_closure;case_2020_smic_entity_list_semiconductor_controls;case_2023_japan_chip_equipment_export_controls;case_2019_turkey_f35_s400_defense_restrictions,33,case_russia_ukraine_energy_shock;case_2019_huawei_entity_list;case_2018_2019_us_china_tariffs;case_2022_gas_fertilizer_shock;case_taiwan_strait_semiconductor_risk;case_rare_earth_export_restriction_risk;case_china_gallium_germanium_graphite_controls;case_defense_spending_shock_after_escalation;case_uranium_nuclear_fuel_supply_disruption;case_2023_port_of_nagoya_cyberattack;case_2023_middle_east_defense_supply_escalation;case_2023_china_graphite_battery_export_controls;case_2022_russia_aviation_supply_chain_sanctions;case_2017_north_korea_missile_escalation;case_2019_india_pakistan_airspace_closure;case_2022_nord_stream_pipeline_sabotage;case_2022_ukraine_electricity_grid_attacks;case_2022_chile_lithium_policy_shift;case_2020_indonesia_nickel_export_ban;case_2021_xinjiang_forced_labor_import_restrictions;case_2024_ev_tariff_escalation_china;case_2017_notpetya_shipping_logistics_cyberattack;case_2024_drc_cobalt_copper_mining_disruption;case_2023_mexico_nearshoring_cross_border_policy_risk;case_2023_eu_carbon_border_adjustment_mechanism;case_2021_myanmar_coup_supply_chain_disruption;case_2009_russia_ukraine_gas_transit_dispute;case_2010_china_japan_rare_earth_embargo;case_2022_peru_mine_protests_copper_supply;case_2023_panama_cobre_mine_closure;case_2020_smic_entity_list_semiconductor_controls;case_2023_japan_chip_equipment_export_controls;case_2019_turkey_f35_s400_defense_restrictions,True,False,
evaluation_cases,eval_food_export_grain_restriction,eval_food_export_grain_restriction,marine_insurance,2,case_2023_black_sea_shipping_insurance_restrictions;case_2023_red_sea_attacks,2,True,True,2,12,case_2023_red_sea_attacks;case_hormuz_tanker_tensions;case_israel_iran_escalation_energy_risk;case_2018_iran_oil_sanctions_reimposition;case_2023_black_sea_shipping_insurance_restrictions;case_2023_south_china_sea_shipping_tensions;case_2023_arctic_lng_russian_energy_shipping_sanctions;case_1987_1988_tanker_war_reflagging;case_2008_somali_piracy_gulf_of_aden;case_2022_turkey_strait_tanker_insurance_backlog;case_2018_iran_swift_restrictions;case_2019_cosco_shipping_sanctions_tanker_market,10,case_hormuz_tanker_tensions;case_israel_iran_escalation_energy_risk;case_2018_iran_oil_sanctions_reimposition;case_2023_south_china_sea_shipping_tensions;case_2023_arctic_lng_russian_energy_shipping_sanctions;case_1987_1988_tanker_war_reflagging;case_2008_somali_piracy_gulf_of_aden;case_2022_turkey_strait_tanker_insurance_backlog;case_2018_iran_swift_restrictions;case_2019_cosco_shipping_sanctions_tanker_market,False,False,
evaluation_cases,eval_food_export_grain_restriction,eval_food_export_grain_restriction,oil_shipping,1,case_2023_red_sea_attacks,2,False,True,0,17,case_2023_red_sea_attacks;case_hormuz_tanker_tensions;case_middle_east_oil_supply_disruption;case_opec_production_cut_policy_shock;case_israel_iran_escalation_energy_risk;case_2020_opec_plus_production_cut;case_2022_abu_dhabi_oil_facility_attack;case_2018_iran_oil_sanctions_reimposition;case_2019_venezuela_oil_sanctions;case_2023_arctic_lng_russian_energy_shipping_sanctions;case_1987_1988_tanker_war_reflagging;case_2008_somali_piracy_gulf_of_aden;case_2022_turkey_strait_tanker_insurance_backlog;case_2018_iran_swift_restrictions;case_2019_cosco_shipping_sanctions_tanker_market;case_2011_libya_civil_war_oil_disruption;case_2024_ukraine_drone_attacks_russian_refineries,16,case_hormuz_tanker_tensions;case_middle_east_oil_supply_disruption;case_opec_production_cut_policy_shock;case_israel_iran_escalation_energy_risk;case_2020_opec_plus_production_cut;case_2022_abu_dhabi_oil_facility_attack;case_2018_iran_oil_sanctions_reimposition;case_2019_venezuela_oil_sanctions;case_2023_arctic_lng_russian_energy_shipping_sanctions;case_1987_1988_tanker_war_reflagging;case_2008_somali_piracy_gulf_of_aden;case_2022_turkey_strait_tanker_insurance_backlog;case_2018_iran_swift_restrictions;case_2019_cosco_shipping_sanctions_tanker_market;case_2011_libya_civil_war_oil_disruption;case_2024_ukraine_drone_attacks_russian_refineries,True,False,
evaluation_cases,eval_food_export_grain_restriction,eval_food_export_grain_restriction,panama_canal,1,case_panama_canal_drought_shipping_capacity,2,False,True,0,1,case_panama_canal_drought_shipping_capacity,0,,False,False,
evaluation_cases,eval_food_export_grain_restriction,eval_food_export_grain_restriction,payment_networks,1,case_2014_crimea_financial_sanctions,2,False,True,0,7,case_2022_russia_swift_financial_sanctions;case_2018_iran_oil_sanctions_reimposition;case_2019_venezuela_oil_sanctions;case_2023_arctic_lng_russian_energy_shipping_sanctions;case_2014_crimea_financial_sanctions;case_2018_iran_swift_restrictions;case_2019_cosco_shipping_sanctions_tanker_market,6,case_2022_russia_swift_financial_sanctions;case_2018_iran_oil_sanctions_reimposition;case_2019_venezuela_oil_sanctions;case_2023_arctic_lng_russian_energy_shipping_sanctions;case_2018_iran_swift_restrictions;case_2019_cosco_shipping_sanctions_tanker_market,True,False,
evaluation_cases,eval_food_export_grain_restriction,eval_food_export_grain_restriction,ports,1,case_2021_suez_blockage,2,False,True,0,9,case_2021_suez_blockage;case_cyberattack_pipeline_port_infrastructure;case_2023_port_of_nagoya_cyberattack;case_2024_us_east_gulf_port_strike;case_2017_notpetya_shipping_logistics_cyberattack;case_2023_mexico_nearshoring_cross_border_policy_risk;case_2021_myanmar_coup_supply_chain_disruption;case_2023_panama_cobre_mine_closure;case_2023_dp_world_australia_cyber_port_disruption,8,case_cyberattack_pipeline_port_infrastructure;case_2023_port_of_nagoya_cyberattack;case_2024_us_east_gulf_port_strike;case_2017_notpetya_shipping_logistics_cyberattack;case_2023_mexico_nearshoring_cross_border_policy_risk;case_2021_myanmar_coup_supply_chain_disruption;case_2023_panama_cobre_mine_closure;case_2023_dp_world_australia_cyber_port_disruption,True,False,
evaluation_cases,eval_food_export_grain_restriction,eval_food_export_grain_restriction,trade_lanes,5,case_2022_india_wheat_export_ban;case_2008_rice_export_restrictions_food_security;case_2022_russia_fertilizer_export_restrictions;case_2021_belarus_potash_sanctions;case_2014_crimea_financial_sanctions,2,True,True,2,31,case_2018_2019_us_china_tariffs;case_uranium_nuclear_fuel_supply_disruption;case_2022_russia_swift_financial_sanctions;case_2024_us_east_gulf_port_strike;case_2022_india_wheat_export_ban;case_2022_russia_aviation_supply_chain_sanctions;case_2017_north_korea_missile_escalation;case_2019_india_pakistan_airspace_closure;case_2023_niger_coup_uranium_supply_risk;case_2022_chile_lithium_policy_shift;case_2020_indonesia_nickel_export_ban;case_2021_belarus_potash_sanctions;case_2021_xinjiang_forced_labor_import_restrictions;case_2024_ev_tariff_escalation_china;case_2023_south_china_sea_shipping_tensions;case_2024_drc_cobalt_copper_mining_disruption;case_2023_mexico_nearshoring_cross_border_policy_risk;case_2023_eu_carbon_border_adjustment_mechanism;case_2021_myanmar_coup_supply_chain_disruption;case_2014_crimea_financial_sanctions;case_2018_iran_swift_restrictions;case_2019_cosco_shipping_sanctions_tanker_market;case_2009_russia_ukraine_gas_transit_dispute;case_2011_libya_civil_war_oil_disruption;case_2010_china_japan_rare_earth_embargo;case_2022_peru_mine_protests_copper_supply;case_2023_panama_cobre_mine_closure;case_2008_rice_export_restrictions_food_security;case_2022_russia_fertilizer_export_restrictions;case_2023_dp_world_australia_cyber_port_disruption;case_2019_turkey_f35_s400_defense_restrictions,26,case_2018_2019_us_china_tariffs;case_uranium_nuclear_fuel_supply_disruption;case_2022_russia_swift_financial_sanctions;case_2024_us_east_gulf_port_strike;case_2022_russia_aviation_supply_chain_sanctions;case_2017_north_korea_missile_escalation;case_2019_india_pakistan_airspace_closure;case_2023_niger_coup_uranium_supply_risk;case_2022_chile_lithium_policy_shift;case_2020_indonesia_nickel_export_ban;case_2021_xinjiang_forced_labor_import_restrictions;case_2024_ev_tariff_escalation_china;case_2023_south_china_sea_shipping_tensions;case_2024_drc_cobalt_copper_mining_disruption;case_2023_mexico_nearshoring_cross_border_policy_risk;case_2023_eu_carbon_border_adjustment_mechanism;case_2021_myanmar_coup_supply_chain_disruption;case_2018_iran_swift_restrictions;case_2019_cosco_shipping_sanctions_tanker_market;case_2009_russia_ukraine_gas_transit_dispute;case_2011_libya_civil_war_oil_disruption;case_2010_china_japan_rare_earth_embargo;case_2022_peru_mine_protests_copper_supply;case_2023_panama_cobre_mine_closure;case_2023_dp_world_australia_cyber_port_disruption;case_2019_turkey_f35_s400_defense_restrictions,False,False,
hard_evaluation_cases,hard_red_sea_paraphrased_vessel_rerouting,hard_red_sea_paraphrased_vessel_rerouting,aviation,2,case_2022_abu_dhabi_oil_facility_attack;case_middle_east_oil_supply_disruption,2,False,True,0,11,case_middle_east_oil_supply_disruption;case_opec_production_cut_policy_shock;case_2020_opec_plus_production_cut;case_2022_abu_dhabi_oil_facility_attack;case_2022_russia_aviation_supply_chain_sanctions;case_2017_north_korea_missile_escalation;case_2019_india_pakistan_airspace_closure;case_2011_libya_civil_war_oil_disruption;case_2024_ukraine_drone_attacks_russian_refineries;case_2021_colonial_pipeline_ransomware;case_2022_russia_airspace_closure_aviation_routes,9,case_opec_production_cut_policy_shock;case_2020_opec_plus_production_cut;case_2022_russia_aviation_supply_chain_sanctions;case_2017_north_korea_missile_escalation;case_2019_india_pakistan_airspace_closure;case_2011_libya_civil_war_oil_disruption;case_2024_ukraine_drone_attacks_russian_refineries;case_2021_colonial_pipeline_ransomware;case_2022_russia_airspace_closure_aviation_routes,False,False,
hard_evaluation_cases,hard_red_sea_paraphrased_vessel_rerouting,hard_red_sea_paraphrased_vessel_rerouting,container_shipping,4,case_2023_red_sea_attacks;case_2008_somali_piracy_gulf_of_aden;case_2023_south_china_sea_shipping_tensions;case_2021_suez_blockage,2,False,True,0,8,case_2021_suez_blockage;case_2023_red_sea_attacks;case_panama_canal_drought_shipping_capacity;case_2024_us_east_gulf_port_strike;case_2017_notpetya_shipping_logistics_cyberattack;case_2023_south_china_sea_shipping_tensions;case_2008_somali_piracy_gulf_of_aden;case_2023_dp_world_australia_cyber_port_disruption,4,case_panama_canal_drought_shipping_capacity;case_2024_us_east_gulf_port_strike;case_2017_notpetya_shipping_logistics_cyberattack;case_2023_dp_world_australia_cyber_port_disruption,False,False,
hard_evaluation_cases,hard_red_sea_paraphrased_vessel_rerouting,hard_red_sea_paraphrased_vessel_rerouting,customs,2,case_2022_turkey_strait_tanker_insurance_backlog;case_2019_cosco_shipping_sanctions_tanker_market,2,False,True,0,32,case_2023_dutch_asml_controls;case_2019_huawei_entity_list;case_2018_2019_us_china_tariffs;case_china_gallium_germanium_graphite_controls;case_uranium_nuclear_fuel_supply_disruption;case_2022_russia_swift_financial_sanctions;case_2023_china_graphite_battery_export_controls;case_2022_india_wheat_export_ban;case_2022_russia_aviation_supply_chain_sanctions;case_2023_niger_coup_uranium_supply_risk;case_2022_chile_lithium_policy_shift;case_2020_indonesia_nickel_export_ban;case_2021_belarus_potash_sanctions;case_2021_xinjiang_forced_labor_import_restrictions;case_2024_ev_tariff_escalation_china;case_2024_drc_cobalt_copper_mining_disruption;case_2023_mexico_nearshoring_cross_border_policy_risk;case_2023_eu_carbon_border_adjustment_mechanism;case_2021_myanmar_coup_supply_chain_disruption;case_2022_turkey_strait_tanker_insurance_backlog;case_2014_crimea_financial_sanctions;case_2018_iran_swift_restrictions;case_2019_cosco_shipping_sanctions_tanker_market;case_2010_china_japan_rare_earth_embargo;case_2022_peru_mine_protests_copper_supply;case_2023_panama_cobre_mine_closure;case_2008_rice_export_restrictions_food_security;case_2022_russia_fertilizer_export_restrictions;case_2020_smic_entity_list_semiconductor_controls;case_2023_japan_chip_equipment_export_controls;case_2019_turkey_f35_s400_defense_restrictions;case_2022_russia_airspace_closure_aviation_routes,30,case_2023_dutch_asml_controls;case_2019_huawei_entity_list;case_2018_2019_us_china_tariffs;case_china_gallium_germanium_graphite_controls;case_uranium_nuclear_fuel_supply_disruption;case_2022_russia_swift_financial_sanctions;case_2023_china_graphite_battery_export_controls;case_2022_india_wheat_export_ban;case_2022_russia_aviation_supply_chain_sanctions;case_2023_niger_coup_uranium_supply_risk;case_2022_chile_lithium_policy_shift;case_2020_indonesia_nickel_export_ban;case_2021_belarus_potash_sanctions;case_2021_xinjiang_forced_labor_import_restrictions;case_2024_ev_tariff_escalation_china;case_2024_drc_cobalt_copper_mining_disruption;case_2023_mexico_nearshoring_cross_border_policy_risk;case_2023_eu_carbon_border_adjustment_mechanism;case_2021_myanmar_coup_supply_chain_disruption;case_2014_crimea_financial_sanctions;case_2018_iran_swift_restrictions;case_2010_china_japan_rare_earth_embargo;case_2022_peru_mine_protests_copper_supply;case_2023_panama_cobre_mine_closure;case_2008_rice_export_restrictions_food_security;case_2022_russia_fertilizer_export_restrictions;case_2020_smic_entity_list_semiconductor_controls;case_2023_japan_chip_equipment_export_controls;case_2019_turkey_f35_s400_defense_restrictions;case_2022_russia_airspace_closure_aviation_routes,False,False,
hard_evaluation_cases,hard_red_sea_paraphrased_vessel_rerouting,hard_red_sea_paraphrased_vessel_rerouting,defense,3,case_2022_abu_dhabi_oil_facility_attack;case_1987_1988_tanker_war_reflagging;case_2023_south_china_sea_shipping_tensions,2,False,True,0,15,case_taiwan_strait_semiconductor_risk;case_rare_earth_export_restriction_risk;case_israel_iran_escalation_energy_risk;case_defense_spending_shock_after_escalation;case_2023_middle_east_defense_supply_escalation;case_2024_taiwan_strait_drills_semiconductor_supply;case_2022_abu_dhabi_oil_facility_attack;case_2022_russia_aviation_supply_chain_sanctions;case_2017_north_korea_missile_escalation;case_2019_india_pakistan_airspace_closure;case_2022_ukraine_electricity_grid_attacks;case_2023_south_china_sea_shipping_tensions;case_1987_1988_tanker_war_reflagging;case_2010_china_japan_rare_earth_embargo;case_2019_turkey_f35_s400_defense_restrictions,12,case_taiwan_strait_semiconductor_risk;case_rare_earth_export_restriction_risk;case_israel_iran_escalation_energy_risk;case_defense_spending_shock_after_escalation;case_2023_middle_east_defense_supply_escalation;case_2024_taiwan_strait_drills_semiconductor_supply;case_2022_russia_aviation_supply_chain_sanctions;case_2017_north_korea_missile_escalation;case_2019_india_pakistan_airspace_closure;case_2022_ukraine_electricity_grid_attacks;case_2010_china_japan_rare_earth_embargo;case_2019_turkey_f35_s400_defense_restrictions,False,False,
hard_evaluation_cases,hard_red_sea_paraphrased_vessel_rerouting,hard_red_sea_paraphrased_vessel_rerouting,energy,5,case_2022_abu_dhabi_oil_facility_attack;case_1987_1988_tanker_war_reflagging;case_middle_east_oil_supply_disruption;case_hormuz_tanker_tensions;case_2021_suez_blockage,2,False,True,0,28,case_2021_suez_blockage;case_hormuz_tanker_tensions;case_russia_ukraine_energy_shock;case_2022_gas_fertilizer_shock;case_middle_east_oil_supply_disruption;case_rare_earth_export_restriction_risk;case_opec_production_cut_policy_shock;case_israel_iran_escalation_energy_risk;case_cyberattack_pipeline_port_infrastructure;case_uranium_nuclear_fuel_supply_disruption;case_2022_russia_swift_financial_sanctions;case_2020_opec_plus_production_cut;case_2022_abu_dhabi_oil_facility_attack;case_2018_iran_oil_sanctions_reimposition;case_2019_venezuela_oil_sanctions;case_2022_nord_stream_pipeline_sabotage;case_2022_ukraine_electricity_grid_attacks;case_2023_niger_coup_uranium_supply_risk;case_2023_eu_carbon_border_adjustment_mechanism;case_2023_arctic_lng_russian_energy_shipping_sanctions;case_1987_1988_tanker_war_reflagging;case_2014_crimea_financial_sanctions;case_2009_russia_ukraine_gas_transit_dispute;case_2011_libya_civil_war_oil_disruption;case_2024_ukraine_drone_attacks_russian_refineries;case_2022_russia_fertilizer_export_restrictions;case_2021_colonial_pipeline_ransomware;case_2022_russia_airspace_closure_aviation_routes,23,case_russia_ukraine_energy_shock;case_2022_gas_fertilizer_shock;case_rare_earth_export_restriction_risk;case_opec_production_cut_policy_shock;case_israel_iran_escalation_energy_risk;case_cyberattack_pipeline_port_infrastructure;case_uranium_nuclear_fuel_supply_disruption;case_2022_russia_swift_financial_sanctions;case_2020_opec_plus_production_cut;case_2018_iran_oil_sanctions_reimposition;case_2019_venezuela_oil_sanctions;case_2022_nord_stream_pipeline_sabotage;case_2022_ukraine_electricity_grid_attacks;case_2023_niger_coup_uranium_supply_risk;case_2023_eu_carbon_border_adjustment_mechanism;case_2023_arctic_lng_russian_energy_shipping_sanctions;case_2014_crimea_financial_sanctions;case_2009_russia_ukraine_gas_transit_dispute;case_2011_libya_civil_war_oil_disruption;case_2024_ukraine_drone_attacks_russian_refineries;case_2022_russia_fertilizer_export_restrictions;case_2021_colonial_pipeline_ransomware;case_2022_russia_airspace_closure_aviation_routes,False,False,
hard_evaluation_cases,hard_red_sea_paraphrased_vessel_rerouting,hard_red_sea_paraphrased_vessel_rerouting,financial_sanctions,2,case_2022_turkey_strait_tanker_insurance_backlog;case_2019_cosco_shipping_sanctions_tanker_market,2,False,True,0,8,case_2022_russia_swift_financial_sanctions;case_2018_iran_oil_sanctions_reimposition;case_2019_venezuela_oil_sanctions;case_2023_arctic_lng_russian_energy_shipping_sanctions;case_2022_turkey_strait_tanker_insurance_backlog;case_2014_crimea_financial_sanctions;case_2018_iran_swift_restrictions;case_2019_cosco_shipping_sanctions_tanker_market,6,case_2022_russia_swift_financial_sanctions;case_2018_iran_oil_sanctions_reimposition;case_2019_venezuela_oil_sanctions;case_2023_arctic_lng_russian_energy_shipping_sanctions;case_2014_crimea_financial_sanctions;case_2018_iran_swift_restrictions,False,False,
hard_evaluation_cases,hard_red_sea_paraphrased_vessel_rerouting,hard_red_sea_paraphrased_vessel_rerouting,freight_routes,6,case_2023_red_sea_attacks;case_1987_1988_tanker_war_reflagging;case_2008_somali_piracy_gulf_of_aden;case_2022_turkey_strait_tanker_insurance_backlog;case_2023_south_china_sea_shipping_tensions;case_2021_suez_blockage,2,False,True,0,19,case_2021_suez_blockage;case_2023_red_sea_attacks;case_panama_canal_drought_shipping_capacity;case_black_sea_grain_export_disruption;case_cyberattack_pipeline_port_infrastructure;case_2023_port_of_nagoya_cyberattack;case_2024_us_east_gulf_port_strike;case_2019_india_pakistan_airspace_closure;case_2021_belarus_potash_sanctions;case_2017_notpetya_shipping_logistics_cyberattack;case_2023_black_sea_shipping_insurance_restrictions;case_2023_south_china_sea_shipping_tensions;case_2023_mexico_nearshoring_cross_border_policy_risk;case_1987_1988_tanker_war_reflagging;case_2008_somali_piracy_gulf_of_aden;case_2022_turkey_strait_tanker_insurance_backlog;case_2021_colonial_pipeline_ransomware;case_2023_dp_world_australia_cyber_port_disruption;case_2022_russia_airspace_closure_aviation_routes,13,case_panama_canal_drought_shipping_capacity;case_black_sea_grain_export_disruption;case_cyberattack_pipeline_port_infrastructure;case_2023_port_of_nagoya_cyberattack;case_2024_us_east_gulf_port_strike;case_2019_india_pakistan_airspace_closure;case_2021_belarus_potash_sanctions;case_2017_notpetya_shipping_logistics_cyberattack;case_2023_black_sea_shipping_insurance_restrictions;case_2023_mexico_nearshoring_cross_border_policy_risk;case_2021_colonial_pipeline_ransomware;case_2023_dp_world_australia_cyber_port_disruption;case_2022_russia_airspace_closure_aviation_routes,False,False,
hard_evaluation_cases,hard_red_sea_paraphrased_vessel_rerouting,hard_red_sea_paraphrased_vessel_rerouting,lng_shipping,2,case_2023_red_sea_attacks;case_hormuz_tanker_tensions,2,False,True,0,8,case_2023_red_sea_attacks;case_hormuz_tanker_tensions;case_russia_ukraine_energy_shock;case_panama_canal_drought_shipping_capacity;case_israel_iran_escalation_energy_risk;case_2022_nord_stream_pipeline_sabotage;case_2023_arctic_lng_russian_energy_shipping_sanctions;case_2009_russia_ukraine_gas_transit_dispute,6,case_russia_ukraine_energy_shock;case_panama_canal_drought_shipping_capacity;case_israel_iran_escalation_energy_risk;case_2022_nord_stream_pipeline_sabotage;case_2023_arctic_lng_russian_energy_shipping_sanctions;case_2009_russia_ukraine_gas_transit_dispute,False,False,
hard_evaluation_cases,hard_red_sea_paraphrased_vessel_rerouting,hard_red_sea_paraphrased_vessel_rerouting,logistics,7,case_2023_red_sea_attacks;case_1987_1988_tanker_war_reflagging;case_2008_somali_piracy_gulf_of_aden;case_2022_turkey_strait_tanker_insurance_backlog;case_2019_cosco_shipping_sanctions_tanker_market;case_2023_south_china_sea_shipping_tensions;case_2021_suez_blockage,2,False,True,0,33,case_2021_suez_blockage;case_2023_red_sea_attacks;case_2018_2019_us_china_tariffs;case_panama_canal_drought_shipping_capacity;case_black_sea_grain_export_disruption;case_cyberattack_pipeline_port_infrastructure;case_2023_port_of_nagoya_cyberattack;case_2024_us_east_gulf_port_strike;case_2022_india_wheat_export_ban;case_2017_north_korea_missile_escalation;case_2019_india_pakistan_airspace_closure;case_2022_ukraine_electricity_grid_attacks;case_2023_niger_coup_uranium_supply_risk;case_2021_belarus_potash_sanctions;case_2021_xinjiang_forced_labor_import_restrictions;case_2024_ev_tariff_escalation_china;case_2017_notpetya_shipping_logistics_cyberattack;case_2023_black_sea_shipping_insurance_restrictions;case_2023_south_china_sea_shipping_tensions;case_2024_drc_cobalt_copper_mining_disruption;case_2023_mexico_nearshoring_cross_border_policy_risk;case_2021_myanmar_coup_supply_chain_disruption;case_1987_1988_tanker_war_reflagging;case_2008_somali_piracy_gulf_of_aden;case_2022_turkey_strait_tanker_insurance_backlog;case_2019_cosco_shipping_sanctions_tanker_market;case_2011_libya_civil_war_oil_disruption;case_2022_peru_mine_protests_copper_supply;case_2008_rice_export_restrictions_food_security;case_2022_russia_fertilizer_export_restrictions;case_2021_colonial_pipeline_ransomware;case_2023_dp_world_australia_cyber_port_disruption;case_2022_russia_airspace_closure_aviation_routes,26,case_2018_2019_us_china_tariffs;case_panama_canal_drought_shipping_capacity;case_black_sea_grain_export_disruption;case_cyberattack_pipeline_port_infrastructure;case_2023_port_of_nagoya_cyberattack;case_2024_us_east_gulf_port_strike;case_2022_india_wheat_export_ban;case_2017_north_korea_missile_escalation;case_2019_india_pakistan_airspace_closure;case_2022_ukraine_electricity_grid_attacks;case_2023_niger_coup_uranium_supply_risk;case_2021_belarus_potash_sanctions;case_2021_xinjiang_forced_labor_import_restrictions;case_2024_ev_tariff_escalation_china;case_2017_notpetya_shipping_logistics_cyberattack;case_2023_black_sea_shipping_insurance_restrictions;case_2024_drc_cobalt_copper_mining_disruption;case_2023_mexico_nearshoring_cross_border_policy_risk;case_2021_myanmar_coup_supply_chain_disruption;case_2011_libya_civil_war_oil_disruption;case_2022_peru_mine_protests_copper_supply;case_2008_rice_export_restrictions_food_security;case_2022_russia_fertilizer_export_restrictions;case_2021_colonial_pipeline_ransomware;case_2023_dp_world_australia_cyber_port_disruption;case_2022_russia_airspace_closure_aviation_routes,False,False,
hard_evaluation_cases,hard_red_sea_paraphrased_vessel_rerouting,hard_red_sea_paraphrased_vessel_rerouting,marine_insurance,7,case_2023_red_sea_attacks;case_1987_1988_tanker_war_reflagging;case_2008_somali_piracy_gulf_of_aden;case_2022_turkey_strait_tanker_insurance_backlog;case_2019_cosco_shipping_sanctions_tanker_market;case_2023_south_china_sea_shipping_tensions;case_hormuz_tanker_tensions,2,False,True,0,12,case_2023_red_sea_attacks;case_hormuz_tanker_tensions;case_israel_iran_escalation_energy_risk;case_2018_iran_oil_sanctions_reimposition;case_2023_black_sea_shipping_insurance_restrictions;case_2023_south_china_sea_shipping_tensions;case_2023_arctic_lng_russian_energy_shipping_sanctions;case_1987_1988_tanker_war_reflagging;case_2008_somali_piracy_gulf_of_aden;case_2022_turkey_strait_tanker_insurance_backlog;case_2018_iran_swift_restrictions;case_2019_cosco_shipping_sanctions_tanker_market,5,case_israel_iran_escalation_energy_risk;case_2018_iran_oil_sanctions_reimposition;case_2023_black_sea_shipping_insurance_restrictions;case_2023_arctic_lng_russian_energy_shipping_sanctions;case_2018_iran_swift_restrictions,False,False,
hard_evaluation_cases,hard_red_sea_paraphrased_vessel_rerouting,hard_red_sea_paraphrased_vessel_rerouting,maritime_chokepoint,7,case_2023_red_sea_attacks;case_1987_1988_tanker_war_reflagging;case_2008_somali_piracy_gulf_of_aden;case_2022_turkey_strait_tanker_insurance_backlog;case_2023_south_china_sea_shipping_tensions;case_hormuz_tanker_tensions;case_2021_suez_blockage,2,False,True,0,12,case_2021_suez_blockage;case_2023_red_sea_attacks;case_hormuz_tanker_tensions;case_panama_canal_drought_shipping_capacity;case_black_sea_grain_export_disruption;case_israel_iran_escalation_energy_risk;case_2023_black_sea_shipping_insurance_restrictions;case_2023_south_china_sea_shipping_tensions;case_2023_arctic_lng_russian_energy_shipping_sanctions;case_1987_1988_tanker_war_reflagging;case_2008_somali_piracy_gulf_of_aden;case_2022_turkey_strait_tanker_insurance_backlog,5,case_panama_canal_drought_shipping_capacity;case_black_sea_grain_export_disruption;case_israel_iran_escalation_energy_risk;case_2023_black_sea_shipping_insurance_restrictions;case_2023_arctic_lng_russian_energy_shipping_sanctions,False,False,
hard_evaluation_cases,hard_red_sea_paraphrased_vessel_rerouting,hard_red_sea_paraphrased_vessel_rerouting,oil_shipping,8,case_2022_abu_dhabi_oil_facility_attack;case_2023_red_sea_attacks;case_1987_1988_tanker_war_reflagging;case_2008_somali_piracy_gulf_of_aden;case_middle_east_oil_supply_disruption;case_2022_turkey_strait_tanker_insurance_backlog;case_2019_cosco_shipping_sanctions_tanker_market;case_hormuz_tanker_tensions,2,False,True,0,17,case_2023_red_sea_attacks;case_hormuz_tanker_tensions;case_middle_east_oil_supply_disruption;case_opec_production_cut_policy_shock;case_israel_iran_escalation_energy_risk;case_2020_opec_plus_production_cut;case_2022_abu_dhabi_oil_facility_attack;case_2018_iran_oil_sanctions_reimposition;case_2019_venezuela_oil_sanctions;case_2023_arctic_lng_russian_energy_shipping_sanctions;case_1987_1988_tanker_war_reflagging;case_2008_somali_piracy_gulf_of_aden;case_2022_turkey_strait_tanker_insurance_backlog;case_2018_iran_swift_restrictions;case_2019_cosco_shipping_sanctions_tanker_market;case_2011_libya_civil_war_oil_disruption;case_2024_ukraine_drone_attacks_russian_refineries,9,case_opec_production_cut_policy_shock;case_israel_iran_escalation_energy_risk;case_2020_opec_plus_production_cut;case_2018_iran_oil_sanctions_reimposition;case_2019_venezuela_oil_sanctions;case_2023_arctic_lng_russian_energy_shipping_sanctions;case_2018_iran_swift_restrictions;case_2011_libya_civil_war_oil_disruption;case_2024_ukraine_drone_attacks_russian_refineries,False,False,
hard_evaluation_cases,hard_red_sea_paraphrased_vessel_rerouting,hard_red_sea_paraphrased_vessel_rerouting,payment_networks,1,case_2019_cosco_shipping_sanctions_tanker_market,2,False,True,0,7,case_2022_russia_swift_financial_sanctions;case_2018_iran_oil_sanctions_reimposition;case_2019_venezuela_oil_sanctions;case_2023_arctic_lng_russian_energy_shipping_sanctions;case_2014_crimea_financial_sanctions;case_2018_iran_swift_restrictions;case_2019_cosco_shipping_sanctions_tanker_market,6,case_2022_russia_swift_financial_sanctions;case_2018_iran_oil_sanctions_reimposition;case_2019_venezuela_oil_sanctions;case_2023_arctic_lng_russian_energy_shipping_sanctions;case_2014_crimea_financial_sanctions;case_2018_iran_swift_restrictions,True,False,
hard_evaluation_cases,hard_red_sea_paraphrased_vessel_rerouting,hard_red_sea_paraphrased_vessel_rerouting,petrochemicals,2,case_2022_abu_dhabi_oil_facility_attack;case_middle_east_oil_supply_disruption,2,False,True,0,12,case_russia_ukraine_energy_shock;case_2022_gas_fertilizer_shock;case_middle_east_oil_supply_disruption;case_opec_production_cut_policy_shock;case_2020_opec_plus_production_cut;case_2022_abu_dhabi_oil_facility_attack;case_2018_iran_oil_sanctions_reimposition;case_2019_venezuela_oil_sanctions;case_2022_nord_stream_pipeline_sabotage;case_2009_russia_ukraine_gas_transit_dispute;case_2011_libya_civil_war_oil_disruption;case_2024_ukraine_drone_attacks_russian_refineries,10,case_russia_ukraine_energy_shock;case_2022_gas_fertilizer_shock;case_opec_production_cut_policy_shock;case_2020_opec_plus_production_cut;case_2018_iran_oil_sanctions_reimposition;case_2019_venezuela_oil_sanctions;case_2022_nord_stream_pipeline_sabotage;case_2009_russia_ukraine_gas_transit_dispute;case_2011_libya_civil_war_oil_disruption;case_2024_ukraine_drone_attacks_russian_refineries,False,False,
hard_evaluation_cases,hard_red_sea_paraphrased_vessel_rerouting,hard_red_sea_paraphrased_vessel_rerouting,ports,1,case_2021_suez_blockage,2,False,True,0,9,case_2021_suez_blockage;case_cyberattack_pipeline_port_infrastructure;case_2023_port_of_nagoya_cyberattack;case_2024_us_east_gulf_port_strike;case_2017_notpetya_shipping_logistics_cyberattack;case_2023_mexico_nearshoring_cross_border_policy_risk;case_2021_myanmar_coup_supply_chain_disruption;case_2023_panama_cobre_mine_closure;case_2023_dp_world_australia_cyber_port_disruption,8,case_cyberattack_pipeline_port_infrastructure;case_2023_port_of_nagoya_cyberattack;case_2024_us_east_gulf_port_strike;case_2017_notpetya_shipping_logistics_cyberattack;case_2023_mexico_nearshoring_cross_border_policy_risk;case_2021_myanmar_coup_supply_chain_disruption;case_2023_panama_cobre_mine_closure;case_2023_dp_world_australia_cyber_port_disruption,True,False,
hard_evaluation_cases,hard_red_sea_paraphrased_vessel_rerouting,hard_red_sea_paraphrased_vessel_rerouting,refining,3,case_2022_abu_dhabi_oil_facility_attack;case_middle_east_oil_supply_disruption;case_hormuz_tanker_tensions,2,False,True,0,12,case_hormuz_tanker_tensions;case_russia_ukraine_energy_shock;case_middle_east_oil_supply_disruption;case_opec_production_cut_policy_shock;case_israel_iran_escalation_energy_risk;case_2020_opec_plus_production_cut;case_2022_abu_dhabi_oil_facility_attack;case_2018_iran_oil_sanctions_reimposition;case_2019_venezuela_oil_sanctions;case_2011_libya_civil_war_oil_disruption;case_2024_ukraine_drone_attacks_russian_refineries;case_2021_colonial_pipeline_ransomware,9,case_russia_ukraine_energy_shock;case_opec_production_cut_policy_shock;case_israel_iran_escalation_energy_risk;case_2020_opec_plus_production_cut;case_2018_iran_oil_sanctions_reimposition;case_2019_venezuela_oil_sanctions;case_2011_libya_civil_war_oil_disruption;case_2024_ukraine_drone_attacks_russian_refineries;case_2021_colonial_pipeline_ransomware,False,False,
hard_evaluation_cases,hard_red_sea_paraphrased_vessel_rerouting,hard_red_sea_paraphrased_vessel_rerouting,trade_lanes,2,case_2019_cosco_shipping_sanctions_tanker_market;case_2023_south_china_sea_shipping_tensions,2,False,True,0,31,case_2018_2019_us_china_tariffs;case_uranium_nuclear_fuel_supply_disruption;case_2022_russia_swift_financial_sanctions;case_2024_us_east_gulf_port_strike;case_2022_india_wheat_export_ban;case_2022_russia_aviation_supply_chain_sanctions;case_2017_north_korea_missile_escalation;case_2019_india_pakistan_airspace_closure;case_2023_niger_coup_uranium_supply_risk;case_2022_chile_lithium_policy_shift;case_2020_indonesia_nickel_export_ban;case_2021_belarus_potash_sanctions;case_2021_xinjiang_forced_labor_import_restrictions;case_2024_ev_tariff_escalation_china;case_2023_south_china_sea_shipping_tensions;case_2024_drc_cobalt_copper_mining_disruption;case_2023_mexico_nearshoring_cross_border_policy_risk;case_2023_eu_carbon_border_adjustment_mechanism;case_2021_myanmar_coup_supply_chain_disruption;case_2014_crimea_financial_sanctions;case_2018_iran_swift_restrictions;case_2019_cosco_shipping_sanctions_tanker_market;case_2009_russia_ukraine_gas_transit_dispute;case_2011_libya_civil_war_oil_disruption;case_2010_china_japan_rare_earth_embargo;case_2022_peru_mine_protests_copper_supply;case_2023_panama_cobre_mine_closure;case_2008_rice_export_restrictions_food_security;case_2022_russia_fertilizer_export_restrictions;case_2023_dp_world_australia_cyber_port_disruption;case_2019_turkey_f35_s400_defense_restrictions,29,case_2018_2019_us_china_tariffs;case_uranium_nuclear_fuel_supply_disruption;case_2022_russia_swift_financial_sanctions;case_2024_us_east_gulf_port_strike;case_2022_india_wheat_export_ban;case_2022_russia_aviation_supply_chain_sanctions;case_2017_north_korea_missile_escalation;case_2019_india_pakistan_airspace_closure;case_2023_niger_coup_uranium_supply_risk;case_2022_chile_lithium_policy_shift;case_2020_indonesia_nickel_export_ban;case_2021_belarus_potash_sanctions;case_2021_xinjiang_forced_labor_import_restrictions;case_2024_ev_tariff_escalation_china;case_2024_drc_cobalt_copper_mining_disruption;case_2023_mexico_nearshoring_cross_border_policy_risk;case_2023_eu_carbon_border_adjustment_mechanism;case_2021_myanmar_coup_supply_chain_disruption;case_2014_crimea_financial_sanctions;case_2018_iran_swift_restrictions;case_2009_russia_ukraine_gas_transit_dispute;case_2011_libya_civil_war_oil_disruption;case_2010_china_japan_rare_earth_embargo;case_2022_peru_mine_protests_copper_supply;case_2023_panama_cobre_mine_closure;case_2008_rice_export_restrictions_food_security;case_2022_russia_fertilizer_export_restrictions;case_2023_dp_world_australia_cyber_port_disruption;case_2019_turkey_f35_s400_defense_restrictions,False,False,
hard_evaluation_cases,hard_semiconductor_controls_paraphrased,hard_semiconductor_controls_paraphrased,battery_materials,1,case_2024_ev_tariff_escalation_china,2,False,True,0,7,case_2023_china_graphite_battery_export_controls;case_2022_chile_lithium_policy_shift;case_2020_indonesia_nickel_export_ban;case_2024_ev_tariff_escalation_china;case_2024_drc_cobalt_copper_mining_disruption;case_2022_peru_mine_protests_copper_supply;case_2023_panama_cobre_mine_closure,6,case_2023_china_graphite_battery_export_controls;case_2022_chile_lithium_policy_shift;case_2020_indonesia_nickel_export_ban;case_2024_drc_cobalt_copper_mining_disruption;case_2022_peru_mine_protests_copper_supply;case_2023_panama_cobre_mine_closure,True,False,
hard_evaluation_cases,hard_semiconductor_controls_paraphrased,hard_semiconductor_controls_paraphrased,critical_minerals,3,case_2021_xinjiang_forced_labor_import_restrictions;case_2010_china_japan_rare_earth_embargo;case_2024_ev_tariff_escalation_china,2,True,True,2,12,case_rare_earth_export_restriction_risk;case_china_gallium_germanium_graphite_controls;case_2023_china_graphite_battery_export_controls;case_2022_chile_lithium_policy_shift;case_2020_indonesia_nickel_export_ban;case_2021_xinjiang_forced_labor_import_restrictions;case_2024_ev_tariff_escalation_china;case_2024_drc_cobalt_copper_mining_disruption;case_2023_eu_carbon_border_adjustment_mechanism;case_2010_china_japan_rare_earth_embargo;case_2022_peru_mine_protests_copper_supply;case_2023_panama_cobre_mine_closure,9,case_rare_earth_export_restriction_risk;case_china_gallium_germanium_graphite_controls;case_2023_china_graphite_battery_export_controls;case_2022_chile_lithium_policy_shift;case_2020_indonesia_nickel_export_ban;case_2024_drc_cobalt_copper_mining_disruption;case_2023_eu_carbon_border_adjustment_mechanism;case_2022_peru_mine_protests_copper_supply;case_2023_panama_cobre_mine_closure,False,False,
hard_evaluation_cases,hard_semiconductor_controls_paraphrased,hard_semiconductor_controls_paraphrased,defense,3,case_2024_taiwan_strait_drills_semiconductor_supply;case_taiwan_strait_semiconductor_risk;case_2010_china_japan_rare_earth_embargo,2,True,True,2,15,case_taiwan_strait_semiconductor_risk;case_rare_earth_export_restriction_risk;case_israel_iran_escalation_energy_risk;case_defense_spending_shock_after_escalation;case_2023_middle_east_defense_supply_escalation;case_2024_taiwan_strait_drills_semiconductor_supply;case_2022_abu_dhabi_oil_facility_attack;case_2022_russia_aviation_supply_chain_sanctions;case_2017_north_korea_missile_escalation;case_2019_india_pakistan_airspace_closure;case_2022_ukraine_electricity_grid_attacks;case_2023_south_china_sea_shipping_tensions;case_1987_1988_tanker_war_reflagging;case_2010_china_japan_rare_earth_embargo;case_2019_turkey_f35_s400_defense_restrictions,12,case_rare_earth_export_restriction_risk;case_israel_iran_escalation_energy_risk;case_defense_spending_shock_after_escalation;case_2023_middle_east_defense_supply_escalation;case_2022_abu_dhabi_oil_facility_attack;case_2022_russia_aviation_supply_chain_sanctions;case_2017_north_korea_missile_escalation;case_2019_india_pakistan_airspace_closure;case_2022_ukraine_electricity_grid_attacks;case_2023_south_china_sea_shipping_tensions;case_1987_1988_tanker_war_reflagging;case_2019_turkey_f35_s400_defense_restrictions,False,False,
hard_evaluation_cases,hard_semiconductor_controls_paraphrased,hard_semiconductor_controls_paraphrased,logistics,2,case_2021_xinjiang_forced_labor_import_restrictions;case_2024_ev_tariff_escalation_china,2,True,True,2,33,case_2021_suez_blockage;case_2023_red_sea_attacks;case_2018_2019_us_china_tariffs;case_panama_canal_drought_shipping_capacity;case_black_sea_grain_export_disruption;case_cyberattack_pipeline_port_infrastructure;case_2023_port_of_nagoya_cyberattack;case_2024_us_east_gulf_port_strike;case_2022_india_wheat_export_ban;case_2017_north_korea_missile_escalation;case_2019_india_pakistan_airspace_closure;case_2022_ukraine_electricity_grid_attacks;case_2023_niger_coup_uranium_supply_risk;case_2021_belarus_potash_sanctions;case_2021_xinjiang_forced_labor_import_restrictions;case_2024_ev_tariff_escalation_china;case_2017_notpetya_shipping_logistics_cyberattack;case_2023_black_sea_shipping_insurance_restrictions;case_2023_south_china_sea_shipping_tensions;case_2024_drc_cobalt_copper_mining_disruption;case_2023_mexico_nearshoring_cross_border_policy_risk;case_2021_myanmar_coup_supply_chain_disruption;case_1987_1988_tanker_war_reflagging;case_2008_somali_piracy_gulf_of_aden;case_2022_turkey_strait_tanker_insurance_backlog;case_2019_cosco_shipping_sanctions_tanker_market;case_2011_libya_civil_war_oil_disruption;case_2022_peru_mine_protests_copper_supply;case_2008_rice_export_restrictions_food_security;case_2022_russia_fertilizer_export_restrictions;case_2021_colonial_pipeline_ransomware;case_2023_dp_world_australia_cyber_port_disruption;case_2022_russia_airspace_closure_aviation_routes,31,case_2021_suez_blockage;case_2023_red_sea_attacks;case_2018_2019_us_china_tariffs;case_panama_canal_drought_shipping_capacity;case_black_sea_grain_export_disruption;case_cyberattack_pipeline_port_infrastructure;case_2023_port_of_nagoya_cyberattack;case_2024_us_east_gulf_port_strike;case_2022_india_wheat_export_ban;case_2017_north_korea_missile_escalation;case_2019_india_pakistan_airspace_closure;case_2022_ukraine_electricity_grid_attacks;case_2023_niger_coup_uranium_supply_risk;case_2021_belarus_potash_sanctions;case_2017_notpetya_shipping_logistics_cyberattack;case_2023_black_sea_shipping_insurance_restrictions;case_2023_south_china_sea_shipping_tensions;case_2024_drc_cobalt_copper_mining_disruption;case_2023_mexico_nearshoring_cross_border_policy_risk;case_2021_myanmar_coup_supply_chain_disruption;case_1987_1988_tanker_war_reflagging;case_2008_somali_piracy_gulf_of_aden;case_2022_turkey_strait_tanker_insurance_backlog;case_2019_cosco_shipping_sanctions_tanker_market;case_2011_libya_civil_war_oil_disruption;case_2022_peru_mine_protests_copper_supply;case_2008_rice_export_restrictions_food_security;case_2022_russia_fertilizer_export_restrictions;case_2021_colonial_pipeline_ransomware;case_2023_dp_world_australia_cyber_port_disruption;case_2022_russia_airspace_closure_aviation_routes,False,False,
hard_evaluation_cases,hard_semiconductor_controls_paraphrased,hard_semiconductor_controls_paraphrased,manufacturing_inputs,7,case_2023_japan_chip_equipment_export_controls;case_2019_huawei_entity_list;case_2020_smic_entity_list_semiconductor_controls;case_2021_xinjiang_forced_labor_import_restrictions;case_taiwan_strait_semiconductor_risk;case_2010_china_japan_rare_earth_embargo;case_2024_ev_tariff_escalation_china,2,True,True,2,34,case_russia_ukraine_energy_shock;case_2019_huawei_entity_list;case_2018_2019_us_china_tariffs;case_2022_gas_fertilizer_shock;case_taiwan_strait_semiconductor_risk;case_rare_earth_export_restriction_risk;case_china_gallium_germanium_graphite_controls;case_defense_spending_shock_after_escalation;case_uranium_nuclear_fuel_supply_disruption;case_2023_port_of_nagoya_cyberattack;case_2023_middle_east_defense_supply_escalation;case_2023_china_graphite_battery_export_controls;case_2022_russia_aviation_supply_chain_sanctions;case_2017_north_korea_missile_escalation;case_2019_india_pakistan_airspace_closure;case_2022_nord_stream_pipeline_sabotage;case_2022_ukraine_electricity_grid_attacks;case_2022_chile_lithium_policy_shift;case_2020_indonesia_nickel_export_ban;case_2021_xinjiang_forced_labor_import_restrictions;case_2024_ev_tariff_escalation_china;case_2017_notpetya_shipping_logistics_cyberattack;case_2024_drc_cobalt_copper_mining_disruption;case_2023_mexico_nearshoring_cross_border_policy_risk;case_2023_eu_carbon_border_adjustment_mechanism;case_2021_myanmar_coup_supply_chain_disruption;case_2014_crimea_financial_sanctions;case_2009_russia_ukraine_gas_transit_dispute;case_2010_china_japan_rare_earth_embargo;case_2022_peru_mine_protests_copper_supply;case_2023_panama_cobre_mine_closure;case_2020_smic_entity_list_semiconductor_controls;case_2023_japan_chip_equipment_export_controls;case_2019_turkey_f35_s400_defense_restrictions,27,case_russia_ukraine_energy_shock;case_2018_2019_us_china_tariffs;case_2022_gas_fertilizer_shock;case_rare_earth_export_restriction_risk;case_china_gallium_germanium_graphite_controls;case_defense_spending_shock_after_escalation;case_uranium_nuclear_fuel_supply_disruption;case_2023_port_of_nagoya_cyberattack;case_2023_middle_east_defense_supply_escalation;case_2023_china_graphite_battery_export_controls;case_2022_russia_aviation_supply_chain_sanctions;case_2017_north_korea_missile_escalation;case_2019_india_pakistan_airspace_closure;case_2022_nord_stream_pipeline_sabotage;case_2022_ukraine_electricity_grid_attacks;case_2022_chile_lithium_policy_shift;case_2020_indonesia_nickel_export_ban;case_2017_notpetya_shipping_logistics_cyberattack;case_2024_drc_cobalt_copper_mining_disruption;case_2023_mexico_nearshoring_cross_border_policy_risk;case_2023_eu_carbon_border_adjustment_mechanism;case_2021_myanmar_coup_supply_chain_disruption;case_2014_crimea_financial_sanctions;case_2009_russia_ukraine_gas_transit_dispute;case_2022_peru_mine_protests_copper_supply;case_2023_panama_cobre_mine_closure;case_2019_turkey_f35_s400_defense_restrictions,False,False,
hard_evaluation_cases,hard_semiconductor_controls_paraphrased,hard_semiconductor_controls_paraphrased,rare_earths,1,case_2010_china_japan_rare_earth_embargo,2,False,True,0,2,case_rare_earth_export_restriction_risk;case_2010_china_japan_rare_earth_embargo,1,case_rare_earth_export_restriction_risk,True,False,
hard_evaluation_cases,hard_semiconductor_controls_paraphrased,hard_semiconductor_controls_paraphrased,taiwan_semiconductor_supply,1,case_2024_taiwan_strait_drills_semiconductor_supply,2,False,True,0,1,case_2024_taiwan_strait_drills_semiconductor_supply,0,,False,False,
hard_evaluation_cases,hard_semiconductor_controls_paraphrased,hard_semiconductor_controls_paraphrased,trade_lanes,3,case_2021_xinjiang_forced_labor_import_restrictions;case_2010_china_japan_rare_earth_embargo;case_2024_ev_tariff_escalation_china,2,True,True,2,31,case_2018_2019_us_china_tariffs;case_uranium_nuclear_fuel_supply_disruption;case_2022_russia_swift_financial_sanctions;case_2024_us_east_gulf_port_strike;case_2022_india_wheat_export_ban;case_2022_russia_aviation_supply_chain_sanctions;case_2017_north_korea_missile_escalation;case_2019_india_pakistan_airspace_closure;case_2023_niger_coup_uranium_supply_risk;case_2022_chile_lithium_policy_shift;case_2020_indonesia_nickel_export_ban;case_2021_belarus_potash_sanctions;case_2021_xinjiang_forced_labor_import_restrictions;case_2024_ev_tariff_escalation_china;case_2023_south_china_sea_shipping_tensions;case_2024_drc_cobalt_copper_mining_disruption;case_2023_mexico_nearshoring_cross_border_policy_risk;case_2023_eu_carbon_border_adjustment_mechanism;case_2021_myanmar_coup_supply_chain_disruption;case_2014_crimea_financial_sanctions;case_2018_iran_swift_restrictions;case_2019_cosco_shipping_sanctions_tanker_market;case_2009_russia_ukraine_gas_transit_dispute;case_2011_libya_civil_war_oil_disruption;case_2010_china_japan_rare_earth_embargo;case_2022_peru_mine_protests_copper_supply;case_2023_panama_cobre_mine_closure;case_2008_rice_export_restrictions_food_security;case_2022_russia_fertilizer_export_restrictions;case_2023_dp_world_australia_cyber_port_disruption;case_2019_turkey_f35_s400_defense_restrictions,28,case_2018_2019_us_china_tariffs;case_uranium_nuclear_fuel_supply_disruption;case_2022_russia_swift_financial_sanctions;case_2024_us_east_gulf_port_strike;case_2022_india_wheat_export_ban;case_2022_russia_aviation_supply_chain_sanctions;case_2017_north_korea_missile_escalation;case_2019_india_pakistan_airspace_closure;case_2023_niger_coup_uranium_supply_risk;case_2022_chile_lithium_policy_shift;case_2020_indonesia_nickel_export_ban;case_2021_belarus_potash_sanctions;case_2023_south_china_sea_shipping_tensions;case_2024_drc_cobalt_copper_mining_disruption;case_2023_mexico_nearshoring_cross_border_policy_risk;case_2023_eu_carbon_border_adjustment_mechanism;case_2021_myanmar_coup_supply_chain_disruption;case_2014_crimea_financial_sanctions;case_2018_iran_swift_restrictions;case_2019_cosco_shipping_sanctions_tanker_market;case_2009_russia_ukraine_gas_transit_dispute;case_2011_libya_civil_war_oil_disruption;case_2022_peru_mine_protests_copper_supply;case_2023_panama_cobre_mine_closure;case_2008_rice_export_restrictions_food_security;case_2022_russia_fertilizer_export_restrictions;case_2023_dp_world_australia_cyber_port_disruption;case_2019_turkey_f35_s400_defense_restrictions,False,False,
hard_evaluation_cases,hard_hormuz_ambiguous_energy_shipping,hard_hormuz_ambiguous_energy_shipping,aviation,3,case_middle_east_oil_supply_disruption;case_opec_production_cut_policy_shock;case_2022_abu_dhabi_oil_facility_attack,2,True,True,2,11,case_middle_east_oil_supply_disruption;case_opec_production_cut_policy_shock;case_2020_opec_plus_production_cut;case_2022_abu_dhabi_oil_facility_attack;case_2022_russia_aviation_supply_chain_sanctions;case_2017_north_korea_missile_escalation;case_2019_india_pakistan_airspace_closure;case_2011_libya_civil_war_oil_disruption;case_2024_ukraine_drone_attacks_russian_refineries;case_2021_colonial_pipeline_ransomware;case_2022_russia_airspace_closure_aviation_routes,8,case_2020_opec_plus_production_cut;case_2022_russia_aviation_supply_chain_sanctions;case_2017_north_korea_missile_escalation;case_2019_india_pakistan_airspace_closure;case_2011_libya_civil_war_oil_disruption;case_2024_ukraine_drone_attacks_russian_refineries;case_2021_colonial_pipeline_ransomware;case_2022_russia_airspace_closure_aviation_routes,False,False,
hard_evaluation_cases,hard_hormuz_ambiguous_energy_shipping,hard_hormuz_ambiguous_energy_shipping,container_shipping,1,case_2023_red_sea_attacks,2,False,True,0,8,case_2021_suez_blockage;case_2023_red_sea_attacks;case_panama_canal_drought_shipping_capacity;case_2024_us_east_gulf_port_strike;case_2017_notpetya_shipping_logistics_cyberattack;case_2023_south_china_sea_shipping_tensions;case_2008_somali_piracy_gulf_of_aden;case_2023_dp_world_australia_cyber_port_disruption,7,case_2021_suez_blockage;case_panama_canal_drought_shipping_capacity;case_2024_us_east_gulf_port_strike;case_2017_notpetya_shipping_logistics_cyberattack;case_2023_south_china_sea_shipping_tensions;case_2008_somali_piracy_gulf_of_aden;case_2023_dp_world_australia_cyber_port_disruption,True,False,
hard_evaluation_cases,hard_hormuz_ambiguous_energy_shipping,hard_hormuz_ambiguous_energy_shipping,customs,1,case_2022_turkey_strait_tanker_insurance_backlog,2,False,True,0,32,case_2023_dutch_asml_controls;case_2019_huawei_entity_list;case_2018_2019_us_china_tariffs;case_china_gallium_germanium_graphite_controls;case_uranium_nuclear_fuel_supply_disruption;case_2022_russia_swift_financial_sanctions;case_2023_china_graphite_battery_export_controls;case_2022_india_wheat_export_ban;case_2022_russia_aviation_supply_chain_sanctions;case_2023_niger_coup_uranium_supply_risk;case_2022_chile_lithium_policy_shift;case_2020_indonesia_nickel_export_ban;case_2021_belarus_potash_sanctions;case_2021_xinjiang_forced_labor_import_restrictions;case_2024_ev_tariff_escalation_china;case_2024_drc_cobalt_copper_mining_disruption;case_2023_mexico_nearshoring_cross_border_policy_risk;case_2023_eu_carbon_border_adjustment_mechanism;case_2021_myanmar_coup_supply_chain_disruption;case_2022_turkey_strait_tanker_insurance_backlog;case_2014_crimea_financial_sanctions;case_2018_iran_swift_restrictions;case_2019_cosco_shipping_sanctions_tanker_market;case_2010_china_japan_rare_earth_embargo;case_2022_peru_mine_protests_copper_supply;case_2023_panama_cobre_mine_closure;case_2008_rice_export_restrictions_food_security;case_2022_russia_fertilizer_export_restrictions;case_2020_smic_entity_list_semiconductor_controls;case_2023_japan_chip_equipment_export_controls;case_2019_turkey_f35_s400_defense_restrictions;case_2022_russia_airspace_closure_aviation_routes,31,case_2023_dutch_asml_controls;case_2019_huawei_entity_list;case_2018_2019_us_china_tariffs;case_china_gallium_germanium_graphite_controls;case_uranium_nuclear_fuel_supply_disruption;case_2022_russia_swift_financial_sanctions;case_2023_china_graphite_battery_export_controls;case_2022_india_wheat_export_ban;case_2022_russia_aviation_supply_chain_sanctions;case_2023_niger_coup_uranium_supply_risk;case_2022_chile_lithium_policy_shift;case_2020_indonesia_nickel_export_ban;case_2021_belarus_potash_sanctions;case_2021_xinjiang_forced_labor_import_restrictions;case_2024_ev_tariff_escalation_china;case_2024_drc_cobalt_copper_mining_disruption;case_2023_mexico_nearshoring_cross_border_policy_risk;case_2023_eu_carbon_border_adjustment_mechanism;case_2021_myanmar_coup_supply_chain_disruption;case_2014_crimea_financial_sanctions;case_2018_iran_swift_restrictions;case_2019_cosco_shipping_sanctions_tanker_market;case_2010_china_japan_rare_earth_embargo;case_2022_peru_mine_protests_copper_supply;case_2023_panama_cobre_mine_closure;case_2008_rice_export_restrictions_food_security;case_2022_russia_fertilizer_export_restrictions;case_2020_smic_entity_list_semiconductor_controls;case_2023_japan_chip_equipment_export_controls;case_2019_turkey_f35_s400_defense_restrictions;case_2022_russia_airspace_closure_aviation_routes,True,False,
hard_evaluation_cases,hard_hormuz_ambiguous_energy_shipping,hard_hormuz_ambiguous_energy_shipping,defense,3,case_israel_iran_escalation_energy_risk;case_2022_abu_dhabi_oil_facility_attack;case_1987_1988_tanker_war_reflagging,2,True,True,2,15,case_taiwan_strait_semiconductor_risk;case_rare_earth_export_restriction_risk;case_israel_iran_escalation_energy_risk;case_defense_spending_shock_after_escalation;case_2023_middle_east_defense_supply_escalation;case_2024_taiwan_strait_drills_semiconductor_supply;case_2022_abu_dhabi_oil_facility_attack;case_2022_russia_aviation_supply_chain_sanctions;case_2017_north_korea_missile_escalation;case_2019_india_pakistan_airspace_closure;case_2022_ukraine_electricity_grid_attacks;case_2023_south_china_sea_shipping_tensions;case_1987_1988_tanker_war_reflagging;case_2010_china_japan_rare_earth_embargo;case_2019_turkey_f35_s400_defense_restrictions,12,case_taiwan_strait_semiconductor_risk;case_rare_earth_export_restriction_risk;case_defense_spending_shock_after_escalation;case_2023_middle_east_defense_supply_escalation;case_2024_taiwan_strait_drills_semiconductor_supply;case_2022_russia_aviation_supply_chain_sanctions;case_2017_north_korea_missile_escalation;case_2019_india_pakistan_airspace_closure;case_2022_ukraine_electricity_grid_attacks;case_2023_south_china_sea_shipping_tensions;case_2010_china_japan_rare_earth_embargo;case_2019_turkey_f35_s400_defense_restrictions,False,False,
hard_evaluation_cases,hard_hormuz_ambiguous_energy_shipping,hard_hormuz_ambiguous_energy_shipping,financial_sanctions,2,case_2023_arctic_lng_russian_energy_shipping_sanctions;case_2022_turkey_strait_tanker_insurance_backlog,2,True,True,2,8,case_2022_russia_swift_financial_sanctions;case_2018_iran_oil_sanctions_reimposition;case_2019_venezuela_oil_sanctions;case_2023_arctic_lng_russian_energy_shipping_sanctions;case_2022_turkey_strait_tanker_insurance_backlog;case_2014_crimea_financial_sanctions;case_2018_iran_swift_restrictions;case_2019_cosco_shipping_sanctions_tanker_market,6,case_2022_russia_swift_financial_sanctions;case_2018_iran_oil_sanctions_reimposition;case_2019_venezuela_oil_sanctions;case_2014_crimea_financial_sanctions;case_2018_iran_swift_restrictions;case_2019_cosco_shipping_sanctions_tanker_market,False,False,
hard_evaluation_cases,hard_hormuz_ambiguous_energy_shipping,hard_hormuz_ambiguous_energy_shipping,freight_routes,3,case_2023_red_sea_attacks;case_1987_1988_tanker_war_reflagging;case_2022_turkey_strait_tanker_insurance_backlog,2,True,True,2,19,case_2021_suez_blockage;case_2023_red_sea_attacks;case_panama_canal_drought_shipping_capacity;case_black_sea_grain_export_disruption;case_cyberattack_pipeline_port_infrastructure;case_2023_port_of_nagoya_cyberattack;case_2024_us_east_gulf_port_strike;case_2019_india_pakistan_airspace_closure;case_2021_belarus_potash_sanctions;case_2017_notpetya_shipping_logistics_cyberattack;case_2023_black_sea_shipping_insurance_restrictions;case_2023_south_china_sea_shipping_tensions;case_2023_mexico_nearshoring_cross_border_policy_risk;case_1987_1988_tanker_war_reflagging;case_2008_somali_piracy_gulf_of_aden;case_2022_turkey_strait_tanker_insurance_backlog;case_2021_colonial_pipeline_ransomware;case_2023_dp_world_australia_cyber_port_disruption;case_2022_russia_airspace_closure_aviation_routes,16,case_2021_suez_blockage;case_panama_canal_drought_shipping_capacity;case_black_sea_grain_export_disruption;case_cyberattack_pipeline_port_infrastructure;case_2023_port_of_nagoya_cyberattack;case_2024_us_east_gulf_port_strike;case_2019_india_pakistan_airspace_closure;case_2021_belarus_potash_sanctions;case_2017_notpetya_shipping_logistics_cyberattack;case_2023_black_sea_shipping_insurance_restrictions;case_2023_south_china_sea_shipping_tensions;case_2023_mexico_nearshoring_cross_border_policy_risk;case_2008_somali_piracy_gulf_of_aden;case_2021_colonial_pipeline_ransomware;case_2023_dp_world_australia_cyber_port_disruption;case_2022_russia_airspace_closure_aviation_routes,False,False,
hard_evaluation_cases,hard_hormuz_ambiguous_energy_shipping,hard_hormuz_ambiguous_energy_shipping,logistics,3,case_2023_red_sea_attacks;case_1987_1988_tanker_war_reflagging;case_2022_turkey_strait_tanker_insurance_backlog,2,True,True,2,33,case_2021_suez_blockage;case_2023_red_sea_attacks;case_2018_2019_us_china_tariffs;case_panama_canal_drought_shipping_capacity;case_black_sea_grain_export_disruption;case_cyberattack_pipeline_port_infrastructure;case_2023_port_of_nagoya_cyberattack;case_2024_us_east_gulf_port_strike;case_2022_india_wheat_export_ban;case_2017_north_korea_missile_escalation;case_2019_india_pakistan_airspace_closure;case_2022_ukraine_electricity_grid_attacks;case_2023_niger_coup_uranium_supply_risk;case_2021_belarus_potash_sanctions;case_2021_xinjiang_forced_labor_import_restrictions;case_2024_ev_tariff_escalation_china;case_2017_notpetya_shipping_logistics_cyberattack;case_2023_black_sea_shipping_insurance_restrictions;case_2023_south_china_sea_shipping_tensions;case_2024_drc_cobalt_copper_mining_disruption;case_2023_mexico_nearshoring_cross_border_policy_risk;case_2021_myanmar_coup_supply_chain_disruption;case_1987_1988_tanker_war_reflagging;case_2008_somali_piracy_gulf_of_aden;case_2022_turkey_strait_tanker_insurance_backlog;case_2019_cosco_shipping_sanctions_tanker_market;case_2011_libya_civil_war_oil_disruption;case_2022_peru_mine_protests_copper_supply;case_2008_rice_export_restrictions_food_security;case_2022_russia_fertilizer_export_restrictions;case_2021_colonial_pipeline_ransomware;case_2023_dp_world_australia_cyber_port_disruption;case_2022_russia_airspace_closure_aviation_routes,30,case_2021_suez_blockage;case_2018_2019_us_china_tariffs;case_panama_canal_drought_shipping_capacity;case_black_sea_grain_export_disruption;case_cyberattack_pipeline_port_infrastructure;case_2023_port_of_nagoya_cyberattack;case_2024_us_east_gulf_port_strike;case_2022_india_wheat_export_ban;case_2017_north_korea_missile_escalation;case_2019_india_pakistan_airspace_closure;case_2022_ukraine_electricity_grid_attacks;case_2023_niger_coup_uranium_supply_risk;case_2021_belarus_potash_sanctions;case_2021_xinjiang_forced_labor_import_restrictions;case_2024_ev_tariff_escalation_china;case_2017_notpetya_shipping_logistics_cyberattack;case_2023_black_sea_shipping_insurance_restrictions;case_2023_south_china_sea_shipping_tensions;case_2024_drc_cobalt_copper_mining_disruption;case_2023_mexico_nearshoring_cross_border_policy_risk;case_2021_myanmar_coup_supply_chain_disruption;case_2008_somali_piracy_gulf_of_aden;case_2019_cosco_shipping_sanctions_tanker_market;case_2011_libya_civil_war_oil_disruption;case_2022_peru_mine_protests_copper_supply;case_2008_rice_export_restrictions_food_security;case_2022_russia_fertilizer_export_restrictions;case_2021_colonial_pipeline_ransomware;case_2023_dp_world_australia_cyber_port_disruption;case_2022_russia_airspace_closure_aviation_routes,False,False,
hard_evaluation_cases,hard_hormuz_ambiguous_energy_shipping,hard_hormuz_ambiguous_energy_shipping,marine_insurance,6,case_hormuz_tanker_tensions;case_2023_red_sea_attacks;case_2023_arctic_lng_russian_energy_shipping_sanctions;case_israel_iran_escalation_energy_risk;case_1987_1988_tanker_war_reflagging;case_2022_turkey_strait_tanker_insurance_backlog,2,True,True,2,12,case_2023_red_sea_attacks;case_hormuz_tanker_tensions;case_israel_iran_escalation_energy_risk;case_2018_iran_oil_sanctions_reimposition;case_2023_black_sea_shipping_insurance_restrictions;case_2023_south_china_sea_shipping_tensions;case_2023_arctic_lng_russian_energy_shipping_sanctions;case_1987_1988_tanker_war_reflagging;case_2008_somali_piracy_gulf_of_aden;case_2022_turkey_strait_tanker_insurance_backlog;case_2018_iran_swift_restrictions;case_2019_cosco_shipping_sanctions_tanker_market,6,case_2018_iran_oil_sanctions_reimposition;case_2023_black_sea_shipping_insurance_restrictions;case_2023_south_china_sea_shipping_tensions;case_2008_somali_piracy_gulf_of_aden;case_2018_iran_swift_restrictions;case_2019_cosco_shipping_sanctions_tanker_market,False,False,
hard_evaluation_cases,hard_hormuz_ambiguous_energy_shipping,hard_hormuz_ambiguous_energy_shipping,maritime_chokepoint,6,case_hormuz_tanker_tensions;case_2023_red_sea_attacks;case_2023_arctic_lng_russian_energy_shipping_sanctions;case_israel_iran_escalation_energy_risk;case_1987_1988_tanker_war_reflagging;case_2022_turkey_strait_tanker_insurance_backlog,2,True,True,2,12,case_2021_suez_blockage;case_2023_red_sea_attacks;case_hormuz_tanker_tensions;case_panama_canal_drought_shipping_capacity;case_black_sea_grain_export_disruption;case_israel_iran_escalation_energy_risk;case_2023_black_sea_shipping_insurance_restrictions;case_2023_south_china_sea_shipping_tensions;case_2023_arctic_lng_russian_energy_shipping_sanctions;case_1987_1988_tanker_war_reflagging;case_2008_somali_piracy_gulf_of_aden;case_2022_turkey_strait_tanker_insurance_backlog,6,case_2021_suez_blockage;case_panama_canal_drought_shipping_capacity;case_black_sea_grain_export_disruption;case_2023_black_sea_shipping_insurance_restrictions;case_2023_south_china_sea_shipping_tensions;case_2008_somali_piracy_gulf_of_aden,False,False,
hard_evaluation_cases,hard_hormuz_ambiguous_energy_shipping,hard_hormuz_ambiguous_energy_shipping,oil_shipping,9,case_hormuz_tanker_tensions;case_2023_red_sea_attacks;case_2023_arctic_lng_russian_energy_shipping_sanctions;case_israel_iran_escalation_energy_risk;case_middle_east_oil_supply_disruption;case_opec_production_cut_policy_shock;case_2022_abu_dhabi_oil_facility_attack;case_1987_1988_tanker_war_reflagging;case_2022_turkey_strait_tanker_insurance_backlog,2,True,True,2,17,case_2023_red_sea_attacks;case_hormuz_tanker_tensions;case_middle_east_oil_supply_disruption;case_opec_production_cut_policy_shock;case_israel_iran_escalation_energy_risk;case_2020_opec_plus_production_cut;case_2022_abu_dhabi_oil_facility_attack;case_2018_iran_oil_sanctions_reimposition;case_2019_venezuela_oil_sanctions;case_2023_arctic_lng_russian_energy_shipping_sanctions;case_1987_1988_tanker_war_reflagging;case_2008_somali_piracy_gulf_of_aden;case_2022_turkey_strait_tanker_insurance_backlog;case_2018_iran_swift_restrictions;case_2019_cosco_shipping_sanctions_tanker_market;case_2011_libya_civil_war_oil_disruption;case_2024_ukraine_drone_attacks_russian_refineries,8,case_2020_opec_plus_production_cut;case_2018_iran_oil_sanctions_reimposition;case_2019_venezuela_oil_sanctions;case_2008_somali_piracy_gulf_of_aden;case_2018_iran_swift_restrictions;case_2019_cosco_shipping_sanctions_tanker_market;case_2011_libya_civil_war_oil_disruption;case_2024_ukraine_drone_attacks_russian_refineries,False,False,
hard_evaluation_cases,hard_hormuz_ambiguous_energy_shipping,hard_hormuz_ambiguous_energy_shipping,payment_networks,1,case_2023_arctic_lng_russian_energy_shipping_sanctions,2,False,True,0,7,case_2022_russia_swift_financial_sanctions;case_2018_iran_oil_sanctions_reimposition;case_2019_venezuela_oil_sanctions;case_2023_arctic_lng_russian_energy_shipping_sanctions;case_2014_crimea_financial_sanctions;case_2018_iran_swift_restrictions;case_2019_cosco_shipping_sanctions_tanker_market,6,case_2022_russia_swift_financial_sanctions;case_2018_iran_oil_sanctions_reimposition;case_2019_venezuela_oil_sanctions;case_2014_crimea_financial_sanctions;case_2018_iran_swift_restrictions;case_2019_cosco_shipping_sanctions_tanker_market,True,False,
hard_evaluation_cases,hard_middle_east_energy_ambiguous,hard_middle_east_energy_ambiguous,aviation,6,case_middle_east_oil_supply_disruption;case_2022_abu_dhabi_oil_facility_attack;case_2024_ukraine_drone_attacks_russian_refineries;case_opec_production_cut_policy_shock;case_2020_opec_plus_production_cut;case_2011_libya_civil_war_oil_disruption,2,False,True,0,11,case_middle_east_oil_supply_disruption;case_opec_production_cut_policy_shock;case_2020_opec_plus_production_cut;case_2022_abu_dhabi_oil_facility_attack;case_2022_russia_aviation_supply_chain_sanctions;case_2017_north_korea_missile_escalation;case_2019_india_pakistan_airspace_closure;case_2011_libya_civil_war_oil_disruption;case_2024_ukraine_drone_attacks_russian_refineries;case_2021_colonial_pipeline_ransomware;case_2022_russia_airspace_closure_aviation_routes,5,case_2022_russia_aviation_supply_chain_sanctions;case_2017_north_korea_missile_escalation;case_2019_india_pakistan_airspace_closure;case_2021_colonial_pipeline_ransomware;case_2022_russia_airspace_closure_aviation_routes,False,False,
hard_evaluation_cases,hard_middle_east_energy_ambiguous,hard_middle_east_energy_ambiguous,defense,3,case_2022_abu_dhabi_oil_facility_attack;case_1987_1988_tanker_war_reflagging;case_israel_iran_escalation_energy_risk,2,False,True,0,15,case_taiwan_strait_semiconductor_risk;case_rare_earth_export_restriction_risk;case_israel_iran_escalation_energy_risk;case_defense_spending_shock_after_escalation;case_2023_middle_east_defense_supply_escalation;case_2024_taiwan_strait_drills_semiconductor_supply;case_2022_abu_dhabi_oil_facility_attack;case_2022_russia_aviation_supply_chain_sanctions;case_2017_north_korea_missile_escalation;case_2019_india_pakistan_airspace_closure;case_2022_ukraine_electricity_grid_attacks;case_2023_south_china_sea_shipping_tensions;case_1987_1988_tanker_war_reflagging;case_2010_china_japan_rare_earth_embargo;case_2019_turkey_f35_s400_defense_restrictions,12,case_taiwan_strait_semiconductor_risk;case_rare_earth_export_restriction_risk;case_defense_spending_shock_after_escalation;case_2023_middle_east_defense_supply_escalation;case_2024_taiwan_strait_drills_semiconductor_supply;case_2022_russia_aviation_supply_chain_sanctions;case_2017_north_korea_missile_escalation;case_2019_india_pakistan_airspace_closure;case_2022_ukraine_electricity_grid_attacks;case_2023_south_china_sea_shipping_tensions;case_2010_china_japan_rare_earth_embargo;case_2019_turkey_f35_s400_defense_restrictions,False,False,
hard_evaluation_cases,hard_middle_east_energy_ambiguous,hard_middle_east_energy_ambiguous,energy,10,case_middle_east_oil_supply_disruption;case_2022_abu_dhabi_oil_facility_attack;case_2024_ukraine_drone_attacks_russian_refineries;case_opec_production_cut_policy_shock;case_1987_1988_tanker_war_reflagging;case_hormuz_tanker_tensions;case_israel_iran_escalation_energy_risk;case_2020_opec_plus_production_cut;case_2011_libya_civil_war_oil_disruption;case_2019_venezuela_oil_sanctions,2,False,True,0,28,case_2021_suez_blockage;case_hormuz_tanker_tensions;case_russia_ukraine_energy_shock;case_2022_gas_fertilizer_shock;case_middle_east_oil_supply_disruption;case_rare_earth_export_restriction_risk;case_opec_production_cut_policy_shock;case_israel_iran_escalation_energy_risk;case_cyberattack_pipeline_port_infrastructure;case_uranium_nuclear_fuel_supply_disruption;case_2022_russia_swift_financial_sanctions;case_2020_opec_plus_production_cut;case_2022_abu_dhabi_oil_facility_attack;case_2018_iran_oil_sanctions_reimposition;case_2019_venezuela_oil_sanctions;case_2022_nord_stream_pipeline_sabotage;case_2022_ukraine_electricity_grid_attacks;case_2023_niger_coup_uranium_supply_risk;case_2023_eu_carbon_border_adjustment_mechanism;case_2023_arctic_lng_russian_energy_shipping_sanctions;case_1987_1988_tanker_war_reflagging;case_2014_crimea_financial_sanctions;case_2009_russia_ukraine_gas_transit_dispute;case_2011_libya_civil_war_oil_disruption;case_2024_ukraine_drone_attacks_russian_refineries;case_2022_russia_fertilizer_export_restrictions;case_2021_colonial_pipeline_ransomware;case_2022_russia_airspace_closure_aviation_routes,18,case_2021_suez_blockage;case_russia_ukraine_energy_shock;case_2022_gas_fertilizer_shock;case_rare_earth_export_restriction_risk;case_cyberattack_pipeline_port_infrastructure;case_uranium_nuclear_fuel_supply_disruption;case_2022_russia_swift_financial_sanctions;case_2018_iran_oil_sanctions_reimposition;case_2022_nord_stream_pipeline_sabotage;case_2022_ukraine_electricity_grid_attacks;case_2023_niger_coup_uranium_supply_risk;case_2023_eu_carbon_border_adjustment_mechanism;case_2023_arctic_lng_russian_energy_shipping_sanctions;case_2014_crimea_financial_sanctions;case_2009_russia_ukraine_gas_transit_dispute;case_2022_russia_fertilizer_export_restrictions;case_2021_colonial_pipeline_ransomware;case_2022_russia_airspace_closure_aviation_routes,False,False,
hard_evaluation_cases,hard_middle_east_energy_ambiguous,hard_middle_east_energy_ambiguous,financial_sanctions,1,case_2019_venezuela_oil_sanctions,2,False,True,0,8,case_2022_russia_swift_financial_sanctions;case_2018_iran_oil_sanctions_reimposition;case_2019_venezuela_oil_sanctions;case_2023_arctic_lng_russian_energy_shipping_sanctions;case_2022_turkey_strait_tanker_insurance_backlog;case_2014_crimea_financial_sanctions;case_2018_iran_swift_restrictions;case_2019_cosco_shipping_sanctions_tanker_market,7,case_2022_russia_swift_financial_sanctions;case_2018_iran_oil_sanctions_reimposition;case_2023_arctic_lng_russian_energy_shipping_sanctions;case_2022_turkey_strait_tanker_insurance_backlog;case_2014_crimea_financial_sanctions;case_2018_iran_swift_restrictions;case_2019_cosco_shipping_sanctions_tanker_market,True,False,
hard_evaluation_cases,hard_middle_east_energy_ambiguous,hard_middle_east_energy_ambiguous,freight_routes,1,case_1987_1988_tanker_war_reflagging,2,False,True,0,19,case_2021_suez_blockage;case_2023_red_sea_attacks;case_panama_canal_drought_shipping_capacity;case_black_sea_grain_export_disruption;case_cyberattack_pipeline_port_infrastructure;case_2023_port_of_nagoya_cyberattack;case_2024_us_east_gulf_port_strike;case_2019_india_pakistan_airspace_closure;case_2021_belarus_potash_sanctions;case_2017_notpetya_shipping_logistics_cyberattack;case_2023_black_sea_shipping_insurance_restrictions;case_2023_south_china_sea_shipping_tensions;case_2023_mexico_nearshoring_cross_border_policy_risk;case_1987_1988_tanker_war_reflagging;case_2008_somali_piracy_gulf_of_aden;case_2022_turkey_strait_tanker_insurance_backlog;case_2021_colonial_pipeline_ransomware;case_2023_dp_world_australia_cyber_port_disruption;case_2022_russia_airspace_closure_aviation_routes,18,case_2021_suez_blockage;case_2023_red_sea_attacks;case_panama_canal_drought_shipping_capacity;case_black_sea_grain_export_disruption;case_cyberattack_pipeline_port_infrastructure;case_2023_port_of_nagoya_cyberattack;case_2024_us_east_gulf_port_strike;case_2019_india_pakistan_airspace_closure;case_2021_belarus_potash_sanctions;case_2017_notpetya_shipping_logistics_cyberattack;case_2023_black_sea_shipping_insurance_restrictions;case_2023_south_china_sea_shipping_tensions;case_2023_mexico_nearshoring_cross_border_policy_risk;case_2008_somali_piracy_gulf_of_aden;case_2022_turkey_strait_tanker_insurance_backlog;case_2021_colonial_pipeline_ransomware;case_2023_dp_world_australia_cyber_port_disruption;case_2022_russia_airspace_closure_aviation_routes,True,False,
hard_evaluation_cases,hard_middle_east_energy_ambiguous,hard_middle_east_energy_ambiguous,lng_shipping,2,case_hormuz_tanker_tensions;case_israel_iran_escalation_energy_risk,2,False,True,0,8,case_2023_red_sea_attacks;case_hormuz_tanker_tensions;case_russia_ukraine_energy_shock;case_panama_canal_drought_shipping_capacity;case_israel_iran_escalation_energy_risk;case_2022_nord_stream_pipeline_sabotage;case_2023_arctic_lng_russian_energy_shipping_sanctions;case_2009_russia_ukraine_gas_transit_dispute,6,case_2023_red_sea_attacks;case_russia_ukraine_energy_shock;case_panama_canal_drought_shipping_capacity;case_2022_nord_stream_pipeline_sabotage;case_2023_arctic_lng_russian_energy_shipping_sanctions;case_2009_russia_ukraine_gas_transit_dispute,False,False,
hard_evaluation_cases,hard_middle_east_energy_ambiguous,hard_middle_east_energy_ambiguous,logistics,2,case_1987_1988_tanker_war_reflagging;case_2011_libya_civil_war_oil_disruption,2,False,True,0,33,case_2021_suez_blockage;case_2023_red_sea_attacks;case_2018_2019_us_china_tariffs;case_panama_canal_drought_shipping_capacity;case_black_sea_grain_export_disruption;case_cyberattack_pipeline_port_infrastructure;case_2023_port_of_nagoya_cyberattack;case_2024_us_east_gulf_port_strike;case_2022_india_wheat_export_ban;case_2017_north_korea_missile_escalation;case_2019_india_pakistan_airspace_closure;case_2022_ukraine_electricity_grid_attacks;case_2023_niger_coup_uranium_supply_risk;case_2021_belarus_potash_sanctions;case_2021_xinjiang_forced_labor_import_restrictions;case_2024_ev_tariff_escalation_china;case_2017_notpetya_shipping_logistics_cyberattack;case_2023_black_sea_shipping_insurance_restrictions;case_2023_south_china_sea_shipping_tensions;case_2024_drc_cobalt_copper_mining_disruption;case_2023_mexico_nearshoring_cross_border_policy_risk;case_2021_myanmar_coup_supply_chain_disruption;case_1987_1988_tanker_war_reflagging;case_2008_somali_piracy_gulf_of_aden;case_2022_turkey_strait_tanker_insurance_backlog;case_2019_cosco_shipping_sanctions_tanker_market;case_2011_libya_civil_war_oil_disruption;case_2022_peru_mine_protests_copper_supply;case_2008_rice_export_restrictions_food_security;case_2022_russia_fertilizer_export_restrictions;case_2021_colonial_pipeline_ransomware;case_2023_dp_world_australia_cyber_port_disruption;case_2022_russia_airspace_closure_aviation_routes,31,case_2021_suez_blockage;case_2023_red_sea_attacks;case_2018_2019_us_china_tariffs;case_panama_canal_drought_shipping_capacity;case_black_sea_grain_export_disruption;case_cyberattack_pipeline_port_infrastructure;case_2023_port_of_nagoya_cyberattack;case_2024_us_east_gulf_port_strike;case_2022_india_wheat_export_ban;case_2017_north_korea_missile_escalation;case_2019_india_pakistan_airspace_closure;case_2022_ukraine_electricity_grid_attacks;case_2023_niger_coup_uranium_supply_risk;case_2021_belarus_potash_sanctions;case_2021_xinjiang_forced_labor_import_restrictions;case_2024_ev_tariff_escalation_china;case_2017_notpetya_shipping_logistics_cyberattack;case_2023_black_sea_shipping_insurance_restrictions;case_2023_south_china_sea_shipping_tensions;case_2024_drc_cobalt_copper_mining_disruption;case_2023_mexico_nearshoring_cross_border_policy_risk;case_2021_myanmar_coup_supply_chain_disruption;case_2008_somali_piracy_gulf_of_aden;case_2022_turkey_strait_tanker_insurance_backlog;case_2019_cosco_shipping_sanctions_tanker_market;case_2022_peru_mine_protests_copper_supply;case_2008_rice_export_restrictions_food_security;case_2022_russia_fertilizer_export_restrictions;case_2021_colonial_pipeline_ransomware;case_2023_dp_world_australia_cyber_port_disruption;case_2022_russia_airspace_closure_aviation_routes,False,False,
hard_evaluation_cases,hard_middle_east_energy_ambiguous,hard_middle_east_energy_ambiguous,marine_insurance,3,case_1987_1988_tanker_war_reflagging;case_hormuz_tanker_tensions;case_israel_iran_escalation_energy_risk,2,False,True,0,12,case_2023_red_sea_attacks;case_hormuz_tanker_tensions;case_israel_iran_escalation_energy_risk;case_2018_iran_oil_sanctions_reimposition;case_2023_black_sea_shipping_insurance_restrictions;case_2023_south_china_sea_shipping_tensions;case_2023_arctic_lng_russian_energy_shipping_sanctions;case_1987_1988_tanker_war_reflagging;case_2008_somali_piracy_gulf_of_aden;case_2022_turkey_strait_tanker_insurance_backlog;case_2018_iran_swift_restrictions;case_2019_cosco_shipping_sanctions_tanker_market,9,case_2023_red_sea_attacks;case_2018_iran_oil_sanctions_reimposition;case_2023_black_sea_shipping_insurance_restrictions;case_2023_south_china_sea_shipping_tensions;case_2023_arctic_lng_russian_energy_shipping_sanctions;case_2008_somali_piracy_gulf_of_aden;case_2022_turkey_strait_tanker_insurance_backlog;case_2018_iran_swift_restrictions;case_2019_cosco_shipping_sanctions_tanker_market,False,False,
hard_evaluation_cases,hard_middle_east_energy_ambiguous,hard_middle_east_energy_ambiguous,maritime_chokepoint,3,case_1987_1988_tanker_war_reflagging;case_hormuz_tanker_tensions;case_israel_iran_escalation_energy_risk,2,False,True,0,12,case_2021_suez_blockage;case_2023_red_sea_attacks;case_hormuz_tanker_tensions;case_panama_canal_drought_shipping_capacity;case_black_sea_grain_export_disruption;case_israel_iran_escalation_energy_risk;case_2023_black_sea_shipping_insurance_restrictions;case_2023_south_china_sea_shipping_tensions;case_2023_arctic_lng_russian_energy_shipping_sanctions;case_1987_1988_tanker_war_reflagging;case_2008_somali_piracy_gulf_of_aden;case_2022_turkey_strait_tanker_insurance_backlog,9,case_2021_suez_blockage;case_2023_red_sea_attacks;case_panama_canal_drought_shipping_capacity;case_black_sea_grain_export_disruption;case_2023_black_sea_shipping_insurance_restrictions;case_2023_south_china_sea_shipping_tensions;case_2023_arctic_lng_russian_energy_shipping_sanctions;case_2008_somali_piracy_gulf_of_aden;case_2022_turkey_strait_tanker_insurance_backlog,False,False,
hard_evaluation_cases,hard_middle_east_energy_ambiguous,hard_middle_east_energy_ambiguous,oil_shipping,10,case_middle_east_oil_supply_disruption;case_2022_abu_dhabi_oil_facility_attack;case_2024_ukraine_drone_attacks_russian_refineries;case_opec_production_cut_policy_shock;case_1987_1988_tanker_war_reflagging;case_hormuz_tanker_tensions;case_israel_iran_escalation_energy_risk;case_2020_opec_plus_production_cut;case_2011_libya_civil_war_oil_disruption;case_2019_venezuela_oil_sanctions,2,False,True,0,17,case_2023_red_sea_attacks;case_hormuz_tanker_tensions;case_middle_east_oil_supply_disruption;case_opec_production_cut_policy_shock;case_israel_iran_escalation_energy_risk;case_2020_opec_plus_production_cut;case_2022_abu_dhabi_oil_facility_attack;case_2018_iran_oil_sanctions_reimposition;case_2019_venezuela_oil_sanctions;case_2023_arctic_lng_russian_energy_shipping_sanctions;case_1987_1988_tanker_war_reflagging;case_2008_somali_piracy_gulf_of_aden;case_2022_turkey_strait_tanker_insurance_backlog;case_2018_iran_swift_restrictions;case_2019_cosco_shipping_sanctions_tanker_market;case_2011_libya_civil_war_oil_disruption;case_2024_ukraine_drone_attacks_russian_refineries,7,case_2023_red_sea_attacks;case_2018_iran_oil_sanctions_reimposition;case_2023_arctic_lng_russian_energy_shipping_sanctions;case_2008_somali_piracy_gulf_of_aden;case_2022_turkey_strait_tanker_insurance_backlog;case_2018_iran_swift_restrictions;case_2019_cosco_shipping_sanctions_tanker_market,False,False,
hard_evaluation_cases,hard_middle_east_energy_ambiguous,hard_middle_east_energy_ambiguous,payment_networks,1,case_2019_venezuela_oil_sanctions,2,False,True,0,7,case_2022_russia_swift_financial_sanctions;case_2018_iran_oil_sanctions_reimposition;case_2019_venezuela_oil_sanctions;case_2023_arctic_lng_russian_energy_shipping_sanctions;case_2014_crimea_financial_sanctions;case_2018_iran_swift_restrictions;case_2019_cosco_shipping_sanctions_tanker_market,6,case_2022_russia_swift_financial_sanctions;case_2018_iran_oil_sanctions_reimposition;case_2023_arctic_lng_russian_energy_shipping_sanctions;case_2014_crimea_financial_sanctions;case_2018_iran_swift_restrictions;case_2019_cosco_shipping_sanctions_tanker_market,True,False,
hard_evaluation_cases,hard_middle_east_energy_ambiguous,hard_middle_east_energy_ambiguous,petrochemicals,7,case_middle_east_oil_supply_disruption;case_2022_abu_dhabi_oil_facility_attack;case_2024_ukraine_drone_attacks_russian_refineries;case_opec_production_cut_policy_shock;case_2020_opec_plus_production_cut;case_2011_libya_civil_war_oil_disruption;case_2019_venezuela_oil_sanctions,2,False,True,0,12,case_russia_ukraine_energy_shock;case_2022_gas_fertilizer_shock;case_middle_east_oil_supply_disruption;case_opec_production_cut_policy_shock;case_2020_opec_plus_production_cut;case_2022_abu_dhabi_oil_facility_attack;case_2018_iran_oil_sanctions_reimposition;case_2019_venezuela_oil_sanctions;case_2022_nord_stream_pipeline_sabotage;case_2009_russia_ukraine_gas_transit_dispute;case_2011_libya_civil_war_oil_disruption;case_2024_ukraine_drone_attacks_russian_refineries,5,case_russia_ukraine_energy_shock;case_2022_gas_fertilizer_shock;case_2018_iran_oil_sanctions_reimposition;case_2022_nord_stream_pipeline_sabotage;case_2009_russia_ukraine_gas_transit_dispute,False,False,
hard_evaluation_cases,hard_middle_east_energy_ambiguous,hard_middle_east_energy_ambiguous,pipeline_infrastructure,1,case_2024_ukraine_drone_attacks_russian_refineries,2,False,True,0,6,case_cyberattack_pipeline_port_infrastructure;case_2022_nord_stream_pipeline_sabotage;case_2022_ukraine_electricity_grid_attacks;case_2009_russia_ukraine_gas_transit_dispute;case_2024_ukraine_drone_attacks_russian_refineries;case_2021_colonial_pipeline_ransomware,5,case_cyberattack_pipeline_port_infrastructure;case_2022_nord_stream_pipeline_sabotage;case_2022_ukraine_electricity_grid_attacks;case_2009_russia_ukraine_gas_transit_dispute;case_2021_colonial_pipeline_ransomware,True,False,
hard_evaluation_cases,hard_middle_east_energy_ambiguous,hard_middle_east_energy_ambiguous,refining,9,case_middle_east_oil_supply_disruption;case_2022_abu_dhabi_oil_facility_attack;case_2024_ukraine_drone_attacks_russian_refineries;case_opec_production_cut_policy_shock;case_hormuz_tanker_tensions;case_israel_iran_escalation_energy_risk;case_2020_opec_plus_production_cut;case_2011_libya_civil_war_oil_disruption;case_2019_venezuela_oil_sanctions,2,False,True,0,12,case_hormuz_tanker_tensions;case_russia_ukraine_energy_shock;case_middle_east_oil_supply_disruption;case_opec_production_cut_policy_shock;case_israel_iran_escalation_energy_risk;case_2020_opec_plus_production_cut;case_2022_abu_dhabi_oil_facility_attack;case_2018_iran_oil_sanctions_reimposition;case_2019_venezuela_oil_sanctions;case_2011_libya_civil_war_oil_disruption;case_2024_ukraine_drone_attacks_russian_refineries;case_2021_colonial_pipeline_ransomware,3,case_russia_ukraine_energy_shock;case_2018_iran_oil_sanctions_reimposition;case_2021_colonial_pipeline_ransomware,False,False,
hard_evaluation_cases,hard_middle_east_energy_ambiguous,hard_middle_east_energy_ambiguous,trade_lanes,1,case_2011_libya_civil_war_oil_disruption,2,False,True,0,31,case_2018_2019_us_china_tariffs;case_uranium_nuclear_fuel_supply_disruption;case_2022_russia_swift_financial_sanctions;case_2024_us_east_gulf_port_strike;case_2022_india_wheat_export_ban;case_2022_russia_aviation_supply_chain_sanctions;case_2017_north_korea_missile_escalation;case_2019_india_pakistan_airspace_closure;case_2023_niger_coup_uranium_supply_risk;case_2022_chile_lithium_policy_shift;case_2020_indonesia_nickel_export_ban;case_2021_belarus_potash_sanctions;case_2021_xinjiang_forced_labor_import_restrictions;case_2024_ev_tariff_escalation_china;case_2023_south_china_sea_shipping_tensions;case_2024_drc_cobalt_copper_mining_disruption;case_2023_mexico_nearshoring_cross_border_policy_risk;case_2023_eu_carbon_border_adjustment_mechanism;case_2021_myanmar_coup_supply_chain_disruption;case_2014_crimea_financial_sanctions;case_2018_iran_swift_restrictions;case_2019_cosco_shipping_sanctions_tanker_market;case_2009_russia_ukraine_gas_transit_dispute;case_2011_libya_civil_war_oil_disruption;case_2010_china_japan_rare_earth_embargo;case_2022_peru_mine_protests_copper_supply;case_2023_panama_cobre_mine_closure;case_2008_rice_export_restrictions_food_security;case_2022_russia_fertilizer_export_restrictions;case_2023_dp_world_australia_cyber_port_disruption;case_2019_turkey_f35_s400_defense_restrictions,30,case_2018_2019_us_china_tariffs;case_uranium_nuclear_fuel_supply_disruption;case_2022_russia_swift_financial_sanctions;case_2024_us_east_gulf_port_strike;case_2022_india_wheat_export_ban;case_2022_russia_aviation_supply_chain_sanctions;case_2017_north_korea_missile_escalation;case_2019_india_pakistan_airspace_closure;case_2023_niger_coup_uranium_supply_risk;case_2022_chile_lithium_policy_shift;case_2020_indonesia_nickel_export_ban;case_2021_belarus_potash_sanctions;case_2021_xinjiang_forced_labor_import_restrictions;case_2024_ev_tariff_escalation_china;case_2023_south_china_sea_shipping_tensions;case_2024_drc_cobalt_copper_mining_disruption;case_2023_mexico_nearshoring_cross_border_policy_risk;case_2023_eu_carbon_border_adjustment_mechanism;case_2021_myanmar_coup_supply_chain_disruption;case_2014_crimea_financial_sanctions;case_2018_iran_swift_restrictions;case_2019_cosco_shipping_sanctions_tanker_market;case_2009_russia_ukraine_gas_transit_dispute;case_2010_china_japan_rare_earth_embargo;case_2022_peru_mine_protests_copper_supply;case_2023_panama_cobre_mine_closure;case_2008_rice_export_restrictions_food_security;case_2022_russia_fertilizer_export_restrictions;case_2023_dp_world_australia_cyber_port_disruption;case_2019_turkey_f35_s400_defense_restrictions,True,False,
hard_evaluation_cases,hard_financial_sanctions_payment_networks,hard_financial_sanctions_payment_networks,aviation,1,case_2019_india_pakistan_airspace_closure,2,False,True,0,11,case_middle_east_oil_supply_disruption;case_opec_production_cut_policy_shock;case_2020_opec_plus_production_cut;case_2022_abu_dhabi_oil_facility_attack;case_2022_russia_aviation_supply_chain_sanctions;case_2017_north_korea_missile_escalation;case_2019_india_pakistan_airspace_closure;case_2011_libya_civil_war_oil_disruption;case_2024_ukraine_drone_attacks_russian_refineries;case_2021_colonial_pipeline_ransomware;case_2022_russia_airspace_closure_aviation_routes,10,case_middle_east_oil_supply_disruption;case_opec_production_cut_policy_shock;case_2020_opec_plus_production_cut;case_2022_abu_dhabi_oil_facility_attack;case_2022_russia_aviation_supply_chain_sanctions;case_2017_north_korea_missile_escalation;case_2011_libya_civil_war_oil_disruption;case_2024_ukraine_drone_attacks_russian_refineries;case_2021_colonial_pipeline_ransomware;case_2022_russia_airspace_closure_aviation_routes,True,False,
hard_evaluation_cases,hard_financial_sanctions_payment_networks,hard_financial_sanctions_payment_networks,container_shipping,2,case_2023_red_sea_attacks;case_2017_notpetya_shipping_logistics_cyberattack,2,False,True,0,8,case_2021_suez_blockage;case_2023_red_sea_attacks;case_panama_canal_drought_shipping_capacity;case_2024_us_east_gulf_port_strike;case_2017_notpetya_shipping_logistics_cyberattack;case_2023_south_china_sea_shipping_tensions;case_2008_somali_piracy_gulf_of_aden;case_2023_dp_world_australia_cyber_port_disruption,6,case_2021_suez_blockage;case_panama_canal_drought_shipping_capacity;case_2024_us_east_gulf_port_strike;case_2023_south_china_sea_shipping_tensions;case_2008_somali_piracy_gulf_of_aden;case_2023_dp_world_australia_cyber_port_disruption,False,False,
hard_evaluation_cases,hard_financial_sanctions_payment_networks,hard_financial_sanctions_payment_networks,customs,4,case_2022_russia_swift_financial_sanctions;case_2014_crimea_financial_sanctions;case_2018_iran_swift_restrictions;case_2019_cosco_shipping_sanctions_tanker_market,2,False,True,0,32,case_2023_dutch_asml_controls;case_2019_huawei_entity_list;case_2018_2019_us_china_tariffs;case_china_gallium_germanium_graphite_controls;case_uranium_nuclear_fuel_supply_disruption;case_2022_russia_swift_financial_sanctions;case_2023_china_graphite_battery_export_controls;case_2022_india_wheat_export_ban;case_2022_russia_aviation_supply_chain_sanctions;case_2023_niger_coup_uranium_supply_risk;case_2022_chile_lithium_policy_shift;case_2020_indonesia_nickel_export_ban;case_2021_belarus_potash_sanctions;case_2021_xinjiang_forced_labor_import_restrictions;case_2024_ev_tariff_escalation_china;case_2024_drc_cobalt_copper_mining_disruption;case_2023_mexico_nearshoring_cross_border_policy_risk;case_2023_eu_carbon_border_adjustment_mechanism;case_2021_myanmar_coup_supply_chain_disruption;case_2022_turkey_strait_tanker_insurance_backlog;case_2014_crimea_financial_sanctions;case_2018_iran_swift_restrictions;case_2019_cosco_shipping_sanctions_tanker_market;case_2010_china_japan_rare_earth_embargo;case_2022_peru_mine_protests_copper_supply;case_2023_panama_cobre_mine_closure;case_2008_rice_export_restrictions_food_security;case_2022_russia_fertilizer_export_restrictions;case_2020_smic_entity_list_semiconductor_controls;case_2023_japan_chip_equipment_export_controls;case_2019_turkey_f35_s400_defense_restrictions;case_2022_russia_airspace_closure_aviation_routes,28,case_2023_dutch_asml_controls;case_2019_huawei_entity_list;case_2018_2019_us_china_tariffs;case_china_gallium_germanium_graphite_controls;case_uranium_nuclear_fuel_supply_disruption;case_2023_china_graphite_battery_export_controls;case_2022_india_wheat_export_ban;case_2022_russia_aviation_supply_chain_sanctions;case_2023_niger_coup_uranium_supply_risk;case_2022_chile_lithium_policy_shift;case_2020_indonesia_nickel_export_ban;case_2021_belarus_potash_sanctions;case_2021_xinjiang_forced_labor_import_restrictions;case_2024_ev_tariff_escalation_china;case_2024_drc_cobalt_copper_mining_disruption;case_2023_mexico_nearshoring_cross_border_policy_risk;case_2023_eu_carbon_border_adjustment_mechanism;case_2021_myanmar_coup_supply_chain_disruption;case_2022_turkey_strait_tanker_insurance_backlog;case_2010_china_japan_rare_earth_embargo;case_2022_peru_mine_protests_copper_supply;case_2023_panama_cobre_mine_closure;case_2008_rice_export_restrictions_food_security;case_2022_russia_fertilizer_export_restrictions;case_2020_smic_entity_list_semiconductor_controls;case_2023_japan_chip_equipment_export_controls;case_2019_turkey_f35_s400_defense_restrictions;case_2022_russia_airspace_closure_aviation_routes,False,False,
hard_evaluation_cases,hard_financial_sanctions_payment_networks,hard_financial_sanctions_payment_networks,cyber_infrastructure,2,case_cyberattack_pipeline_port_infrastructure;case_2017_notpetya_shipping_logistics_cyberattack,2,False,True,0,9,case_cyberattack_pipeline_port_infrastructure;case_defense_spending_shock_after_escalation;case_2023_port_of_nagoya_cyberattack;case_2023_middle_east_defense_supply_escalation;case_2022_nord_stream_pipeline_sabotage;case_2022_ukraine_electricity_grid_attacks;case_2017_notpetya_shipping_logistics_cyberattack;case_2021_colonial_pipeline_ransomware;case_2023_dp_world_australia_cyber_port_disruption,7,case_defense_spending_shock_after_escalation;case_2023_port_of_nagoya_cyberattack;case_2023_middle_east_defense_supply_escalation;case_2022_nord_stream_pipeline_sabotage;case_2022_ukraine_electricity_grid_attacks;case_2021_colonial_pipeline_ransomware;case_2023_dp_world_australia_cyber_port_disruption,False,False,
hard_evaluation_cases,hard_financial_sanctions_payment_networks,hard_financial_sanctions_payment_networks,defense,1,case_2019_india_pakistan_airspace_closure,2,False,True,0,15,case_taiwan_strait_semiconductor_risk;case_rare_earth_export_restriction_risk;case_israel_iran_escalation_energy_risk;case_defense_spending_shock_after_escalation;case_2023_middle_east_defense_supply_escalation;case_2024_taiwan_strait_drills_semiconductor_supply;case_2022_abu_dhabi_oil_facility_attack;case_2022_russia_aviation_supply_chain_sanctions;case_2017_north_korea_missile_escalation;case_2019_india_pakistan_airspace_closure;case_2022_ukraine_electricity_grid_attacks;case_2023_south_china_sea_shipping_tensions;case_1987_1988_tanker_war_reflagging;case_2010_china_japan_rare_earth_embargo;case_2019_turkey_f35_s400_defense_restrictions,14,case_taiwan_strait_semiconductor_risk;case_rare_earth_export_restriction_risk;case_israel_iran_escalation_energy_risk;case_defense_spending_shock_after_escalation;case_2023_middle_east_defense_supply_escalation;case_2024_taiwan_strait_drills_semiconductor_supply;case_2022_abu_dhabi_oil_facility_attack;case_2022_russia_aviation_supply_chain_sanctions;case_2017_north_korea_missile_escalation;case_2022_ukraine_electricity_grid_attacks;case_2023_south_china_sea_shipping_tensions;case_1987_1988_tanker_war_reflagging;case_2010_china_japan_rare_earth_embargo;case_2019_turkey_f35_s400_defense_restrictions,True,False,
hard_evaluation_cases,hard_financial_sanctions_payment_networks,hard_financial_sanctions_payment_networks,energy,5,case_2022_russia_swift_financial_sanctions;case_2014_crimea_financial_sanctions;case_cyberattack_pipeline_port_infrastructure;case_2009_russia_ukraine_gas_transit_dispute;case_2023_arctic_lng_russian_energy_shipping_sanctions,2,False,True,0,28,case_2021_suez_blockage;case_hormuz_tanker_tensions;case_russia_ukraine_energy_shock;case_2022_gas_fertilizer_shock;case_middle_east_oil_supply_disruption;case_rare_earth_export_restriction_risk;case_opec_production_cut_policy_shock;case_israel_iran_escalation_energy_risk;case_cyberattack_pipeline_port_infrastructure;case_uranium_nuclear_fuel_supply_disruption;case_2022_russia_swift_financial_sanctions;case_2020_opec_plus_production_cut;case_2022_abu_dhabi_oil_facility_attack;case_2018_iran_oil_sanctions_reimposition;case_2019_venezuela_oil_sanctions;case_2022_nord_stream_pipeline_sabotage;case_2022_ukraine_electricity_grid_attacks;case_2023_niger_coup_uranium_supply_risk;case_2023_eu_carbon_border_adjustment_mechanism;case_2023_arctic_lng_russian_energy_shipping_sanctions;case_1987_1988_tanker_war_reflagging;case_2014_crimea_financial_sanctions;case_2009_russia_ukraine_gas_transit_dispute;case_2011_libya_civil_war_oil_disruption;case_2024_ukraine_drone_attacks_russian_refineries;case_2022_russia_fertilizer_export_restrictions;case_2021_colonial_pipeline_ransomware;case_2022_russia_airspace_closure_aviation_routes,23,case_2021_suez_blockage;case_hormuz_tanker_tensions;case_russia_ukraine_energy_shock;case_2022_gas_fertilizer_shock;case_middle_east_oil_supply_disruption;case_rare_earth_export_restriction_risk;case_opec_production_cut_policy_shock;case_israel_iran_escalation_energy_risk;case_uranium_nuclear_fuel_supply_disruption;case_2020_opec_plus_production_cut;case_2022_abu_dhabi_oil_facility_attack;case_2018_iran_oil_sanctions_reimposition;case_2019_venezuela_oil_sanctions;case_2022_nord_stream_pipeline_sabotage;case_2022_ukraine_electricity_grid_attacks;case_2023_niger_coup_uranium_supply_risk;case_2023_eu_carbon_border_adjustment_mechanism;case_1987_1988_tanker_war_reflagging;case_2011_libya_civil_war_oil_disruption;case_2024_ukraine_drone_attacks_russian_refineries;case_2022_russia_fertilizer_export_restrictions;case_2021_colonial_pipeline_ransomware;case_2022_russia_airspace_closure_aviation_routes,False,False,
hard_evaluation_cases,hard_financial_sanctions_payment_networks,hard_financial_sanctions_payment_networks,financial_sanctions,5,case_2022_russia_swift_financial_sanctions;case_2014_crimea_financial_sanctions;case_2018_iran_swift_restrictions;case_2019_cosco_shipping_sanctions_tanker_market;case_2023_arctic_lng_russian_energy_shipping_sanctions,2,False,True,0,8,case_2022_russia_swift_financial_sanctions;case_2018_iran_oil_sanctions_reimposition;case_2019_venezuela_oil_sanctions;case_2023_arctic_lng_russian_energy_shipping_sanctions;case_2022_turkey_strait_tanker_insurance_backlog;case_2014_crimea_financial_sanctions;case_2018_iran_swift_restrictions;case_2019_cosco_shipping_sanctions_tanker_market,3,case_2018_iran_oil_sanctions_reimposition;case_2019_venezuela_oil_sanctions;case_2022_turkey_strait_tanker_insurance_backlog,False,False,
hard_evaluation_cases,hard_financial_sanctions_payment_networks,hard_financial_sanctions_payment_networks,freight_routes,4,case_2019_india_pakistan_airspace_closure;case_2023_red_sea_attacks;case_cyberattack_pipeline_port_infrastructure;case_2017_notpetya_shipping_logistics_cyberattack,2,False,True,0,19,case_2021_suez_blockage;case_2023_red_sea_attacks;case_panama_canal_drought_shipping_capacity;case_black_sea_grain_export_disruption;case_cyberattack_pipeline_port_infrastructure;case_2023_port_of_nagoya_cyberattack;case_2024_us_east_gulf_port_strike;case_2019_india_pakistan_airspace_closure;case_2021_belarus_potash_sanctions;case_2017_notpetya_shipping_logistics_cyberattack;case_2023_black_sea_shipping_insurance_restrictions;case_2023_south_china_sea_shipping_tensions;case_2023_mexico_nearshoring_cross_border_policy_risk;case_1987_1988_tanker_war_reflagging;case_2008_somali_piracy_gulf_of_aden;case_2022_turkey_strait_tanker_insurance_backlog;case_2021_colonial_pipeline_ransomware;case_2023_dp_world_australia_cyber_port_disruption;case_2022_russia_airspace_closure_aviation_routes,15,case_2021_suez_blockage;case_panama_canal_drought_shipping_capacity;case_black_sea_grain_export_disruption;case_2023_port_of_nagoya_cyberattack;case_2024_us_east_gulf_port_strike;case_2021_belarus_potash_sanctions;case_2023_black_sea_shipping_insurance_restrictions;case_2023_south_china_sea_shipping_tensions;case_2023_mexico_nearshoring_cross_border_policy_risk;case_1987_1988_tanker_war_reflagging;case_2008_somali_piracy_gulf_of_aden;case_2022_turkey_strait_tanker_insurance_backlog;case_2021_colonial_pipeline_ransomware;case_2023_dp_world_australia_cyber_port_disruption;case_2022_russia_airspace_closure_aviation_routes,False,False,
hard_evaluation_cases,hard_financial_sanctions_payment_networks,hard_financial_sanctions_payment_networks,lng_shipping,3,case_2023_red_sea_attacks;case_2009_russia_ukraine_gas_transit_dispute;case_2023_arctic_lng_russian_energy_shipping_sanctions,2,False,True,0,8,case_2023_red_sea_attacks;case_hormuz_tanker_tensions;case_russia_ukraine_energy_shock;case_panama_canal_drought_shipping_capacity;case_israel_iran_escalation_energy_risk;case_2022_nord_stream_pipeline_sabotage;case_2023_arctic_lng_russian_energy_shipping_sanctions;case_2009_russia_ukraine_gas_transit_dispute,5,case_hormuz_tanker_tensions;case_russia_ukraine_energy_shock;case_panama_canal_drought_shipping_capacity;case_israel_iran_escalation_energy_risk;case_2022_nord_stream_pipeline_sabotage,False,False,
hard_evaluation_cases,hard_financial_sanctions_payment_networks,hard_financial_sanctions_payment_networks,logistics,5,case_2019_india_pakistan_airspace_closure;case_2023_red_sea_attacks;case_cyberattack_pipeline_port_infrastructure;case_2019_cosco_shipping_sanctions_tanker_market;case_2017_notpetya_shipping_logistics_cyberattack,2,False,True,0,33,case_2021_suez_blockage;case_2023_red_sea_attacks;case_2018_2019_us_china_tariffs;case_panama_canal_drought_shipping_capacity;case_black_sea_grain_export_disruption;case_cyberattack_pipeline_port_infrastructure;case_2023_port_of_nagoya_cyberattack;case_2024_us_east_gulf_port_strike;case_2022_india_wheat_export_ban;case_2017_north_korea_missile_escalation;case_2019_india_pakistan_airspace_closure;case_2022_ukraine_electricity_grid_attacks;case_2023_niger_coup_uranium_supply_risk;case_2021_belarus_potash_sanctions;case_2021_xinjiang_forced_labor_import_restrictions;case_2024_ev_tariff_escalation_china;case_2017_notpetya_shipping_logistics_cyberattack;case_2023_black_sea_shipping_insurance_restrictions;case_2023_south_china_sea_shipping_tensions;case_2024_drc_cobalt_copper_mining_disruption;case_2023_mexico_nearshoring_cross_border_policy_risk;case_2021_myanmar_coup_supply_chain_disruption;case_1987_1988_tanker_war_reflagging;case_2008_somali_piracy_gulf_of_aden;case_2022_turkey_strait_tanker_insurance_backlog;case_2019_cosco_shipping_sanctions_tanker_market;case_2011_libya_civil_war_oil_disruption;case_2022_peru_mine_protests_copper_supply;case_2008_rice_export_restrictions_food_security;case_2022_russia_fertilizer_export_restrictions;case_2021_colonial_pipeline_ransomware;case_2023_dp_world_australia_cyber_port_disruption;case_2022_russia_airspace_closure_aviation_routes,28,case_2021_suez_blockage;case_2018_2019_us_china_tariffs;case_panama_canal_drought_shipping_capacity;case_black_sea_grain_export_disruption;case_2023_port_of_nagoya_cyberattack;case_2024_us_east_gulf_port_strike;case_2022_india_wheat_export_ban;case_2017_north_korea_missile_escalation;case_2022_ukraine_electricity_grid_attacks;case_2023_niger_coup_uranium_supply_risk;case_2021_belarus_potash_sanctions;case_2021_xinjiang_forced_labor_import_restrictions;case_2024_ev_tariff_escalation_china;case_2023_black_sea_shipping_insurance_restrictions;case_2023_south_china_sea_shipping_tensions;case_2024_drc_cobalt_copper_mining_disruption;case_2023_mexico_nearshoring_cross_border_policy_risk;case_2021_myanmar_coup_supply_chain_disruption;case_1987_1988_tanker_war_reflagging;case_2008_somali_piracy_gulf_of_aden;case_2022_turkey_strait_tanker_insurance_backlog;case_2011_libya_civil_war_oil_disruption;case_2022_peru_mine_protests_copper_supply;case_2008_rice_export_restrictions_food_security;case_2022_russia_fertilizer_export_restrictions;case_2021_colonial_pipeline_ransomware;case_2023_dp_world_australia_cyber_port_disruption;case_2022_russia_airspace_closure_aviation_routes,False,False,
hard_evaluation_cases,hard_financial_sanctions_payment_networks,hard_financial_sanctions_payment_networks,manufacturing_inputs,4,case_2014_crimea_financial_sanctions;case_2019_india_pakistan_airspace_closure;case_2009_russia_ukraine_gas_transit_dispute;case_2017_notpetya_shipping_logistics_cyberattack,2,False,True,0,34,case_russia_ukraine_energy_shock;case_2019_huawei_entity_list;case_2018_2019_us_china_tariffs;case_2022_gas_fertilizer_shock;case_taiwan_strait_semiconductor_risk;case_rare_earth_export_restriction_risk;case_china_gallium_germanium_graphite_controls;case_defense_spending_shock_after_escalation;case_uranium_nuclear_fuel_supply_disruption;case_2023_port_of_nagoya_cyberattack;case_2023_middle_east_defense_supply_escalation;case_2023_china_graphite_battery_export_controls;case_2022_russia_aviation_supply_chain_sanctions;case_2017_north_korea_missile_escalation;case_2019_india_pakistan_airspace_closure;case_2022_nord_stream_pipeline_sabotage;case_2022_ukraine_electricity_grid_attacks;case_2022_chile_lithium_policy_shift;case_2020_indonesia_nickel_export_ban;case_2021_xinjiang_forced_labor_import_restrictions;case_2024_ev_tariff_escalation_china;case_2017_notpetya_shipping_logistics_cyberattack;case_2024_drc_cobalt_copper_mining_disruption;case_2023_mexico_nearshoring_cross_border_policy_risk;case_2023_eu_carbon_border_adjustment_mechanism;case_2021_myanmar_coup_supply_chain_disruption;case_2014_crimea_financial_sanctions;case_2009_russia_ukraine_gas_transit_dispute;case_2010_china_japan_rare_earth_embargo;case_2022_peru_mine_protests_copper_supply;case_2023_panama_cobre_mine_closure;case_2020_smic_entity_list_semiconductor_controls;case_2023_japan_chip_equipment_export_controls;case_2019_turkey_f35_s400_defense_restrictions,30,case_russia_ukraine_energy_shock;case_2019_huawei_entity_list;case_2018_2019_us_china_tariffs;case_2022_gas_fertilizer_shock;case_taiwan_strait_semiconductor_risk;case_rare_earth_export_restriction_risk;case_china_gallium_germanium_graphite_controls;case_defense_spending_shock_after_escalation;case_uranium_nuclear_fuel_supply_disruption;case_2023_port_of_nagoya_cyberattack;case_2023_middle_east_defense_supply_escalation;case_2023_china_graphite_battery_export_controls;case_2022_russia_aviation_supply_chain_sanctions;case_2017_north_korea_missile_escalation;case_2022_nord_stream_pipeline_sabotage;case_2022_ukraine_electricity_grid_attacks;case_2022_chile_lithium_policy_shift;case_2020_indonesia_nickel_export_ban;case_2021_xinjiang_forced_labor_import_restrictions;case_2024_ev_tariff_escalation_china;case_2024_drc_cobalt_copper_mining_disruption;case_2023_mexico_nearshoring_cross_border_policy_risk;case_2023_eu_carbon_border_adjustment_mechanism;case_2021_myanmar_coup_supply_chain_disruption;case_2010_china_japan_rare_earth_embargo;case_2022_peru_mine_protests_copper_supply;case_2023_panama_cobre_mine_closure;case_2020_smic_entity_list_semiconductor_controls;case_2023_japan_chip_equipment_export_controls;case_2019_turkey_f35_s400_defense_restrictions,False,False,
hard_evaluation_cases,hard_financial_sanctions_payment_networks,hard_financial_sanctions_payment_networks,marine_insurance,4,case_2018_iran_swift_restrictions;case_2023_red_sea_attacks;case_2019_cosco_shipping_sanctions_tanker_market;case_2023_arctic_lng_russian_energy_shipping_sanctions,2,False,True,0,12,case_2023_red_sea_attacks;case_hormuz_tanker_tensions;case_israel_iran_escalation_energy_risk;case_2018_iran_oil_sanctions_reimposition;case_2023_black_sea_shipping_insurance_restrictions;case_2023_south_china_sea_shipping_tensions;case_2023_arctic_lng_russian_energy_shipping_sanctions;case_1987_1988_tanker_war_reflagging;case_2008_somali_piracy_gulf_of_aden;case_2022_turkey_strait_tanker_insurance_backlog;case_2018_iran_swift_restrictions;case_2019_cosco_shipping_sanctions_tanker_market,8,case_hormuz_tanker_tensions;case_israel_iran_escalation_energy_risk;case_2018_iran_oil_sanctions_reimposition;case_2023_black_sea_shipping_insurance_restrictions;case_2023_south_china_sea_shipping_tensions;case_1987_1988_tanker_war_reflagging;case_2008_somali_piracy_gulf_of_aden;case_2022_turkey_strait_tanker_insurance_backlog,False,False,
hard_evaluation_cases,hard_financial_sanctions_payment_networks,hard_financial_sanctions_payment_networks,maritime_chokepoint,2,case_2023_red_sea_attacks;case_2023_arctic_lng_russian_energy_shipping_sanctions,2,False,True,0,12,case_2021_suez_blockage;case_2023_red_sea_attacks;case_hormuz_tanker_tensions;case_panama_canal_drought_shipping_capacity;case_black_sea_grain_export_disruption;case_israel_iran_escalation_energy_risk;case_2023_black_sea_shipping_insurance_restrictions;case_2023_south_china_sea_shipping_tensions;case_2023_arctic_lng_russian_energy_shipping_sanctions;case_1987_1988_tanker_war_reflagging;case_2008_somali_piracy_gulf_of_aden;case_2022_turkey_strait_tanker_insurance_backlog,10,case_2021_suez_blockage;case_hormuz_tanker_tensions;case_panama_canal_drought_shipping_capacity;case_black_sea_grain_export_disruption;case_israel_iran_escalation_energy_risk;case_2023_black_sea_shipping_insurance_restrictions;case_2023_south_china_sea_shipping_tensions;case_1987_1988_tanker_war_reflagging;case_2008_somali_piracy_gulf_of_aden;case_2022_turkey_strait_tanker_insurance_backlog,False,False,
hard_evaluation_cases,hard_financial_sanctions_payment_networks,hard_financial_sanctions_payment_networks,oil_shipping,4,case_2018_iran_swift_restrictions;case_2023_red_sea_attacks;case_2019_cosco_shipping_sanctions_tanker_market;case_2023_arctic_lng_russian_energy_shipping_sanctions,2,False,True,0,17,case_2023_red_sea_attacks;case_hormuz_tanker_tensions;case_middle_east_oil_supply_disruption;case_opec_production_cut_policy_shock;case_israel_iran_escalation_energy_risk;case_2020_opec_plus_production_cut;case_2022_abu_dhabi_oil_facility_attack;case_2018_iran_oil_sanctions_reimposition;case_2019_venezuela_oil_sanctions;case_2023_arctic_lng_russian_energy_shipping_sanctions;case_1987_1988_tanker_war_reflagging;case_2008_somali_piracy_gulf_of_aden;case_2022_turkey_strait_tanker_insurance_backlog;case_2018_iran_swift_restrictions;case_2019_cosco_shipping_sanctions_tanker_market;case_2011_libya_civil_war_oil_disruption;case_2024_ukraine_drone_attacks_russian_refineries,13,case_hormuz_tanker_tensions;case_middle_east_oil_supply_disruption;case_opec_production_cut_policy_shock;case_israel_iran_escalation_energy_risk;case_2020_opec_plus_production_cut;case_2022_abu_dhabi_oil_facility_attack;case_2018_iran_oil_sanctions_reimposition;case_2019_venezuela_oil_sanctions;case_1987_1988_tanker_war_reflagging;case_2008_somali_piracy_gulf_of_aden;case_2022_turkey_strait_tanker_insurance_backlog;case_2011_libya_civil_war_oil_disruption;case_2024_ukraine_drone_attacks_russian_refineries,False,False,
hard_evaluation_cases,hard_financial_sanctions_payment_networks,hard_financial_sanctions_payment_networks,payment_networks,5,case_2022_russia_swift_financial_sanctions;case_2014_crimea_financial_sanctions;case_2018_iran_swift_restrictions;case_2019_cosco_shipping_sanctions_tanker_market;case_2023_arctic_lng_russian_energy_shipping_sanctions,2,False,True,0,7,case_2022_russia_swift_financial_sanctions;case_2018_iran_oil_sanctions_reimposition;case_2019_venezuela_oil_sanctions;case_2023_arctic_lng_russian_energy_shipping_sanctions;case_2014_crimea_financial_sanctions;case_2018_iran_swift_restrictions;case_2019_cosco_shipping_sanctions_tanker_market,2,case_2018_iran_oil_sanctions_reimposition;case_2019_venezuela_oil_sanctions,False,False,
hard_evaluation_cases,hard_financial_sanctions_payment_networks,hard_financial_sanctions_payment_networks,petrochemicals,1,case_2009_russia_ukraine_gas_transit_dispute,2,False,True,0,12,case_russia_ukraine_energy_shock;case_2022_gas_fertilizer_shock;case_middle_east_oil_supply_disruption;case_opec_production_cut_policy_shock;case_2020_opec_plus_production_cut;case_2022_abu_dhabi_oil_facility_attack;case_2018_iran_oil_sanctions_reimposition;case_2019_venezuela_oil_sanctions;case_2022_nord_stream_pipeline_sabotage;case_2009_russia_ukraine_gas_transit_dispute;case_2011_libya_civil_war_oil_disruption;case_2024_ukraine_drone_attacks_russian_refineries,11,case_russia_ukraine_energy_shock;case_2022_gas_fertilizer_shock;case_middle_east_oil_supply_disruption;case_opec_production_cut_policy_shock;case_2020_opec_plus_production_cut;case_2022_abu_dhabi_oil_facility_attack;case_2018_iran_oil_sanctions_reimposition;case_2019_venezuela_oil_sanctions;case_2022_nord_stream_pipeline_sabotage;case_2011_libya_civil_war_oil_disruption;case_2024_ukraine_drone_attacks_russian_refineries,True,False,
hard_evaluation_cases,hard_financial_sanctions_payment_networks,hard_financial_sanctions_payment_networks,pipeline_infrastructure,2,case_cyberattack_pipeline_port_infrastructure;case_2009_russia_ukraine_gas_transit_dispute,2,False,True,0,6,case_cyberattack_pipeline_port_infrastructure;case_2022_nord_stream_pipeline_sabotage;case_2022_ukraine_electricity_grid_attacks;case_2009_russia_ukraine_gas_transit_dispute;case_2024_ukraine_drone_attacks_russian_refineries;case_2021_colonial_pipeline_ransomware,4,case_2022_nord_stream_pipeline_sabotage;case_2022_ukraine_electricity_grid_attacks;case_2024_ukraine_drone_attacks_russian_refineries;case_2021_colonial_pipeline_ransomware,False,False,
hard_evaluation_cases,hard_financial_sanctions_payment_networks,hard_financial_sanctions_payment_networks,ports,2,case_cyberattack_pipeline_port_infrastructure;case_2017_notpetya_shipping_logistics_cyberattack,2,False,True,0,9,case_2021_suez_blockage;case_cyberattack_pipeline_port_infrastructure;case_2023_port_of_nagoya_cyberattack;case_2024_us_east_gulf_port_strike;case_2017_notpetya_shipping_logistics_cyberattack;case_2023_mexico_nearshoring_cross_border_policy_risk;case_2021_myanmar_coup_supply_chain_disruption;case_2023_panama_cobre_mine_closure;case_2023_dp_world_australia_cyber_port_disruption,7,case_2021_suez_blockage;case_2023_port_of_nagoya_cyberattack;case_2024_us_east_gulf_port_strike;case_2023_mexico_nearshoring_cross_border_policy_risk;case_2021_myanmar_coup_supply_chain_disruption;case_2023_panama_cobre_mine_closure;case_2023_dp_world_australia_cyber_port_disruption,False,False,
hard_evaluation_cases,hard_financial_sanctions_payment_networks,hard_financial_sanctions_payment_networks,trade_lanes,6,case_2022_russia_swift_financial_sanctions;case_2014_crimea_financial_sanctions;case_2019_india_pakistan_airspace_closure;case_2018_iran_swift_restrictions;case_2009_russia_ukraine_gas_transit_dispute;case_2019_cosco_shipping_sanctions_tanker_market,2,False,True,0,31,case_2018_2019_us_china_tariffs;case_uranium_nuclear_fuel_supply_disruption;case_2022_russia_swift_financial_sanctions;case_2024_us_east_gulf_port_strike;case_2022_india_wheat_export_ban;case_2022_russia_aviation_supply_chain_sanctions;case_2017_north_korea_missile_escalation;case_2019_india_pakistan_airspace_closure;case_2023_niger_coup_uranium_supply_risk;case_2022_chile_lithium_policy_shift;case_2020_indonesia_nickel_export_ban;case_2021_belarus_potash_sanctions;case_2021_xinjiang_forced_labor_import_restrictions;case_2024_ev_tariff_escalation_china;case_2023_south_china_sea_shipping_tensions;case_2024_drc_cobalt_copper_mining_disruption;case_2023_mexico_nearshoring_cross_border_policy_risk;case_2023_eu_carbon_border_adjustment_mechanism;case_2021_myanmar_coup_supply_chain_disruption;case_2014_crimea_financial_sanctions;case_2018_iran_swift_restrictions;case_2019_cosco_shipping_sanctions_tanker_market;case_2009_russia_ukraine_gas_transit_dispute;case_2011_libya_civil_war_oil_disruption;case_2010_china_japan_rare_earth_embargo;case_2022_peru_mine_protests_copper_supply;case_2023_panama_cobre_mine_closure;case_2008_rice_export_restrictions_food_security;case_2022_russia_fertilizer_export_restrictions;case_2023_dp_world_australia_cyber_port_disruption;case_2019_turkey_f35_s400_defense_restrictions,25,case_2018_2019_us_china_tariffs;case_uranium_nuclear_fuel_supply_disruption;case_2024_us_east_gulf_port_strike;case_2022_india_wheat_export_ban;case_2022_russia_aviation_supply_chain_sanctions;case_2017_north_korea_missile_escalation;case_2023_niger_coup_uranium_supply_risk;case_2022_chile_lithium_policy_shift;case_2020_indonesia_nickel_export_ban;case_2021_belarus_potash_sanctions;case_2021_xinjiang_forced_labor_import_restrictions;case_2024_ev_tariff_escalation_china;case_2023_south_china_sea_shipping_tensions;case_2024_drc_cobalt_copper_mining_disruption;case_2023_mexico_nearshoring_cross_border_policy_risk;case_2023_eu_carbon_border_adjustment_mechanism;case_2021_myanmar_coup_supply_chain_disruption;case_2011_libya_civil_war_oil_disruption;case_2010_china_japan_rare_earth_embargo;case_2022_peru_mine_protests_copper_supply;case_2023_panama_cobre_mine_closure;case_2008_rice_export_restrictions_food_security;case_2022_russia_fertilizer_export_restrictions;case_2023_dp_world_australia_cyber_port_disruption;case_2019_turkey_f35_s400_defense_restrictions,False,False,
hard_evaluation_cases,hard_port_labor_without_strike_keyword,hard_port_labor_without_strike_keyword,agriculture,2,case_panama_canal_drought_shipping_capacity;case_2023_black_sea_shipping_insurance_restrictions,2,False,True,0,10,case_2018_2019_us_china_tariffs;case_2022_gas_fertilizer_shock;case_panama_canal_drought_shipping_capacity;case_black_sea_grain_export_disruption;case_2022_india_wheat_export_ban;case_2021_belarus_potash_sanctions;case_2023_black_sea_shipping_insurance_restrictions;case_2021_myanmar_coup_supply_chain_disruption;case_2008_rice_export_restrictions_food_security;case_2022_russia_fertilizer_export_restrictions,8,case_2018_2019_us_china_tariffs;case_2022_gas_fertilizer_shock;case_black_sea_grain_export_disruption;case_2022_india_wheat_export_ban;case_2021_belarus_potash_sanctions;case_2021_myanmar_coup_supply_chain_disruption;case_2008_rice_export_restrictions_food_security;case_2022_russia_fertilizer_export_restrictions,False,False,
hard_evaluation_cases,hard_port_labor_without_strike_keyword,hard_port_labor_without_strike_keyword,container_shipping,7,case_2024_us_east_gulf_port_strike;case_2023_red_sea_attacks;case_2021_suez_blockage;case_panama_canal_drought_shipping_capacity;case_2023_dp_world_australia_cyber_port_disruption;case_2023_south_china_sea_shipping_tensions;case_2017_notpetya_shipping_logistics_cyberattack,2,False,True,0,8,case_2021_suez_blockage;case_2023_red_sea_attacks;case_panama_canal_drought_shipping_capacity;case_2024_us_east_gulf_port_strike;case_2017_notpetya_shipping_logistics_cyberattack;case_2023_south_china_sea_shipping_tensions;case_2008_somali_piracy_gulf_of_aden;case_2023_dp_world_australia_cyber_port_disruption,1,case_2008_somali_piracy_gulf_of_aden,False,False,
hard_evaluation_cases,hard_port_labor_without_strike_keyword,hard_port_labor_without_strike_keyword,customs,1,case_2022_turkey_strait_tanker_insurance_backlog,2,False,True,0,32,case_2023_dutch_asml_controls;case_2019_huawei_entity_list;case_2018_2019_us_china_tariffs;case_china_gallium_germanium_graphite_controls;case_uranium_nuclear_fuel_supply_disruption;case_2022_russia_swift_financial_sanctions;case_2023_china_graphite_battery_export_controls;case_2022_india_wheat_export_ban;case_2022_russia_aviation_supply_chain_sanctions;case_2023_niger_coup_uranium_supply_risk;case_2022_chile_lithium_policy_shift;case_2020_indonesia_nickel_export_ban;case_2021_belarus_potash_sanctions;case_2021_xinjiang_forced_labor_import_restrictions;case_2024_ev_tariff_escalation_china;case_2024_drc_cobalt_copper_mining_disruption;case_2023_mexico_nearshoring_cross_border_policy_risk;case_2023_eu_carbon_border_adjustment_mechanism;case_2021_myanmar_coup_supply_chain_disruption;case_2022_turkey_strait_tanker_insurance_backlog;case_2014_crimea_financial_sanctions;case_2018_iran_swift_restrictions;case_2019_cosco_shipping_sanctions_tanker_market;case_2010_china_japan_rare_earth_embargo;case_2022_peru_mine_protests_copper_supply;case_2023_panama_cobre_mine_closure;case_2008_rice_export_restrictions_food_security;case_2022_russia_fertilizer_export_restrictions;case_2020_smic_entity_list_semiconductor_controls;case_2023_japan_chip_equipment_export_controls;case_2019_turkey_f35_s400_defense_restrictions;case_2022_russia_airspace_closure_aviation_routes,31,case_2023_dutch_asml_controls;case_2019_huawei_entity_list;case_2018_2019_us_china_tariffs;case_china_gallium_germanium_graphite_controls;case_uranium_nuclear_fuel_supply_disruption;case_2022_russia_swift_financial_sanctions;case_2023_china_graphite_battery_export_controls;case_2022_india_wheat_export_ban;case_2022_russia_aviation_supply_chain_sanctions;case_2023_niger_coup_uranium_supply_risk;case_2022_chile_lithium_policy_shift;case_2020_indonesia_nickel_export_ban;case_2021_belarus_potash_sanctions;case_2021_xinjiang_forced_labor_import_restrictions;case_2024_ev_tariff_escalation_china;case_2024_drc_cobalt_copper_mining_disruption;case_2023_mexico_nearshoring_cross_border_policy_risk;case_2023_eu_carbon_border_adjustment_mechanism;case_2021_myanmar_coup_supply_chain_disruption;case_2014_crimea_financial_sanctions;case_2018_iran_swift_restrictions;case_2019_cosco_shipping_sanctions_tanker_market;case_2010_china_japan_rare_earth_embargo;case_2022_peru_mine_protests_copper_supply;case_2023_panama_cobre_mine_closure;case_2008_rice_export_restrictions_food_security;case_2022_russia_fertilizer_export_restrictions;case_2020_smic_entity_list_semiconductor_controls;case_2023_japan_chip_equipment_export_controls;case_2019_turkey_f35_s400_defense_restrictions;case_2022_russia_airspace_closure_aviation_routes,True,False,
hard_evaluation_cases,hard_port_labor_without_strike_keyword,hard_port_labor_without_strike_keyword,cyber_infrastructure,3,case_2023_dp_world_australia_cyber_port_disruption;case_2017_notpetya_shipping_logistics_cyberattack;case_2023_port_of_nagoya_cyberattack,2,False,True,0,9,case_cyberattack_pipeline_port_infrastructure;case_defense_spending_shock_after_escalation;case_2023_port_of_nagoya_cyberattack;case_2023_middle_east_defense_supply_escalation;case_2022_nord_stream_pipeline_sabotage;case_2022_ukraine_electricity_grid_attacks;case_2017_notpetya_shipping_logistics_cyberattack;case_2021_colonial_pipeline_ransomware;case_2023_dp_world_australia_cyber_port_disruption,6,case_cyberattack_pipeline_port_infrastructure;case_defense_spending_shock_after_escalation;case_2023_middle_east_defense_supply_escalation;case_2022_nord_stream_pipeline_sabotage;case_2022_ukraine_electricity_grid_attacks;case_2021_colonial_pipeline_ransomware,False,False,
hard_evaluation_cases,hard_port_labor_without_strike_keyword,hard_port_labor_without_strike_keyword,defense,1,case_2023_south_china_sea_shipping_tensions,2,False,True,0,15,case_taiwan_strait_semiconductor_risk;case_rare_earth_export_restriction_risk;case_israel_iran_escalation_energy_risk;case_defense_spending_shock_after_escalation;case_2023_middle_east_defense_supply_escalation;case_2024_taiwan_strait_drills_semiconductor_supply;case_2022_abu_dhabi_oil_facility_attack;case_2022_russia_aviation_supply_chain_sanctions;case_2017_north_korea_missile_escalation;case_2019_india_pakistan_airspace_closure;case_2022_ukraine_electricity_grid_attacks;case_2023_south_china_sea_shipping_tensions;case_1987_1988_tanker_war_reflagging;case_2010_china_japan_rare_earth_embargo;case_2019_turkey_f35_s400_defense_restrictions,14,case_taiwan_strait_semiconductor_risk;case_rare_earth_export_restriction_risk;case_israel_iran_escalation_energy_risk;case_defense_spending_shock_after_escalation;case_2023_middle_east_defense_supply_escalation;case_2024_taiwan_strait_drills_semiconductor_supply;case_2022_abu_dhabi_oil_facility_attack;case_2022_russia_aviation_supply_chain_sanctions;case_2017_north_korea_missile_escalation;case_2019_india_pakistan_airspace_closure;case_2022_ukraine_electricity_grid_attacks;case_1987_1988_tanker_war_reflagging;case_2010_china_japan_rare_earth_embargo;case_2019_turkey_f35_s400_defense_restrictions,True,False,
hard_evaluation_cases,hard_port_labor_without_strike_keyword,hard_port_labor_without_strike_keyword,energy,1,case_2021_suez_blockage,2,False,True,0,28,case_2021_suez_blockage;case_hormuz_tanker_tensions;case_russia_ukraine_energy_shock;case_2022_gas_fertilizer_shock;case_middle_east_oil_supply_disruption;case_rare_earth_export_restriction_risk;case_opec_production_cut_policy_shock;case_israel_iran_escalation_energy_risk;case_cyberattack_pipeline_port_infrastructure;case_uranium_nuclear_fuel_supply_disruption;case_2022_russia_swift_financial_sanctions;case_2020_opec_plus_production_cut;case_2022_abu_dhabi_oil_facility_attack;case_2018_iran_oil_sanctions_reimposition;case_2019_venezuela_oil_sanctions;case_2022_nord_stream_pipeline_sabotage;case_2022_ukraine_electricity_grid_attacks;case_2023_niger_coup_uranium_supply_risk;case_2023_eu_carbon_border_adjustment_mechanism;case_2023_arctic_lng_russian_energy_shipping_sanctions;case_1987_1988_tanker_war_reflagging;case_2014_crimea_financial_sanctions;case_2009_russia_ukraine_gas_transit_dispute;case_2011_libya_civil_war_oil_disruption;case_2024_ukraine_drone_attacks_russian_refineries;case_2022_russia_fertilizer_export_restrictions;case_2021_colonial_pipeline_ransomware;case_2022_russia_airspace_closure_aviation_routes,27,case_hormuz_tanker_tensions;case_russia_ukraine_energy_shock;case_2022_gas_fertilizer_shock;case_middle_east_oil_supply_disruption;case_rare_earth_export_restriction_risk;case_opec_production_cut_policy_shock;case_israel_iran_escalation_energy_risk;case_cyberattack_pipeline_port_infrastructure;case_uranium_nuclear_fuel_supply_disruption;case_2022_russia_swift_financial_sanctions;case_2020_opec_plus_production_cut;case_2022_abu_dhabi_oil_facility_attack;case_2018_iran_oil_sanctions_reimposition;case_2019_venezuela_oil_sanctions;case_2022_nord_stream_pipeline_sabotage;case_2022_ukraine_electricity_grid_attacks;case_2023_niger_coup_uranium_supply_risk;case_2023_eu_carbon_border_adjustment_mechanism;case_2023_arctic_lng_russian_energy_shipping_sanctions;case_1987_1988_tanker_war_reflagging;case_2014_crimea_financial_sanctions;case_2009_russia_ukraine_gas_transit_dispute;case_2011_libya_civil_war_oil_disruption;case_2024_ukraine_drone_attacks_russian_refineries;case_2022_russia_fertilizer_export_restrictions;case_2021_colonial_pipeline_ransomware;case_2022_russia_airspace_closure_aviation_routes,True,False,
hard_evaluation_cases,hard_port_labor_without_strike_keyword,hard_port_labor_without_strike_keyword,financial_sanctions,1,case_2022_turkey_strait_tanker_insurance_backlog,2,False,True,0,8,case_2022_russia_swift_financial_sanctions;case_2018_iran_oil_sanctions_reimposition;case_2019_venezuela_oil_sanctions;case_2023_arctic_lng_russian_energy_shipping_sanctions;case_2022_turkey_strait_tanker_insurance_backlog;case_2014_crimea_financial_sanctions;case_2018_iran_swift_restrictions;case_2019_cosco_shipping_sanctions_tanker_market,7,case_2022_russia_swift_financial_sanctions;case_2018_iran_oil_sanctions_reimposition;case_2019_venezuela_oil_sanctions;case_2023_arctic_lng_russian_energy_shipping_sanctions;case_2014_crimea_financial_sanctions;case_2018_iran_swift_restrictions;case_2019_cosco_shipping_sanctions_tanker_market,True,False,
hard_evaluation_cases,hard_port_labor_without_strike_keyword,hard_port_labor_without_strike_keyword,freight_routes,10,case_2024_us_east_gulf_port_strike;case_2023_red_sea_attacks;case_2021_suez_blockage;case_panama_canal_drought_shipping_capacity;case_2022_turkey_strait_tanker_insurance_backlog;case_2023_dp_world_australia_cyber_port_disruption;case_2023_black_sea_shipping_insurance_restrictions;case_2023_south_china_sea_shipping_tensions;case_2017_notpetya_shipping_logistics_cyberattack;case_2023_port_of_nagoya_cyberattack,2,False,True,0,19,case_2021_suez_blockage;case_2023_red_sea_attacks;case_panama_canal_drought_shipping_capacity;case_black_sea_grain_export_disruption;case_cyberattack_pipeline_port_infrastructure;case_2023_port_of_nagoya_cyberattack;case_2024_us_east_gulf_port_strike;case_2019_india_pakistan_airspace_closure;case_2021_belarus_potash_sanctions;case_2017_notpetya_shipping_logistics_cyberattack;case_2023_black_sea_shipping_insurance_restrictions;case_2023_south_china_sea_shipping_tensions;case_2023_mexico_nearshoring_cross_border_policy_risk;case_1987_1988_tanker_war_reflagging;case_2008_somali_piracy_gulf_of_aden;case_2022_turkey_strait_tanker_insurance_backlog;case_2021_colonial_pipeline_ransomware;case_2023_dp_world_australia_cyber_port_disruption;case_2022_russia_airspace_closure_aviation_routes,9,case_black_sea_grain_export_disruption;case_cyberattack_pipeline_port_infrastructure;case_2019_india_pakistan_airspace_closure;case_2021_belarus_potash_sanctions;case_2023_mexico_nearshoring_cross_border_policy_risk;case_1987_1988_tanker_war_reflagging;case_2008_somali_piracy_gulf_of_aden;case_2021_colonial_pipeline_ransomware;case_2022_russia_airspace_closure_aviation_routes,False,False,
hard_evaluation_cases,hard_port_labor_without_strike_keyword,hard_port_labor_without_strike_keyword,grain_exports,1,case_2023_black_sea_shipping_insurance_restrictions,2,False,True,0,4,case_black_sea_grain_export_disruption;case_2022_india_wheat_export_ban;case_2023_black_sea_shipping_insurance_restrictions;case_2008_rice_export_restrictions_food_security,3,case_black_sea_grain_export_disruption;case_2022_india_wheat_export_ban;case_2008_rice_export_restrictions_food_security,True,False,
hard_evaluation_cases,hard_port_labor_without_strike_keyword,hard_port_labor_without_strike_keyword,lng_shipping,2,case_2023_red_sea_attacks;case_panama_canal_drought_shipping_capacity,2,False,True,0,8,case_2023_red_sea_attacks;case_hormuz_tanker_tensions;case_russia_ukraine_energy_shock;case_panama_canal_drought_shipping_capacity;case_israel_iran_escalation_energy_risk;case_2022_nord_stream_pipeline_sabotage;case_2023_arctic_lng_russian_energy_shipping_sanctions;case_2009_russia_ukraine_gas_transit_dispute,6,case_hormuz_tanker_tensions;case_russia_ukraine_energy_shock;case_israel_iran_escalation_energy_risk;case_2022_nord_stream_pipeline_sabotage;case_2023_arctic_lng_russian_energy_shipping_sanctions;case_2009_russia_ukraine_gas_transit_dispute,False,False,
hard_evaluation_cases,hard_port_labor_without_strike_keyword,hard_port_labor_without_strike_keyword,logistics,10,case_2024_us_east_gulf_port_strike;case_2023_red_sea_attacks;case_2021_suez_blockage;case_panama_canal_drought_shipping_capacity;case_2022_turkey_strait_tanker_insurance_backlog;case_2023_dp_world_australia_cyber_port_disruption;case_2023_black_sea_shipping_insurance_restrictions;case_2023_south_china_sea_shipping_tensions;case_2017_notpetya_shipping_logistics_cyberattack;case_2023_port_of_nagoya_cyberattack,2,False,True,0,33,case_2021_suez_blockage;case_2023_red_sea_attacks;case_2018_2019_us_china_tariffs;case_panama_canal_drought_shipping_capacity;case_black_sea_grain_export_disruption;case_cyberattack_pipeline_port_infrastructure;case_2023_port_of_nagoya_cyberattack;case_2024_us_east_gulf_port_strike;case_2022_india_wheat_export_ban;case_2017_north_korea_missile_escalation;case_2019_india_pakistan_airspace_closure;case_2022_ukraine_electricity_grid_attacks;case_2023_niger_coup_uranium_supply_risk;case_2021_belarus_potash_sanctions;case_2021_xinjiang_forced_labor_import_restrictions;case_2024_ev_tariff_escalation_china;case_2017_notpetya_shipping_logistics_cyberattack;case_2023_black_sea_shipping_insurance_restrictions;case_2023_south_china_sea_shipping_tensions;case_2024_drc_cobalt_copper_mining_disruption;case_2023_mexico_nearshoring_cross_border_policy_risk;case_2021_myanmar_coup_supply_chain_disruption;case_1987_1988_tanker_war_reflagging;case_2008_somali_piracy_gulf_of_aden;case_2022_turkey_strait_tanker_insurance_backlog;case_2019_cosco_shipping_sanctions_tanker_market;case_2011_libya_civil_war_oil_disruption;case_2022_peru_mine_protests_copper_supply;case_2008_rice_export_restrictions_food_security;case_2022_russia_fertilizer_export_restrictions;case_2021_colonial_pipeline_ransomware;case_2023_dp_world_australia_cyber_port_disruption;case_2022_russia_airspace_closure_aviation_routes,23,case_2018_2019_us_china_tariffs;case_black_sea_grain_export_disruption;case_cyberattack_pipeline_port_infrastructure;case_2022_india_wheat_export_ban;case_2017_north_korea_missile_escalation;case_2019_india_pakistan_airspace_closure;case_2022_ukraine_electricity_grid_attacks;case_2023_niger_coup_uranium_supply_risk;case_2021_belarus_potash_sanctions;case_2021_xinjiang_forced_labor_import_restrictions;case_2024_ev_tariff_escalation_china;case_2024_drc_cobalt_copper_mining_disruption;case_2023_mexico_nearshoring_cross_border_policy_risk;case_2021_myanmar_coup_supply_chain_disruption;case_1987_1988_tanker_war_reflagging;case_2008_somali_piracy_gulf_of_aden;case_2019_cosco_shipping_sanctions_tanker_market;case_2011_libya_civil_war_oil_disruption;case_2022_peru_mine_protests_copper_supply;case_2008_rice_export_restrictions_food_security;case_2022_russia_fertilizer_export_restrictions;case_2021_colonial_pipeline_ransomware;case_2022_russia_airspace_closure_aviation_routes,False,False,
hard_evaluation_cases,hard_port_labor_without_strike_keyword,hard_port_labor_without_strike_keyword,manufacturing_inputs,2,case_2017_notpetya_shipping_logistics_cyberattack;case_2023_port_of_nagoya_cyberattack,2,False,True,0,34,case_russia_ukraine_energy_shock;case_2019_huawei_entity_list;case_2018_2019_us_china_tariffs;case_2022_gas_fertilizer_shock;case_taiwan_strait_semiconductor_risk;case_rare_earth_export_restriction_risk;case_china_gallium_germanium_graphite_controls;case_defense_spending_shock_after_escalation;case_uranium_nuclear_fuel_supply_disruption;case_2023_port_of_nagoya_cyberattack;case_2023_middle_east_defense_supply_escalation;case_2023_china_graphite_battery_export_controls;case_2022_russia_aviation_supply_chain_sanctions;case_2017_north_korea_missile_escalation;case_2019_india_pakistan_airspace_closure;case_2022_nord_stream_pipeline_sabotage;case_2022_ukraine_electricity_grid_attacks;case_2022_chile_lithium_policy_shift;case_2020_indonesia_nickel_export_ban;case_2021_xinjiang_forced_labor_import_restrictions;case_2024_ev_tariff_escalation_china;case_2017_notpetya_shipping_logistics_cyberattack;case_2024_drc_cobalt_copper_mining_disruption;case_2023_mexico_nearshoring_cross_border_policy_risk;case_2023_eu_carbon_border_adjustment_mechanism;case_2021_myanmar_coup_supply_chain_disruption;case_2014_crimea_financial_sanctions;case_2009_russia_ukraine_gas_transit_dispute;case_2010_china_japan_rare_earth_embargo;case_2022_peru_mine_protests_copper_supply;case_2023_panama_cobre_mine_closure;case_2020_smic_entity_list_semiconductor_controls;case_2023_japan_chip_equipment_export_controls;case_2019_turkey_f35_s400_defense_restrictions,32,case_russia_ukraine_energy_shock;case_2019_huawei_entity_list;case_2018_2019_us_china_tariffs;case_2022_gas_fertilizer_shock;case_taiwan_strait_semiconductor_risk;case_rare_earth_export_restriction_risk;case_china_gallium_germanium_graphite_controls;case_defense_spending_shock_after_escalation;case_uranium_nuclear_fuel_supply_disruption;case_2023_middle_east_defense_supply_escalation;case_2023_china_graphite_battery_export_controls;case_2022_russia_aviation_supply_chain_sanctions;case_2017_north_korea_missile_escalation;case_2019_india_pakistan_airspace_closure;case_2022_nord_stream_pipeline_sabotage;case_2022_ukraine_electricity_grid_attacks;case_2022_chile_lithium_policy_shift;case_2020_indonesia_nickel_export_ban;case_2021_xinjiang_forced_labor_import_restrictions;case_2024_ev_tariff_escalation_china;case_2024_drc_cobalt_copper_mining_disruption;case_2023_mexico_nearshoring_cross_border_policy_risk;case_2023_eu_carbon_border_adjustment_mechanism;case_2021_myanmar_coup_supply_chain_disruption;case_2014_crimea_financial_sanctions;case_2009_russia_ukraine_gas_transit_dispute;case_2010_china_japan_rare_earth_embargo;case_2022_peru_mine_protests_copper_supply;case_2023_panama_cobre_mine_closure;case_2020_smic_entity_list_semiconductor_controls;case_2023_japan_chip_equipment_export_controls;case_2019_turkey_f35_s400_defense_restrictions,False,False,
hard_evaluation_cases,hard_port_labor_without_strike_keyword,hard_port_labor_without_strike_keyword,marine_insurance,4,case_2023_red_sea_attacks;case_2022_turkey_strait_tanker_insurance_backlog;case_2023_black_sea_shipping_insurance_restrictions;case_2023_south_china_sea_shipping_tensions,2,False,True,0,12,case_2023_red_sea_attacks;case_hormuz_tanker_tensions;case_israel_iran_escalation_energy_risk;case_2018_iran_oil_sanctions_reimposition;case_2023_black_sea_shipping_insurance_restrictions;case_2023_south_china_sea_shipping_tensions;case_2023_arctic_lng_russian_energy_shipping_sanctions;case_1987_1988_tanker_war_reflagging;case_2008_somali_piracy_gulf_of_aden;case_2022_turkey_strait_tanker_insurance_backlog;case_2018_iran_swift_restrictions;case_2019_cosco_shipping_sanctions_tanker_market,8,case_hormuz_tanker_tensions;case_israel_iran_escalation_energy_risk;case_2018_iran_oil_sanctions_reimposition;case_2023_arctic_lng_russian_energy_shipping_sanctions;case_1987_1988_tanker_war_reflagging;case_2008_somali_piracy_gulf_of_aden;case_2018_iran_swift_restrictions;case_2019_cosco_shipping_sanctions_tanker_market,False,False,
hard_evaluation_cases,hard_port_labor_without_strike_keyword,hard_port_labor_without_strike_keyword,maritime_chokepoint,6,case_2023_red_sea_attacks;case_2021_suez_blockage;case_panama_canal_drought_shipping_capacity;case_2022_turkey_strait_tanker_insurance_backlog;case_2023_black_sea_shipping_insurance_restrictions;case_2023_south_china_sea_shipping_tensions,2,False,True,0,12,case_2021_suez_blockage;case_2023_red_sea_attacks;case_hormuz_tanker_tensions;case_panama_canal_drought_shipping_capacity;case_black_sea_grain_export_disruption;case_israel_iran_escalation_energy_risk;case_2023_black_sea_shipping_insurance_restrictions;case_2023_south_china_sea_shipping_tensions;case_2023_arctic_lng_russian_energy_shipping_sanctions;case_1987_1988_tanker_war_reflagging;case_2008_somali_piracy_gulf_of_aden;case_2022_turkey_strait_tanker_insurance_backlog,6,case_hormuz_tanker_tensions;case_black_sea_grain_export_disruption;case_israel_iran_escalation_energy_risk;case_2023_arctic_lng_russian_energy_shipping_sanctions;case_1987_1988_tanker_war_reflagging;case_2008_somali_piracy_gulf_of_aden,False,False,
hard_evaluation_cases,hard_port_labor_without_strike_keyword,hard_port_labor_without_strike_keyword,oil_shipping,2,case_2023_red_sea_attacks;case_2022_turkey_strait_tanker_insurance_backlog,2,False,True,0,17,case_2023_red_sea_attacks;case_hormuz_tanker_tensions;case_middle_east_oil_supply_disruption;case_opec_production_cut_policy_shock;case_israel_iran_escalation_energy_risk;case_2020_opec_plus_production_cut;case_2022_abu_dhabi_oil_facility_attack;case_2018_iran_oil_sanctions_reimposition;case_2019_venezuela_oil_sanctions;case_2023_arctic_lng_russian_energy_shipping_sanctions;case_1987_1988_tanker_war_reflagging;case_2008_somali_piracy_gulf_of_aden;case_2022_turkey_strait_tanker_insurance_backlog;case_2018_iran_swift_restrictions;case_2019_cosco_shipping_sanctions_tanker_market;case_2011_libya_civil_war_oil_disruption;case_2024_ukraine_drone_attacks_russian_refineries,15,case_hormuz_tanker_tensions;case_middle_east_oil_supply_disruption;case_opec_production_cut_policy_shock;case_israel_iran_escalation_energy_risk;case_2020_opec_plus_production_cut;case_2022_abu_dhabi_oil_facility_attack;case_2018_iran_oil_sanctions_reimposition;case_2019_venezuela_oil_sanctions;case_2023_arctic_lng_russian_energy_shipping_sanctions;case_1987_1988_tanker_war_reflagging;case_2008_somali_piracy_gulf_of_aden;case_2018_iran_swift_restrictions;case_2019_cosco_shipping_sanctions_tanker_market;case_2011_libya_civil_war_oil_disruption;case_2024_ukraine_drone_attacks_russian_refineries,False,False,
hard_evaluation_cases,hard_port_labor_without_strike_keyword,hard_port_labor_without_strike_keyword,panama_canal,1,case_panama_canal_drought_shipping_capacity,2,False,True,0,1,case_panama_canal_drought_shipping_capacity,0,,False,False,
hard_evaluation_cases,hard_port_labor_without_strike_keyword,hard_port_labor_without_strike_keyword,port_labor,1,case_2024_us_east_gulf_port_strike,2,False,True,0,1,case_2024_us_east_gulf_port_strike,0,,False,False,
hard_evaluation_cases,hard_port_labor_without_strike_keyword,hard_port_labor_without_strike_keyword,ports,5,case_2024_us_east_gulf_port_strike;case_2021_suez_blockage;case_2023_dp_world_australia_cyber_port_disruption;case_2017_notpetya_shipping_logistics_cyberattack;case_2023_port_of_nagoya_cyberattack,2,False,True,0,9,case_2021_suez_blockage;case_cyberattack_pipeline_port_infrastructure;case_2023_port_of_nagoya_cyberattack;case_2024_us_east_gulf_port_strike;case_2017_notpetya_shipping_logistics_cyberattack;case_2023_mexico_nearshoring_cross_border_policy_risk;case_2021_myanmar_coup_supply_chain_disruption;case_2023_panama_cobre_mine_closure;case_2023_dp_world_australia_cyber_port_disruption,4,case_cyberattack_pipeline_port_infrastructure;case_2023_mexico_nearshoring_cross_border_policy_risk;case_2021_myanmar_coup_supply_chain_disruption;case_2023_panama_cobre_mine_closure,False,False,
hard_evaluation_cases,hard_port_labor_without_strike_keyword,hard_port_labor_without_strike_keyword,trade_lanes,3,case_2024_us_east_gulf_port_strike;case_2023_dp_world_australia_cyber_port_disruption;case_2023_south_china_sea_shipping_tensions,2,False,True,0,31,case_2018_2019_us_china_tariffs;case_uranium_nuclear_fuel_supply_disruption;case_2022_russia_swift_financial_sanctions;case_2024_us_east_gulf_port_strike;case_2022_india_wheat_export_ban;case_2022_russia_aviation_supply_chain_sanctions;case_2017_north_korea_missile_escalation;case_2019_india_pakistan_airspace_closure;case_2023_niger_coup_uranium_supply_risk;case_2022_chile_lithium_policy_shift;case_2020_indonesia_nickel_export_ban;case_2021_belarus_potash_sanctions;case_2021_xinjiang_forced_labor_import_restrictions;case_2024_ev_tariff_escalation_china;case_2023_south_china_sea_shipping_tensions;case_2024_drc_cobalt_copper_mining_disruption;case_2023_mexico_nearshoring_cross_border_policy_risk;case_2023_eu_carbon_border_adjustment_mechanism;case_2021_myanmar_coup_supply_chain_disruption;case_2014_crimea_financial_sanctions;case_2018_iran_swift_restrictions;case_2019_cosco_shipping_sanctions_tanker_market;case_2009_russia_ukraine_gas_transit_dispute;case_2011_libya_civil_war_oil_disruption;case_2010_china_japan_rare_earth_embargo;case_2022_peru_mine_protests_copper_supply;case_2023_panama_cobre_mine_closure;case_2008_rice_export_restrictions_food_security;case_2022_russia_fertilizer_export_restrictions;case_2023_dp_world_australia_cyber_port_disruption;case_2019_turkey_f35_s400_defense_restrictions,28,case_2018_2019_us_china_tariffs;case_uranium_nuclear_fuel_supply_disruption;case_2022_russia_swift_financial_sanctions;case_2022_india_wheat_export_ban;case_2022_russia_aviation_supply_chain_sanctions;case_2017_north_korea_missile_escalation;case_2019_india_pakistan_airspace_closure;case_2023_niger_coup_uranium_supply_risk;case_2022_chile_lithium_policy_shift;case_2020_indonesia_nickel_export_ban;case_2021_belarus_potash_sanctions;case_2021_xinjiang_forced_labor_import_restrictions;case_2024_ev_tariff_escalation_china;case_2024_drc_cobalt_copper_mining_disruption;case_2023_mexico_nearshoring_cross_border_policy_risk;case_2023_eu_carbon_border_adjustment_mechanism;case_2021_myanmar_coup_supply_chain_disruption;case_2014_crimea_financial_sanctions;case_2018_iran_swift_restrictions;case_2019_cosco_shipping_sanctions_tanker_market;case_2009_russia_ukraine_gas_transit_dispute;case_2011_libya_civil_war_oil_disruption;case_2010_china_japan_rare_earth_embargo;case_2022_peru_mine_protests_copper_supply;case_2023_panama_cobre_mine_closure;case_2008_rice_export_restrictions_food_security;case_2022_russia_fertilizer_export_restrictions;case_2019_turkey_f35_s400_defense_restrictions,False,False,
hard_evaluation_cases,hard_food_export_ban_paraphrased,hard_food_export_ban_paraphrased,agriculture,6,case_2022_india_wheat_export_ban;case_2023_black_sea_shipping_insurance_restrictions;case_2008_rice_export_restrictions_food_security;case_2022_russia_fertilizer_export_restrictions;case_black_sea_grain_export_disruption;case_panama_canal_drought_shipping_capacity,2,False,True,0,10,case_2018_2019_us_china_tariffs;case_2022_gas_fertilizer_shock;case_panama_canal_drought_shipping_capacity;case_black_sea_grain_export_disruption;case_2022_india_wheat_export_ban;case_2021_belarus_potash_sanctions;case_2023_black_sea_shipping_insurance_restrictions;case_2021_myanmar_coup_supply_chain_disruption;case_2008_rice_export_restrictions_food_security;case_2022_russia_fertilizer_export_restrictions,4,case_2018_2019_us_china_tariffs;case_2022_gas_fertilizer_shock;case_2021_belarus_potash_sanctions;case_2021_myanmar_coup_supply_chain_disruption,False,False,
hard_evaluation_cases,hard_food_export_ban_paraphrased,hard_food_export_ban_paraphrased,container_shipping,2,case_2023_red_sea_attacks;case_panama_canal_drought_shipping_capacity,2,False,True,0,8,case_2021_suez_blockage;case_2023_red_sea_attacks;case_panama_canal_drought_shipping_capacity;case_2024_us_east_gulf_port_strike;case_2017_notpetya_shipping_logistics_cyberattack;case_2023_south_china_sea_shipping_tensions;case_2008_somali_piracy_gulf_of_aden;case_2023_dp_world_australia_cyber_port_disruption,6,case_2021_suez_blockage;case_2024_us_east_gulf_port_strike;case_2017_notpetya_shipping_logistics_cyberattack;case_2023_south_china_sea_shipping_tensions;case_2008_somali_piracy_gulf_of_aden;case_2023_dp_world_australia_cyber_port_disruption,False,False,
hard_evaluation_cases,hard_food_export_ban_paraphrased,hard_food_export_ban_paraphrased,customs,5,case_2022_india_wheat_export_ban;case_2008_rice_export_restrictions_food_security;case_2022_russia_fertilizer_export_restrictions;case_2023_niger_coup_uranium_supply_risk;case_uranium_nuclear_fuel_supply_disruption,2,False,True,0,32,case_2023_dutch_asml_controls;case_2019_huawei_entity_list;case_2018_2019_us_china_tariffs;case_china_gallium_germanium_graphite_controls;case_uranium_nuclear_fuel_supply_disruption;case_2022_russia_swift_financial_sanctions;case_2023_china_graphite_battery_export_controls;case_2022_india_wheat_export_ban;case_2022_russia_aviation_supply_chain_sanctions;case_2023_niger_coup_uranium_supply_risk;case_2022_chile_lithium_policy_shift;case_2020_indonesia_nickel_export_ban;case_2021_belarus_potash_sanctions;case_2021_xinjiang_forced_labor_import_restrictions;case_2024_ev_tariff_escalation_china;case_2024_drc_cobalt_copper_mining_disruption;case_2023_mexico_nearshoring_cross_border_policy_risk;case_2023_eu_carbon_border_adjustment_mechanism;case_2021_myanmar_coup_supply_chain_disruption;case_2022_turkey_strait_tanker_insurance_backlog;case_2014_crimea_financial_sanctions;case_2018_iran_swift_restrictions;case_2019_cosco_shipping_sanctions_tanker_market;case_2010_china_japan_rare_earth_embargo;case_2022_peru_mine_protests_copper_supply;case_2023_panama_cobre_mine_closure;case_2008_rice_export_restrictions_food_security;case_2022_russia_fertilizer_export_restrictions;case_2020_smic_entity_list_semiconductor_controls;case_2023_japan_chip_equipment_export_controls;case_2019_turkey_f35_s400_defense_restrictions;case_2022_russia_airspace_closure_aviation_routes,27,case_2023_dutch_asml_controls;case_2019_huawei_entity_list;case_2018_2019_us_china_tariffs;case_china_gallium_germanium_graphite_controls;case_2022_russia_swift_financial_sanctions;case_2023_china_graphite_battery_export_controls;case_2022_russia_aviation_supply_chain_sanctions;case_2022_chile_lithium_policy_shift;case_2020_indonesia_nickel_export_ban;case_2021_belarus_potash_sanctions;case_2021_xinjiang_forced_labor_import_restrictions;case_2024_ev_tariff_escalation_china;case_2024_drc_cobalt_copper_mining_disruption;case_2023_mexico_nearshoring_cross_border_policy_risk;case_2023_eu_carbon_border_adjustment_mechanism;case_2021_myanmar_coup_supply_chain_disruption;case_2022_turkey_strait_tanker_insurance_backlog;case_2014_crimea_financial_sanctions;case_2018_iran_swift_restrictions;case_2019_cosco_shipping_sanctions_tanker_market;case_2010_china_japan_rare_earth_embargo;case_2022_peru_mine_protests_copper_supply;case_2023_panama_cobre_mine_closure;case_2020_smic_entity_list_semiconductor_controls;case_2023_japan_chip_equipment_export_controls;case_2019_turkey_f35_s400_defense_restrictions;case_2022_russia_airspace_closure_aviation_routes,False,False,
hard_evaluation_cases,hard_food_export_ban_paraphrased,hard_food_export_ban_paraphrased,energy,4,case_2022_russia_fertilizer_export_restrictions;case_2023_arctic_lng_russian_energy_shipping_sanctions;case_2023_niger_coup_uranium_supply_risk;case_uranium_nuclear_fuel_supply_disruption,2,False,True,0,28,case_2021_suez_blockage;case_hormuz_tanker_tensions;case_russia_ukraine_energy_shock;case_2022_gas_fertilizer_shock;case_middle_east_oil_supply_disruption;case_rare_earth_export_restriction_risk;case_opec_production_cut_policy_shock;case_israel_iran_escalation_energy_risk;case_cyberattack_pipeline_port_infrastructure;case_uranium_nuclear_fuel_supply_disruption;case_2022_russia_swift_financial_sanctions;case_2020_opec_plus_production_cut;case_2022_abu_dhabi_oil_facility_attack;case_2018_iran_oil_sanctions_reimposition;case_2019_venezuela_oil_sanctions;case_2022_nord_stream_pipeline_sabotage;case_2022_ukraine_electricity_grid_attacks;case_2023_niger_coup_uranium_supply_risk;case_2023_eu_carbon_border_adjustment_mechanism;case_2023_arctic_lng_russian_energy_shipping_sanctions;case_1987_1988_tanker_war_reflagging;case_2014_crimea_financial_sanctions;case_2009_russia_ukraine_gas_transit_dispute;case_2011_libya_civil_war_oil_disruption;case_2024_ukraine_drone_attacks_russian_refineries;case_2022_russia_fertilizer_export_restrictions;case_2021_colonial_pipeline_ransomware;case_2022_russia_airspace_closure_aviation_routes,24,case_2021_suez_blockage;case_hormuz_tanker_tensions;case_russia_ukraine_energy_shock;case_2022_gas_fertilizer_shock;case_middle_east_oil_supply_disruption;case_rare_earth_export_restriction_risk;case_opec_production_cut_policy_shock;case_israel_iran_escalation_energy_risk;case_cyberattack_pipeline_port_infrastructure;case_2022_russia_swift_financial_sanctions;case_2020_opec_plus_production_cut;case_2022_abu_dhabi_oil_facility_attack;case_2018_iran_oil_sanctions_reimposition;case_2019_venezuela_oil_sanctions;case_2022_nord_stream_pipeline_sabotage;case_2022_ukraine_electricity_grid_attacks;case_2023_eu_carbon_border_adjustment_mechanism;case_1987_1988_tanker_war_reflagging;case_2014_crimea_financial_sanctions;case_2009_russia_ukraine_gas_transit_dispute;case_2011_libya_civil_war_oil_disruption;case_2024_ukraine_drone_attacks_russian_refineries;case_2021_colonial_pipeline_ransomware;case_2022_russia_airspace_closure_aviation_routes,False,False,
hard_evaluation_cases,hard_food_export_ban_paraphrased,hard_food_export_ban_paraphrased,fertilizer,2,case_2022_russia_fertilizer_export_restrictions;case_black_sea_grain_export_disruption,2,False,True,0,5,case_2022_gas_fertilizer_shock;case_black_sea_grain_export_disruption;case_2021_belarus_potash_sanctions;case_2023_eu_carbon_border_adjustment_mechanism;case_2022_russia_fertilizer_export_restrictions,3,case_2022_gas_fertilizer_shock;case_2021_belarus_potash_sanctions;case_2023_eu_carbon_border_adjustment_mechanism,False,False,
hard_evaluation_cases,hard_food_export_ban_paraphrased,hard_food_export_ban_paraphrased,financial_sanctions,1,case_2023_arctic_lng_russian_energy_shipping_sanctions,2,False,True,0,8,case_2022_russia_swift_financial_sanctions;case_2018_iran_oil_sanctions_reimposition;case_2019_venezuela_oil_sanctions;case_2023_arctic_lng_russian_energy_shipping_sanctions;case_2022_turkey_strait_tanker_insurance_backlog;case_2014_crimea_financial_sanctions;case_2018_iran_swift_restrictions;case_2019_cosco_shipping_sanctions_tanker_market,7,case_2022_russia_swift_financial_sanctions;case_2018_iran_oil_sanctions_reimposition;case_2019_venezuela_oil_sanctions;case_2022_turkey_strait_tanker_insurance_backlog;case_2014_crimea_financial_sanctions;case_2018_iran_swift_restrictions;case_2019_cosco_shipping_sanctions_tanker_market,True,False,
hard_evaluation_cases,hard_food_export_ban_paraphrased,hard_food_export_ban_paraphrased,food_export_controls,2,case_2022_india_wheat_export_ban;case_2008_rice_export_restrictions_food_security,2,False,True,0,2,case_2022_india_wheat_export_ban;case_2008_rice_export_restrictions_food_security,0,,False,False,
hard_evaluation_cases,hard_food_export_ban_paraphrased,hard_food_export_ban_paraphrased,freight_routes,4,case_2023_black_sea_shipping_insurance_restrictions;case_black_sea_grain_export_disruption;case_2023_red_sea_attacks;case_panama_canal_drought_shipping_capacity,2,False,True,0,19,case_2021_suez_blockage;case_2023_red_sea_attacks;case_panama_canal_drought_shipping_capacity;case_black_sea_grain_export_disruption;case_cyberattack_pipeline_port_infrastructure;case_2023_port_of_nagoya_cyberattack;case_2024_us_east_gulf_port_strike;case_2019_india_pakistan_airspace_closure;case_2021_belarus_potash_sanctions;case_2017_notpetya_shipping_logistics_cyberattack;case_2023_black_sea_shipping_insurance_restrictions;case_2023_south_china_sea_shipping_tensions;case_2023_mexico_nearshoring_cross_border_policy_risk;case_1987_1988_tanker_war_reflagging;case_2008_somali_piracy_gulf_of_aden;case_2022_turkey_strait_tanker_insurance_backlog;case_2021_colonial_pipeline_ransomware;case_2023_dp_world_australia_cyber_port_disruption;case_2022_russia_airspace_closure_aviation_routes,15,case_2021_suez_blockage;case_cyberattack_pipeline_port_infrastructure;case_2023_port_of_nagoya_cyberattack;case_2024_us_east_gulf_port_strike;case_2019_india_pakistan_airspace_closure;case_2021_belarus_potash_sanctions;case_2017_notpetya_shipping_logistics_cyberattack;case_2023_south_china_sea_shipping_tensions;case_2023_mexico_nearshoring_cross_border_policy_risk;case_1987_1988_tanker_war_reflagging;case_2008_somali_piracy_gulf_of_aden;case_2022_turkey_strait_tanker_insurance_backlog;case_2021_colonial_pipeline_ransomware;case_2023_dp_world_australia_cyber_port_disruption;case_2022_russia_airspace_closure_aviation_routes,False,False,
hard_evaluation_cases,hard_food_export_ban_paraphrased,hard_food_export_ban_paraphrased,grain_exports,4,case_2022_india_wheat_export_ban;case_2023_black_sea_shipping_insurance_restrictions;case_2008_rice_export_restrictions_food_security;case_black_sea_grain_export_disruption,2,False,True,0,4,case_black_sea_grain_export_disruption;case_2022_india_wheat_export_ban;case_2023_black_sea_shipping_insurance_restrictions;case_2008_rice_export_restrictions_food_security,0,,False,False,
hard_evaluation_cases,hard_food_export_ban_paraphrased,hard_food_export_ban_paraphrased,lng_shipping,3,case_2023_red_sea_attacks;case_2023_arctic_lng_russian_energy_shipping_sanctions;case_panama_canal_drought_shipping_capacity,2,False,True,0,8,case_2023_red_sea_attacks;case_hormuz_tanker_tensions;case_russia_ukraine_energy_shock;case_panama_canal_drought_shipping_capacity;case_israel_iran_escalation_energy_risk;case_2022_nord_stream_pipeline_sabotage;case_2023_arctic_lng_russian_energy_shipping_sanctions;case_2009_russia_ukraine_gas_transit_dispute,5,case_hormuz_tanker_tensions;case_russia_ukraine_energy_shock;case_israel_iran_escalation_energy_risk;case_2022_nord_stream_pipeline_sabotage;case_2009_russia_ukraine_gas_transit_dispute,False,False,
hard_evaluation_cases,hard_food_export_ban_paraphrased,hard_food_export_ban_paraphrased,logistics,8,case_2022_india_wheat_export_ban;case_2023_black_sea_shipping_insurance_restrictions;case_2008_rice_export_restrictions_food_security;case_2022_russia_fertilizer_export_restrictions;case_black_sea_grain_export_disruption;case_2023_red_sea_attacks;case_panama_canal_drought_shipping_capacity;case_2023_niger_coup_uranium_supply_risk,2,False,True,0,33,case_2021_suez_blockage;case_2023_red_sea_attacks;case_2018_2019_us_china_tariffs;case_panama_canal_drought_shipping_capacity;case_black_sea_grain_export_disruption;case_cyberattack_pipeline_port_infrastructure;case_2023_port_of_nagoya_cyberattack;case_2024_us_east_gulf_port_strike;case_2022_india_wheat_export_ban;case_2017_north_korea_missile_escalation;case_2019_india_pakistan_airspace_closure;case_2022_ukraine_electricity_grid_attacks;case_2023_niger_coup_uranium_supply_risk;case_2021_belarus_potash_sanctions;case_2021_xinjiang_forced_labor_import_restrictions;case_2024_ev_tariff_escalation_china;case_2017_notpetya_shipping_logistics_cyberattack;case_2023_black_sea_shipping_insurance_restrictions;case_2023_south_china_sea_shipping_tensions;case_2024_drc_cobalt_copper_mining_disruption;case_2023_mexico_nearshoring_cross_border_policy_risk;case_2021_myanmar_coup_supply_chain_disruption;case_1987_1988_tanker_war_reflagging;case_2008_somali_piracy_gulf_of_aden;case_2022_turkey_strait_tanker_insurance_backlog;case_2019_cosco_shipping_sanctions_tanker_market;case_2011_libya_civil_war_oil_disruption;case_2022_peru_mine_protests_copper_supply;case_2008_rice_export_restrictions_food_security;case_2022_russia_fertilizer_export_restrictions;case_2021_colonial_pipeline_ransomware;case_2023_dp_world_australia_cyber_port_disruption;case_2022_russia_airspace_closure_aviation_routes,25,case_2021_suez_blockage;case_2018_2019_us_china_tariffs;case_cyberattack_pipeline_port_infrastructure;case_2023_port_of_nagoya_cyberattack;case_2024_us_east_gulf_port_strike;case_2017_north_korea_missile_escalation;case_2019_india_pakistan_airspace_closure;case_2022_ukraine_electricity_grid_attacks;case_2021_belarus_potash_sanctions;case_2021_xinjiang_forced_labor_import_restrictions;case_2024_ev_tariff_escalation_china;case_2017_notpetya_shipping_logistics_cyberattack;case_2023_south_china_sea_shipping_tensions;case_2024_drc_cobalt_copper_mining_disruption;case_2023_mexico_nearshoring_cross_border_policy_risk;case_2021_myanmar_coup_supply_chain_disruption;case_1987_1988_tanker_war_reflagging;case_2008_somali_piracy_gulf_of_aden;case_2022_turkey_strait_tanker_insurance_backlog;case_2019_cosco_shipping_sanctions_tanker_market;case_2011_libya_civil_war_oil_disruption;case_2022_peru_mine_protests_copper_supply;case_2021_colonial_pipeline_ransomware;case_2023_dp_world_australia_cyber_port_disruption;case_2022_russia_airspace_closure_aviation_routes,False,False,
hard_evaluation_cases,hard_food_export_ban_paraphrased,hard_food_export_ban_paraphrased,manufacturing_inputs,1,case_uranium_nuclear_fuel_supply_disruption,2,False,True,0,34,case_russia_ukraine_energy_shock;case_2019_huawei_entity_list;case_2018_2019_us_china_tariffs;case_2022_gas_fertilizer_shock;case_taiwan_strait_semiconductor_risk;case_rare_earth_export_restriction_risk;case_china_gallium_germanium_graphite_controls;case_defense_spending_shock_after_escalation;case_uranium_nuclear_fuel_supply_disruption;case_2023_port_of_nagoya_cyberattack;case_2023_middle_east_defense_supply_escalation;case_2023_china_graphite_battery_export_controls;case_2022_russia_aviation_supply_chain_sanctions;case_2017_north_korea_missile_escalation;case_2019_india_pakistan_airspace_closure;case_2022_nord_stream_pipeline_sabotage;case_2022_ukraine_electricity_grid_attacks;case_2022_chile_lithium_policy_shift;case_2020_indonesia_nickel_export_ban;case_2021_xinjiang_forced_labor_import_restrictions;case_2024_ev_tariff_escalation_china;case_2017_notpetya_shipping_logistics_cyberattack;case_2024_drc_cobalt_copper_mining_disruption;case_2023_mexico_nearshoring_cross_border_policy_risk;case_2023_eu_carbon_border_adjustment_mechanism;case_2021_myanmar_coup_supply_chain_disruption;case_2014_crimea_financial_sanctions;case_2009_russia_ukraine_gas_transit_dispute;case_2010_china_japan_rare_earth_embargo;case_2022_peru_mine_protests_copper_supply;case_2023_panama_cobre_mine_closure;case_2020_smic_entity_list_semiconductor_controls;case_2023_japan_chip_equipment_export_controls;case_2019_turkey_f35_s400_defense_restrictions,33,case_russia_ukraine_energy_shock;case_2019_huawei_entity_list;case_2018_2019_us_china_tariffs;case_2022_gas_fertilizer_shock;case_taiwan_strait_semiconductor_risk;case_rare_earth_export_restriction_risk;case_china_gallium_germanium_graphite_controls;case_defense_spending_shock_after_escalation;case_2023_port_of_nagoya_cyberattack;case_2023_middle_east_defense_supply_escalation;case_2023_china_graphite_battery_export_controls;case_2022_russia_aviation_supply_chain_sanctions;case_2017_north_korea_missile_escalation;case_2019_india_pakistan_airspace_closure;case_2022_nord_stream_pipeline_sabotage;case_2022_ukraine_electricity_grid_attacks;case_2022_chile_lithium_policy_shift;case_2020_indonesia_nickel_export_ban;case_2021_xinjiang_forced_labor_import_restrictions;case_2024_ev_tariff_escalation_china;case_2017_notpetya_shipping_logistics_cyberattack;case_2024_drc_cobalt_copper_mining_disruption;case_2023_mexico_nearshoring_cross_border_policy_risk;case_2023_eu_carbon_border_adjustment_mechanism;case_2021_myanmar_coup_supply_chain_disruption;case_2014_crimea_financial_sanctions;case_2009_russia_ukraine_gas_transit_dispute;case_2010_china_japan_rare_earth_embargo;case_2022_peru_mine_protests_copper_supply;case_2023_panama_cobre_mine_closure;case_2020_smic_entity_list_semiconductor_controls;case_2023_japan_chip_equipment_export_controls;case_2019_turkey_f35_s400_defense_restrictions,True,False,
hard_evaluation_cases,hard_food_export_ban_paraphrased,hard_food_export_ban_paraphrased,marine_insurance,3,case_2023_black_sea_shipping_insurance_restrictions;case_2023_red_sea_attacks;case_2023_arctic_lng_russian_energy_shipping_sanctions,2,False,True,0,12,case_2023_red_sea_attacks;case_hormuz_tanker_tensions;case_israel_iran_escalation_energy_risk;case_2018_iran_oil_sanctions_reimposition;case_2023_black_sea_shipping_insurance_restrictions;case_2023_south_china_sea_shipping_tensions;case_2023_arctic_lng_russian_energy_shipping_sanctions;case_1987_1988_tanker_war_reflagging;case_2008_somali_piracy_gulf_of_aden;case_2022_turkey_strait_tanker_insurance_backlog;case_2018_iran_swift_restrictions;case_2019_cosco_shipping_sanctions_tanker_market,9,case_hormuz_tanker_tensions;case_israel_iran_escalation_energy_risk;case_2018_iran_oil_sanctions_reimposition;case_2023_south_china_sea_shipping_tensions;case_1987_1988_tanker_war_reflagging;case_2008_somali_piracy_gulf_of_aden;case_2022_turkey_strait_tanker_insurance_backlog;case_2018_iran_swift_restrictions;case_2019_cosco_shipping_sanctions_tanker_market,False,False,
hard_evaluation_cases,hard_food_export_ban_paraphrased,hard_food_export_ban_paraphrased,maritime_chokepoint,5,case_2023_black_sea_shipping_insurance_restrictions;case_black_sea_grain_export_disruption;case_2023_red_sea_attacks;case_2023_arctic_lng_russian_energy_shipping_sanctions;case_panama_canal_drought_shipping_capacity,2,False,True,0,12,case_2021_suez_blockage;case_2023_red_sea_attacks;case_hormuz_tanker_tensions;case_panama_canal_drought_shipping_capacity;case_black_sea_grain_export_disruption;case_israel_iran_escalation_energy_risk;case_2023_black_sea_shipping_insurance_restrictions;case_2023_south_china_sea_shipping_tensions;case_2023_arctic_lng_russian_energy_shipping_sanctions;case_1987_1988_tanker_war_reflagging;case_2008_somali_piracy_gulf_of_aden;case_2022_turkey_strait_tanker_insurance_backlog,7,case_2021_suez_blockage;case_hormuz_tanker_tensions;case_israel_iran_escalation_energy_risk;case_2023_south_china_sea_shipping_tensions;case_1987_1988_tanker_war_reflagging;case_2008_somali_piracy_gulf_of_aden;case_2022_turkey_strait_tanker_insurance_backlog,False,False,
hard_evaluation_cases,hard_food_export_ban_paraphrased,hard_food_export_ban_paraphrased,nuclear_fuel,2,case_2023_niger_coup_uranium_supply_risk;case_uranium_nuclear_fuel_supply_disruption,2,False,True,0,2,case_uranium_nuclear_fuel_supply_disruption;case_2023_niger_coup_uranium_supply_risk,0,,False,False,
hard_evaluation_cases,hard_food_export_ban_paraphrased,hard_food_export_ban_paraphrased,oil_shipping,2,case_2023_red_sea_attacks;case_2023_arctic_lng_russian_energy_shipping_sanctions,2,False,True,0,17,case_2023_red_sea_attacks;case_hormuz_tanker_tensions;case_middle_east_oil_supply_disruption;case_opec_production_cut_policy_shock;case_israel_iran_escalation_energy_risk;case_2020_opec_plus_production_cut;case_2022_abu_dhabi_oil_facility_attack;case_2018_iran_oil_sanctions_reimposition;case_2019_venezuela_oil_sanctions;case_2023_arctic_lng_russian_energy_shipping_sanctions;case_1987_1988_tanker_war_reflagging;case_2008_somali_piracy_gulf_of_aden;case_2022_turkey_strait_tanker_insurance_backlog;case_2018_iran_swift_restrictions;case_2019_cosco_shipping_sanctions_tanker_market;case_2011_libya_civil_war_oil_disruption;case_2024_ukraine_drone_attacks_russian_refineries,15,case_hormuz_tanker_tensions;case_middle_east_oil_supply_disruption;case_opec_production_cut_policy_shock;case_israel_iran_escalation_energy_risk;case_2020_opec_plus_production_cut;case_2022_abu_dhabi_oil_facility_attack;case_2018_iran_oil_sanctions_reimposition;case_2019_venezuela_oil_sanctions;case_1987_1988_tanker_war_reflagging;case_2008_somali_piracy_gulf_of_aden;case_2022_turkey_strait_tanker_insurance_backlog;case_2018_iran_swift_restrictions;case_2019_cosco_shipping_sanctions_tanker_market;case_2011_libya_civil_war_oil_disruption;case_2024_ukraine_drone_attacks_russian_refineries,False,False,
hard_evaluation_cases,hard_food_export_ban_paraphrased,hard_food_export_ban_paraphrased,panama_canal,1,case_panama_canal_drought_shipping_capacity,2,False,True,0,1,case_panama_canal_drought_shipping_capacity,0,,False,False,
hard_evaluation_cases,hard_food_export_ban_paraphrased,hard_food_export_ban_paraphrased,payment_networks,1,case_2023_arctic_lng_russian_energy_shipping_sanctions,2,False,True,0,7,case_2022_russia_swift_financial_sanctions;case_2018_iran_oil_sanctions_reimposition;case_2019_venezuela_oil_sanctions;case_2023_arctic_lng_russian_energy_shipping_sanctions;case_2014_crimea_financial_sanctions;case_2018_iran_swift_restrictions;case_2019_cosco_shipping_sanctions_tanker_market,6,case_2022_russia_swift_financial_sanctions;case_2018_iran_oil_sanctions_reimposition;case_2019_venezuela_oil_sanctions;case_2014_crimea_financial_sanctions;case_2018_iran_swift_restrictions;case_2019_cosco_shipping_sanctions_tanker_market,True,False,
hard_evaluation_cases,hard_food_export_ban_paraphrased,hard_food_export_ban_paraphrased,trade_lanes,5,case_2022_india_wheat_export_ban;case_2008_rice_export_restrictions_food_security;case_2022_russia_fertilizer_export_restrictions;case_2023_niger_coup_uranium_supply_risk;case_uranium_nuclear_fuel_supply_disruption,2,False,True,0,31,case_2018_2019_us_china_tariffs;case_uranium_nuclear_fuel_supply_disruption;case_2022_russia_swift_financial_sanctions;case_2024_us_east_gulf_port_strike;case_2022_india_wheat_export_ban;case_2022_russia_aviation_supply_chain_sanctions;case_2017_north_korea_missile_escalation;case_2019_india_pakistan_airspace_closure;case_2023_niger_coup_uranium_supply_risk;case_2022_chile_lithium_policy_shift;case_2020_indonesia_nickel_export_ban;case_2021_belarus_potash_sanctions;case_2021_xinjiang_forced_labor_import_restrictions;case_2024_ev_tariff_escalation_china;case_2023_south_china_sea_shipping_tensions;case_2024_drc_cobalt_copper_mining_disruption;case_2023_mexico_nearshoring_cross_border_policy_risk;case_2023_eu_carbon_border_adjustment_mechanism;case_2021_myanmar_coup_supply_chain_disruption;case_2014_crimea_financial_sanctions;case_2018_iran_swift_restrictions;case_2019_cosco_shipping_sanctions_tanker_market;case_2009_russia_ukraine_gas_transit_dispute;case_2011_libya_civil_war_oil_disruption;case_2010_china_japan_rare_earth_embargo;case_2022_peru_mine_protests_copper_supply;case_2023_panama_cobre_mine_closure;case_2008_rice_export_restrictions_food_security;case_2022_russia_fertilizer_export_restrictions;case_2023_dp_world_australia_cyber_port_disruption;case_2019_turkey_f35_s400_defense_restrictions,26,case_2018_2019_us_china_tariffs;case_2022_russia_swift_financial_sanctions;case_2024_us_east_gulf_port_strike;case_2022_russia_aviation_supply_chain_sanctions;case_2017_north_korea_missile_escalation;case_2019_india_pakistan_airspace_closure;case_2022_chile_lithium_policy_shift;case_2020_indonesia_nickel_export_ban;case_2021_belarus_potash_sanctions;case_2021_xinjiang_forced_labor_import_restrictions;case_2024_ev_tariff_escalation_china;case_2023_south_china_sea_shipping_tensions;case_2024_drc_cobalt_copper_mining_disruption;case_2023_mexico_nearshoring_cross_border_policy_risk;case_2023_eu_carbon_border_adjustment_mechanism;case_2021_myanmar_coup_supply_chain_disruption;case_2014_crimea_financial_sanctions;case_2018_iran_swift_restrictions;case_2019_cosco_shipping_sanctions_tanker_market;case_2009_russia_ukraine_gas_transit_dispute;case_2011_libya_civil_war_oil_disruption;case_2010_china_japan_rare_earth_embargo;case_2022_peru_mine_protests_copper_supply;case_2023_panama_cobre_mine_closure;case_2023_dp_world_australia_cyber_port_disruption;case_2019_turkey_f35_s400_defense_restrictions,False,False,
hard_evaluation_cases,hard_food_export_ban_paraphrased,hard_food_export_ban_paraphrased,uranium,2,case_2023_niger_coup_uranium_supply_risk;case_uranium_nuclear_fuel_supply_disruption,2,False,True,0,2,case_uranium_nuclear_fuel_supply_disruption;case_2023_niger_coup_uranium_supply_risk,0,,False,False,
hard_evaluation_cases,hard_aerospace_sanctions_supply_chain,hard_aerospace_sanctions_supply_chain,aerospace_supply_chain,3,case_2022_russia_aviation_supply_chain_sanctions;case_2022_russia_airspace_closure_aviation_routes;case_2019_turkey_f35_s400_defense_restrictions,2,False,True,0,4,case_2023_middle_east_defense_supply_escalation;case_2022_russia_aviation_supply_chain_sanctions;case_2019_turkey_f35_s400_defense_restrictions;case_2022_russia_airspace_closure_aviation_routes,1,case_2023_middle_east_defense_supply_escalation,False,False,
hard_evaluation_cases,hard_aerospace_sanctions_supply_chain,hard_aerospace_sanctions_supply_chain,ai_chips,1,case_2019_huawei_entity_list,2,False,True,0,8,case_2022_us_china_semiconductor_controls;case_2019_huawei_entity_list;case_taiwan_strait_semiconductor_risk;case_china_gallium_germanium_graphite_controls;case_defense_spending_shock_after_escalation;case_2023_middle_east_defense_supply_escalation;case_2024_taiwan_strait_drills_semiconductor_supply;case_2023_japan_chip_equipment_export_controls,7,case_2022_us_china_semiconductor_controls;case_taiwan_strait_semiconductor_risk;case_china_gallium_germanium_graphite_controls;case_defense_spending_shock_after_escalation;case_2023_middle_east_defense_supply_escalation;case_2024_taiwan_strait_drills_semiconductor_supply;case_2023_japan_chip_equipment_export_controls,True,False,
hard_evaluation_cases,hard_aerospace_sanctions_supply_chain,hard_aerospace_sanctions_supply_chain,aviation,3,case_2022_russia_aviation_supply_chain_sanctions;case_2022_russia_airspace_closure_aviation_routes;case_2019_india_pakistan_airspace_closure,2,False,True,0,11,case_middle_east_oil_supply_disruption;case_opec_production_cut_policy_shock;case_2020_opec_plus_production_cut;case_2022_abu_dhabi_oil_facility_attack;case_2022_russia_aviation_supply_chain_sanctions;case_2017_north_korea_missile_escalation;case_2019_india_pakistan_airspace_closure;case_2011_libya_civil_war_oil_disruption;case_2024_ukraine_drone_attacks_russian_refineries;case_2021_colonial_pipeline_ransomware;case_2022_russia_airspace_closure_aviation_routes,8,case_middle_east_oil_supply_disruption;case_opec_production_cut_policy_shock;case_2020_opec_plus_production_cut;case_2022_abu_dhabi_oil_facility_attack;case_2017_north_korea_missile_escalation;case_2011_libya_civil_war_oil_disruption;case_2024_ukraine_drone_attacks_russian_refineries;case_2021_colonial_pipeline_ransomware,False,False,
hard_evaluation_cases,hard_aerospace_sanctions_supply_chain,hard_aerospace_sanctions_supply_chain,customs,7,case_2022_russia_aviation_supply_chain_sanctions;case_2019_huawei_entity_list;case_2022_russia_airspace_closure_aviation_routes;case_2019_turkey_f35_s400_defense_restrictions;case_2022_turkey_strait_tanker_insurance_backlog;case_2019_cosco_shipping_sanctions_tanker_market;case_2018_iran_swift_restrictions,2,False,True,0,32,case_2023_dutch_asml_controls;case_2019_huawei_entity_list;case_2018_2019_us_china_tariffs;case_china_gallium_germanium_graphite_controls;case_uranium_nuclear_fuel_supply_disruption;case_2022_russia_swift_financial_sanctions;case_2023_china_graphite_battery_export_controls;case_2022_india_wheat_export_ban;case_2022_russia_aviation_supply_chain_sanctions;case_2023_niger_coup_uranium_supply_risk;case_2022_chile_lithium_policy_shift;case_2020_indonesia_nickel_export_ban;case_2021_belarus_potash_sanctions;case_2021_xinjiang_forced_labor_import_restrictions;case_2024_ev_tariff_escalation_china;case_2024_drc_cobalt_copper_mining_disruption;case_2023_mexico_nearshoring_cross_border_policy_risk;case_2023_eu_carbon_border_adjustment_mechanism;case_2021_myanmar_coup_supply_chain_disruption;case_2022_turkey_strait_tanker_insurance_backlog;case_2014_crimea_financial_sanctions;case_2018_iran_swift_restrictions;case_2019_cosco_shipping_sanctions_tanker_market;case_2010_china_japan_rare_earth_embargo;case_2022_peru_mine_protests_copper_supply;case_2023_panama_cobre_mine_closure;case_2008_rice_export_restrictions_food_security;case_2022_russia_fertilizer_export_restrictions;case_2020_smic_entity_list_semiconductor_controls;case_2023_japan_chip_equipment_export_controls;case_2019_turkey_f35_s400_defense_restrictions;case_2022_russia_airspace_closure_aviation_routes,25,case_2023_dutch_asml_controls;case_2018_2019_us_china_tariffs;case_china_gallium_germanium_graphite_controls;case_uranium_nuclear_fuel_supply_disruption;case_2022_russia_swift_financial_sanctions;case_2023_china_graphite_battery_export_controls;case_2022_india_wheat_export_ban;case_2023_niger_coup_uranium_supply_risk;case_2022_chile_lithium_policy_shift;case_2020_indonesia_nickel_export_ban;case_2021_belarus_potash_sanctions;case_2021_xinjiang_forced_labor_import_restrictions;case_2024_ev_tariff_escalation_china;case_2024_drc_cobalt_copper_mining_disruption;case_2023_mexico_nearshoring_cross_border_policy_risk;case_2023_eu_carbon_border_adjustment_mechanism;case_2021_myanmar_coup_supply_chain_disruption;case_2014_crimea_financial_sanctions;case_2010_china_japan_rare_earth_embargo;case_2022_peru_mine_protests_copper_supply;case_2023_panama_cobre_mine_closure;case_2008_rice_export_restrictions_food_security;case_2022_russia_fertilizer_export_restrictions;case_2020_smic_entity_list_semiconductor_controls;case_2023_japan_chip_equipment_export_controls,False,False,
hard_evaluation_cases,hard_aerospace_sanctions_supply_chain,hard_aerospace_sanctions_supply_chain,data_centers,1,case_2019_huawei_entity_list,2,False,True,0,6,case_2022_us_china_semiconductor_controls;case_2019_huawei_entity_list;case_taiwan_strait_semiconductor_risk;case_2024_taiwan_strait_drills_semiconductor_supply;case_2020_smic_entity_list_semiconductor_controls;case_2023_japan_chip_equipment_export_controls,5,case_2022_us_china_semiconductor_controls;case_taiwan_strait_semiconductor_risk;case_2024_taiwan_strait_drills_semiconductor_supply;case_2020_smic_entity_list_semiconductor_controls;case_2023_japan_chip_equipment_export_controls,True,False,
hard_evaluation_cases,hard_aerospace_sanctions_supply_chain,hard_aerospace_sanctions_supply_chain,defense,3,case_2022_russia_aviation_supply_chain_sanctions;case_2019_india_pakistan_airspace_closure;case_2019_turkey_f35_s400_defense_restrictions,2,False,True,0,15,case_taiwan_strait_semiconductor_risk;case_rare_earth_export_restriction_risk;case_israel_iran_escalation_energy_risk;case_defense_spending_shock_after_escalation;case_2023_middle_east_defense_supply_escalation;case_2024_taiwan_strait_drills_semiconductor_supply;case_2022_abu_dhabi_oil_facility_attack;case_2022_russia_aviation_supply_chain_sanctions;case_2017_north_korea_missile_escalation;case_2019_india_pakistan_airspace_closure;case_2022_ukraine_electricity_grid_attacks;case_2023_south_china_sea_shipping_tensions;case_1987_1988_tanker_war_reflagging;case_2010_china_japan_rare_earth_embargo;case_2019_turkey_f35_s400_defense_restrictions,12,case_taiwan_strait_semiconductor_risk;case_rare_earth_export_restriction_risk;case_israel_iran_escalation_energy_risk;case_defense_spending_shock_after_escalation;case_2023_middle_east_defense_supply_escalation;case_2024_taiwan_strait_drills_semiconductor_supply;case_2022_abu_dhabi_oil_facility_attack;case_2017_north_korea_missile_escalation;case_2022_ukraine_electricity_grid_attacks;case_2023_south_china_sea_shipping_tensions;case_1987_1988_tanker_war_reflagging;case_2010_china_japan_rare_earth_embargo,False,False,
hard_evaluation_cases,hard_aerospace_sanctions_supply_chain,hard_aerospace_sanctions_supply_chain,eda_software,1,case_2019_huawei_entity_list,2,False,True,0,3,case_2022_us_china_semiconductor_controls;case_2019_huawei_entity_list;case_2020_smic_entity_list_semiconductor_controls,2,case_2022_us_china_semiconductor_controls;case_2020_smic_entity_list_semiconductor_controls,True,False,
hard_evaluation_cases,hard_aerospace_sanctions_supply_chain,hard_aerospace_sanctions_supply_chain,energy,3,case_2022_russia_airspace_closure_aviation_routes;case_2018_iran_oil_sanctions_reimposition;case_2023_arctic_lng_russian_energy_shipping_sanctions,2,False,True,0,28,case_2021_suez_blockage;case_hormuz_tanker_tensions;case_russia_ukraine_energy_shock;case_2022_gas_fertilizer_shock;case_middle_east_oil_supply_disruption;case_rare_earth_export_restriction_risk;case_opec_production_cut_policy_shock;case_israel_iran_escalation_energy_risk;case_cyberattack_pipeline_port_infrastructure;case_uranium_nuclear_fuel_supply_disruption;case_2022_russia_swift_financial_sanctions;case_2020_opec_plus_production_cut;case_2022_abu_dhabi_oil_facility_attack;case_2018_iran_oil_sanctions_reimposition;case_2019_venezuela_oil_sanctions;case_2022_nord_stream_pipeline_sabotage;case_2022_ukraine_electricity_grid_attacks;case_2023_niger_coup_uranium_supply_risk;case_2023_eu_carbon_border_adjustment_mechanism;case_2023_arctic_lng_russian_energy_shipping_sanctions;case_1987_1988_tanker_war_reflagging;case_2014_crimea_financial_sanctions;case_2009_russia_ukraine_gas_transit_dispute;case_2011_libya_civil_war_oil_disruption;case_2024_ukraine_drone_attacks_russian_refineries;case_2022_russia_fertilizer_export_restrictions;case_2021_colonial_pipeline_ransomware;case_2022_russia_airspace_closure_aviation_routes,25,case_2021_suez_blockage;case_hormuz_tanker_tensions;case_russia_ukraine_energy_shock;case_2022_gas_fertilizer_shock;case_middle_east_oil_supply_disruption;case_rare_earth_export_restriction_risk;case_opec_production_cut_policy_shock;case_israel_iran_escalation_energy_risk;case_cyberattack_pipeline_port_infrastructure;case_uranium_nuclear_fuel_supply_disruption;case_2022_russia_swift_financial_sanctions;case_2020_opec_plus_production_cut;case_2022_abu_dhabi_oil_facility_attack;case_2019_venezuela_oil_sanctions;case_2022_nord_stream_pipeline_sabotage;case_2022_ukraine_electricity_grid_attacks;case_2023_niger_coup_uranium_supply_risk;case_2023_eu_carbon_border_adjustment_mechanism;case_1987_1988_tanker_war_reflagging;case_2014_crimea_financial_sanctions;case_2009_russia_ukraine_gas_transit_dispute;case_2011_libya_civil_war_oil_disruption;case_2024_ukraine_drone_attacks_russian_refineries;case_2022_russia_fertilizer_export_restrictions;case_2021_colonial_pipeline_ransomware,False,False,
hard_evaluation_cases,hard_aerospace_sanctions_supply_chain,hard_aerospace_sanctions_supply_chain,financial_sanctions,5,case_2022_turkey_strait_tanker_insurance_backlog;case_2018_iran_oil_sanctions_reimposition;case_2019_cosco_shipping_sanctions_tanker_market;case_2023_arctic_lng_russian_energy_shipping_sanctions;case_2018_iran_swift_restrictions,2,False,True,0,8,case_2022_russia_swift_financial_sanctions;case_2018_iran_oil_sanctions_reimposition;case_2019_venezuela_oil_sanctions;case_2023_arctic_lng_russian_energy_shipping_sanctions;case_2022_turkey_strait_tanker_insurance_backlog;case_2014_crimea_financial_sanctions;case_2018_iran_swift_restrictions;case_2019_cosco_shipping_sanctions_tanker_market,3,case_2022_russia_swift_financial_sanctions;case_2019_venezuela_oil_sanctions;case_2014_crimea_financial_sanctions,False,False,
hard_evaluation_cases,hard_aerospace_sanctions_supply_chain,hard_aerospace_sanctions_supply_chain,freight_routes,3,case_2022_russia_airspace_closure_aviation_routes;case_2019_india_pakistan_airspace_closure;case_2022_turkey_strait_tanker_insurance_backlog,2,False,True,0,19,case_2021_suez_blockage;case_2023_red_sea_attacks;case_panama_canal_drought_shipping_capacity;case_black_sea_grain_export_disruption;case_cyberattack_pipeline_port_infrastructure;case_2023_port_of_nagoya_cyberattack;case_2024_us_east_gulf_port_strike;case_2019_india_pakistan_airspace_closure;case_2021_belarus_potash_sanctions;case_2017_notpetya_shipping_logistics_cyberattack;case_2023_black_sea_shipping_insurance_restrictions;case_2023_south_china_sea_shipping_tensions;case_2023_mexico_nearshoring_cross_border_policy_risk;case_1987_1988_tanker_war_reflagging;case_2008_somali_piracy_gulf_of_aden;case_2022_turkey_strait_tanker_insurance_backlog;case_2021_colonial_pipeline_ransomware;case_2023_dp_world_australia_cyber_port_disruption;case_2022_russia_airspace_closure_aviation_routes,16,case_2021_suez_blockage;case_2023_red_sea_attacks;case_panama_canal_drought_shipping_capacity;case_black_sea_grain_export_disruption;case_cyberattack_pipeline_port_infrastructure;case_2023_port_of_nagoya_cyberattack;case_2024_us_east_gulf_port_strike;case_2021_belarus_potash_sanctions;case_2017_notpetya_shipping_logistics_cyberattack;case_2023_black_sea_shipping_insurance_restrictions;case_2023_south_china_sea_shipping_tensions;case_2023_mexico_nearshoring_cross_border_policy_risk;case_1987_1988_tanker_war_reflagging;case_2008_somali_piracy_gulf_of_aden;case_2021_colonial_pipeline_ransomware;case_2023_dp_world_australia_cyber_port_disruption,False,False,
hard_evaluation_cases,hard_aerospace_sanctions_supply_chain,hard_aerospace_sanctions_supply_chain,lng_shipping,1,case_2023_arctic_lng_russian_energy_shipping_sanctions,2,False,True,0,8,case_2023_red_sea_attacks;case_hormuz_tanker_tensions;case_russia_ukraine_energy_shock;case_panama_canal_drought_shipping_capacity;case_israel_iran_escalation_energy_risk;case_2022_nord_stream_pipeline_sabotage;case_2023_arctic_lng_russian_energy_shipping_sanctions;case_2009_russia_ukraine_gas_transit_dispute,7,case_2023_red_sea_attacks;case_hormuz_tanker_tensions;case_russia_ukraine_energy_shock;case_panama_canal_drought_shipping_capacity;case_israel_iran_escalation_energy_risk;case_2022_nord_stream_pipeline_sabotage;case_2009_russia_ukraine_gas_transit_dispute,True,False,
hard_evaluation_cases,hard_aerospace_sanctions_supply_chain,hard_aerospace_sanctions_supply_chain,logistics,4,case_2022_russia_airspace_closure_aviation_routes;case_2019_india_pakistan_airspace_closure;case_2022_turkey_strait_tanker_insurance_backlog;case_2019_cosco_shipping_sanctions_tanker_market,2,False,True,0,33,case_2021_suez_blockage;case_2023_red_sea_attacks;case_2018_2019_us_china_tariffs;case_panama_canal_drought_shipping_capacity;case_black_sea_grain_export_disruption;case_cyberattack_pipeline_port_infrastructure;case_2023_port_of_nagoya_cyberattack;case_2024_us_east_gulf_port_strike;case_2022_india_wheat_export_ban;case_2017_north_korea_missile_escalation;case_2019_india_pakistan_airspace_closure;case_2022_ukraine_electricity_grid_attacks;case_2023_niger_coup_uranium_supply_risk;case_2021_belarus_potash_sanctions;case_2021_xinjiang_forced_labor_import_restrictions;case_2024_ev_tariff_escalation_china;case_2017_notpetya_shipping_logistics_cyberattack;case_2023_black_sea_shipping_insurance_restrictions;case_2023_south_china_sea_shipping_tensions;case_2024_drc_cobalt_copper_mining_disruption;case_2023_mexico_nearshoring_cross_border_policy_risk;case_2021_myanmar_coup_supply_chain_disruption;case_1987_1988_tanker_war_reflagging;case_2008_somali_piracy_gulf_of_aden;case_2022_turkey_strait_tanker_insurance_backlog;case_2019_cosco_shipping_sanctions_tanker_market;case_2011_libya_civil_war_oil_disruption;case_2022_peru_mine_protests_copper_supply;case_2008_rice_export_restrictions_food_security;case_2022_russia_fertilizer_export_restrictions;case_2021_colonial_pipeline_ransomware;case_2023_dp_world_australia_cyber_port_disruption;case_2022_russia_airspace_closure_aviation_routes,29,case_2021_suez_blockage;case_2023_red_sea_attacks;case_2018_2019_us_china_tariffs;case_panama_canal_drought_shipping_capacity;case_black_sea_grain_export_disruption;case_cyberattack_pipeline_port_infrastructure;case_2023_port_of_nagoya_cyberattack;case_2024_us_east_gulf_port_strike;case_2022_india_wheat_export_ban;case_2017_north_korea_missile_escalation;case_2022_ukraine_electricity_grid_attacks;case_2023_niger_coup_uranium_supply_risk;case_2021_belarus_potash_sanctions;case_2021_xinjiang_forced_labor_import_restrictions;case_2024_ev_tariff_escalation_china;case_2017_notpetya_shipping_logistics_cyberattack;case_2023_black_sea_shipping_insurance_restrictions;case_2023_south_china_sea_shipping_tensions;case_2024_drc_cobalt_copper_mining_disruption;case_2023_mexico_nearshoring_cross_border_policy_risk;case_2021_myanmar_coup_supply_chain_disruption;case_1987_1988_tanker_war_reflagging;case_2008_somali_piracy_gulf_of_aden;case_2011_libya_civil_war_oil_disruption;case_2022_peru_mine_protests_copper_supply;case_2008_rice_export_restrictions_food_security;case_2022_russia_fertilizer_export_restrictions;case_2021_colonial_pipeline_ransomware;case_2023_dp_world_australia_cyber_port_disruption,False,False,
hard_evaluation_cases,hard_aerospace_sanctions_supply_chain,hard_aerospace_sanctions_supply_chain,manufacturing_inputs,4,case_2022_russia_aviation_supply_chain_sanctions;case_2019_huawei_entity_list;case_2019_india_pakistan_airspace_closure;case_2019_turkey_f35_s400_defense_restrictions,2,False,True,0,34,case_russia_ukraine_energy_shock;case_2019_huawei_entity_list;case_2018_2019_us_china_tariffs;case_2022_gas_fertilizer_shock;case_taiwan_strait_semiconductor_risk;case_rare_earth_export_restriction_risk;case_china_gallium_germanium_graphite_controls;case_defense_spending_shock_after_escalation;case_uranium_nuclear_fuel_supply_disruption;case_2023_port_of_nagoya_cyberattack;case_2023_middle_east_defense_supply_escalation;case_2023_china_graphite_battery_export_controls;case_2022_russia_aviation_supply_chain_sanctions;case_2017_north_korea_missile_escalation;case_2019_india_pakistan_airspace_closure;case_2022_nord_stream_pipeline_sabotage;case_2022_ukraine_electricity_grid_attacks;case_2022_chile_lithium_policy_shift;case_2020_indonesia_nickel_export_ban;case_2021_xinjiang_forced_labor_import_restrictions;case_2024_ev_tariff_escalation_china;case_2017_notpetya_shipping_logistics_cyberattack;case_2024_drc_cobalt_copper_mining_disruption;case_2023_mexico_nearshoring_cross_border_policy_risk;case_2023_eu_carbon_border_adjustment_mechanism;case_2021_myanmar_coup_supply_chain_disruption;case_2014_crimea_financial_sanctions;case_2009_russia_ukraine_gas_transit_dispute;case_2010_china_japan_rare_earth_embargo;case_2022_peru_mine_protests_copper_supply;case_2023_panama_cobre_mine_closure;case_2020_smic_entity_list_semiconductor_controls;case_2023_japan_chip_equipment_export_controls;case_2019_turkey_f35_s400_defense_restrictions,30,case_russia_ukraine_energy_shock;case_2018_2019_us_china_tariffs;case_2022_gas_fertilizer_shock;case_taiwan_strait_semiconductor_risk;case_rare_earth_export_restriction_risk;case_china_gallium_germanium_graphite_controls;case_defense_spending_shock_after_escalation;case_uranium_nuclear_fuel_supply_disruption;case_2023_port_of_nagoya_cyberattack;case_2023_middle_east_defense_supply_escalation;case_2023_china_graphite_battery_export_controls;case_2017_north_korea_missile_escalation;case_2022_nord_stream_pipeline_sabotage;case_2022_ukraine_electricity_grid_attacks;case_2022_chile_lithium_policy_shift;case_2020_indonesia_nickel_export_ban;case_2021_xinjiang_forced_labor_import_restrictions;case_2024_ev_tariff_escalation_china;case_2017_notpetya_shipping_logistics_cyberattack;case_2024_drc_cobalt_copper_mining_disruption;case_2023_mexico_nearshoring_cross_border_policy_risk;case_2023_eu_carbon_border_adjustment_mechanism;case_2021_myanmar_coup_supply_chain_disruption;case_2014_crimea_financial_sanctions;case_2009_russia_ukraine_gas_transit_dispute;case_2010_china_japan_rare_earth_embargo;case_2022_peru_mine_protests_copper_supply;case_2023_panama_cobre_mine_closure;case_2020_smic_entity_list_semiconductor_controls;case_2023_japan_chip_equipment_export_controls,False,False,
hard_evaluation_cases,hard_aerospace_sanctions_supply_chain,hard_aerospace_sanctions_supply_chain,marine_insurance,5,case_2022_turkey_strait_tanker_insurance_backlog;case_2018_iran_oil_sanctions_reimposition;case_2019_cosco_shipping_sanctions_tanker_market;case_2023_arctic_lng_russian_energy_shipping_sanctions;case_2018_iran_swift_restrictions,2,False,True,0,12,case_2023_red_sea_attacks;case_hormuz_tanker_tensions;case_israel_iran_escalation_energy_risk;case_2018_iran_oil_sanctions_reimposition;case_2023_black_sea_shipping_insurance_restrictions;case_2023_south_china_sea_shipping_tensions;case_2023_arctic_lng_russian_energy_shipping_sanctions;case_1987_1988_tanker_war_reflagging;case_2008_somali_piracy_gulf_of_aden;case_2022_turkey_strait_tanker_insurance_backlog;case_2018_iran_swift_restrictions;case_2019_cosco_shipping_sanctions_tanker_market,7,case_2023_red_sea_attacks;case_hormuz_tanker_tensions;case_israel_iran_escalation_energy_risk;case_2023_black_sea_shipping_insurance_restrictions;case_2023_south_china_sea_shipping_tensions;case_1987_1988_tanker_war_reflagging;case_2008_somali_piracy_gulf_of_aden,False,False,
hard_evaluation_cases,hard_aerospace_sanctions_supply_chain,hard_aerospace_sanctions_supply_chain,maritime_chokepoint,2,case_2022_turkey_strait_tanker_insurance_backlog;case_2023_arctic_lng_russian_energy_shipping_sanctions,2,False,True,0,12,case_2021_suez_blockage;case_2023_red_sea_attacks;case_hormuz_tanker_tensions;case_panama_canal_drought_shipping_capacity;case_black_sea_grain_export_disruption;case_israel_iran_escalation_energy_risk;case_2023_black_sea_shipping_insurance_restrictions;case_2023_south_china_sea_shipping_tensions;case_2023_arctic_lng_russian_energy_shipping_sanctions;case_1987_1988_tanker_war_reflagging;case_2008_somali_piracy_gulf_of_aden;case_2022_turkey_strait_tanker_insurance_backlog,10,case_2021_suez_blockage;case_2023_red_sea_attacks;case_hormuz_tanker_tensions;case_panama_canal_drought_shipping_capacity;case_black_sea_grain_export_disruption;case_israel_iran_escalation_energy_risk;case_2023_black_sea_shipping_insurance_restrictions;case_2023_south_china_sea_shipping_tensions;case_1987_1988_tanker_war_reflagging;case_2008_somali_piracy_gulf_of_aden,False,False,
hard_evaluation_cases,hard_aerospace_sanctions_supply_chain,hard_aerospace_sanctions_supply_chain,oil_shipping,5,case_2022_turkey_strait_tanker_insurance_backlog;case_2018_iran_oil_sanctions_reimposition;case_2019_cosco_shipping_sanctions_tanker_market;case_2023_arctic_lng_russian_energy_shipping_sanctions;case_2018_iran_swift_restrictions,2,False,True,0,17,case_2023_red_sea_attacks;case_hormuz_tanker_tensions;case_middle_east_oil_supply_disruption;case_opec_production_cut_policy_shock;case_israel_iran_escalation_energy_risk;case_2020_opec_plus_production_cut;case_2022_abu_dhabi_oil_facility_attack;case_2018_iran_oil_sanctions_reimposition;case_2019_venezuela_oil_sanctions;case_2023_arctic_lng_russian_energy_shipping_sanctions;case_1987_1988_tanker_war_reflagging;case_2008_somali_piracy_gulf_of_aden;case_2022_turkey_strait_tanker_insurance_backlog;case_2018_iran_swift_restrictions;case_2019_cosco_shipping_sanctions_tanker_market;case_2011_libya_civil_war_oil_disruption;case_2024_ukraine_drone_attacks_russian_refineries,12,case_2023_red_sea_attacks;case_hormuz_tanker_tensions;case_middle_east_oil_supply_disruption;case_opec_production_cut_policy_shock;case_israel_iran_escalation_energy_risk;case_2020_opec_plus_production_cut;case_2022_abu_dhabi_oil_facility_attack;case_2019_venezuela_oil_sanctions;case_1987_1988_tanker_war_reflagging;case_2008_somali_piracy_gulf_of_aden;case_2011_libya_civil_war_oil_disruption;case_2024_ukraine_drone_attacks_russian_refineries,False,False,
hard_evaluation_cases,hard_aerospace_sanctions_supply_chain,hard_aerospace_sanctions_supply_chain,payment_networks,4,case_2018_iran_oil_sanctions_reimposition;case_2019_cosco_shipping_sanctions_tanker_market;case_2023_arctic_lng_russian_energy_shipping_sanctions;case_2018_iran_swift_restrictions,2,False,True,0,7,case_2022_russia_swift_financial_sanctions;case_2018_iran_oil_sanctions_reimposition;case_2019_venezuela_oil_sanctions;case_2023_arctic_lng_russian_energy_shipping_sanctions;case_2014_crimea_financial_sanctions;case_2018_iran_swift_restrictions;case_2019_cosco_shipping_sanctions_tanker_market,3,case_2022_russia_swift_financial_sanctions;case_2019_venezuela_oil_sanctions;case_2014_crimea_financial_sanctions,False,False,
hard_evaluation_cases,hard_aerospace_sanctions_supply_chain,hard_aerospace_sanctions_supply_chain,petrochemicals,1,case_2018_iran_oil_sanctions_reimposition,2,False,True,0,12,case_russia_ukraine_energy_shock;case_2022_gas_fertilizer_shock;case_middle_east_oil_supply_disruption;case_opec_production_cut_policy_shock;case_2020_opec_plus_production_cut;case_2022_abu_dhabi_oil_facility_attack;case_2018_iran_oil_sanctions_reimposition;case_2019_venezuela_oil_sanctions;case_2022_nord_stream_pipeline_sabotage;case_2009_russia_ukraine_gas_transit_dispute;case_2011_libya_civil_war_oil_disruption;case_2024_ukraine_drone_attacks_russian_refineries,11,case_russia_ukraine_energy_shock;case_2022_gas_fertilizer_shock;case_middle_east_oil_supply_disruption;case_opec_production_cut_policy_shock;case_2020_opec_plus_production_cut;case_2022_abu_dhabi_oil_facility_attack;case_2019_venezuela_oil_sanctions;case_2022_nord_stream_pipeline_sabotage;case_2009_russia_ukraine_gas_transit_dispute;case_2011_libya_civil_war_oil_disruption;case_2024_ukraine_drone_attacks_russian_refineries,True,False,
hard_evaluation_cases,hard_aerospace_sanctions_supply_chain,hard_aerospace_sanctions_supply_chain,refining,1,case_2018_iran_oil_sanctions_reimposition,2,False,True,0,12,case_hormuz_tanker_tensions;case_russia_ukraine_energy_shock;case_middle_east_oil_supply_disruption;case_opec_production_cut_policy_shock;case_israel_iran_escalation_energy_risk;case_2020_opec_plus_production_cut;case_2022_abu_dhabi_oil_facility_attack;case_2018_iran_oil_sanctions_reimposition;case_2019_venezuela_oil_sanctions;case_2011_libya_civil_war_oil_disruption;case_2024_ukraine_drone_attacks_russian_refineries;case_2021_colonial_pipeline_ransomware,11,case_hormuz_tanker_tensions;case_russia_ukraine_energy_shock;case_middle_east_oil_supply_disruption;case_opec_production_cut_policy_shock;case_israel_iran_escalation_energy_risk;case_2020_opec_plus_production_cut;case_2022_abu_dhabi_oil_facility_attack;case_2019_venezuela_oil_sanctions;case_2011_libya_civil_war_oil_disruption;case_2024_ukraine_drone_attacks_russian_refineries;case_2021_colonial_pipeline_ransomware,True,False,
hard_evaluation_cases,hard_aerospace_sanctions_supply_chain,hard_aerospace_sanctions_supply_chain,semiconductor_equipment,2,case_2019_huawei_entity_list;case_2019_turkey_f35_s400_defense_restrictions,2,False,True,0,11,case_2022_us_china_semiconductor_controls;case_2023_dutch_asml_controls;case_2019_huawei_entity_list;case_taiwan_strait_semiconductor_risk;case_china_gallium_germanium_graphite_controls;case_defense_spending_shock_after_escalation;case_2024_taiwan_strait_drills_semiconductor_supply;case_2017_north_korea_missile_escalation;case_2020_smic_entity_list_semiconductor_controls;case_2023_japan_chip_equipment_export_controls;case_2019_turkey_f35_s400_defense_restrictions,9,case_2022_us_china_semiconductor_controls;case_2023_dutch_asml_controls;case_taiwan_strait_semiconductor_risk;case_china_gallium_germanium_graphite_controls;case_defense_spending_shock_after_escalation;case_2024_taiwan_strait_drills_semiconductor_supply;case_2017_north_korea_missile_escalation;case_2020_smic_entity_list_semiconductor_controls;case_2023_japan_chip_equipment_export_controls,False,False,
hard_evaluation_cases,hard_aerospace_sanctions_supply_chain,hard_aerospace_sanctions_supply_chain,trade_lanes,5,case_2022_russia_aviation_supply_chain_sanctions;case_2019_india_pakistan_airspace_closure;case_2019_turkey_f35_s400_defense_restrictions;case_2019_cosco_shipping_sanctions_tanker_market;case_2018_iran_swift_restrictions,2,False,True,0,31,case_2018_2019_us_china_tariffs;case_uranium_nuclear_fuel_supply_disruption;case_2022_russia_swift_financial_sanctions;case_2024_us_east_gulf_port_strike;case_2022_india_wheat_export_ban;case_2022_russia_aviation_supply_chain_sanctions;case_2017_north_korea_missile_escalation;case_2019_india_pakistan_airspace_closure;case_2023_niger_coup_uranium_supply_risk;case_2022_chile_lithium_policy_shift;case_2020_indonesia_nickel_export_ban;case_2021_belarus_potash_sanctions;case_2021_xinjiang_forced_labor_import_restrictions;case_2024_ev_tariff_escalation_china;case_2023_south_china_sea_shipping_tensions;case_2024_drc_cobalt_copper_mining_disruption;case_2023_mexico_nearshoring_cross_border_policy_risk;case_2023_eu_carbon_border_adjustment_mechanism;case_2021_myanmar_coup_supply_chain_disruption;case_2014_crimea_financial_sanctions;case_2018_iran_swift_restrictions;case_2019_cosco_shipping_sanctions_tanker_market;case_2009_russia_ukraine_gas_transit_dispute;case_2011_libya_civil_war_oil_disruption;case_2010_china_japan_rare_earth_embargo;case_2022_peru_mine_protests_copper_supply;case_2023_panama_cobre_mine_closure;case_2008_rice_export_restrictions_food_security;case_2022_russia_fertilizer_export_restrictions;case_2023_dp_world_australia_cyber_port_disruption;case_2019_turkey_f35_s400_defense_restrictions,26,case_2018_2019_us_china_tariffs;case_uranium_nuclear_fuel_supply_disruption;case_2022_russia_swift_financial_sanctions;case_2024_us_east_gulf_port_strike;case_2022_india_wheat_export_ban;case_2017_north_korea_missile_escalation;case_2023_niger_coup_uranium_supply_risk;case_2022_chile_lithium_policy_shift;case_2020_indonesia_nickel_export_ban;case_2021_belarus_potash_sanctions;case_2021_xinjiang_forced_labor_import_restrictions;case_2024_ev_tariff_escalation_china;case_2023_south_china_sea_shipping_tensions;case_2024_drc_cobalt_copper_mining_disruption;case_2023_mexico_nearshoring_cross_border_policy_risk;case_2023_eu_carbon_border_adjustment_mechanism;case_2021_myanmar_coup_supply_chain_disruption;case_2014_crimea_financial_sanctions;case_2009_russia_ukraine_gas_transit_dispute;case_2011_libya_civil_war_oil_disruption;case_2010_china_japan_rare_earth_embargo;case_2022_peru_mine_protests_copper_supply;case_2023_panama_cobre_mine_closure;case_2008_rice_export_restrictions_food_security;case_2022_russia_fertilizer_export_restrictions;case_2023_dp_world_australia_cyber_port_disruption,False,False,
hard_evaluation_cases,hard_taiwan_semiconductor_indirect,hard_taiwan_semiconductor_indirect,aerospace_supply_chain,2,case_2019_turkey_f35_s400_defense_restrictions;case_2023_middle_east_defense_supply_escalation,2,True,True,2,4,case_2023_middle_east_defense_supply_escalation;case_2022_russia_aviation_supply_chain_sanctions;case_2019_turkey_f35_s400_defense_restrictions;case_2022_russia_airspace_closure_aviation_routes,2,case_2022_russia_aviation_supply_chain_sanctions;case_2022_russia_airspace_closure_aviation_routes,False,False,
hard_evaluation_cases,hard_taiwan_semiconductor_indirect,hard_taiwan_semiconductor_indirect,critical_minerals,1,case_2010_china_japan_rare_earth_embargo,2,False,True,0,12,case_rare_earth_export_restriction_risk;case_china_gallium_germanium_graphite_controls;case_2023_china_graphite_battery_export_controls;case_2022_chile_lithium_policy_shift;case_2020_indonesia_nickel_export_ban;case_2021_xinjiang_forced_labor_import_restrictions;case_2024_ev_tariff_escalation_china;case_2024_drc_cobalt_copper_mining_disruption;case_2023_eu_carbon_border_adjustment_mechanism;case_2010_china_japan_rare_earth_embargo;case_2022_peru_mine_protests_copper_supply;case_2023_panama_cobre_mine_closure,11,case_rare_earth_export_restriction_risk;case_china_gallium_germanium_graphite_controls;case_2023_china_graphite_battery_export_controls;case_2022_chile_lithium_policy_shift;case_2020_indonesia_nickel_export_ban;case_2021_xinjiang_forced_labor_import_restrictions;case_2024_ev_tariff_escalation_china;case_2024_drc_cobalt_copper_mining_disruption;case_2023_eu_carbon_border_adjustment_mechanism;case_2022_peru_mine_protests_copper_supply;case_2023_panama_cobre_mine_closure,True,False,
hard_evaluation_cases,hard_taiwan_semiconductor_indirect,hard_taiwan_semiconductor_indirect,cyber_infrastructure,1,case_2023_middle_east_defense_supply_escalation,2,False,True,0,9,case_cyberattack_pipeline_port_infrastructure;case_defense_spending_shock_after_escalation;case_2023_port_of_nagoya_cyberattack;case_2023_middle_east_defense_supply_escalation;case_2022_nord_stream_pipeline_sabotage;case_2022_ukraine_electricity_grid_attacks;case_2017_notpetya_shipping_logistics_cyberattack;case_2021_colonial_pipeline_ransomware;case_2023_dp_world_australia_cyber_port_disruption,8,case_cyberattack_pipeline_port_infrastructure;case_defense_spending_shock_after_escalation;case_2023_port_of_nagoya_cyberattack;case_2022_nord_stream_pipeline_sabotage;case_2022_ukraine_electricity_grid_attacks;case_2017_notpetya_shipping_logistics_cyberattack;case_2021_colonial_pipeline_ransomware;case_2023_dp_world_australia_cyber_port_disruption,True,False,
hard_evaluation_cases,hard_taiwan_semiconductor_indirect,hard_taiwan_semiconductor_indirect,defense,5,case_taiwan_strait_semiconductor_risk;case_2024_taiwan_strait_drills_semiconductor_supply;case_2019_turkey_f35_s400_defense_restrictions;case_2010_china_japan_rare_earth_embargo;case_2023_middle_east_defense_supply_escalation,2,True,True,2,15,case_taiwan_strait_semiconductor_risk;case_rare_earth_export_restriction_risk;case_israel_iran_escalation_energy_risk;case_defense_spending_shock_after_escalation;case_2023_middle_east_defense_supply_escalation;case_2024_taiwan_strait_drills_semiconductor_supply;case_2022_abu_dhabi_oil_facility_attack;case_2022_russia_aviation_supply_chain_sanctions;case_2017_north_korea_missile_escalation;case_2019_india_pakistan_airspace_closure;case_2022_ukraine_electricity_grid_attacks;case_2023_south_china_sea_shipping_tensions;case_1987_1988_tanker_war_reflagging;case_2010_china_japan_rare_earth_embargo;case_2019_turkey_f35_s400_defense_restrictions,10,case_rare_earth_export_restriction_risk;case_israel_iran_escalation_energy_risk;case_defense_spending_shock_after_escalation;case_2022_abu_dhabi_oil_facility_attack;case_2022_russia_aviation_supply_chain_sanctions;case_2017_north_korea_missile_escalation;case_2019_india_pakistan_airspace_closure;case_2022_ukraine_electricity_grid_attacks;case_2023_south_china_sea_shipping_tensions;case_1987_1988_tanker_war_reflagging,False,False,
hard_evaluation_cases,hard_taiwan_semiconductor_indirect,hard_taiwan_semiconductor_indirect,manufacturing_inputs,7,case_taiwan_strait_semiconductor_risk;case_2023_japan_chip_equipment_export_controls;case_2020_smic_entity_list_semiconductor_controls;case_2019_huawei_entity_list;case_2019_turkey_f35_s400_defense_restrictions;case_2010_china_japan_rare_earth_embargo;case_2023_middle_east_defense_supply_escalation,2,True,True,2,34,case_russia_ukraine_energy_shock;case_2019_huawei_entity_list;case_2018_2019_us_china_tariffs;case_2022_gas_fertilizer_shock;case_taiwan_strait_semiconductor_risk;case_rare_earth_export_restriction_risk;case_china_gallium_germanium_graphite_controls;case_defense_spending_shock_after_escalation;case_uranium_nuclear_fuel_supply_disruption;case_2023_port_of_nagoya_cyberattack;case_2023_middle_east_defense_supply_escalation;case_2023_china_graphite_battery_export_controls;case_2022_russia_aviation_supply_chain_sanctions;case_2017_north_korea_missile_escalation;case_2019_india_pakistan_airspace_closure;case_2022_nord_stream_pipeline_sabotage;case_2022_ukraine_electricity_grid_attacks;case_2022_chile_lithium_policy_shift;case_2020_indonesia_nickel_export_ban;case_2021_xinjiang_forced_labor_import_restrictions;case_2024_ev_tariff_escalation_china;case_2017_notpetya_shipping_logistics_cyberattack;case_2024_drc_cobalt_copper_mining_disruption;case_2023_mexico_nearshoring_cross_border_policy_risk;case_2023_eu_carbon_border_adjustment_mechanism;case_2021_myanmar_coup_supply_chain_disruption;case_2014_crimea_financial_sanctions;case_2009_russia_ukraine_gas_transit_dispute;case_2010_china_japan_rare_earth_embargo;case_2022_peru_mine_protests_copper_supply;case_2023_panama_cobre_mine_closure;case_2020_smic_entity_list_semiconductor_controls;case_2023_japan_chip_equipment_export_controls;case_2019_turkey_f35_s400_defense_restrictions,27,case_russia_ukraine_energy_shock;case_2018_2019_us_china_tariffs;case_2022_gas_fertilizer_shock;case_rare_earth_export_restriction_risk;case_china_gallium_germanium_graphite_controls;case_defense_spending_shock_after_escalation;case_uranium_nuclear_fuel_supply_disruption;case_2023_port_of_nagoya_cyberattack;case_2023_china_graphite_battery_export_controls;case_2022_russia_aviation_supply_chain_sanctions;case_2017_north_korea_missile_escalation;case_2019_india_pakistan_airspace_closure;case_2022_nord_stream_pipeline_sabotage;case_2022_ukraine_electricity_grid_attacks;case_2022_chile_lithium_policy_shift;case_2020_indonesia_nickel_export_ban;case_2021_xinjiang_forced_labor_import_restrictions;case_2024_ev_tariff_escalation_china;case_2017_notpetya_shipping_logistics_cyberattack;case_2024_drc_cobalt_copper_mining_disruption;case_2023_mexico_nearshoring_cross_border_policy_risk;case_2023_eu_carbon_border_adjustment_mechanism;case_2021_myanmar_coup_supply_chain_disruption;case_2014_crimea_financial_sanctions;case_2009_russia_ukraine_gas_transit_dispute;case_2022_peru_mine_protests_copper_supply;case_2023_panama_cobre_mine_closure,False,False,
hard_evaluation_cases,hard_taiwan_semiconductor_indirect,hard_taiwan_semiconductor_indirect,rare_earths,1,case_2010_china_japan_rare_earth_embargo,2,False,True,0,2,case_rare_earth_export_restriction_risk;case_2010_china_japan_rare_earth_embargo,1,case_rare_earth_export_restriction_risk,True,False,
hard_evaluation_cases,hard_taiwan_semiconductor_indirect,hard_taiwan_semiconductor_indirect,taiwan_semiconductor_supply,1,case_2024_taiwan_strait_drills_semiconductor_supply,2,False,True,0,1,case_2024_taiwan_strait_drills_semiconductor_supply,0,,False,False,
hard_evaluation_cases,hard_taiwan_semiconductor_indirect,hard_taiwan_semiconductor_indirect,trade_lanes,2,case_2019_turkey_f35_s400_defense_restrictions;case_2010_china_japan_rare_earth_embargo,2,True,True,2,31,case_2018_2019_us_china_tariffs;case_uranium_nuclear_fuel_supply_disruption;case_2022_russia_swift_financial_sanctions;case_2024_us_east_gulf_port_strike;case_2022_india_wheat_export_ban;case_2022_russia_aviation_supply_chain_sanctions;case_2017_north_korea_missile_escalation;case_2019_india_pakistan_airspace_closure;case_2023_niger_coup_uranium_supply_risk;case_2022_chile_lithium_policy_shift;case_2020_indonesia_nickel_export_ban;case_2021_belarus_potash_sanctions;case_2021_xinjiang_forced_labor_import_restrictions;case_2024_ev_tariff_escalation_china;case_2023_south_china_sea_shipping_tensions;case_2024_drc_cobalt_copper_mining_disruption;case_2023_mexico_nearshoring_cross_border_policy_risk;case_2023_eu_carbon_border_adjustment_mechanism;case_2021_myanmar_coup_supply_chain_disruption;case_2014_crimea_financial_sanctions;case_2018_iran_swift_restrictions;case_2019_cosco_shipping_sanctions_tanker_market;case_2009_russia_ukraine_gas_transit_dispute;case_2011_libya_civil_war_oil_disruption;case_2010_china_japan_rare_earth_embargo;case_2022_peru_mine_protests_copper_supply;case_2023_panama_cobre_mine_closure;case_2008_rice_export_restrictions_food_security;case_2022_russia_fertilizer_export_restrictions;case_2023_dp_world_australia_cyber_port_disruption;case_2019_turkey_f35_s400_defense_restrictions,29,case_2018_2019_us_china_tariffs;case_uranium_nuclear_fuel_supply_disruption;case_2022_russia_swift_financial_sanctions;case_2024_us_east_gulf_port_strike;case_2022_india_wheat_export_ban;case_2022_russia_aviation_supply_chain_sanctions;case_2017_north_korea_missile_escalation;case_2019_india_pakistan_airspace_closure;case_2023_niger_coup_uranium_supply_risk;case_2022_chile_lithium_policy_shift;case_2020_indonesia_nickel_export_ban;case_2021_belarus_potash_sanctions;case_2021_xinjiang_forced_labor_import_restrictions;case_2024_ev_tariff_escalation_china;case_2023_south_china_sea_shipping_tensions;case_2024_drc_cobalt_copper_mining_disruption;case_2023_mexico_nearshoring_cross_border_policy_risk;case_2023_eu_carbon_border_adjustment_mechanism;case_2021_myanmar_coup_supply_chain_disruption;case_2014_crimea_financial_sanctions;case_2018_iran_swift_restrictions;case_2019_cosco_shipping_sanctions_tanker_market;case_2009_russia_ukraine_gas_transit_dispute;case_2011_libya_civil_war_oil_disruption;case_2022_peru_mine_protests_copper_supply;case_2023_panama_cobre_mine_closure;case_2008_rice_export_restrictions_food_security;case_2022_russia_fertilizer_export_restrictions;case_2023_dp_world_australia_cyber_port_disruption,False,False,
hard_evaluation_cases,hard_cyber_infrastructure_indirect,hard_cyber_infrastructure_indirect,aviation,1,case_2021_colonial_pipeline_ransomware,2,False,True,0,11,case_middle_east_oil_supply_disruption;case_opec_production_cut_policy_shock;case_2020_opec_plus_production_cut;case_2022_abu_dhabi_oil_facility_attack;case_2022_russia_aviation_supply_chain_sanctions;case_2017_north_korea_missile_escalation;case_2019_india_pakistan_airspace_closure;case_2011_libya_civil_war_oil_disruption;case_2024_ukraine_drone_attacks_russian_refineries;case_2021_colonial_pipeline_ransomware;case_2022_russia_airspace_closure_aviation_routes,10,case_middle_east_oil_supply_disruption;case_opec_production_cut_policy_shock;case_2020_opec_plus_production_cut;case_2022_abu_dhabi_oil_facility_attack;case_2022_russia_aviation_supply_chain_sanctions;case_2017_north_korea_missile_escalation;case_2019_india_pakistan_airspace_closure;case_2011_libya_civil_war_oil_disruption;case_2024_ukraine_drone_attacks_russian_refineries;case_2022_russia_airspace_closure_aviation_routes,True,False,
hard_evaluation_cases,hard_cyber_infrastructure_indirect,hard_cyber_infrastructure_indirect,container_shipping,5,case_2023_dp_world_australia_cyber_port_disruption;case_2017_notpetya_shipping_logistics_cyberattack;case_2023_red_sea_attacks;case_2024_us_east_gulf_port_strike;case_2021_suez_blockage,2,True,True,2,8,case_2021_suez_blockage;case_2023_red_sea_attacks;case_panama_canal_drought_shipping_capacity;case_2024_us_east_gulf_port_strike;case_2017_notpetya_shipping_logistics_cyberattack;case_2023_south_china_sea_shipping_tensions;case_2008_somali_piracy_gulf_of_aden;case_2023_dp_world_australia_cyber_port_disruption,3,case_panama_canal_drought_shipping_capacity;case_2023_south_china_sea_shipping_tensions;case_2008_somali_piracy_gulf_of_aden,False,False,
hard_evaluation_cases,hard_cyber_infrastructure_indirect,hard_cyber_infrastructure_indirect,customs,1,case_2022_turkey_strait_tanker_insurance_backlog,2,False,True,0,32,case_2023_dutch_asml_controls;case_2019_huawei_entity_list;case_2018_2019_us_china_tariffs;case_china_gallium_germanium_graphite_controls;case_uranium_nuclear_fuel_supply_disruption;case_2022_russia_swift_financial_sanctions;case_2023_china_graphite_battery_export_controls;case_2022_india_wheat_export_ban;case_2022_russia_aviation_supply_chain_sanctions;case_2023_niger_coup_uranium_supply_risk;case_2022_chile_lithium_policy_shift;case_2020_indonesia_nickel_export_ban;case_2021_belarus_potash_sanctions;case_2021_xinjiang_forced_labor_import_restrictions;case_2024_ev_tariff_escalation_china;case_2024_drc_cobalt_copper_mining_disruption;case_2023_mexico_nearshoring_cross_border_policy_risk;case_2023_eu_carbon_border_adjustment_mechanism;case_2021_myanmar_coup_supply_chain_disruption;case_2022_turkey_strait_tanker_insurance_backlog;case_2014_crimea_financial_sanctions;case_2018_iran_swift_restrictions;case_2019_cosco_shipping_sanctions_tanker_market;case_2010_china_japan_rare_earth_embargo;case_2022_peru_mine_protests_copper_supply;case_2023_panama_cobre_mine_closure;case_2008_rice_export_restrictions_food_security;case_2022_russia_fertilizer_export_restrictions;case_2020_smic_entity_list_semiconductor_controls;case_2023_japan_chip_equipment_export_controls;case_2019_turkey_f35_s400_defense_restrictions;case_2022_russia_airspace_closure_aviation_routes,31,case_2023_dutch_asml_controls;case_2019_huawei_entity_list;case_2018_2019_us_china_tariffs;case_china_gallium_germanium_graphite_controls;case_uranium_nuclear_fuel_supply_disruption;case_2022_russia_swift_financial_sanctions;case_2023_china_graphite_battery_export_controls;case_2022_india_wheat_export_ban;case_2022_russia_aviation_supply_chain_sanctions;case_2023_niger_coup_uranium_supply_risk;case_2022_chile_lithium_policy_shift;case_2020_indonesia_nickel_export_ban;case_2021_belarus_potash_sanctions;case_2021_xinjiang_forced_labor_import_restrictions;case_2024_ev_tariff_escalation_china;case_2024_drc_cobalt_copper_mining_disruption;case_2023_mexico_nearshoring_cross_border_policy_risk;case_2023_eu_carbon_border_adjustment_mechanism;case_2021_myanmar_coup_supply_chain_disruption;case_2014_crimea_financial_sanctions;case_2018_iran_swift_restrictions;case_2019_cosco_shipping_sanctions_tanker_market;case_2010_china_japan_rare_earth_embargo;case_2022_peru_mine_protests_copper_supply;case_2023_panama_cobre_mine_closure;case_2008_rice_export_restrictions_food_security;case_2022_russia_fertilizer_export_restrictions;case_2020_smic_entity_list_semiconductor_controls;case_2023_japan_chip_equipment_export_controls;case_2019_turkey_f35_s400_defense_restrictions;case_2022_russia_airspace_closure_aviation_routes,True,False,
hard_evaluation_cases,hard_cyber_infrastructure_indirect,hard_cyber_infrastructure_indirect,financial_sanctions,1,case_2022_turkey_strait_tanker_insurance_backlog,2,False,True,0,8,case_2022_russia_swift_financial_sanctions;case_2018_iran_oil_sanctions_reimposition;case_2019_venezuela_oil_sanctions;case_2023_arctic_lng_russian_energy_shipping_sanctions;case_2022_turkey_strait_tanker_insurance_backlog;case_2014_crimea_financial_sanctions;case_2018_iran_swift_restrictions;case_2019_cosco_shipping_sanctions_tanker_market,7,case_2022_russia_swift_financial_sanctions;case_2018_iran_oil_sanctions_reimposition;case_2019_venezuela_oil_sanctions;case_2023_arctic_lng_russian_energy_shipping_sanctions;case_2014_crimea_financial_sanctions;case_2018_iran_swift_restrictions;case_2019_cosco_shipping_sanctions_tanker_market,True,False,
hard_evaluation_cases,hard_cyber_infrastructure_indirect,hard_cyber_infrastructure_indirect,lng_shipping,2,case_2023_red_sea_attacks;case_2022_nord_stream_pipeline_sabotage,2,True,True,2,8,case_2023_red_sea_attacks;case_hormuz_tanker_tensions;case_russia_ukraine_energy_shock;case_panama_canal_drought_shipping_capacity;case_israel_iran_escalation_energy_risk;case_2022_nord_stream_pipeline_sabotage;case_2023_arctic_lng_russian_energy_shipping_sanctions;case_2009_russia_ukraine_gas_transit_dispute,6,case_hormuz_tanker_tensions;case_russia_ukraine_energy_shock;case_panama_canal_drought_shipping_capacity;case_israel_iran_escalation_energy_risk;case_2023_arctic_lng_russian_energy_shipping_sanctions;case_2009_russia_ukraine_gas_transit_dispute,False,False,
hard_evaluation_cases,hard_cyber_infrastructure_indirect,hard_cyber_infrastructure_indirect,manufacturing_inputs,3,case_2023_port_of_nagoya_cyberattack;case_2017_notpetya_shipping_logistics_cyberattack;case_2022_nord_stream_pipeline_sabotage,2,True,True,2,34,case_russia_ukraine_energy_shock;case_2019_huawei_entity_list;case_2018_2019_us_china_tariffs;case_2022_gas_fertilizer_shock;case_taiwan_strait_semiconductor_risk;case_rare_earth_export_restriction_risk;case_china_gallium_germanium_graphite_controls;case_defense_spending_shock_after_escalation;case_uranium_nuclear_fuel_supply_disruption;case_2023_port_of_nagoya_cyberattack;case_2023_middle_east_defense_supply_escalation;case_2023_china_graphite_battery_export_controls;case_2022_russia_aviation_supply_chain_sanctions;case_2017_north_korea_missile_escalation;case_2019_india_pakistan_airspace_closure;case_2022_nord_stream_pipeline_sabotage;case_2022_ukraine_electricity_grid_attacks;case_2022_chile_lithium_policy_shift;case_2020_indonesia_nickel_export_ban;case_2021_xinjiang_forced_labor_import_restrictions;case_2024_ev_tariff_escalation_china;case_2017_notpetya_shipping_logistics_cyberattack;case_2024_drc_cobalt_copper_mining_disruption;case_2023_mexico_nearshoring_cross_border_policy_risk;case_2023_eu_carbon_border_adjustment_mechanism;case_2021_myanmar_coup_supply_chain_disruption;case_2014_crimea_financial_sanctions;case_2009_russia_ukraine_gas_transit_dispute;case_2010_china_japan_rare_earth_embargo;case_2022_peru_mine_protests_copper_supply;case_2023_panama_cobre_mine_closure;case_2020_smic_entity_list_semiconductor_controls;case_2023_japan_chip_equipment_export_controls;case_2019_turkey_f35_s400_defense_restrictions,31,case_russia_ukraine_energy_shock;case_2019_huawei_entity_list;case_2018_2019_us_china_tariffs;case_2022_gas_fertilizer_shock;case_taiwan_strait_semiconductor_risk;case_rare_earth_export_restriction_risk;case_china_gallium_germanium_graphite_controls;case_defense_spending_shock_after_escalation;case_uranium_nuclear_fuel_supply_disruption;case_2023_middle_east_defense_supply_escalation;case_2023_china_graphite_battery_export_controls;case_2022_russia_aviation_supply_chain_sanctions;case_2017_north_korea_missile_escalation;case_2019_india_pakistan_airspace_closure;case_2022_ukraine_electricity_grid_attacks;case_2022_chile_lithium_policy_shift;case_2020_indonesia_nickel_export_ban;case_2021_xinjiang_forced_labor_import_restrictions;case_2024_ev_tariff_escalation_china;case_2024_drc_cobalt_copper_mining_disruption;case_2023_mexico_nearshoring_cross_border_policy_risk;case_2023_eu_carbon_border_adjustment_mechanism;case_2021_myanmar_coup_supply_chain_disruption;case_2014_crimea_financial_sanctions;case_2009_russia_ukraine_gas_transit_dispute;case_2010_china_japan_rare_earth_embargo;case_2022_peru_mine_protests_copper_supply;case_2023_panama_cobre_mine_closure;case_2020_smic_entity_list_semiconductor_controls;case_2023_japan_chip_equipment_export_controls;case_2019_turkey_f35_s400_defense_restrictions,False,False,
hard_evaluation_cases,hard_cyber_infrastructure_indirect,hard_cyber_infrastructure_indirect,marine_insurance,2,case_2023_red_sea_attacks;case_2022_turkey_strait_tanker_insurance_backlog,2,True,True,2,12,case_2023_red_sea_attacks;case_hormuz_tanker_tensions;case_israel_iran_escalation_energy_risk;case_2018_iran_oil_sanctions_reimposition;case_2023_black_sea_shipping_insurance_restrictions;case_2023_south_china_sea_shipping_tensions;case_2023_arctic_lng_russian_energy_shipping_sanctions;case_1987_1988_tanker_war_reflagging;case_2008_somali_piracy_gulf_of_aden;case_2022_turkey_strait_tanker_insurance_backlog;case_2018_iran_swift_restrictions;case_2019_cosco_shipping_sanctions_tanker_market,10,case_hormuz_tanker_tensions;case_israel_iran_escalation_energy_risk;case_2018_iran_oil_sanctions_reimposition;case_2023_black_sea_shipping_insurance_restrictions;case_2023_south_china_sea_shipping_tensions;case_2023_arctic_lng_russian_energy_shipping_sanctions;case_1987_1988_tanker_war_reflagging;case_2008_somali_piracy_gulf_of_aden;case_2018_iran_swift_restrictions;case_2019_cosco_shipping_sanctions_tanker_market,False,False,
hard_evaluation_cases,hard_cyber_infrastructure_indirect,hard_cyber_infrastructure_indirect,maritime_chokepoint,3,case_2023_red_sea_attacks;case_2021_suez_blockage;case_2022_turkey_strait_tanker_insurance_backlog,2,True,True,2,12,case_2021_suez_blockage;case_2023_red_sea_attacks;case_hormuz_tanker_tensions;case_panama_canal_drought_shipping_capacity;case_black_sea_grain_export_disruption;case_israel_iran_escalation_energy_risk;case_2023_black_sea_shipping_insurance_restrictions;case_2023_south_china_sea_shipping_tensions;case_2023_arctic_lng_russian_energy_shipping_sanctions;case_1987_1988_tanker_war_reflagging;case_2008_somali_piracy_gulf_of_aden;case_2022_turkey_strait_tanker_insurance_backlog,9,case_hormuz_tanker_tensions;case_panama_canal_drought_shipping_capacity;case_black_sea_grain_export_disruption;case_israel_iran_escalation_energy_risk;case_2023_black_sea_shipping_insurance_restrictions;case_2023_south_china_sea_shipping_tensions;case_2023_arctic_lng_russian_energy_shipping_sanctions;case_1987_1988_tanker_war_reflagging;case_2008_somali_piracy_gulf_of_aden,False,False,
hard_evaluation_cases,hard_cyber_infrastructure_indirect,hard_cyber_infrastructure_indirect,oil_shipping,2,case_2023_red_sea_attacks;case_2022_turkey_strait_tanker_insurance_backlog,2,True,True,2,17,case_2023_red_sea_attacks;case_hormuz_tanker_tensions;case_middle_east_oil_supply_disruption;case_opec_production_cut_policy_shock;case_israel_iran_escalation_energy_risk;case_2020_opec_plus_production_cut;case_2022_abu_dhabi_oil_facility_attack;case_2018_iran_oil_sanctions_reimposition;case_2019_venezuela_oil_sanctions;case_2023_arctic_lng_russian_energy_shipping_sanctions;case_1987_1988_tanker_war_reflagging;case_2008_somali_piracy_gulf_of_aden;case_2022_turkey_strait_tanker_insurance_backlog;case_2018_iran_swift_restrictions;case_2019_cosco_shipping_sanctions_tanker_market;case_2011_libya_civil_war_oil_disruption;case_2024_ukraine_drone_attacks_russian_refineries,15,case_hormuz_tanker_tensions;case_middle_east_oil_supply_disruption;case_opec_production_cut_policy_shock;case_israel_iran_escalation_energy_risk;case_2020_opec_plus_production_cut;case_2022_abu_dhabi_oil_facility_attack;case_2018_iran_oil_sanctions_reimposition;case_2019_venezuela_oil_sanctions;case_2023_arctic_lng_russian_energy_shipping_sanctions;case_1987_1988_tanker_war_reflagging;case_2008_somali_piracy_gulf_of_aden;case_2018_iran_swift_restrictions;case_2019_cosco_shipping_sanctions_tanker_market;case_2011_libya_civil_war_oil_disruption;case_2024_ukraine_drone_attacks_russian_refineries,False,False,
hard_evaluation_cases,hard_cyber_infrastructure_indirect,hard_cyber_infrastructure_indirect,petrochemicals,1,case_2022_nord_stream_pipeline_sabotage,2,False,True,0,12,case_russia_ukraine_energy_shock;case_2022_gas_fertilizer_shock;case_middle_east_oil_supply_disruption;case_opec_production_cut_policy_shock;case_2020_opec_plus_production_cut;case_2022_abu_dhabi_oil_facility_attack;case_2018_iran_oil_sanctions_reimposition;case_2019_venezuela_oil_sanctions;case_2022_nord_stream_pipeline_sabotage;case_2009_russia_ukraine_gas_transit_dispute;case_2011_libya_civil_war_oil_disruption;case_2024_ukraine_drone_attacks_russian_refineries,11,case_russia_ukraine_energy_shock;case_2022_gas_fertilizer_shock;case_middle_east_oil_supply_disruption;case_opec_production_cut_policy_shock;case_2020_opec_plus_production_cut;case_2022_abu_dhabi_oil_facility_attack;case_2018_iran_oil_sanctions_reimposition;case_2019_venezuela_oil_sanctions;case_2009_russia_ukraine_gas_transit_dispute;case_2011_libya_civil_war_oil_disruption;case_2024_ukraine_drone_attacks_russian_refineries,True,False,
hard_evaluation_cases,hard_cyber_infrastructure_indirect,hard_cyber_infrastructure_indirect,port_labor,1,case_2024_us_east_gulf_port_strike,2,False,True,0,1,case_2024_us_east_gulf_port_strike,0,,False,False,
hard_evaluation_cases,hard_cyber_infrastructure_indirect,hard_cyber_infrastructure_indirect,refining,1,case_2021_colonial_pipeline_ransomware,2,False,True,0,12,case_hormuz_tanker_tensions;case_russia_ukraine_energy_shock;case_middle_east_oil_supply_disruption;case_opec_production_cut_policy_shock;case_israel_iran_escalation_energy_risk;case_2020_opec_plus_production_cut;case_2022_abu_dhabi_oil_facility_attack;case_2018_iran_oil_sanctions_reimposition;case_2019_venezuela_oil_sanctions;case_2011_libya_civil_war_oil_disruption;case_2024_ukraine_drone_attacks_russian_refineries;case_2021_colonial_pipeline_ransomware,11,case_hormuz_tanker_tensions;case_russia_ukraine_energy_shock;case_middle_east_oil_supply_disruption;case_opec_production_cut_policy_shock;case_israel_iran_escalation_energy_risk;case_2020_opec_plus_production_cut;case_2022_abu_dhabi_oil_facility_attack;case_2018_iran_oil_sanctions_reimposition;case_2019_venezuela_oil_sanctions;case_2011_libya_civil_war_oil_disruption;case_2024_ukraine_drone_attacks_russian_refineries,True,False,
hard_evaluation_cases,hard_cyber_infrastructure_indirect,hard_cyber_infrastructure_indirect,trade_lanes,2,case_2023_dp_world_australia_cyber_port_disruption;case_2024_us_east_gulf_port_strike,2,True,True,2,31,case_2018_2019_us_china_tariffs;case_uranium_nuclear_fuel_supply_disruption;case_2022_russia_swift_financial_sanctions;case_2024_us_east_gulf_port_strike;case_2022_india_wheat_export_ban;case_2022_russia_aviation_supply_chain_sanctions;case_2017_north_korea_missile_escalation;case_2019_india_pakistan_airspace_closure;case_2023_niger_coup_uranium_supply_risk;case_2022_chile_lithium_policy_shift;case_2020_indonesia_nickel_export_ban;case_2021_belarus_potash_sanctions;case_2021_xinjiang_forced_labor_import_restrictions;case_2024_ev_tariff_escalation_china;case_2023_south_china_sea_shipping_tensions;case_2024_drc_cobalt_copper_mining_disruption;case_2023_mexico_nearshoring_cross_border_policy_risk;case_2023_eu_carbon_border_adjustment_mechanism;case_2021_myanmar_coup_supply_chain_disruption;case_2014_crimea_financial_sanctions;case_2018_iran_swift_restrictions;case_2019_cosco_shipping_sanctions_tanker_market;case_2009_russia_ukraine_gas_transit_dispute;case_2011_libya_civil_war_oil_disruption;case_2010_china_japan_rare_earth_embargo;case_2022_peru_mine_protests_copper_supply;case_2023_panama_cobre_mine_closure;case_2008_rice_export_restrictions_food_security;case_2022_russia_fertilizer_export_restrictions;case_2023_dp_world_australia_cyber_port_disruption;case_2019_turkey_f35_s400_defense_restrictions,29,case_2018_2019_us_china_tariffs;case_uranium_nuclear_fuel_supply_disruption;case_2022_russia_swift_financial_sanctions;case_2022_india_wheat_export_ban;case_2022_russia_aviation_supply_chain_sanctions;case_2017_north_korea_missile_escalation;case_2019_india_pakistan_airspace_closure;case_2023_niger_coup_uranium_supply_risk;case_2022_chile_lithium_policy_shift;case_2020_indonesia_nickel_export_ban;case_2021_belarus_potash_sanctions;case_2021_xinjiang_forced_labor_import_restrictions;case_2024_ev_tariff_escalation_china;case_2023_south_china_sea_shipping_tensions;case_2024_drc_cobalt_copper_mining_disruption;case_2023_mexico_nearshoring_cross_border_policy_risk;case_2023_eu_carbon_border_adjustment_mechanism;case_2021_myanmar_coup_supply_chain_disruption;case_2014_crimea_financial_sanctions;case_2018_iran_swift_restrictions;case_2019_cosco_shipping_sanctions_tanker_market;case_2009_russia_ukraine_gas_transit_dispute;case_2011_libya_civil_war_oil_disruption;case_2010_china_japan_rare_earth_embargo;case_2022_peru_mine_protests_copper_supply;case_2023_panama_cobre_mine_closure;case_2008_rice_export_restrictions_food_security;case_2022_russia_fertilizer_export_restrictions;case_2019_turkey_f35_s400_defense_restrictions,False,False,
hard_evaluation_cases,hard_negative_consumer_product_launch,hard_negative_consumer_product_launch,ai_chips,3,case_china_gallium_germanium_graphite_controls;case_taiwan_strait_semiconductor_risk;case_2024_taiwan_strait_drills_semiconductor_supply,2,False,True,0,8,case_2022_us_china_semiconductor_controls;case_2019_huawei_entity_list;case_taiwan_strait_semiconductor_risk;case_china_gallium_germanium_graphite_controls;case_defense_spending_shock_after_escalation;case_2023_middle_east_defense_supply_escalation;case_2024_taiwan_strait_drills_semiconductor_supply;case_2023_japan_chip_equipment_export_controls,5,case_2022_us_china_semiconductor_controls;case_2019_huawei_entity_list;case_defense_spending_shock_after_escalation;case_2023_middle_east_defense_supply_escalation;case_2023_japan_chip_equipment_export_controls,False,False,
hard_evaluation_cases,hard_negative_consumer_product_launch,hard_negative_consumer_product_launch,battery_materials,3,case_2023_china_graphite_battery_export_controls;case_2022_chile_lithium_policy_shift;case_2024_ev_tariff_escalation_china,2,False,True,0,7,case_2023_china_graphite_battery_export_controls;case_2022_chile_lithium_policy_shift;case_2020_indonesia_nickel_export_ban;case_2024_ev_tariff_escalation_china;case_2024_drc_cobalt_copper_mining_disruption;case_2022_peru_mine_protests_copper_supply;case_2023_panama_cobre_mine_closure,4,case_2020_indonesia_nickel_export_ban;case_2024_drc_cobalt_copper_mining_disruption;case_2022_peru_mine_protests_copper_supply;case_2023_panama_cobre_mine_closure,False,False,
hard_evaluation_cases,hard_negative_consumer_product_launch,hard_negative_consumer_product_launch,container_shipping,1,case_2023_red_sea_attacks,2,False,True,0,8,case_2021_suez_blockage;case_2023_red_sea_attacks;case_panama_canal_drought_shipping_capacity;case_2024_us_east_gulf_port_strike;case_2017_notpetya_shipping_logistics_cyberattack;case_2023_south_china_sea_shipping_tensions;case_2008_somali_piracy_gulf_of_aden;case_2023_dp_world_australia_cyber_port_disruption,7,case_2021_suez_blockage;case_panama_canal_drought_shipping_capacity;case_2024_us_east_gulf_port_strike;case_2017_notpetya_shipping_logistics_cyberattack;case_2023_south_china_sea_shipping_tensions;case_2008_somali_piracy_gulf_of_aden;case_2023_dp_world_australia_cyber_port_disruption,True,False,
hard_evaluation_cases,hard_negative_consumer_product_launch,hard_negative_consumer_product_launch,critical_minerals,6,case_2023_china_graphite_battery_export_controls;case_2022_chile_lithium_policy_shift;case_china_gallium_germanium_graphite_controls;case_2024_ev_tariff_escalation_china;case_rare_earth_export_restriction_risk;case_2010_china_japan_rare_earth_embargo,2,False,True,0,12,case_rare_earth_export_restriction_risk;case_china_gallium_germanium_graphite_controls;case_2023_china_graphite_battery_export_controls;case_2022_chile_lithium_policy_shift;case_2020_indonesia_nickel_export_ban;case_2021_xinjiang_forced_labor_import_restrictions;case_2024_ev_tariff_escalation_china;case_2024_drc_cobalt_copper_mining_disruption;case_2023_eu_carbon_border_adjustment_mechanism;case_2010_china_japan_rare_earth_embargo;case_2022_peru_mine_protests_copper_supply;case_2023_panama_cobre_mine_closure,6,case_2020_indonesia_nickel_export_ban;case_2021_xinjiang_forced_labor_import_restrictions;case_2024_drc_cobalt_copper_mining_disruption;case_2023_eu_carbon_border_adjustment_mechanism;case_2022_peru_mine_protests_copper_supply;case_2023_panama_cobre_mine_closure,False,False,
hard_evaluation_cases,hard_negative_consumer_product_launch,hard_negative_consumer_product_launch,customs,6,case_2023_china_graphite_battery_export_controls;case_2022_chile_lithium_policy_shift;case_china_gallium_germanium_graphite_controls;case_2024_ev_tariff_escalation_china;case_2020_smic_entity_list_semiconductor_controls;case_2010_china_japan_rare_earth_embargo,2,False,True,0,32,case_2023_dutch_asml_controls;case_2019_huawei_entity_list;case_2018_2019_us_china_tariffs;case_china_gallium_germanium_graphite_controls;case_uranium_nuclear_fuel_supply_disruption;case_2022_russia_swift_financial_sanctions;case_2023_china_graphite_battery_export_controls;case_2022_india_wheat_export_ban;case_2022_russia_aviation_supply_chain_sanctions;case_2023_niger_coup_uranium_supply_risk;case_2022_chile_lithium_policy_shift;case_2020_indonesia_nickel_export_ban;case_2021_belarus_potash_sanctions;case_2021_xinjiang_forced_labor_import_restrictions;case_2024_ev_tariff_escalation_china;case_2024_drc_cobalt_copper_mining_disruption;case_2023_mexico_nearshoring_cross_border_policy_risk;case_2023_eu_carbon_border_adjustment_mechanism;case_2021_myanmar_coup_supply_chain_disruption;case_2022_turkey_strait_tanker_insurance_backlog;case_2014_crimea_financial_sanctions;case_2018_iran_swift_restrictions;case_2019_cosco_shipping_sanctions_tanker_market;case_2010_china_japan_rare_earth_embargo;case_2022_peru_mine_protests_copper_supply;case_2023_panama_cobre_mine_closure;case_2008_rice_export_restrictions_food_security;case_2022_russia_fertilizer_export_restrictions;case_2020_smic_entity_list_semiconductor_controls;case_2023_japan_chip_equipment_export_controls;case_2019_turkey_f35_s400_defense_restrictions;case_2022_russia_airspace_closure_aviation_routes,26,case_2023_dutch_asml_controls;case_2019_huawei_entity_list;case_2018_2019_us_china_tariffs;case_uranium_nuclear_fuel_supply_disruption;case_2022_russia_swift_financial_sanctions;case_2022_india_wheat_export_ban;case_2022_russia_aviation_supply_chain_sanctions;case_2023_niger_coup_uranium_supply_risk;case_2020_indonesia_nickel_export_ban;case_2021_belarus_potash_sanctions;case_2021_xinjiang_forced_labor_import_restrictions;case_2024_drc_cobalt_copper_mining_disruption;case_2023_mexico_nearshoring_cross_border_policy_risk;case_2023_eu_carbon_border_adjustment_mechanism;case_2021_myanmar_coup_supply_chain_disruption;case_2022_turkey_strait_tanker_insurance_backlog;case_2014_crimea_financial_sanctions;case_2018_iran_swift_restrictions;case_2019_cosco_shipping_sanctions_tanker_market;case_2022_peru_mine_protests_copper_supply;case_2023_panama_cobre_mine_closure;case_2008_rice_export_restrictions_food_security;case_2022_russia_fertilizer_export_restrictions;case_2023_japan_chip_equipment_export_controls;case_2019_turkey_f35_s400_defense_restrictions;case_2022_russia_airspace_closure_aviation_routes,False,False,
hard_evaluation_cases,hard_negative_consumer_product_launch,hard_negative_consumer_product_launch,data_centers,3,case_2020_smic_entity_list_semiconductor_controls;case_taiwan_strait_semiconductor_risk;case_2024_taiwan_strait_drills_semiconductor_supply,2,False,True,0,6,case_2022_us_china_semiconductor_controls;case_2019_huawei_entity_list;case_taiwan_strait_semiconductor_risk;case_2024_taiwan_strait_drills_semiconductor_supply;case_2020_smic_entity_list_semiconductor_controls;case_2023_japan_chip_equipment_export_controls,3,case_2022_us_china_semiconductor_controls;case_2019_huawei_entity_list;case_2023_japan_chip_equipment_export_controls,False,False,
hard_evaluation_cases,hard_negative_consumer_product_launch,hard_negative_consumer_product_launch,defense,4,case_taiwan_strait_semiconductor_risk;case_2024_taiwan_strait_drills_semiconductor_supply;case_rare_earth_export_restriction_risk;case_2010_china_japan_rare_earth_embargo,2,False,True,0,15,case_taiwan_strait_semiconductor_risk;case_rare_earth_export_restriction_risk;case_israel_iran_escalation_energy_risk;case_defense_spending_shock_after_escalation;case_2023_middle_east_defense_supply_escalation;case_2024_taiwan_strait_drills_semiconductor_supply;case_2022_abu_dhabi_oil_facility_attack;case_2022_russia_aviation_supply_chain_sanctions;case_2017_north_korea_missile_escalation;case_2019_india_pakistan_airspace_closure;case_2022_ukraine_electricity_grid_attacks;case_2023_south_china_sea_shipping_tensions;case_1987_1988_tanker_war_reflagging;case_2010_china_japan_rare_earth_embargo;case_2019_turkey_f35_s400_defense_restrictions,11,case_israel_iran_escalation_energy_risk;case_defense_spending_shock_after_escalation;case_2023_middle_east_defense_supply_escalation;case_2022_abu_dhabi_oil_facility_attack;case_2022_russia_aviation_supply_chain_sanctions;case_2017_north_korea_missile_escalation;case_2019_india_pakistan_airspace_closure;case_2022_ukraine_electricity_grid_attacks;case_2023_south_china_sea_shipping_tensions;case_1987_1988_tanker_war_reflagging;case_2019_turkey_f35_s400_defense_restrictions,False,False,
hard_evaluation_cases,hard_negative_consumer_product_launch,hard_negative_consumer_product_launch,eda_software,1,case_2020_smic_entity_list_semiconductor_controls,2,False,True,0,3,case_2022_us_china_semiconductor_controls;case_2019_huawei_entity_list;case_2020_smic_entity_list_semiconductor_controls,2,case_2022_us_china_semiconductor_controls;case_2019_huawei_entity_list,True,False,
hard_evaluation_cases,hard_negative_consumer_product_launch,hard_negative_consumer_product_launch,energy,1,case_rare_earth_export_restriction_risk,2,False,True,0,28,case_2021_suez_blockage;case_hormuz_tanker_tensions;case_russia_ukraine_energy_shock;case_2022_gas_fertilizer_shock;case_middle_east_oil_supply_disruption;case_rare_earth_export_restriction_risk;case_opec_production_cut_policy_shock;case_israel_iran_escalation_energy_risk;case_cyberattack_pipeline_port_infrastructure;case_uranium_nuclear_fuel_supply_disruption;case_2022_russia_swift_financial_sanctions;case_2020_opec_plus_production_cut;case_2022_abu_dhabi_oil_facility_attack;case_2018_iran_oil_sanctions_reimposition;case_2019_venezuela_oil_sanctions;case_2022_nord_stream_pipeline_sabotage;case_2022_ukraine_electricity_grid_attacks;case_2023_niger_coup_uranium_supply_risk;case_2023_eu_carbon_border_adjustment_mechanism;case_2023_arctic_lng_russian_energy_shipping_sanctions;case_1987_1988_tanker_war_reflagging;case_2014_crimea_financial_sanctions;case_2009_russia_ukraine_gas_transit_dispute;case_2011_libya_civil_war_oil_disruption;case_2024_ukraine_drone_attacks_russian_refineries;case_2022_russia_fertilizer_export_restrictions;case_2021_colonial_pipeline_ransomware;case_2022_russia_airspace_closure_aviation_routes,27,case_2021_suez_blockage;case_hormuz_tanker_tensions;case_russia_ukraine_energy_shock;case_2022_gas_fertilizer_shock;case_middle_east_oil_supply_disruption;case_opec_production_cut_policy_shock;case_israel_iran_escalation_energy_risk;case_cyberattack_pipeline_port_infrastructure;case_uranium_nuclear_fuel_supply_disruption;case_2022_russia_swift_financial_sanctions;case_2020_opec_plus_production_cut;case_2022_abu_dhabi_oil_facility_attack;case_2018_iran_oil_sanctions_reimposition;case_2019_venezuela_oil_sanctions;case_2022_nord_stream_pipeline_sabotage;case_2022_ukraine_electricity_grid_attacks;case_2023_niger_coup_uranium_supply_risk;case_2023_eu_carbon_border_adjustment_mechanism;case_2023_arctic_lng_russian_energy_shipping_sanctions;case_1987_1988_tanker_war_reflagging;case_2014_crimea_financial_sanctions;case_2009_russia_ukraine_gas_transit_dispute;case_2011_libya_civil_war_oil_disruption;case_2024_ukraine_drone_attacks_russian_refineries;case_2022_russia_fertilizer_export_restrictions;case_2021_colonial_pipeline_ransomware;case_2022_russia_airspace_closure_aviation_routes,True,False,
hard_evaluation_cases,hard_negative_consumer_product_launch,hard_negative_consumer_product_launch,foundry,3,case_2020_smic_entity_list_semiconductor_controls;case_taiwan_strait_semiconductor_risk;case_2024_taiwan_strait_drills_semiconductor_supply,2,False,True,0,6,case_2022_us_china_semiconductor_controls;case_2023_dutch_asml_controls;case_taiwan_strait_semiconductor_risk;case_2024_taiwan_strait_drills_semiconductor_supply;case_2020_smic_entity_list_semiconductor_controls;case_2023_japan_chip_equipment_export_controls,3,case_2022_us_china_semiconductor_controls;case_2023_dutch_asml_controls;case_2023_japan_chip_equipment_export_controls,False,False,
hard_evaluation_cases,hard_negative_consumer_product_launch,hard_negative_consumer_product_launch,freight_routes,1,case_2023_red_sea_attacks,2,False,True,0,19,case_2021_suez_blockage;case_2023_red_sea_attacks;case_panama_canal_drought_shipping_capacity;case_black_sea_grain_export_disruption;case_cyberattack_pipeline_port_infrastructure;case_2023_port_of_nagoya_cyberattack;case_2024_us_east_gulf_port_strike;case_2019_india_pakistan_airspace_closure;case_2021_belarus_potash_sanctions;case_2017_notpetya_shipping_logistics_cyberattack;case_2023_black_sea_shipping_insurance_restrictions;case_2023_south_china_sea_shipping_tensions;case_2023_mexico_nearshoring_cross_border_policy_risk;case_1987_1988_tanker_war_reflagging;case_2008_somali_piracy_gulf_of_aden;case_2022_turkey_strait_tanker_insurance_backlog;case_2021_colonial_pipeline_ransomware;case_2023_dp_world_australia_cyber_port_disruption;case_2022_russia_airspace_closure_aviation_routes,18,case_2021_suez_blockage;case_panama_canal_drought_shipping_capacity;case_black_sea_grain_export_disruption;case_cyberattack_pipeline_port_infrastructure;case_2023_port_of_nagoya_cyberattack;case_2024_us_east_gulf_port_strike;case_2019_india_pakistan_airspace_closure;case_2021_belarus_potash_sanctions;case_2017_notpetya_shipping_logistics_cyberattack;case_2023_black_sea_shipping_insurance_restrictions;case_2023_south_china_sea_shipping_tensions;case_2023_mexico_nearshoring_cross_border_policy_risk;case_1987_1988_tanker_war_reflagging;case_2008_somali_piracy_gulf_of_aden;case_2022_turkey_strait_tanker_insurance_backlog;case_2021_colonial_pipeline_ransomware;case_2023_dp_world_australia_cyber_port_disruption;case_2022_russia_airspace_closure_aviation_routes,True,False,
hard_evaluation_cases,hard_negative_consumer_product_launch,hard_negative_consumer_product_launch,gallium_germanium_graphite,2,case_2023_china_graphite_battery_export_controls;case_china_gallium_germanium_graphite_controls,2,False,True,0,2,case_china_gallium_germanium_graphite_controls;case_2023_china_graphite_battery_export_controls,0,,False,False,
hard_evaluation_cases,hard_negative_consumer_product_launch,hard_negative_consumer_product_launch,graphite,1,case_2023_china_graphite_battery_export_controls,2,False,True,0,1,case_2023_china_graphite_battery_export_controls,0,,False,False,
hard_evaluation_cases,hard_negative_consumer_product_launch,hard_negative_consumer_product_launch,lng_shipping,1,case_2023_red_sea_attacks,2,False,True,0,8,case_2023_red_sea_attacks;case_hormuz_tanker_tensions;case_russia_ukraine_energy_shock;case_panama_canal_drought_shipping_capacity;case_israel_iran_escalation_energy_risk;case_2022_nord_stream_pipeline_sabotage;case_2023_arctic_lng_russian_energy_shipping_sanctions;case_2009_russia_ukraine_gas_transit_dispute,7,case_hormuz_tanker_tensions;case_russia_ukraine_energy_shock;case_panama_canal_drought_shipping_capacity;case_israel_iran_escalation_energy_risk;case_2022_nord_stream_pipeline_sabotage;case_2023_arctic_lng_russian_energy_shipping_sanctions;case_2009_russia_ukraine_gas_transit_dispute,True,False,
hard_evaluation_cases,hard_negative_consumer_product_launch,hard_negative_consumer_product_launch,logistics,2,case_2024_ev_tariff_escalation_china;case_2023_red_sea_attacks,2,False,True,0,33,case_2021_suez_blockage;case_2023_red_sea_attacks;case_2018_2019_us_china_tariffs;case_panama_canal_drought_shipping_capacity;case_black_sea_grain_export_disruption;case_cyberattack_pipeline_port_infrastructure;case_2023_port_of_nagoya_cyberattack;case_2024_us_east_gulf_port_strike;case_2022_india_wheat_export_ban;case_2017_north_korea_missile_escalation;case_2019_india_pakistan_airspace_closure;case_2022_ukraine_electricity_grid_attacks;case_2023_niger_coup_uranium_supply_risk;case_2021_belarus_potash_sanctions;case_2021_xinjiang_forced_labor_import_restrictions;case_2024_ev_tariff_escalation_china;case_2017_notpetya_shipping_logistics_cyberattack;case_2023_black_sea_shipping_insurance_restrictions;case_2023_south_china_sea_shipping_tensions;case_2024_drc_cobalt_copper_mining_disruption;case_2023_mexico_nearshoring_cross_border_policy_risk;case_2021_myanmar_coup_supply_chain_disruption;case_1987_1988_tanker_war_reflagging;case_2008_somali_piracy_gulf_of_aden;case_2022_turkey_strait_tanker_insurance_backlog;case_2019_cosco_shipping_sanctions_tanker_market;case_2011_libya_civil_war_oil_disruption;case_2022_peru_mine_protests_copper_supply;case_2008_rice_export_restrictions_food_security;case_2022_russia_fertilizer_export_restrictions;case_2021_colonial_pipeline_ransomware;case_2023_dp_world_australia_cyber_port_disruption;case_2022_russia_airspace_closure_aviation_routes,31,case_2021_suez_blockage;case_2018_2019_us_china_tariffs;case_panama_canal_drought_shipping_capacity;case_black_sea_grain_export_disruption;case_cyberattack_pipeline_port_infrastructure;case_2023_port_of_nagoya_cyberattack;case_2024_us_east_gulf_port_strike;case_2022_india_wheat_export_ban;case_2017_north_korea_missile_escalation;case_2019_india_pakistan_airspace_closure;case_2022_ukraine_electricity_grid_attacks;case_2023_niger_coup_uranium_supply_risk;case_2021_belarus_potash_sanctions;case_2021_xinjiang_forced_labor_import_restrictions;case_2017_notpetya_shipping_logistics_cyberattack;case_2023_black_sea_shipping_insurance_restrictions;case_2023_south_china_sea_shipping_tensions;case_2024_drc_cobalt_copper_mining_disruption;case_2023_mexico_nearshoring_cross_border_policy_risk;case_2021_myanmar_coup_supply_chain_disruption;case_1987_1988_tanker_war_reflagging;case_2008_somali_piracy_gulf_of_aden;case_2022_turkey_strait_tanker_insurance_backlog;case_2019_cosco_shipping_sanctions_tanker_market;case_2011_libya_civil_war_oil_disruption;case_2022_peru_mine_protests_copper_supply;case_2008_rice_export_restrictions_food_security;case_2022_russia_fertilizer_export_restrictions;case_2021_colonial_pipeline_ransomware;case_2023_dp_world_australia_cyber_port_disruption;case_2022_russia_airspace_closure_aviation_routes,False,False,
hard_evaluation_cases,hard_negative_consumer_product_launch,hard_negative_consumer_product_launch,manufacturing_inputs,8,case_2023_china_graphite_battery_export_controls;case_2022_chile_lithium_policy_shift;case_china_gallium_germanium_graphite_controls;case_2024_ev_tariff_escalation_china;case_2020_smic_entity_list_semiconductor_controls;case_taiwan_strait_semiconductor_risk;case_rare_earth_export_restriction_risk;case_2010_china_japan_rare_earth_embargo,2,False,True,0,34,case_russia_ukraine_energy_shock;case_2019_huawei_entity_list;case_2018_2019_us_china_tariffs;case_2022_gas_fertilizer_shock;case_taiwan_strait_semiconductor_risk;case_rare_earth_export_restriction_risk;case_china_gallium_germanium_graphite_controls;case_defense_spending_shock_after_escalation;case_uranium_nuclear_fuel_supply_disruption;case_2023_port_of_nagoya_cyberattack;case_2023_middle_east_defense_supply_escalation;case_2023_china_graphite_battery_export_controls;case_2022_russia_aviation_supply_chain_sanctions;case_2017_north_korea_missile_escalation;case_2019_india_pakistan_airspace_closure;case_2022_nord_stream_pipeline_sabotage;case_2022_ukraine_electricity_grid_attacks;case_2022_chile_lithium_policy_shift;case_2020_indonesia_nickel_export_ban;case_2021_xinjiang_forced_labor_import_restrictions;case_2024_ev_tariff_escalation_china;case_2017_notpetya_shipping_logistics_cyberattack;case_2024_drc_cobalt_copper_mining_disruption;case_2023_mexico_nearshoring_cross_border_policy_risk;case_2023_eu_carbon_border_adjustment_mechanism;case_2021_myanmar_coup_supply_chain_disruption;case_2014_crimea_financial_sanctions;case_2009_russia_ukraine_gas_transit_dispute;case_2010_china_japan_rare_earth_embargo;case_2022_peru_mine_protests_copper_supply;case_2023_panama_cobre_mine_closure;case_2020_smic_entity_list_semiconductor_controls;case_2023_japan_chip_equipment_export_controls;case_2019_turkey_f35_s400_defense_restrictions,26,case_russia_ukraine_energy_shock;case_2019_huawei_entity_list;case_2018_2019_us_china_tariffs;case_2022_gas_fertilizer_shock;case_defense_spending_shock_after_escalation;case_uranium_nuclear_fuel_supply_disruption;case_2023_port_of_nagoya_cyberattack;case_2023_middle_east_defense_supply_escalation;case_2022_russia_aviation_supply_chain_sanctions;case_2017_north_korea_missile_escalation;case_2019_india_pakistan_airspace_closure;case_2022_nord_stream_pipeline_sabotage;case_2022_ukraine_electricity_grid_attacks;case_2020_indonesia_nickel_export_ban;case_2021_xinjiang_forced_labor_import_restrictions;case_2017_notpetya_shipping_logistics_cyberattack;case_2024_drc_cobalt_copper_mining_disruption;case_2023_mexico_nearshoring_cross_border_policy_risk;case_2023_eu_carbon_border_adjustment_mechanism;case_2021_myanmar_coup_supply_chain_disruption;case_2014_crimea_financial_sanctions;case_2009_russia_ukraine_gas_transit_dispute;case_2022_peru_mine_protests_copper_supply;case_2023_panama_cobre_mine_closure;case_2023_japan_chip_equipment_export_controls;case_2019_turkey_f35_s400_defense_restrictions,False,False,
hard_evaluation_cases,hard_negative_consumer_product_launch,hard_negative_consumer_product_launch,marine_insurance,1,case_2023_red_sea_attacks,2,False,True,0,12,case_2023_red_sea_attacks;case_hormuz_tanker_tensions;case_israel_iran_escalation_energy_risk;case_2018_iran_oil_sanctions_reimposition;case_2023_black_sea_shipping_insurance_restrictions;case_2023_south_china_sea_shipping_tensions;case_2023_arctic_lng_russian_energy_shipping_sanctions;case_1987_1988_tanker_war_reflagging;case_2008_somali_piracy_gulf_of_aden;case_2022_turkey_strait_tanker_insurance_backlog;case_2018_iran_swift_restrictions;case_2019_cosco_shipping_sanctions_tanker_market,11,case_hormuz_tanker_tensions;case_israel_iran_escalation_energy_risk;case_2018_iran_oil_sanctions_reimposition;case_2023_black_sea_shipping_insurance_restrictions;case_2023_south_china_sea_shipping_tensions;case_2023_arctic_lng_russian_energy_shipping_sanctions;case_1987_1988_tanker_war_reflagging;case_2008_somali_piracy_gulf_of_aden;case_2022_turkey_strait_tanker_insurance_backlog;case_2018_iran_swift_restrictions;case_2019_cosco_shipping_sanctions_tanker_market,True,False,
hard_evaluation_cases,hard_negative_consumer_product_launch,hard_negative_consumer_product_launch,maritime_chokepoint,1,case_2023_red_sea_attacks,2,False,True,0,12,case_2021_suez_blockage;case_2023_red_sea_attacks;case_hormuz_tanker_tensions;case_panama_canal_drought_shipping_capacity;case_black_sea_grain_export_disruption;case_israel_iran_escalation_energy_risk;case_2023_black_sea_shipping_insurance_restrictions;case_2023_south_china_sea_shipping_tensions;case_2023_arctic_lng_russian_energy_shipping_sanctions;case_1987_1988_tanker_war_reflagging;case_2008_somali_piracy_gulf_of_aden;case_2022_turkey_strait_tanker_insurance_backlog,11,case_2021_suez_blockage;case_hormuz_tanker_tensions;case_panama_canal_drought_shipping_capacity;case_black_sea_grain_export_disruption;case_israel_iran_escalation_energy_risk;case_2023_black_sea_shipping_insurance_restrictions;case_2023_south_china_sea_shipping_tensions;case_2023_arctic_lng_russian_energy_shipping_sanctions;case_1987_1988_tanker_war_reflagging;case_2008_somali_piracy_gulf_of_aden;case_2022_turkey_strait_tanker_insurance_backlog,True,False,
hard_evaluation_cases,hard_negative_consumer_product_launch,hard_negative_consumer_product_launch,oil_shipping,1,case_2023_red_sea_attacks,2,False,True,0,17,case_2023_red_sea_attacks;case_hormuz_tanker_tensions;case_middle_east_oil_supply_disruption;case_opec_production_cut_policy_shock;case_israel_iran_escalation_energy_risk;case_2020_opec_plus_production_cut;case_2022_abu_dhabi_oil_facility_attack;case_2018_iran_oil_sanctions_reimposition;case_2019_venezuela_oil_sanctions;case_2023_arctic_lng_russian_energy_shipping_sanctions;case_1987_1988_tanker_war_reflagging;case_2008_somali_piracy_gulf_of_aden;case_2022_turkey_strait_tanker_insurance_backlog;case_2018_iran_swift_restrictions;case_2019_cosco_shipping_sanctions_tanker_market;case_2011_libya_civil_war_oil_disruption;case_2024_ukraine_drone_attacks_russian_refineries,16,case_hormuz_tanker_tensions;case_middle_east_oil_supply_disruption;case_opec_production_cut_policy_shock;case_israel_iran_escalation_energy_risk;case_2020_opec_plus_production_cut;case_2022_abu_dhabi_oil_facility_attack;case_2018_iran_oil_sanctions_reimposition;case_2019_venezuela_oil_sanctions;case_2023_arctic_lng_russian_energy_shipping_sanctions;case_1987_1988_tanker_war_reflagging;case_2008_somali_piracy_gulf_of_aden;case_2022_turkey_strait_tanker_insurance_backlog;case_2018_iran_swift_restrictions;case_2019_cosco_shipping_sanctions_tanker_market;case_2011_libya_civil_war_oil_disruption;case_2024_ukraine_drone_attacks_russian_refineries,True,False,
hard_evaluation_cases,hard_negative_consumer_product_launch,hard_negative_consumer_product_launch,rare_earths,2,case_rare_earth_export_restriction_risk;case_2010_china_japan_rare_earth_embargo,2,False,True,0,2,case_rare_earth_export_restriction_risk;case_2010_china_japan_rare_earth_embargo,0,,False,False,
hard_evaluation_cases,hard_negative_consumer_product_launch,hard_negative_consumer_product_launch,semiconductor_equipment,4,case_china_gallium_germanium_graphite_controls;case_2020_smic_entity_list_semiconductor_controls;case_taiwan_strait_semiconductor_risk;case_2024_taiwan_strait_drills_semiconductor_supply,2,False,True,0,11,case_2022_us_china_semiconductor_controls;case_2023_dutch_asml_controls;case_2019_huawei_entity_list;case_taiwan_strait_semiconductor_risk;case_china_gallium_germanium_graphite_controls;case_defense_spending_shock_after_escalation;case_2024_taiwan_strait_drills_semiconductor_supply;case_2017_north_korea_missile_escalation;case_2020_smic_entity_list_semiconductor_controls;case_2023_japan_chip_equipment_export_controls;case_2019_turkey_f35_s400_defense_restrictions,7,case_2022_us_china_semiconductor_controls;case_2023_dutch_asml_controls;case_2019_huawei_entity_list;case_defense_spending_shock_after_escalation;case_2017_north_korea_missile_escalation;case_2023_japan_chip_equipment_export_controls;case_2019_turkey_f35_s400_defense_restrictions,False,False,
hard_evaluation_cases,hard_negative_consumer_product_launch,hard_negative_consumer_product_launch,taiwan_semiconductor_supply,1,case_2024_taiwan_strait_drills_semiconductor_supply,2,False,True,0,1,case_2024_taiwan_strait_drills_semiconductor_supply,0,,False,False,
hard_evaluation_cases,hard_negative_consumer_product_launch,hard_negative_consumer_product_launch,trade_lanes,3,case_2022_chile_lithium_policy_shift;case_2024_ev_tariff_escalation_china;case_2010_china_japan_rare_earth_embargo,2,False,True,0,31,case_2018_2019_us_china_tariffs;case_uranium_nuclear_fuel_supply_disruption;case_2022_russia_swift_financial_sanctions;case_2024_us_east_gulf_port_strike;case_2022_india_wheat_export_ban;case_2022_russia_aviation_supply_chain_sanctions;case_2017_north_korea_missile_escalation;case_2019_india_pakistan_airspace_closure;case_2023_niger_coup_uranium_supply_risk;case_2022_chile_lithium_policy_shift;case_2020_indonesia_nickel_export_ban;case_2021_belarus_potash_sanctions;case_2021_xinjiang_forced_labor_import_restrictions;case_2024_ev_tariff_escalation_china;case_2023_south_china_sea_shipping_tensions;case_2024_drc_cobalt_copper_mining_disruption;case_2023_mexico_nearshoring_cross_border_policy_risk;case_2023_eu_carbon_border_adjustment_mechanism;case_2021_myanmar_coup_supply_chain_disruption;case_2014_crimea_financial_sanctions;case_2018_iran_swift_restrictions;case_2019_cosco_shipping_sanctions_tanker_market;case_2009_russia_ukraine_gas_transit_dispute;case_2011_libya_civil_war_oil_disruption;case_2010_china_japan_rare_earth_embargo;case_2022_peru_mine_protests_copper_supply;case_2023_panama_cobre_mine_closure;case_2008_rice_export_restrictions_food_security;case_2022_russia_fertilizer_export_restrictions;case_2023_dp_world_australia_cyber_port_disruption;case_2019_turkey_f35_s400_defense_restrictions,28,case_2018_2019_us_china_tariffs;case_uranium_nuclear_fuel_supply_disruption;case_2022_russia_swift_financial_sanctions;case_2024_us_east_gulf_port_strike;case_2022_india_wheat_export_ban;case_2022_russia_aviation_supply_chain_sanctions;case_2017_north_korea_missile_escalation;case_2019_india_pakistan_airspace_closure;case_2023_niger_coup_uranium_supply_risk;case_2020_indonesia_nickel_export_ban;case_2021_belarus_potash_sanctions;case_2021_xinjiang_forced_labor_import_restrictions;case_2023_south_china_sea_shipping_tensions;case_2024_drc_cobalt_copper_mining_disruption;case_2023_mexico_nearshoring_cross_border_policy_risk;case_2023_eu_carbon_border_adjustment_mechanism;case_2021_myanmar_coup_supply_chain_disruption;case_2014_crimea_financial_sanctions;case_2018_iran_swift_restrictions;case_2019_cosco_shipping_sanctions_tanker_market;case_2009_russia_ukraine_gas_transit_dispute;case_2011_libya_civil_war_oil_disruption;case_2022_peru_mine_protests_copper_supply;case_2023_panama_cobre_mine_closure;case_2008_rice_export_restrictions_food_security;case_2022_russia_fertilizer_export_restrictions;case_2023_dp_world_australia_cyber_port_disruption;case_2019_turkey_f35_s400_defense_restrictions,False,False,
hard_evaluation_cases,hard_negative_sports_and_media,hard_negative_sports_and_media,aerospace_supply_chain,3,case_2022_russia_aviation_supply_chain_sanctions;case_2022_russia_airspace_closure_aviation_routes;case_2023_middle_east_defense_supply_escalation,2,False,True,0,4,case_2023_middle_east_defense_supply_escalation;case_2022_russia_aviation_supply_chain_sanctions;case_2019_turkey_f35_s400_defense_restrictions;case_2022_russia_airspace_closure_aviation_routes,1,case_2019_turkey_f35_s400_defense_restrictions,False,False,
hard_evaluation_cases,hard_negative_sports_and_media,hard_negative_sports_and_media,ai_chips,2,case_2023_middle_east_defense_supply_escalation;case_2019_huawei_entity_list,2,False,True,0,8,case_2022_us_china_semiconductor_controls;case_2019_huawei_entity_list;case_taiwan_strait_semiconductor_risk;case_china_gallium_germanium_graphite_controls;case_defense_spending_shock_after_escalation;case_2023_middle_east_defense_supply_escalation;case_2024_taiwan_strait_drills_semiconductor_supply;case_2023_japan_chip_equipment_export_controls,6,case_2022_us_china_semiconductor_controls;case_taiwan_strait_semiconductor_risk;case_china_gallium_germanium_graphite_controls;case_defense_spending_shock_after_escalation;case_2024_taiwan_strait_drills_semiconductor_supply;case_2023_japan_chip_equipment_export_controls,False,False,
hard_evaluation_cases,hard_negative_sports_and_media,hard_negative_sports_and_media,aviation,3,case_2022_russia_aviation_supply_chain_sanctions;case_2022_russia_airspace_closure_aviation_routes;case_2021_colonial_pipeline_ransomware,2,False,True,0,11,case_middle_east_oil_supply_disruption;case_opec_production_cut_policy_shock;case_2020_opec_plus_production_cut;case_2022_abu_dhabi_oil_facility_attack;case_2022_russia_aviation_supply_chain_sanctions;case_2017_north_korea_missile_escalation;case_2019_india_pakistan_airspace_closure;case_2011_libya_civil_war_oil_disruption;case_2024_ukraine_drone_attacks_russian_refineries;case_2021_colonial_pipeline_ransomware;case_2022_russia_airspace_closure_aviation_routes,8,case_middle_east_oil_supply_disruption;case_opec_production_cut_policy_shock;case_2020_opec_plus_production_cut;case_2022_abu_dhabi_oil_facility_attack;case_2017_north_korea_missile_escalation;case_2019_india_pakistan_airspace_closure;case_2011_libya_civil_war_oil_disruption;case_2024_ukraine_drone_attacks_russian_refineries,False,False,
hard_evaluation_cases,hard_negative_sports_and_media,hard_negative_sports_and_media,container_shipping,1,case_2017_notpetya_shipping_logistics_cyberattack,2,False,True,0,8,case_2021_suez_blockage;case_2023_red_sea_attacks;case_panama_canal_drought_shipping_capacity;case_2024_us_east_gulf_port_strike;case_2017_notpetya_shipping_logistics_cyberattack;case_2023_south_china_sea_shipping_tensions;case_2008_somali_piracy_gulf_of_aden;case_2023_dp_world_australia_cyber_port_disruption,7,case_2021_suez_blockage;case_2023_red_sea_attacks;case_panama_canal_drought_shipping_capacity;case_2024_us_east_gulf_port_strike;case_2023_south_china_sea_shipping_tensions;case_2008_somali_piracy_gulf_of_aden;case_2023_dp_world_australia_cyber_port_disruption,True,False,
hard_evaluation_cases,hard_negative_sports_and_media,hard_negative_sports_and_media,customs,6,case_2022_russia_swift_financial_sanctions;case_2022_russia_aviation_supply_chain_sanctions;case_2022_turkey_strait_tanker_insurance_backlog;case_2022_russia_airspace_closure_aviation_routes;case_2019_huawei_entity_list;case_2018_iran_swift_restrictions,2,False,True,0,32,case_2023_dutch_asml_controls;case_2019_huawei_entity_list;case_2018_2019_us_china_tariffs;case_china_gallium_germanium_graphite_controls;case_uranium_nuclear_fuel_supply_disruption;case_2022_russia_swift_financial_sanctions;case_2023_china_graphite_battery_export_controls;case_2022_india_wheat_export_ban;case_2022_russia_aviation_supply_chain_sanctions;case_2023_niger_coup_uranium_supply_risk;case_2022_chile_lithium_policy_shift;case_2020_indonesia_nickel_export_ban;case_2021_belarus_potash_sanctions;case_2021_xinjiang_forced_labor_import_restrictions;case_2024_ev_tariff_escalation_china;case_2024_drc_cobalt_copper_mining_disruption;case_2023_mexico_nearshoring_cross_border_policy_risk;case_2023_eu_carbon_border_adjustment_mechanism;case_2021_myanmar_coup_supply_chain_disruption;case_2022_turkey_strait_tanker_insurance_backlog;case_2014_crimea_financial_sanctions;case_2018_iran_swift_restrictions;case_2019_cosco_shipping_sanctions_tanker_market;case_2010_china_japan_rare_earth_embargo;case_2022_peru_mine_protests_copper_supply;case_2023_panama_cobre_mine_closure;case_2008_rice_export_restrictions_food_security;case_2022_russia_fertilizer_export_restrictions;case_2020_smic_entity_list_semiconductor_controls;case_2023_japan_chip_equipment_export_controls;case_2019_turkey_f35_s400_defense_restrictions;case_2022_russia_airspace_closure_aviation_routes,26,case_2023_dutch_asml_controls;case_2018_2019_us_china_tariffs;case_china_gallium_germanium_graphite_controls;case_uranium_nuclear_fuel_supply_disruption;case_2023_china_graphite_battery_export_controls;case_2022_india_wheat_export_ban;case_2023_niger_coup_uranium_supply_risk;case_2022_chile_lithium_policy_shift;case_2020_indonesia_nickel_export_ban;case_2021_belarus_potash_sanctions;case_2021_xinjiang_forced_labor_import_restrictions;case_2024_ev_tariff_escalation_china;case_2024_drc_cobalt_copper_mining_disruption;case_2023_mexico_nearshoring_cross_border_policy_risk;case_2023_eu_carbon_border_adjustment_mechanism;case_2021_myanmar_coup_supply_chain_disruption;case_2014_crimea_financial_sanctions;case_2019_cosco_shipping_sanctions_tanker_market;case_2010_china_japan_rare_earth_embargo;case_2022_peru_mine_protests_copper_supply;case_2023_panama_cobre_mine_closure;case_2008_rice_export_restrictions_food_security;case_2022_russia_fertilizer_export_restrictions;case_2020_smic_entity_list_semiconductor_controls;case_2023_japan_chip_equipment_export_controls;case_2019_turkey_f35_s400_defense_restrictions,False,False,
hard_evaluation_cases,hard_negative_sports_and_media,hard_negative_sports_and_media,cyber_infrastructure,3,case_2023_middle_east_defense_supply_escalation;case_2017_notpetya_shipping_logistics_cyberattack;case_2021_colonial_pipeline_ransomware,2,False,True,0,9,case_cyberattack_pipeline_port_infrastructure;case_defense_spending_shock_after_escalation;case_2023_port_of_nagoya_cyberattack;case_2023_middle_east_defense_supply_escalation;case_2022_nord_stream_pipeline_sabotage;case_2022_ukraine_electricity_grid_attacks;case_2017_notpetya_shipping_logistics_cyberattack;case_2021_colonial_pipeline_ransomware;case_2023_dp_world_australia_cyber_port_disruption,6,case_cyberattack_pipeline_port_infrastructure;case_defense_spending_shock_after_escalation;case_2023_port_of_nagoya_cyberattack;case_2022_nord_stream_pipeline_sabotage;case_2022_ukraine_electricity_grid_attacks;case_2023_dp_world_australia_cyber_port_disruption,False,False,
hard_evaluation_cases,hard_negative_sports_and_media,hard_negative_sports_and_media,data_centers,1,case_2019_huawei_entity_list,2,False,True,0,6,case_2022_us_china_semiconductor_controls;case_2019_huawei_entity_list;case_taiwan_strait_semiconductor_risk;case_2024_taiwan_strait_drills_semiconductor_supply;case_2020_smic_entity_list_semiconductor_controls;case_2023_japan_chip_equipment_export_controls,5,case_2022_us_china_semiconductor_controls;case_taiwan_strait_semiconductor_risk;case_2024_taiwan_strait_drills_semiconductor_supply;case_2020_smic_entity_list_semiconductor_controls;case_2023_japan_chip_equipment_export_controls,True,False,
hard_evaluation_cases,hard_negative_sports_and_media,hard_negative_sports_and_media,defense,2,case_2022_russia_aviation_supply_chain_sanctions;case_2023_middle_east_defense_supply_escalation,2,False,True,0,15,case_taiwan_strait_semiconductor_risk;case_rare_earth_export_restriction_risk;case_israel_iran_escalation_energy_risk;case_defense_spending_shock_after_escalation;case_2023_middle_east_defense_supply_escalation;case_2024_taiwan_strait_drills_semiconductor_supply;case_2022_abu_dhabi_oil_facility_attack;case_2022_russia_aviation_supply_chain_sanctions;case_2017_north_korea_missile_escalation;case_2019_india_pakistan_airspace_closure;case_2022_ukraine_electricity_grid_attacks;case_2023_south_china_sea_shipping_tensions;case_1987_1988_tanker_war_reflagging;case_2010_china_japan_rare_earth_embargo;case_2019_turkey_f35_s400_defense_restrictions,13,case_taiwan_strait_semiconductor_risk;case_rare_earth_export_restriction_risk;case_israel_iran_escalation_energy_risk;case_defense_spending_shock_after_escalation;case_2024_taiwan_strait_drills_semiconductor_supply;case_2022_abu_dhabi_oil_facility_attack;case_2017_north_korea_missile_escalation;case_2019_india_pakistan_airspace_closure;case_2022_ukraine_electricity_grid_attacks;case_2023_south_china_sea_shipping_tensions;case_1987_1988_tanker_war_reflagging;case_2010_china_japan_rare_earth_embargo;case_2019_turkey_f35_s400_defense_restrictions,False,False,
hard_evaluation_cases,hard_negative_sports_and_media,hard_negative_sports_and_media,eda_software,1,case_2019_huawei_entity_list,2,False,True,0,3,case_2022_us_china_semiconductor_controls;case_2019_huawei_entity_list;case_2020_smic_entity_list_semiconductor_controls,2,case_2022_us_china_semiconductor_controls;case_2020_smic_entity_list_semiconductor_controls,True,False,
hard_evaluation_cases,hard_negative_sports_and_media,hard_negative_sports_and_media,energy,4,case_2022_russia_swift_financial_sanctions;case_2022_russia_airspace_closure_aviation_routes;case_2023_arctic_lng_russian_energy_shipping_sanctions;case_2021_colonial_pipeline_ransomware,2,False,True,0,28,case_2021_suez_blockage;case_hormuz_tanker_tensions;case_russia_ukraine_energy_shock;case_2022_gas_fertilizer_shock;case_middle_east_oil_supply_disruption;case_rare_earth_export_restriction_risk;case_opec_production_cut_policy_shock;case_israel_iran_escalation_energy_risk;case_cyberattack_pipeline_port_infrastructure;case_uranium_nuclear_fuel_supply_disruption;case_2022_russia_swift_financial_sanctions;case_2020_opec_plus_production_cut;case_2022_abu_dhabi_oil_facility_attack;case_2018_iran_oil_sanctions_reimposition;case_2019_venezuela_oil_sanctions;case_2022_nord_stream_pipeline_sabotage;case_2022_ukraine_electricity_grid_attacks;case_2023_niger_coup_uranium_supply_risk;case_2023_eu_carbon_border_adjustment_mechanism;case_2023_arctic_lng_russian_energy_shipping_sanctions;case_1987_1988_tanker_war_reflagging;case_2014_crimea_financial_sanctions;case_2009_russia_ukraine_gas_transit_dispute;case_2011_libya_civil_war_oil_disruption;case_2024_ukraine_drone_attacks_russian_refineries;case_2022_russia_fertilizer_export_restrictions;case_2021_colonial_pipeline_ransomware;case_2022_russia_airspace_closure_aviation_routes,24,case_2021_suez_blockage;case_hormuz_tanker_tensions;case_russia_ukraine_energy_shock;case_2022_gas_fertilizer_shock;case_middle_east_oil_supply_disruption;case_rare_earth_export_restriction_risk;case_opec_production_cut_policy_shock;case_israel_iran_escalation_energy_risk;case_cyberattack_pipeline_port_infrastructure;case_uranium_nuclear_fuel_supply_disruption;case_2020_opec_plus_production_cut;case_2022_abu_dhabi_oil_facility_attack;case_2018_iran_oil_sanctions_reimposition;case_2019_venezuela_oil_sanctions;case_2022_nord_stream_pipeline_sabotage;case_2022_ukraine_electricity_grid_attacks;case_2023_niger_coup_uranium_supply_risk;case_2023_eu_carbon_border_adjustment_mechanism;case_1987_1988_tanker_war_reflagging;case_2014_crimea_financial_sanctions;case_2009_russia_ukraine_gas_transit_dispute;case_2011_libya_civil_war_oil_disruption;case_2024_ukraine_drone_attacks_russian_refineries;case_2022_russia_fertilizer_export_restrictions,False,False,
hard_evaluation_cases,hard_negative_sports_and_media,hard_negative_sports_and_media,financial_sanctions,4,case_2022_russia_swift_financial_sanctions;case_2022_turkey_strait_tanker_insurance_backlog;case_2023_arctic_lng_russian_energy_shipping_sanctions;case_2018_iran_swift_restrictions,2,False,True,0,8,case_2022_russia_swift_financial_sanctions;case_2018_iran_oil_sanctions_reimposition;case_2019_venezuela_oil_sanctions;case_2023_arctic_lng_russian_energy_shipping_sanctions;case_2022_turkey_strait_tanker_insurance_backlog;case_2014_crimea_financial_sanctions;case_2018_iran_swift_restrictions;case_2019_cosco_shipping_sanctions_tanker_market,4,case_2018_iran_oil_sanctions_reimposition;case_2019_venezuela_oil_sanctions;case_2014_crimea_financial_sanctions;case_2019_cosco_shipping_sanctions_tanker_market,False,False,
hard_evaluation_cases,hard_negative_sports_and_media,hard_negative_sports_and_media,freight_routes,4,case_2022_turkey_strait_tanker_insurance_backlog;case_2022_russia_airspace_closure_aviation_routes;case_2017_notpetya_shipping_logistics_cyberattack;case_2021_colonial_pipeline_ransomware,2,False,True,0,19,case_2021_suez_blockage;case_2023_red_sea_attacks;case_panama_canal_drought_shipping_capacity;case_black_sea_grain_export_disruption;case_cyberattack_pipeline_port_infrastructure;case_2023_port_of_nagoya_cyberattack;case_2024_us_east_gulf_port_strike;case_2019_india_pakistan_airspace_closure;case_2021_belarus_potash_sanctions;case_2017_notpetya_shipping_logistics_cyberattack;case_2023_black_sea_shipping_insurance_restrictions;case_2023_south_china_sea_shipping_tensions;case_2023_mexico_nearshoring_cross_border_policy_risk;case_1987_1988_tanker_war_reflagging;case_2008_somali_piracy_gulf_of_aden;case_2022_turkey_strait_tanker_insurance_backlog;case_2021_colonial_pipeline_ransomware;case_2023_dp_world_australia_cyber_port_disruption;case_2022_russia_airspace_closure_aviation_routes,15,case_2021_suez_blockage;case_2023_red_sea_attacks;case_panama_canal_drought_shipping_capacity;case_black_sea_grain_export_disruption;case_cyberattack_pipeline_port_infrastructure;case_2023_port_of_nagoya_cyberattack;case_2024_us_east_gulf_port_strike;case_2019_india_pakistan_airspace_closure;case_2021_belarus_potash_sanctions;case_2023_black_sea_shipping_insurance_restrictions;case_2023_south_china_sea_shipping_tensions;case_2023_mexico_nearshoring_cross_border_policy_risk;case_1987_1988_tanker_war_reflagging;case_2008_somali_piracy_gulf_of_aden;case_2023_dp_world_australia_cyber_port_disruption,False,False,
hard_evaluation_cases,hard_negative_sports_and_media,hard_negative_sports_and_media,lng_shipping,1,case_2023_arctic_lng_russian_energy_shipping_sanctions,2,False,True,0,8,case_2023_red_sea_attacks;case_hormuz_tanker_tensions;case_russia_ukraine_energy_shock;case_panama_canal_drought_shipping_capacity;case_israel_iran_escalation_energy_risk;case_2022_nord_stream_pipeline_sabotage;case_2023_arctic_lng_russian_energy_shipping_sanctions;case_2009_russia_ukraine_gas_transit_dispute,7,case_2023_red_sea_attacks;case_hormuz_tanker_tensions;case_russia_ukraine_energy_shock;case_panama_canal_drought_shipping_capacity;case_israel_iran_escalation_energy_risk;case_2022_nord_stream_pipeline_sabotage;case_2009_russia_ukraine_gas_transit_dispute,True,False,
hard_evaluation_cases,hard_negative_sports_and_media,hard_negative_sports_and_media,logistics,4,case_2022_turkey_strait_tanker_insurance_backlog;case_2022_russia_airspace_closure_aviation_routes;case_2017_notpetya_shipping_logistics_cyberattack;case_2021_colonial_pipeline_ransomware,2,False,True,0,33,case_2021_suez_blockage;case_2023_red_sea_attacks;case_2018_2019_us_china_tariffs;case_panama_canal_drought_shipping_capacity;case_black_sea_grain_export_disruption;case_cyberattack_pipeline_port_infrastructure;case_2023_port_of_nagoya_cyberattack;case_2024_us_east_gulf_port_strike;case_2022_india_wheat_export_ban;case_2017_north_korea_missile_escalation;case_2019_india_pakistan_airspace_closure;case_2022_ukraine_electricity_grid_attacks;case_2023_niger_coup_uranium_supply_risk;case_2021_belarus_potash_sanctions;case_2021_xinjiang_forced_labor_import_restrictions;case_2024_ev_tariff_escalation_china;case_2017_notpetya_shipping_logistics_cyberattack;case_2023_black_sea_shipping_insurance_restrictions;case_2023_south_china_sea_shipping_tensions;case_2024_drc_cobalt_copper_mining_disruption;case_2023_mexico_nearshoring_cross_border_policy_risk;case_2021_myanmar_coup_supply_chain_disruption;case_1987_1988_tanker_war_reflagging;case_2008_somali_piracy_gulf_of_aden;case_2022_turkey_strait_tanker_insurance_backlog;case_2019_cosco_shipping_sanctions_tanker_market;case_2011_libya_civil_war_oil_disruption;case_2022_peru_mine_protests_copper_supply;case_2008_rice_export_restrictions_food_security;case_2022_russia_fertilizer_export_restrictions;case_2021_colonial_pipeline_ransomware;case_2023_dp_world_australia_cyber_port_disruption;case_2022_russia_airspace_closure_aviation_routes,29,case_2021_suez_blockage;case_2023_red_sea_attacks;case_2018_2019_us_china_tariffs;case_panama_canal_drought_shipping_capacity;case_black_sea_grain_export_disruption;case_cyberattack_pipeline_port_infrastructure;case_2023_port_of_nagoya_cyberattack;case_2024_us_east_gulf_port_strike;case_2022_india_wheat_export_ban;case_2017_north_korea_missile_escalation;case_2019_india_pakistan_airspace_closure;case_2022_ukraine_electricity_grid_attacks;case_2023_niger_coup_uranium_supply_risk;case_2021_belarus_potash_sanctions;case_2021_xinjiang_forced_labor_import_restrictions;case_2024_ev_tariff_escalation_china;case_2023_black_sea_shipping_insurance_restrictions;case_2023_south_china_sea_shipping_tensions;case_2024_drc_cobalt_copper_mining_disruption;case_2023_mexico_nearshoring_cross_border_policy_risk;case_2021_myanmar_coup_supply_chain_disruption;case_1987_1988_tanker_war_reflagging;case_2008_somali_piracy_gulf_of_aden;case_2019_cosco_shipping_sanctions_tanker_market;case_2011_libya_civil_war_oil_disruption;case_2022_peru_mine_protests_copper_supply;case_2008_rice_export_restrictions_food_security;case_2022_russia_fertilizer_export_restrictions;case_2023_dp_world_australia_cyber_port_disruption,False,False,
hard_evaluation_cases,hard_negative_sports_and_media,hard_negative_sports_and_media,manufacturing_inputs,4,case_2022_russia_aviation_supply_chain_sanctions;case_2023_middle_east_defense_supply_escalation;case_2019_huawei_entity_list;case_2017_notpetya_shipping_logistics_cyberattack,2,False,True,0,34,case_russia_ukraine_energy_shock;case_2019_huawei_entity_list;case_2018_2019_us_china_tariffs;case_2022_gas_fertilizer_shock;case_taiwan_strait_semiconductor_risk;case_rare_earth_export_restriction_risk;case_china_gallium_germanium_graphite_controls;case_defense_spending_shock_after_escalation;case_uranium_nuclear_fuel_supply_disruption;case_2023_port_of_nagoya_cyberattack;case_2023_middle_east_defense_supply_escalation;case_2023_china_graphite_battery_export_controls;case_2022_russia_aviation_supply_chain_sanctions;case_2017_north_korea_missile_escalation;case_2019_india_pakistan_airspace_closure;case_2022_nord_stream_pipeline_sabotage;case_2022_ukraine_electricity_grid_attacks;case_2022_chile_lithium_policy_shift;case_2020_indonesia_nickel_export_ban;case_2021_xinjiang_forced_labor_import_restrictions;case_2024_ev_tariff_escalation_china;case_2017_notpetya_shipping_logistics_cyberattack;case_2024_drc_cobalt_copper_mining_disruption;case_2023_mexico_nearshoring_cross_border_policy_risk;case_2023_eu_carbon_border_adjustment_mechanism;case_2021_myanmar_coup_supply_chain_disruption;case_2014_crimea_financial_sanctions;case_2009_russia_ukraine_gas_transit_dispute;case_2010_china_japan_rare_earth_embargo;case_2022_peru_mine_protests_copper_supply;case_2023_panama_cobre_mine_closure;case_2020_smic_entity_list_semiconductor_controls;case_2023_japan_chip_equipment_export_controls;case_2019_turkey_f35_s400_defense_restrictions,30,case_russia_ukraine_energy_shock;case_2018_2019_us_china_tariffs;case_2022_gas_fertilizer_shock;case_taiwan_strait_semiconductor_risk;case_rare_earth_export_restriction_risk;case_china_gallium_germanium_graphite_controls;case_defense_spending_shock_after_escalation;case_uranium_nuclear_fuel_supply_disruption;case_2023_port_of_nagoya_cyberattack;case_2023_china_graphite_battery_export_controls;case_2017_north_korea_missile_escalation;case_2019_india_pakistan_airspace_closure;case_2022_nord_stream_pipeline_sabotage;case_2022_ukraine_electricity_grid_attacks;case_2022_chile_lithium_policy_shift;case_2020_indonesia_nickel_export_ban;case_2021_xinjiang_forced_labor_import_restrictions;case_2024_ev_tariff_escalation_china;case_2024_drc_cobalt_copper_mining_disruption;case_2023_mexico_nearshoring_cross_border_policy_risk;case_2023_eu_carbon_border_adjustment_mechanism;case_2021_myanmar_coup_supply_chain_disruption;case_2014_crimea_financial_sanctions;case_2009_russia_ukraine_gas_transit_dispute;case_2010_china_japan_rare_earth_embargo;case_2022_peru_mine_protests_copper_supply;case_2023_panama_cobre_mine_closure;case_2020_smic_entity_list_semiconductor_controls;case_2023_japan_chip_equipment_export_controls;case_2019_turkey_f35_s400_defense_restrictions,False,False,
hard_evaluation_cases,hard_negative_sports_and_media,hard_negative_sports_and_media,marine_insurance,3,case_2022_turkey_strait_tanker_insurance_backlog;case_2023_arctic_lng_russian_energy_shipping_sanctions;case_2018_iran_swift_restrictions,2,False,True,0,12,case_2023_red_sea_attacks;case_hormuz_tanker_tensions;case_israel_iran_escalation_energy_risk;case_2018_iran_oil_sanctions_reimposition;case_2023_black_sea_shipping_insurance_restrictions;case_2023_south_china_sea_shipping_tensions;case_2023_arctic_lng_russian_energy_shipping_sanctions;case_1987_1988_tanker_war_reflagging;case_2008_somali_piracy_gulf_of_aden;case_2022_turkey_strait_tanker_insurance_backlog;case_2018_iran_swift_restrictions;case_2019_cosco_shipping_sanctions_tanker_market,9,case_2023_red_sea_attacks;case_hormuz_tanker_tensions;case_israel_iran_escalation_energy_risk;case_2018_iran_oil_sanctions_reimposition;case_2023_black_sea_shipping_insurance_restrictions;case_2023_south_china_sea_shipping_tensions;case_1987_1988_tanker_war_reflagging;case_2008_somali_piracy_gulf_of_aden;case_2019_cosco_shipping_sanctions_tanker_market,False,False,
hard_evaluation_cases,hard_negative_sports_and_media,hard_negative_sports_and_media,maritime_chokepoint,2,case_2022_turkey_strait_tanker_insurance_backlog;case_2023_arctic_lng_russian_energy_shipping_sanctions,2,False,True,0,12,case_2021_suez_blockage;case_2023_red_sea_attacks;case_hormuz_tanker_tensions;case_panama_canal_drought_shipping_capacity;case_black_sea_grain_export_disruption;case_israel_iran_escalation_energy_risk;case_2023_black_sea_shipping_insurance_restrictions;case_2023_south_china_sea_shipping_tensions;case_2023_arctic_lng_russian_energy_shipping_sanctions;case_1987_1988_tanker_war_reflagging;case_2008_somali_piracy_gulf_of_aden;case_2022_turkey_strait_tanker_insurance_backlog,10,case_2021_suez_blockage;case_2023_red_sea_attacks;case_hormuz_tanker_tensions;case_panama_canal_drought_shipping_capacity;case_black_sea_grain_export_disruption;case_israel_iran_escalation_energy_risk;case_2023_black_sea_shipping_insurance_restrictions;case_2023_south_china_sea_shipping_tensions;case_1987_1988_tanker_war_reflagging;case_2008_somali_piracy_gulf_of_aden,False,False,
hard_evaluation_cases,hard_negative_sports_and_media,hard_negative_sports_and_media,oil_shipping,3,case_2022_turkey_strait_tanker_insurance_backlog;case_2023_arctic_lng_russian_energy_shipping_sanctions;case_2018_iran_swift_restrictions,2,False,True,0,17,case_2023_red_sea_attacks;case_hormuz_tanker_tensions;case_middle_east_oil_supply_disruption;case_opec_production_cut_policy_shock;case_israel_iran_escalation_energy_risk;case_2020_opec_plus_production_cut;case_2022_abu_dhabi_oil_facility_attack;case_2018_iran_oil_sanctions_reimposition;case_2019_venezuela_oil_sanctions;case_2023_arctic_lng_russian_energy_shipping_sanctions;case_1987_1988_tanker_war_reflagging;case_2008_somali_piracy_gulf_of_aden;case_2022_turkey_strait_tanker_insurance_backlog;case_2018_iran_swift_restrictions;case_2019_cosco_shipping_sanctions_tanker_market;case_2011_libya_civil_war_oil_disruption;case_2024_ukraine_drone_attacks_russian_refineries,14,case_2023_red_sea_attacks;case_hormuz_tanker_tensions;case_middle_east_oil_supply_disruption;case_opec_production_cut_policy_shock;case_israel_iran_escalation_energy_risk;case_2020_opec_plus_production_cut;case_2022_abu_dhabi_oil_facility_attack;case_2018_iran_oil_sanctions_reimposition;case_2019_venezuela_oil_sanctions;case_1987_1988_tanker_war_reflagging;case_2008_somali_piracy_gulf_of_aden;case_2019_cosco_shipping_sanctions_tanker_market;case_2011_libya_civil_war_oil_disruption;case_2024_ukraine_drone_attacks_russian_refineries,False,False,
hard_evaluation_cases,hard_negative_sports_and_media,hard_negative_sports_and_media,payment_networks,3,case_2022_russia_swift_financial_sanctions;case_2023_arctic_lng_russian_energy_shipping_sanctions;case_2018_iran_swift_restrictions,2,False,True,0,7,case_2022_russia_swift_financial_sanctions;case_2018_iran_oil_sanctions_reimposition;case_2019_venezuela_oil_sanctions;case_2023_arctic_lng_russian_energy_shipping_sanctions;case_2014_crimea_financial_sanctions;case_2018_iran_swift_restrictions;case_2019_cosco_shipping_sanctions_tanker_market,4,case_2018_iran_oil_sanctions_reimposition;case_2019_venezuela_oil_sanctions;case_2014_crimea_financial_sanctions;case_2019_cosco_shipping_sanctions_tanker_market,False,False,
hard_evaluation_cases,hard_negative_sports_and_media,hard_negative_sports_and_media,pipeline_infrastructure,1,case_2021_colonial_pipeline_ransomware,2,False,True,0,6,case_cyberattack_pipeline_port_infrastructure;case_2022_nord_stream_pipeline_sabotage;case_2022_ukraine_electricity_grid_attacks;case_2009_russia_ukraine_gas_transit_dispute;case_2024_ukraine_drone_attacks_russian_refineries;case_2021_colonial_pipeline_ransomware,5,case_cyberattack_pipeline_port_infrastructure;case_2022_nord_stream_pipeline_sabotage;case_2022_ukraine_electricity_grid_attacks;case_2009_russia_ukraine_gas_transit_dispute;case_2024_ukraine_drone_attacks_russian_refineries,True,False,
hard_evaluation_cases,hard_negative_sports_and_media,hard_negative_sports_and_media,ports,1,case_2017_notpetya_shipping_logistics_cyberattack,2,False,True,0,9,case_2021_suez_blockage;case_cyberattack_pipeline_port_infrastructure;case_2023_port_of_nagoya_cyberattack;case_2024_us_east_gulf_port_strike;case_2017_notpetya_shipping_logistics_cyberattack;case_2023_mexico_nearshoring_cross_border_policy_risk;case_2021_myanmar_coup_supply_chain_disruption;case_2023_panama_cobre_mine_closure;case_2023_dp_world_australia_cyber_port_disruption,8,case_2021_suez_blockage;case_cyberattack_pipeline_port_infrastructure;case_2023_port_of_nagoya_cyberattack;case_2024_us_east_gulf_port_strike;case_2023_mexico_nearshoring_cross_border_policy_risk;case_2021_myanmar_coup_supply_chain_disruption;case_2023_panama_cobre_mine_closure;case_2023_dp_world_australia_cyber_port_disruption,True,False,
hard_evaluation_cases,hard_negative_sports_and_media,hard_negative_sports_and_media,refining,1,case_2021_colonial_pipeline_ransomware,2,False,True,0,12,case_hormuz_tanker_tensions;case_russia_ukraine_energy_shock;case_middle_east_oil_supply_disruption;case_opec_production_cut_policy_shock;case_israel_iran_escalation_energy_risk;case_2020_opec_plus_production_cut;case_2022_abu_dhabi_oil_facility_attack;case_2018_iran_oil_sanctions_reimposition;case_2019_venezuela_oil_sanctions;case_2011_libya_civil_war_oil_disruption;case_2024_ukraine_drone_attacks_russian_refineries;case_2021_colonial_pipeline_ransomware,11,case_hormuz_tanker_tensions;case_russia_ukraine_energy_shock;case_middle_east_oil_supply_disruption;case_opec_production_cut_policy_shock;case_israel_iran_escalation_energy_risk;case_2020_opec_plus_production_cut;case_2022_abu_dhabi_oil_facility_attack;case_2018_iran_oil_sanctions_reimposition;case_2019_venezuela_oil_sanctions;case_2011_libya_civil_war_oil_disruption;case_2024_ukraine_drone_attacks_russian_refineries,True,False,
hard_evaluation_cases,hard_negative_sports_and_media,hard_negative_sports_and_media,semiconductor_equipment,1,case_2019_huawei_entity_list,2,False,True,0,11,case_2022_us_china_semiconductor_controls;case_2023_dutch_asml_controls;case_2019_huawei_entity_list;case_taiwan_strait_semiconductor_risk;case_china_gallium_germanium_graphite_controls;case_defense_spending_shock_after_escalation;case_2024_taiwan_strait_drills_semiconductor_supply;case_2017_north_korea_missile_escalation;case_2020_smic_entity_list_semiconductor_controls;case_2023_japan_chip_equipment_export_controls;case_2019_turkey_f35_s400_defense_restrictions,10,case_2022_us_china_semiconductor_controls;case_2023_dutch_asml_controls;case_taiwan_strait_semiconductor_risk;case_china_gallium_germanium_graphite_controls;case_defense_spending_shock_after_escalation;case_2024_taiwan_strait_drills_semiconductor_supply;case_2017_north_korea_missile_escalation;case_2020_smic_entity_list_semiconductor_controls;case_2023_japan_chip_equipment_export_controls;case_2019_turkey_f35_s400_defense_restrictions,True,False,
hard_evaluation_cases,hard_negative_sports_and_media,hard_negative_sports_and_media,trade_lanes,3,case_2022_russia_swift_financial_sanctions;case_2022_russia_aviation_supply_chain_sanctions;case_2018_iran_swift_restrictions,2,False,True,0,31,case_2018_2019_us_china_tariffs;case_uranium_nuclear_fuel_supply_disruption;case_2022_russia_swift_financial_sanctions;case_2024_us_east_gulf_port_strike;case_2022_india_wheat_export_ban;case_2022_russia_aviation_supply_chain_sanctions;case_2017_north_korea_missile_escalation;case_2019_india_pakistan_airspace_closure;case_2023_niger_coup_uranium_supply_risk;case_2022_chile_lithium_policy_shift;case_2020_indonesia_nickel_export_ban;case_2021_belarus_potash_sanctions;case_2021_xinjiang_forced_labor_import_restrictions;case_2024_ev_tariff_escalation_china;case_2023_south_china_sea_shipping_tensions;case_2024_drc_cobalt_copper_mining_disruption;case_2023_mexico_nearshoring_cross_border_policy_risk;case_2023_eu_carbon_border_adjustment_mechanism;case_2021_myanmar_coup_supply_chain_disruption;case_2014_crimea_financial_sanctions;case_2018_iran_swift_restrictions;case_2019_cosco_shipping_sanctions_tanker_market;case_2009_russia_ukraine_gas_transit_dispute;case_2011_libya_civil_war_oil_disruption;case_2010_china_japan_rare_earth_embargo;case_2022_peru_mine_protests_copper_supply;case_2023_panama_cobre_mine_closure;case_2008_rice_export_restrictions_food_security;case_2022_russia_fertilizer_export_restrictions;case_2023_dp_world_australia_cyber_port_disruption;case_2019_turkey_f35_s400_defense_restrictions,28,case_2018_2019_us_china_tariffs;case_uranium_nuclear_fuel_supply_disruption;case_2024_us_east_gulf_port_strike;case_2022_india_wheat_export_ban;case_2017_north_korea_missile_escalation;case_2019_india_pakistan_airspace_closure;case_2023_niger_coup_uranium_supply_risk;case_2022_chile_lithium_policy_shift;case_2020_indonesia_nickel_export_ban;case_2021_belarus_potash_sanctions;case_2021_xinjiang_forced_labor_import_restrictions;case_2024_ev_tariff_escalation_china;case_2023_south_china_sea_shipping_tensions;case_2024_drc_cobalt_copper_mining_disruption;case_2023_mexico_nearshoring_cross_border_policy_risk;case_2023_eu_carbon_border_adjustment_mechanism;case_2021_myanmar_coup_supply_chain_disruption;case_2014_crimea_financial_sanctions;case_2019_cosco_shipping_sanctions_tanker_market;case_2009_russia_ukraine_gas_transit_dispute;case_2011_libya_civil_war_oil_disruption;case_2010_china_japan_rare_earth_embargo;case_2022_peru_mine_protests_copper_supply;case_2023_panama_cobre_mine_closure;case_2008_rice_export_restrictions_food_security;case_2022_russia_fertilizer_export_restrictions;case_2023_dp_world_australia_cyber_port_disruption;case_2019_turkey_f35_s400_defense_restrictions,False,False,
validation_v3,v3_20250404_china_rare_earth_export_controls,China imposes rare-earth export controls after U.S. tariff escalation,ai_chips,2,case_china_gallium_germanium_graphite_controls;case_2019_huawei_entity_list,2,True,True,2,8,case_2022_us_china_semiconductor_controls;case_2019_huawei_entity_list;case_taiwan_strait_semiconductor_risk;case_china_gallium_germanium_graphite_controls;case_defense_spending_shock_after_escalation;case_2023_middle_east_defense_supply_escalation;case_2024_taiwan_strait_drills_semiconductor_supply;case_2023_japan_chip_equipment_export_controls,6,case_2022_us_china_semiconductor_controls;case_taiwan_strait_semiconductor_risk;case_defense_spending_shock_after_escalation;case_2023_middle_east_defense_supply_escalation;case_2024_taiwan_strait_drills_semiconductor_supply;case_2023_japan_chip_equipment_export_controls,False,False,
validation_v3,v3_20250404_china_rare_earth_export_controls,China imposes rare-earth export controls after U.S. tariff escalation,battery_materials,5,case_2024_ev_tariff_escalation_china;case_2023_china_graphite_battery_export_controls;case_2023_panama_cobre_mine_closure;case_2020_indonesia_nickel_export_ban;case_2022_peru_mine_protests_copper_supply,2,True,True,2,7,case_2023_china_graphite_battery_export_controls;case_2022_chile_lithium_policy_shift;case_2020_indonesia_nickel_export_ban;case_2024_ev_tariff_escalation_china;case_2024_drc_cobalt_copper_mining_disruption;case_2022_peru_mine_protests_copper_supply;case_2023_panama_cobre_mine_closure,2,case_2022_chile_lithium_policy_shift;case_2024_drc_cobalt_copper_mining_disruption,False,False,
validation_v3,v3_20250404_china_rare_earth_export_controls,China imposes rare-earth export controls after U.S. tariff escalation,data_centers,1,case_2019_huawei_entity_list,2,False,True,0,6,case_2022_us_china_semiconductor_controls;case_2019_huawei_entity_list;case_taiwan_strait_semiconductor_risk;case_2024_taiwan_strait_drills_semiconductor_supply;case_2020_smic_entity_list_semiconductor_controls;case_2023_japan_chip_equipment_export_controls,5,case_2022_us_china_semiconductor_controls;case_taiwan_strait_semiconductor_risk;case_2024_taiwan_strait_drills_semiconductor_supply;case_2020_smic_entity_list_semiconductor_controls;case_2023_japan_chip_equipment_export_controls,True,False,
validation_v3,v3_20250404_china_rare_earth_export_controls,China imposes rare-earth export controls after U.S. tariff escalation,defense,2,case_rare_earth_export_restriction_risk;case_2010_china_japan_rare_earth_embargo,2,True,True,2,15,case_taiwan_strait_semiconductor_risk;case_rare_earth_export_restriction_risk;case_israel_iran_escalation_energy_risk;case_defense_spending_shock_after_escalation;case_2023_middle_east_defense_supply_escalation;case_2024_taiwan_strait_drills_semiconductor_supply;case_2022_abu_dhabi_oil_facility_attack;case_2022_russia_aviation_supply_chain_sanctions;case_2017_north_korea_missile_escalation;case_2019_india_pakistan_airspace_closure;case_2022_ukraine_electricity_grid_attacks;case_2023_south_china_sea_shipping_tensions;case_1987_1988_tanker_war_reflagging;case_2010_china_japan_rare_earth_embargo;case_2019_turkey_f35_s400_defense_restrictions,13,case_taiwan_strait_semiconductor_risk;case_israel_iran_escalation_energy_risk;case_defense_spending_shock_after_escalation;case_2023_middle_east_defense_supply_escalation;case_2024_taiwan_strait_drills_semiconductor_supply;case_2022_abu_dhabi_oil_facility_attack;case_2022_russia_aviation_supply_chain_sanctions;case_2017_north_korea_missile_escalation;case_2019_india_pakistan_airspace_closure;case_2022_ukraine_electricity_grid_attacks;case_2023_south_china_sea_shipping_tensions;case_1987_1988_tanker_war_reflagging;case_2019_turkey_f35_s400_defense_restrictions,False,False,
validation_v3,v3_20250404_china_rare_earth_export_controls,China imposes rare-earth export controls after U.S. tariff escalation,eda_software,1,case_2019_huawei_entity_list,2,False,True,0,3,case_2022_us_china_semiconductor_controls;case_2019_huawei_entity_list;case_2020_smic_entity_list_semiconductor_controls,2,case_2022_us_china_semiconductor_controls;case_2020_smic_entity_list_semiconductor_controls,True,False,
validation_v3,v3_20250404_china_rare_earth_export_controls,China imposes rare-earth export controls after U.S. tariff escalation,energy,1,case_rare_earth_export_restriction_risk,2,False,True,0,28,case_2021_suez_blockage;case_hormuz_tanker_tensions;case_russia_ukraine_energy_shock;case_2022_gas_fertilizer_shock;case_middle_east_oil_supply_disruption;case_rare_earth_export_restriction_risk;case_opec_production_cut_policy_shock;case_israel_iran_escalation_energy_risk;case_cyberattack_pipeline_port_infrastructure;case_uranium_nuclear_fuel_supply_disruption;case_2022_russia_swift_financial_sanctions;case_2020_opec_plus_production_cut;case_2022_abu_dhabi_oil_facility_attack;case_2018_iran_oil_sanctions_reimposition;case_2019_venezuela_oil_sanctions;case_2022_nord_stream_pipeline_sabotage;case_2022_ukraine_electricity_grid_attacks;case_2023_niger_coup_uranium_supply_risk;case_2023_eu_carbon_border_adjustment_mechanism;case_2023_arctic_lng_russian_energy_shipping_sanctions;case_1987_1988_tanker_war_reflagging;case_2014_crimea_financial_sanctions;case_2009_russia_ukraine_gas_transit_dispute;case_2011_libya_civil_war_oil_disruption;case_2024_ukraine_drone_attacks_russian_refineries;case_2022_russia_fertilizer_export_restrictions;case_2021_colonial_pipeline_ransomware;case_2022_russia_airspace_closure_aviation_routes,27,case_2021_suez_blockage;case_hormuz_tanker_tensions;case_russia_ukraine_energy_shock;case_2022_gas_fertilizer_shock;case_middle_east_oil_supply_disruption;case_opec_production_cut_policy_shock;case_israel_iran_escalation_energy_risk;case_cyberattack_pipeline_port_infrastructure;case_uranium_nuclear_fuel_supply_disruption;case_2022_russia_swift_financial_sanctions;case_2020_opec_plus_production_cut;case_2022_abu_dhabi_oil_facility_attack;case_2018_iran_oil_sanctions_reimposition;case_2019_venezuela_oil_sanctions;case_2022_nord_stream_pipeline_sabotage;case_2022_ukraine_electricity_grid_attacks;case_2023_niger_coup_uranium_supply_risk;case_2023_eu_carbon_border_adjustment_mechanism;case_2023_arctic_lng_russian_energy_shipping_sanctions;case_1987_1988_tanker_war_reflagging;case_2014_crimea_financial_sanctions;case_2009_russia_ukraine_gas_transit_dispute;case_2011_libya_civil_war_oil_disruption;case_2024_ukraine_drone_attacks_russian_refineries;case_2022_russia_fertilizer_export_restrictions;case_2021_colonial_pipeline_ransomware;case_2022_russia_airspace_closure_aviation_routes,True,False,
validation_v3,v3_20250404_china_rare_earth_export_controls,China imposes rare-earth export controls after U.S. tariff escalation,graphite,1,case_2023_china_graphite_battery_export_controls,2,False,True,0,1,case_2023_china_graphite_battery_export_controls,0,,False,False,
validation_v3,v3_20250404_china_rare_earth_export_controls,China imposes rare-earth export controls after U.S. tariff escalation,logistics,3,case_2024_ev_tariff_escalation_china;case_2021_xinjiang_forced_labor_import_restrictions;case_2022_peru_mine_protests_copper_supply,2,True,True,2,33,case_2021_suez_blockage;case_2023_red_sea_attacks;case_2018_2019_us_china_tariffs;case_panama_canal_drought_shipping_capacity;case_black_sea_grain_export_disruption;case_cyberattack_pipeline_port_infrastructure;case_2023_port_of_nagoya_cyberattack;case_2024_us_east_gulf_port_strike;case_2022_india_wheat_export_ban;case_2017_north_korea_missile_escalation;case_2019_india_pakistan_airspace_closure;case_2022_ukraine_electricity_grid_attacks;case_2023_niger_coup_uranium_supply_risk;case_2021_belarus_potash_sanctions;case_2021_xinjiang_forced_labor_import_restrictions;case_2024_ev_tariff_escalation_china;case_2017_notpetya_shipping_logistics_cyberattack;case_2023_black_sea_shipping_insurance_restrictions;case_2023_south_china_sea_shipping_tensions;case_2024_drc_cobalt_copper_mining_disruption;case_2023_mexico_nearshoring_cross_border_policy_risk;case_2021_myanmar_coup_supply_chain_disruption;case_1987_1988_tanker_war_reflagging;case_2008_somali_piracy_gulf_of_aden;case_2022_turkey_strait_tanker_insurance_backlog;case_2019_cosco_shipping_sanctions_tanker_market;case_2011_libya_civil_war_oil_disruption;case_2022_peru_mine_protests_copper_supply;case_2008_rice_export_restrictions_food_security;case_2022_russia_fertilizer_export_restrictions;case_2021_colonial_pipeline_ransomware;case_2023_dp_world_australia_cyber_port_disruption;case_2022_russia_airspace_closure_aviation_routes,30,case_2021_suez_blockage;case_2023_red_sea_attacks;case_2018_2019_us_china_tariffs;case_panama_canal_drought_shipping_capacity;case_black_sea_grain_export_disruption;case_cyberattack_pipeline_port_infrastructure;case_2023_port_of_nagoya_cyberattack;case_2024_us_east_gulf_port_strike;case_2022_india_wheat_export_ban;case_2017_north_korea_missile_escalation;case_2019_india_pakistan_airspace_closure;case_2022_ukraine_electricity_grid_attacks;case_2023_niger_coup_uranium_supply_risk;case_2021_belarus_potash_sanctions;case_2017_notpetya_shipping_logistics_cyberattack;case_2023_black_sea_shipping_insurance_restrictions;case_2023_south_china_sea_shipping_tensions;case_2024_drc_cobalt_copper_mining_disruption;case_2023_mexico_nearshoring_cross_border_policy_risk;case_2021_myanmar_coup_supply_chain_disruption;case_1987_1988_tanker_war_reflagging;case_2008_somali_piracy_gulf_of_aden;case_2022_turkey_strait_tanker_insurance_backlog;case_2019_cosco_shipping_sanctions_tanker_market;case_2011_libya_civil_war_oil_disruption;case_2008_rice_export_restrictions_food_security;case_2022_russia_fertilizer_export_restrictions;case_2021_colonial_pipeline_ransomware;case_2023_dp_world_australia_cyber_port_disruption;case_2022_russia_airspace_closure_aviation_routes,False,False,
validation_v3,v3_20250404_china_rare_earth_export_controls,China imposes rare-earth export controls after U.S. tariff escalation,ports,1,case_2023_panama_cobre_mine_closure,2,False,True,0,9,case_2021_suez_blockage;case_cyberattack_pipeline_port_infrastructure;case_2023_port_of_nagoya_cyberattack;case_2024_us_east_gulf_port_strike;case_2017_notpetya_shipping_logistics_cyberattack;case_2023_mexico_nearshoring_cross_border_policy_risk;case_2021_myanmar_coup_supply_chain_disruption;case_2023_panama_cobre_mine_closure;case_2023_dp_world_australia_cyber_port_disruption,8,case_2021_suez_blockage;case_cyberattack_pipeline_port_infrastructure;case_2023_port_of_nagoya_cyberattack;case_2024_us_east_gulf_port_strike;case_2017_notpetya_shipping_logistics_cyberattack;case_2023_mexico_nearshoring_cross_border_policy_risk;case_2021_myanmar_coup_supply_chain_disruption;case_2023_dp_world_australia_cyber_port_disruption,True,False,
validation_v3,v3_20250404_china_rare_earth_export_controls,China imposes rare-earth export controls after U.S. tariff escalation,semiconductor_equipment,2,case_china_gallium_germanium_graphite_controls;case_2019_huawei_entity_list,2,True,True,2,11,case_2022_us_china_semiconductor_controls;case_2023_dutch_asml_controls;case_2019_huawei_entity_list;case_taiwan_strait_semiconductor_risk;case_china_gallium_germanium_graphite_controls;case_defense_spending_shock_after_escalation;case_2024_taiwan_strait_drills_semiconductor_supply;case_2017_north_korea_missile_escalation;case_2020_smic_entity_list_semiconductor_controls;case_2023_japan_chip_equipment_export_controls;case_2019_turkey_f35_s400_defense_restrictions,9,case_2022_us_china_semiconductor_controls;case_2023_dutch_asml_controls;case_taiwan_strait_semiconductor_risk;case_defense_spending_shock_after_escalation;case_2024_taiwan_strait_drills_semiconductor_supply;case_2017_north_korea_missile_escalation;case_2020_smic_entity_list_semiconductor_controls;case_2023_japan_chip_equipment_export_controls;case_2019_turkey_f35_s400_defense_restrictions,False,False,
validation_v3,v3_20250404_china_rare_earth_export_controls,China imposes rare-earth export controls after U.S. tariff escalation,trade_lanes,6,case_2010_china_japan_rare_earth_embargo;case_2024_ev_tariff_escalation_china;case_2021_xinjiang_forced_labor_import_restrictions;case_2023_panama_cobre_mine_closure;case_2020_indonesia_nickel_export_ban;case_2022_peru_mine_protests_copper_supply,2,True,True,2,31,case_2018_2019_us_china_tariffs;case_uranium_nuclear_fuel_supply_disruption;case_2022_russia_swift_financial_sanctions;case_2024_us_east_gulf_port_strike;case_2022_india_wheat_export_ban;case_2022_russia_aviation_supply_chain_sanctions;case_2017_north_korea_missile_escalation;case_2019_india_pakistan_airspace_closure;case_2023_niger_coup_uranium_supply_risk;case_2022_chile_lithium_policy_shift;case_2020_indonesia_nickel_export_ban;case_2021_belarus_potash_sanctions;case_2021_xinjiang_forced_labor_import_restrictions;case_2024_ev_tariff_escalation_china;case_2023_south_china_sea_shipping_tensions;case_2024_drc_cobalt_copper_mining_disruption;case_2023_mexico_nearshoring_cross_border_policy_risk;case_2023_eu_carbon_border_adjustment_mechanism;case_2021_myanmar_coup_supply_chain_disruption;case_2014_crimea_financial_sanctions;case_2018_iran_swift_restrictions;case_2019_cosco_shipping_sanctions_tanker_market;case_2009_russia_ukraine_gas_transit_dispute;case_2011_libya_civil_war_oil_disruption;case_2010_china_japan_rare_earth_embargo;case_2022_peru_mine_protests_copper_supply;case_2023_panama_cobre_mine_closure;case_2008_rice_export_restrictions_food_security;case_2022_russia_fertilizer_export_restrictions;case_2023_dp_world_australia_cyber_port_disruption;case_2019_turkey_f35_s400_defense_restrictions,25,case_2018_2019_us_china_tariffs;case_uranium_nuclear_fuel_supply_disruption;case_2022_russia_swift_financial_sanctions;case_2024_us_east_gulf_port_strike;case_2022_india_wheat_export_ban;case_2022_russia_aviation_supply_chain_sanctions;case_2017_north_korea_missile_escalation;case_2019_india_pakistan_airspace_closure;case_2023_niger_coup_uranium_supply_risk;case_2022_chile_lithium_policy_shift;case_2021_belarus_potash_sanctions;case_2023_south_china_sea_shipping_tensions;case_2024_drc_cobalt_copper_mining_disruption;case_2023_mexico_nearshoring_cross_border_policy_risk;case_2023_eu_carbon_border_adjustment_mechanism;case_2021_myanmar_coup_supply_chain_disruption;case_2014_crimea_financial_sanctions;case_2018_iran_swift_restrictions;case_2019_cosco_shipping_sanctions_tanker_market;case_2009_russia_ukraine_gas_transit_dispute;case_2011_libya_civil_war_oil_disruption;case_2008_rice_export_restrictions_food_security;case_2022_russia_fertilizer_export_restrictions;case_2023_dp_world_australia_cyber_port_disruption;case_2019_turkey_f35_s400_defense_restrictions,False,False,
validation_v3,v3_20250225_copper_import_investigation,U.S. launches Section 232 investigation into copper import dependence,ai_chips,1,case_china_gallium_germanium_graphite_controls,2,False,True,0,8,case_2022_us_china_semiconductor_controls;case_2019_huawei_entity_list;case_taiwan_strait_semiconductor_risk;case_china_gallium_germanium_graphite_controls;case_defense_spending_shock_after_escalation;case_2023_middle_east_defense_supply_escalation;case_2024_taiwan_strait_drills_semiconductor_supply;case_2023_japan_chip_equipment_export_controls,7,case_2022_us_china_semiconductor_controls;case_2019_huawei_entity_list;case_taiwan_strait_semiconductor_risk;case_defense_spending_shock_after_escalation;case_2023_middle_east_defense_supply_escalation;case_2024_taiwan_strait_drills_semiconductor_supply;case_2023_japan_chip_equipment_export_controls,True,False,
validation_v3,v3_20250225_copper_import_investigation,U.S. launches Section 232 investigation into copper import dependence,battery_materials,3,case_2023_panama_cobre_mine_closure;case_2022_peru_mine_protests_copper_supply;case_2020_indonesia_nickel_export_ban,2,True,True,2,7,case_2023_china_graphite_battery_export_controls;case_2022_chile_lithium_policy_shift;case_2020_indonesia_nickel_export_ban;case_2024_ev_tariff_escalation_china;case_2024_drc_cobalt_copper_mining_disruption;case_2022_peru_mine_protests_copper_supply;case_2023_panama_cobre_mine_closure,4,case_2023_china_graphite_battery_export_controls;case_2022_chile_lithium_policy_shift;case_2024_ev_tariff_escalation_china;case_2024_drc_cobalt_copper_mining_disruption,False,False,
validation_v3,v3_20250225_copper_import_investigation,U.S. launches Section 232 investigation into copper import dependence,defense,2,case_rare_earth_export_restriction_risk;case_2010_china_japan_rare_earth_embargo,2,True,True,2,15,case_taiwan_strait_semiconductor_risk;case_rare_earth_export_restriction_risk;case_israel_iran_escalation_energy_risk;case_defense_spending_shock_after_escalation;case_2023_middle_east_defense_supply_escalation;case_2024_taiwan_strait_drills_semiconductor_supply;case_2022_abu_dhabi_oil_facility_attack;case_2022_russia_aviation_supply_chain_sanctions;case_2017_north_korea_missile_escalation;case_2019_india_pakistan_airspace_closure;case_2022_ukraine_electricity_grid_attacks;case_2023_south_china_sea_shipping_tensions;case_1987_1988_tanker_war_reflagging;case_2010_china_japan_rare_earth_embargo;case_2019_turkey_f35_s400_defense_restrictions,13,case_taiwan_strait_semiconductor_risk;case_israel_iran_escalation_energy_risk;case_defense_spending_shock_after_escalation;case_2023_middle_east_defense_supply_escalation;case_2024_taiwan_strait_drills_semiconductor_supply;case_2022_abu_dhabi_oil_facility_attack;case_2022_russia_aviation_supply_chain_sanctions;case_2017_north_korea_missile_escalation;case_2019_india_pakistan_airspace_closure;case_2022_ukraine_electricity_grid_attacks;case_2023_south_china_sea_shipping_tensions;case_1987_1988_tanker_war_reflagging;case_2019_turkey_f35_s400_defense_restrictions,False,False,
validation_v3,v3_20250225_copper_import_investigation,U.S. launches Section 232 investigation into copper import dependence,energy,3,case_rare_earth_export_restriction_risk;case_2023_eu_carbon_border_adjustment_mechanism;case_uranium_nuclear_fuel_supply_disruption,2,True,True,2,28,case_2021_suez_blockage;case_hormuz_tanker_tensions;case_russia_ukraine_energy_shock;case_2022_gas_fertilizer_shock;case_middle_east_oil_supply_disruption;case_rare_earth_export_restriction_risk;case_opec_production_cut_policy_shock;case_israel_iran_escalation_energy_risk;case_cyberattack_pipeline_port_infrastructure;case_uranium_nuclear_fuel_supply_disruption;case_2022_russia_swift_financial_sanctions;case_2020_opec_plus_production_cut;case_2022_abu_dhabi_oil_facility_attack;case_2018_iran_oil_sanctions_reimposition;case_2019_venezuela_oil_sanctions;case_2022_nord_stream_pipeline_sabotage;case_2022_ukraine_electricity_grid_attacks;case_2023_niger_coup_uranium_supply_risk;case_2023_eu_carbon_border_adjustment_mechanism;case_2023_arctic_lng_russian_energy_shipping_sanctions;case_1987_1988_tanker_war_reflagging;case_2014_crimea_financial_sanctions;case_2009_russia_ukraine_gas_transit_dispute;case_2011_libya_civil_war_oil_disruption;case_2024_ukraine_drone_attacks_russian_refineries;case_2022_russia_fertilizer_export_restrictions;case_2021_colonial_pipeline_ransomware;case_2022_russia_airspace_closure_aviation_routes,25,case_2021_suez_blockage;case_hormuz_tanker_tensions;case_russia_ukraine_energy_shock;case_2022_gas_fertilizer_shock;case_middle_east_oil_supply_disruption;case_opec_production_cut_policy_shock;case_israel_iran_escalation_energy_risk;case_cyberattack_pipeline_port_infrastructure;case_2022_russia_swift_financial_sanctions;case_2020_opec_plus_production_cut;case_2022_abu_dhabi_oil_facility_attack;case_2018_iran_oil_sanctions_reimposition;case_2019_venezuela_oil_sanctions;case_2022_nord_stream_pipeline_sabotage;case_2022_ukraine_electricity_grid_attacks;case_2023_niger_coup_uranium_supply_risk;case_2023_arctic_lng_russian_energy_shipping_sanctions;case_1987_1988_tanker_war_reflagging;case_2014_crimea_financial_sanctions;case_2009_russia_ukraine_gas_transit_dispute;case_2011_libya_civil_war_oil_disruption;case_2024_ukraine_drone_attacks_russian_refineries;case_2022_russia_fertilizer_export_restrictions;case_2021_colonial_pipeline_ransomware;case_2022_russia_airspace_closure_aviation_routes,False,False,
validation_v3,v3_20250225_copper_import_investigation,U.S. launches Section 232 investigation into copper import dependence,fertilizer,1,case_2023_eu_carbon_border_adjustment_mechanism,2,False,True,0,5,case_2022_gas_fertilizer_shock;case_black_sea_grain_export_disruption;case_2021_belarus_potash_sanctions;case_2023_eu_carbon_border_adjustment_mechanism;case_2022_russia_fertilizer_export_restrictions,4,case_2022_gas_fertilizer_shock;case_black_sea_grain_export_disruption;case_2021_belarus_potash_sanctions;case_2022_russia_fertilizer_export_restrictions,True,False,
validation_v3,v3_20250225_copper_import_investigation,U.S. launches Section 232 investigation into copper import dependence,freight_routes,1,case_2023_mexico_nearshoring_cross_border_policy_risk,2,False,True,0,19,case_2021_suez_blockage;case_2023_red_sea_attacks;case_panama_canal_drought_shipping_capacity;case_black_sea_grain_export_disruption;case_cyberattack_pipeline_port_infrastructure;case_2023_port_of_nagoya_cyberattack;case_2024_us_east_gulf_port_strike;case_2019_india_pakistan_airspace_closure;case_2021_belarus_potash_sanctions;case_2017_notpetya_shipping_logistics_cyberattack;case_2023_black_sea_shipping_insurance_restrictions;case_2023_south_china_sea_shipping_tensions;case_2023_mexico_nearshoring_cross_border_policy_risk;case_1987_1988_tanker_war_reflagging;case_2008_somali_piracy_gulf_of_aden;case_2022_turkey_strait_tanker_insurance_backlog;case_2021_colonial_pipeline_ransomware;case_2023_dp_world_australia_cyber_port_disruption;case_2022_russia_airspace_closure_aviation_routes,18,case_2021_suez_blockage;case_2023_red_sea_attacks;case_panama_canal_drought_shipping_capacity;case_black_sea_grain_export_disruption;case_cyberattack_pipeline_port_infrastructure;case_2023_port_of_nagoya_cyberattack;case_2024_us_east_gulf_port_strike;case_2019_india_pakistan_airspace_closure;case_2021_belarus_potash_sanctions;case_2017_notpetya_shipping_logistics_cyberattack;case_2023_black_sea_shipping_insurance_restrictions;case_2023_south_china_sea_shipping_tensions;case_1987_1988_tanker_war_reflagging;case_2008_somali_piracy_gulf_of_aden;case_2022_turkey_strait_tanker_insurance_backlog;case_2021_colonial_pipeline_ransomware;case_2023_dp_world_australia_cyber_port_disruption;case_2022_russia_airspace_closure_aviation_routes,True,False,
validation_v3,v3_20250225_copper_import_investigation,U.S. launches Section 232 investigation into copper import dependence,logistics,3,case_2021_xinjiang_forced_labor_import_restrictions;case_2022_peru_mine_protests_copper_supply;case_2023_mexico_nearshoring_cross_border_policy_risk,2,True,True,2,33,case_2021_suez_blockage;case_2023_red_sea_attacks;case_2018_2019_us_china_tariffs;case_panama_canal_drought_shipping_capacity;case_black_sea_grain_export_disruption;case_cyberattack_pipeline_port_infrastructure;case_2023_port_of_nagoya_cyberattack;case_2024_us_east_gulf_port_strike;case_2022_india_wheat_export_ban;case_2017_north_korea_missile_escalation;case_2019_india_pakistan_airspace_closure;case_2022_ukraine_electricity_grid_attacks;case_2023_niger_coup_uranium_supply_risk;case_2021_belarus_potash_sanctions;case_2021_xinjiang_forced_labor_import_restrictions;case_2024_ev_tariff_escalation_china;case_2017_notpetya_shipping_logistics_cyberattack;case_2023_black_sea_shipping_insurance_restrictions;case_2023_south_china_sea_shipping_tensions;case_2024_drc_cobalt_copper_mining_disruption;case_2023_mexico_nearshoring_cross_border_policy_risk;case_2021_myanmar_coup_supply_chain_disruption;case_1987_1988_tanker_war_reflagging;case_2008_somali_piracy_gulf_of_aden;case_2022_turkey_strait_tanker_insurance_backlog;case_2019_cosco_shipping_sanctions_tanker_market;case_2011_libya_civil_war_oil_disruption;case_2022_peru_mine_protests_copper_supply;case_2008_rice_export_restrictions_food_security;case_2022_russia_fertilizer_export_restrictions;case_2021_colonial_pipeline_ransomware;case_2023_dp_world_australia_cyber_port_disruption;case_2022_russia_airspace_closure_aviation_routes,30,case_2021_suez_blockage;case_2023_red_sea_attacks;case_2018_2019_us_china_tariffs;case_panama_canal_drought_shipping_capacity;case_black_sea_grain_export_disruption;case_cyberattack_pipeline_port_infrastructure;case_2023_port_of_nagoya_cyberattack;case_2024_us_east_gulf_port_strike;case_2022_india_wheat_export_ban;case_2017_north_korea_missile_escalation;case_2019_india_pakistan_airspace_closure;case_2022_ukraine_electricity_grid_attacks;case_2023_niger_coup_uranium_supply_risk;case_2021_belarus_potash_sanctions;case_2024_ev_tariff_escalation_china;case_2017_notpetya_shipping_logistics_cyberattack;case_2023_black_sea_shipping_insurance_restrictions;case_2023_south_china_sea_shipping_tensions;case_2024_drc_cobalt_copper_mining_disruption;case_2021_myanmar_coup_supply_chain_disruption;case_1987_1988_tanker_war_reflagging;case_2008_somali_piracy_gulf_of_aden;case_2022_turkey_strait_tanker_insurance_backlog;case_2019_cosco_shipping_sanctions_tanker_market;case_2011_libya_civil_war_oil_disruption;case_2008_rice_export_restrictions_food_security;case_2022_russia_fertilizer_export_restrictions;case_2021_colonial_pipeline_ransomware;case_2023_dp_world_australia_cyber_port_disruption;case_2022_russia_airspace_closure_aviation_routes,False,False,
validation_v3,v3_20250225_copper_import_investigation,U.S. launches Section 232 investigation into copper import dependence,nuclear_fuel,1,case_uranium_nuclear_fuel_supply_disruption,2,False,True,0,2,case_uranium_nuclear_fuel_supply_disruption;case_2023_niger_coup_uranium_supply_risk,1,case_2023_niger_coup_uranium_supply_risk,True,False,
validation_v3,v3_20250225_copper_import_investigation,U.S. launches Section 232 investigation into copper import dependence,ports,2,case_2023_panama_cobre_mine_closure;case_2023_mexico_nearshoring_cross_border_policy_risk,2,True,True,2,9,case_2021_suez_blockage;case_cyberattack_pipeline_port_infrastructure;case_2023_port_of_nagoya_cyberattack;case_2024_us_east_gulf_port_strike;case_2017_notpetya_shipping_logistics_cyberattack;case_2023_mexico_nearshoring_cross_border_policy_risk;case_2021_myanmar_coup_supply_chain_disruption;case_2023_panama_cobre_mine_closure;case_2023_dp_world_australia_cyber_port_disruption,7,case_2021_suez_blockage;case_cyberattack_pipeline_port_infrastructure;case_2023_port_of_nagoya_cyberattack;case_2024_us_east_gulf_port_strike;case_2017_notpetya_shipping_logistics_cyberattack;case_2021_myanmar_coup_supply_chain_disruption;case_2023_dp_world_australia_cyber_port_disruption,False,False,
validation_v3,v3_20250225_copper_import_investigation,U.S. launches Section 232 investigation into copper import dependence,semiconductor_equipment,1,case_china_gallium_germanium_graphite_controls,2,False,True,0,11,case_2022_us_china_semiconductor_controls;case_2023_dutch_asml_controls;case_2019_huawei_entity_list;case_taiwan_strait_semiconductor_risk;case_china_gallium_germanium_graphite_controls;case_defense_spending_shock_after_escalation;case_2024_taiwan_strait_drills_semiconductor_supply;case_2017_north_korea_missile_escalation;case_2020_smic_entity_list_semiconductor_controls;case_2023_japan_chip_equipment_export_controls;case_2019_turkey_f35_s400_defense_restrictions,10,case_2022_us_china_semiconductor_controls;case_2023_dutch_asml_controls;case_2019_huawei_entity_list;case_taiwan_strait_semiconductor_risk;case_defense_spending_shock_after_escalation;case_2024_taiwan_strait_drills_semiconductor_supply;case_2017_north_korea_missile_escalation;case_2020_smic_entity_list_semiconductor_controls;case_2023_japan_chip_equipment_export_controls;case_2019_turkey_f35_s400_defense_restrictions,True,False,
validation_v3,v3_20250225_copper_import_investigation,U.S. launches Section 232 investigation into copper import dependence,trade_lanes,8,case_2023_panama_cobre_mine_closure;case_2021_xinjiang_forced_labor_import_restrictions;case_2022_peru_mine_protests_copper_supply;case_2023_mexico_nearshoring_cross_border_policy_risk;case_2020_indonesia_nickel_export_ban;case_2023_eu_carbon_border_adjustment_mechanism;case_uranium_nuclear_fuel_supply_disruption;case_2010_china_japan_rare_earth_embargo,2,True,True,2,31,case_2018_2019_us_china_tariffs;case_uranium_nuclear_fuel_supply_disruption;case_2022_russia_swift_financial_sanctions;case_2024_us_east_gulf_port_strike;case_2022_india_wheat_export_ban;case_2022_russia_aviation_supply_chain_sanctions;case_2017_north_korea_missile_escalation;case_2019_india_pakistan_airspace_closure;case_2023_niger_coup_uranium_supply_risk;case_2022_chile_lithium_policy_shift;case_2020_indonesia_nickel_export_ban;case_2021_belarus_potash_sanctions;case_2021_xinjiang_forced_labor_import_restrictions;case_2024_ev_tariff_escalation_china;case_2023_south_china_sea_shipping_tensions;case_2024_drc_cobalt_copper_mining_disruption;case_2023_mexico_nearshoring_cross_border_policy_risk;case_2023_eu_carbon_border_adjustment_mechanism;case_2021_myanmar_coup_supply_chain_disruption;case_2014_crimea_financial_sanctions;case_2018_iran_swift_restrictions;case_2019_cosco_shipping_sanctions_tanker_market;case_2009_russia_ukraine_gas_transit_dispute;case_2011_libya_civil_war_oil_disruption;case_2010_china_japan_rare_earth_embargo;case_2022_peru_mine_protests_copper_supply;case_2023_panama_cobre_mine_closure;case_2008_rice_export_restrictions_food_security;case_2022_russia_fertilizer_export_restrictions;case_2023_dp_world_australia_cyber_port_disruption;case_2019_turkey_f35_s400_defense_restrictions,23,case_2018_2019_us_china_tariffs;case_2022_russia_swift_financial_sanctions;case_2024_us_east_gulf_port_strike;case_2022_india_wheat_export_ban;case_2022_russia_aviation_supply_chain_sanctions;case_2017_north_korea_missile_escalation;case_2019_india_pakistan_airspace_closure;case_2023_niger_coup_uranium_supply_risk;case_2022_chile_lithium_policy_shift;case_2021_belarus_potash_sanctions;case_2024_ev_tariff_escalation_china;case_2023_south_china_sea_shipping_tensions;case_2024_drc_cobalt_copper_mining_disruption;case_2021_myanmar_coup_supply_chain_disruption;case_2014_crimea_financial_sanctions;case_2018_iran_swift_restrictions;case_2019_cosco_shipping_sanctions_tanker_market;case_2009_russia_ukraine_gas_transit_dispute;case_2011_libya_civil_war_oil_disruption;case_2008_rice_export_restrictions_food_security;case_2022_russia_fertilizer_export_restrictions;case_2023_dp_world_australia_cyber_port_disruption;case_2019_turkey_f35_s400_defense_restrictions,False,False,
validation_v3,v3_20250225_copper_import_investigation,U.S. launches Section 232 investigation into copper import dependence,uranium,1,case_uranium_nuclear_fuel_supply_disruption,2,False,True,0,2,case_uranium_nuclear_fuel_supply_disruption;case_2023_niger_coup_uranium_supply_risk,1,case_2023_niger_coup_uranium_supply_risk,True,False,
validation_v3,v3_20240624_eu_russian_lng_transshipment_ban,EU sanctions package bans Russian LNG transshipment services through EU territory,aerospace_supply_chain,1,case_2022_russia_aviation_supply_chain_sanctions,2,False,True,0,4,case_2023_middle_east_defense_supply_escalation;case_2022_russia_aviation_supply_chain_sanctions;case_2019_turkey_f35_s400_defense_restrictions;case_2022_russia_airspace_closure_aviation_routes,3,case_2023_middle_east_defense_supply_escalation;case_2019_turkey_f35_s400_defense_restrictions;case_2022_russia_airspace_closure_aviation_routes,True,False,
validation_v3,v3_20240624_eu_russian_lng_transshipment_ban,EU sanctions package bans Russian LNG transshipment services through EU territory,aviation,1,case_2022_russia_aviation_supply_chain_sanctions,2,False,True,0,11,case_middle_east_oil_supply_disruption;case_opec_production_cut_policy_shock;case_2020_opec_plus_production_cut;case_2022_abu_dhabi_oil_facility_attack;case_2022_russia_aviation_supply_chain_sanctions;case_2017_north_korea_missile_escalation;case_2019_india_pakistan_airspace_closure;case_2011_libya_civil_war_oil_disruption;case_2024_ukraine_drone_attacks_russian_refineries;case_2021_colonial_pipeline_ransomware;case_2022_russia_airspace_closure_aviation_routes,10,case_middle_east_oil_supply_disruption;case_opec_production_cut_policy_shock;case_2020_opec_plus_production_cut;case_2022_abu_dhabi_oil_facility_attack;case_2017_north_korea_missile_escalation;case_2019_india_pakistan_airspace_closure;case_2011_libya_civil_war_oil_disruption;case_2024_ukraine_drone_attacks_russian_refineries;case_2021_colonial_pipeline_ransomware;case_2022_russia_airspace_closure_aviation_routes,True,False,
validation_v3,v3_20240624_eu_russian_lng_transshipment_ban,EU sanctions package bans Russian LNG transshipment services through EU territory,customs,5,case_2014_crimea_financial_sanctions;case_2022_russia_swift_financial_sanctions;case_2022_russia_aviation_supply_chain_sanctions;case_2019_cosco_shipping_sanctions_tanker_market;case_2018_iran_swift_restrictions,2,True,True,2,32,case_2023_dutch_asml_controls;case_2019_huawei_entity_list;case_2018_2019_us_china_tariffs;case_china_gallium_germanium_graphite_controls;case_uranium_nuclear_fuel_supply_disruption;case_2022_russia_swift_financial_sanctions;case_2023_china_graphite_battery_export_controls;case_2022_india_wheat_export_ban;case_2022_russia_aviation_supply_chain_sanctions;case_2023_niger_coup_uranium_supply_risk;case_2022_chile_lithium_policy_shift;case_2020_indonesia_nickel_export_ban;case_2021_belarus_potash_sanctions;case_2021_xinjiang_forced_labor_import_restrictions;case_2024_ev_tariff_escalation_china;case_2024_drc_cobalt_copper_mining_disruption;case_2023_mexico_nearshoring_cross_border_policy_risk;case_2023_eu_carbon_border_adjustment_mechanism;case_2021_myanmar_coup_supply_chain_disruption;case_2022_turkey_strait_tanker_insurance_backlog;case_2014_crimea_financial_sanctions;case_2018_iran_swift_restrictions;case_2019_cosco_shipping_sanctions_tanker_market;case_2010_china_japan_rare_earth_embargo;case_2022_peru_mine_protests_copper_supply;case_2023_panama_cobre_mine_closure;case_2008_rice_export_restrictions_food_security;case_2022_russia_fertilizer_export_restrictions;case_2020_smic_entity_list_semiconductor_controls;case_2023_japan_chip_equipment_export_controls;case_2019_turkey_f35_s400_defense_restrictions;case_2022_russia_airspace_closure_aviation_routes,27,case_2023_dutch_asml_controls;case_2019_huawei_entity_list;case_2018_2019_us_china_tariffs;case_china_gallium_germanium_graphite_controls;case_uranium_nuclear_fuel_supply_disruption;case_2023_china_graphite_battery_export_controls;case_2022_india_wheat_export_ban;case_2023_niger_coup_uranium_supply_risk;case_2022_chile_lithium_policy_shift;case_2020_indonesia_nickel_export_ban;case_2021_belarus_potash_sanctions;case_2021_xinjiang_forced_labor_import_restrictions;case_2024_ev_tariff_escalation_china;case_2024_drc_cobalt_copper_mining_disruption;case_2023_mexico_nearshoring_cross_border_policy_risk;case_2023_eu_carbon_border_adjustment_mechanism;case_2021_myanmar_coup_supply_chain_disruption;case_2022_turkey_strait_tanker_insurance_backlog;case_2010_china_japan_rare_earth_embargo;case_2022_peru_mine_protests_copper_supply;case_2023_panama_cobre_mine_closure;case_2008_rice_export_restrictions_food_security;case_2022_russia_fertilizer_export_restrictions;case_2020_smic_entity_list_semiconductor_controls;case_2023_japan_chip_equipment_export_controls;case_2019_turkey_f35_s400_defense_restrictions;case_2022_russia_airspace_closure_aviation_routes,False,False,
validation_v3,v3_20240624_eu_russian_lng_transshipment_ban,EU sanctions package bans Russian LNG transshipment services through EU territory,cyber_infrastructure,1,case_2022_nord_stream_pipeline_sabotage,2,False,True,0,9,case_cyberattack_pipeline_port_infrastructure;case_defense_spending_shock_after_escalation;case_2023_port_of_nagoya_cyberattack;case_2023_middle_east_defense_supply_escalation;case_2022_nord_stream_pipeline_sabotage;case_2022_ukraine_electricity_grid_attacks;case_2017_notpetya_shipping_logistics_cyberattack;case_2021_colonial_pipeline_ransomware;case_2023_dp_world_australia_cyber_port_disruption,8,case_cyberattack_pipeline_port_infrastructure;case_defense_spending_shock_after_escalation;case_2023_port_of_nagoya_cyberattack;case_2023_middle_east_defense_supply_escalation;case_2022_ukraine_electricity_grid_attacks;case_2017_notpetya_shipping_logistics_cyberattack;case_2021_colonial_pipeline_ransomware;case_2023_dp_world_australia_cyber_port_disruption,True,False,
validation_v3,v3_20240624_eu_russian_lng_transshipment_ban,EU sanctions package bans Russian LNG transshipment services through EU territory,defense,1,case_2022_russia_aviation_supply_chain_sanctions,2,False,True,0,15,case_taiwan_strait_semiconductor_risk;case_rare_earth_export_restriction_risk;case_israel_iran_escalation_energy_risk;case_defense_spending_shock_after_escalation;case_2023_middle_east_defense_supply_escalation;case_2024_taiwan_strait_drills_semiconductor_supply;case_2022_abu_dhabi_oil_facility_attack;case_2022_russia_aviation_supply_chain_sanctions;case_2017_north_korea_missile_escalation;case_2019_india_pakistan_airspace_closure;case_2022_ukraine_electricity_grid_attacks;case_2023_south_china_sea_shipping_tensions;case_1987_1988_tanker_war_reflagging;case_2010_china_japan_rare_earth_embargo;case_2019_turkey_f35_s400_defense_restrictions,14,case_taiwan_strait_semiconductor_risk;case_rare_earth_export_restriction_risk;case_israel_iran_escalation_energy_risk;case_defense_spending_shock_after_escalation;case_2023_middle_east_defense_supply_escalation;case_2024_taiwan_strait_drills_semiconductor_supply;case_2022_abu_dhabi_oil_facility_attack;case_2017_north_korea_missile_escalation;case_2019_india_pakistan_airspace_closure;case_2022_ukraine_electricity_grid_attacks;case_2023_south_china_sea_shipping_tensions;case_1987_1988_tanker_war_reflagging;case_2010_china_japan_rare_earth_embargo;case_2019_turkey_f35_s400_defense_restrictions,True,False,
validation_v3,v3_20240624_eu_russian_lng_transshipment_ban,EU sanctions package bans Russian LNG transshipment services through EU territory,financial_sanctions,6,case_2023_arctic_lng_russian_energy_shipping_sanctions;case_2014_crimea_financial_sanctions;case_2018_iran_oil_sanctions_reimposition;case_2022_russia_swift_financial_sanctions;case_2019_cosco_shipping_sanctions_tanker_market;case_2018_iran_swift_restrictions,2,True,True,2,8,case_2022_russia_swift_financial_sanctions;case_2018_iran_oil_sanctions_reimposition;case_2019_venezuela_oil_sanctions;case_2023_arctic_lng_russian_energy_shipping_sanctions;case_2022_turkey_strait_tanker_insurance_backlog;case_2014_crimea_financial_sanctions;case_2018_iran_swift_restrictions;case_2019_cosco_shipping_sanctions_tanker_market,2,case_2019_venezuela_oil_sanctions;case_2022_turkey_strait_tanker_insurance_backlog,False,False,
validation_v3,v3_20240624_eu_russian_lng_transshipment_ban,EU sanctions package bans Russian LNG transshipment services through EU territory,logistics,1,case_2019_cosco_shipping_sanctions_tanker_market,2,False,True,0,33,case_2021_suez_blockage;case_2023_red_sea_attacks;case_2018_2019_us_china_tariffs;case_panama_canal_drought_shipping_capacity;case_black_sea_grain_export_disruption;case_cyberattack_pipeline_port_infrastructure;case_2023_port_of_nagoya_cyberattack;case_2024_us_east_gulf_port_strike;case_2022_india_wheat_export_ban;case_2017_north_korea_missile_escalation;case_2019_india_pakistan_airspace_closure;case_2022_ukraine_electricity_grid_attacks;case_2023_niger_coup_uranium_supply_risk;case_2021_belarus_potash_sanctions;case_2021_xinjiang_forced_labor_import_restrictions;case_2024_ev_tariff_escalation_china;case_2017_notpetya_shipping_logistics_cyberattack;case_2023_black_sea_shipping_insurance_restrictions;case_2023_south_china_sea_shipping_tensions;case_2024_drc_cobalt_copper_mining_disruption;case_2023_mexico_nearshoring_cross_border_policy_risk;case_2021_myanmar_coup_supply_chain_disruption;case_1987_1988_tanker_war_reflagging;case_2008_somali_piracy_gulf_of_aden;case_2022_turkey_strait_tanker_insurance_backlog;case_2019_cosco_shipping_sanctions_tanker_market;case_2011_libya_civil_war_oil_disruption;case_2022_peru_mine_protests_copper_supply;case_2008_rice_export_restrictions_food_security;case_2022_russia_fertilizer_export_restrictions;case_2021_colonial_pipeline_ransomware;case_2023_dp_world_australia_cyber_port_disruption;case_2022_russia_airspace_closure_aviation_routes,32,case_2021_suez_blockage;case_2023_red_sea_attacks;case_2018_2019_us_china_tariffs;case_panama_canal_drought_shipping_capacity;case_black_sea_grain_export_disruption;case_cyberattack_pipeline_port_infrastructure;case_2023_port_of_nagoya_cyberattack;case_2024_us_east_gulf_port_strike;case_2022_india_wheat_export_ban;case_2017_north_korea_missile_escalation;case_2019_india_pakistan_airspace_closure;case_2022_ukraine_electricity_grid_attacks;case_2023_niger_coup_uranium_supply_risk;case_2021_belarus_potash_sanctions;case_2021_xinjiang_forced_labor_import_restrictions;case_2024_ev_tariff_escalation_china;case_2017_notpetya_shipping_logistics_cyberattack;case_2023_black_sea_shipping_insurance_restrictions;case_2023_south_china_sea_shipping_tensions;case_2024_drc_cobalt_copper_mining_disruption;case_2023_mexico_nearshoring_cross_border_policy_risk;case_2021_myanmar_coup_supply_chain_disruption;case_1987_1988_tanker_war_reflagging;case_2008_somali_piracy_gulf_of_aden;case_2022_turkey_strait_tanker_insurance_backlog;case_2011_libya_civil_war_oil_disruption;case_2022_peru_mine_protests_copper_supply;case_2008_rice_export_restrictions_food_security;case_2022_russia_fertilizer_export_restrictions;case_2021_colonial_pipeline_ransomware;case_2023_dp_world_australia_cyber_port_disruption;case_2022_russia_airspace_closure_aviation_routes,True,False,
validation_v3,v3_20240624_eu_russian_lng_transshipment_ban,EU sanctions package bans Russian LNG transshipment services through EU territory,marine_insurance,4,case_2023_arctic_lng_russian_energy_shipping_sanctions;case_2018_iran_oil_sanctions_reimposition;case_2019_cosco_shipping_sanctions_tanker_market;case_2018_iran_swift_restrictions,2,True,True,2,12,case_2023_red_sea_attacks;case_hormuz_tanker_tensions;case_israel_iran_escalation_energy_risk;case_2018_iran_oil_sanctions_reimposition;case_2023_black_sea_shipping_insurance_restrictions;case_2023_south_china_sea_shipping_tensions;case_2023_arctic_lng_russian_energy_shipping_sanctions;case_1987_1988_tanker_war_reflagging;case_2008_somali_piracy_gulf_of_aden;case_2022_turkey_strait_tanker_insurance_backlog;case_2018_iran_swift_restrictions;case_2019_cosco_shipping_sanctions_tanker_market,8,case_2023_red_sea_attacks;case_hormuz_tanker_tensions;case_israel_iran_escalation_energy_risk;case_2023_black_sea_shipping_insurance_restrictions;case_2023_south_china_sea_shipping_tensions;case_1987_1988_tanker_war_reflagging;case_2008_somali_piracy_gulf_of_aden;case_2022_turkey_strait_tanker_insurance_backlog,False,False,
validation_v3,v3_20240624_eu_russian_lng_transshipment_ban,EU sanctions package bans Russian LNG transshipment services through EU territory,maritime_chokepoint,1,case_2023_arctic_lng_russian_energy_shipping_sanctions,2,False,True,0,12,case_2021_suez_blockage;case_2023_red_sea_attacks;case_hormuz_tanker_tensions;case_panama_canal_drought_shipping_capacity;case_black_sea_grain_export_disruption;case_israel_iran_escalation_energy_risk;case_2023_black_sea_shipping_insurance_restrictions;case_2023_south_china_sea_shipping_tensions;case_2023_arctic_lng_russian_energy_shipping_sanctions;case_1987_1988_tanker_war_reflagging;case_2008_somali_piracy_gulf_of_aden;case_2022_turkey_strait_tanker_insurance_backlog,11,case_2021_suez_blockage;case_2023_red_sea_attacks;case_hormuz_tanker_tensions;case_panama_canal_drought_shipping_capacity;case_black_sea_grain_export_disruption;case_israel_iran_escalation_energy_risk;case_2023_black_sea_shipping_insurance_restrictions;case_2023_south_china_sea_shipping_tensions;case_1987_1988_tanker_war_reflagging;case_2008_somali_piracy_gulf_of_aden;case_2022_turkey_strait_tanker_insurance_backlog,True,False,
validation_v3,v3_20240624_eu_russian_lng_transshipment_ban,EU sanctions package bans Russian LNG transshipment services through EU territory,oil_shipping,4,case_2023_arctic_lng_russian_energy_shipping_sanctions;case_2018_iran_oil_sanctions_reimposition;case_2019_cosco_shipping_sanctions_tanker_market;case_2018_iran_swift_restrictions,2,True,True,2,17,case_2023_red_sea_attacks;case_hormuz_tanker_tensions;case_middle_east_oil_supply_disruption;case_opec_production_cut_policy_shock;case_israel_iran_escalation_energy_risk;case_2020_opec_plus_production_cut;case_2022_abu_dhabi_oil_facility_attack;case_2018_iran_oil_sanctions_reimposition;case_2019_venezuela_oil_sanctions;case_2023_arctic_lng_russian_energy_shipping_sanctions;case_1987_1988_tanker_war_reflagging;case_2008_somali_piracy_gulf_of_aden;case_2022_turkey_strait_tanker_insurance_backlog;case_2018_iran_swift_restrictions;case_2019_cosco_shipping_sanctions_tanker_market;case_2011_libya_civil_war_oil_disruption;case_2024_ukraine_drone_attacks_russian_refineries,13,case_2023_red_sea_attacks;case_hormuz_tanker_tensions;case_middle_east_oil_supply_disruption;case_opec_production_cut_policy_shock;case_israel_iran_escalation_energy_risk;case_2020_opec_plus_production_cut;case_2022_abu_dhabi_oil_facility_attack;case_2019_venezuela_oil_sanctions;case_1987_1988_tanker_war_reflagging;case_2008_somali_piracy_gulf_of_aden;case_2022_turkey_strait_tanker_insurance_backlog;case_2011_libya_civil_war_oil_disruption;case_2024_ukraine_drone_attacks_russian_refineries,False,False,
validation_v3,v3_20240624_eu_russian_lng_transshipment_ban,EU sanctions package bans Russian LNG transshipment services through EU territory,payment_networks,6,case_2023_arctic_lng_russian_energy_shipping_sanctions;case_2014_crimea_financial_sanctions;case_2018_iran_oil_sanctions_reimposition;case_2022_russia_swift_financial_sanctions;case_2019_cosco_shipping_sanctions_tanker_market;case_2018_iran_swift_restrictions,2,True,True,2,7,case_2022_russia_swift_financial_sanctions;case_2018_iran_oil_sanctions_reimposition;case_2019_venezuela_oil_sanctions;case_2023_arctic_lng_russian_energy_shipping_sanctions;case_2014_crimea_financial_sanctions;case_2018_iran_swift_restrictions;case_2019_cosco_shipping_sanctions_tanker_market,1,case_2019_venezuela_oil_sanctions,False,False,
validation_v3,v3_20240624_eu_russian_lng_transshipment_ban,EU sanctions package bans Russian LNG transshipment services through EU territory,pipeline_infrastructure,2,case_2022_nord_stream_pipeline_sabotage;case_2009_russia_ukraine_gas_transit_dispute,2,True,True,2,6,case_cyberattack_pipeline_port_infrastructure;case_2022_nord_stream_pipeline_sabotage;case_2022_ukraine_electricity_grid_attacks;case_2009_russia_ukraine_gas_transit_dispute;case_2024_ukraine_drone_attacks_russian_refineries;case_2021_colonial_pipeline_ransomware,4,case_cyberattack_pipeline_port_infrastructure;case_2022_ukraine_electricity_grid_attacks;case_2024_ukraine_drone_attacks_russian_refineries;case_2021_colonial_pipeline_ransomware,False,False,
validation_v3,v3_20240624_eu_russian_lng_transshipment_ban,EU sanctions package bans Russian LNG transshipment services through EU territory,trade_lanes,6,case_2014_crimea_financial_sanctions;case_2022_russia_swift_financial_sanctions;case_2009_russia_ukraine_gas_transit_dispute;case_2022_russia_aviation_supply_chain_sanctions;case_2019_cosco_shipping_sanctions_tanker_market;case_2018_iran_swift_restrictions,2,True,True,2,31,case_2018_2019_us_china_tariffs;case_uranium_nuclear_fuel_supply_disruption;case_2022_russia_swift_financial_sanctions;case_2024_us_east_gulf_port_strike;case_2022_india_wheat_export_ban;case_2022_russia_aviation_supply_chain_sanctions;case_2017_north_korea_missile_escalation;case_2019_india_pakistan_airspace_closure;case_2023_niger_coup_uranium_supply_risk;case_2022_chile_lithium_policy_shift;case_2020_indonesia_nickel_export_ban;case_2021_belarus_potash_sanctions;case_2021_xinjiang_forced_labor_import_restrictions;case_2024_ev_tariff_escalation_china;case_2023_south_china_sea_shipping_tensions;case_2024_drc_cobalt_copper_mining_disruption;case_2023_mexico_nearshoring_cross_border_policy_risk;case_2023_eu_carbon_border_adjustment_mechanism;case_2021_myanmar_coup_supply_chain_disruption;case_2014_crimea_financial_sanctions;case_2018_iran_swift_restrictions;case_2019_cosco_shipping_sanctions_tanker_market;case_2009_russia_ukraine_gas_transit_dispute;case_2011_libya_civil_war_oil_disruption;case_2010_china_japan_rare_earth_embargo;case_2022_peru_mine_protests_copper_supply;case_2023_panama_cobre_mine_closure;case_2008_rice_export_restrictions_food_security;case_2022_russia_fertilizer_export_restrictions;case_2023_dp_world_australia_cyber_port_disruption;case_2019_turkey_f35_s400_defense_restrictions,25,case_2018_2019_us_china_tariffs;case_uranium_nuclear_fuel_supply_disruption;case_2024_us_east_gulf_port_strike;case_2022_india_wheat_export_ban;case_2017_north_korea_missile_escalation;case_2019_india_pakistan_airspace_closure;case_2023_niger_coup_uranium_supply_risk;case_2022_chile_lithium_policy_shift;case_2020_indonesia_nickel_export_ban;case_2021_belarus_potash_sanctions;case_2021_xinjiang_forced_labor_import_restrictions;case_2024_ev_tariff_escalation_china;case_2023_south_china_sea_shipping_tensions;case_2024_drc_cobalt_copper_mining_disruption;case_2023_mexico_nearshoring_cross_border_policy_risk;case_2023_eu_carbon_border_adjustment_mechanism;case_2021_myanmar_coup_supply_chain_disruption;case_2011_libya_civil_war_oil_disruption;case_2010_china_japan_rare_earth_embargo;case_2022_peru_mine_protests_copper_supply;case_2023_panama_cobre_mine_closure;case_2008_rice_export_restrictions_food_security;case_2022_russia_fertilizer_export_restrictions;case_2023_dp_world_australia_cyber_port_disruption;case_2019_turkey_f35_s400_defense_restrictions,False,False,
validation_v3,v3_20240306_true_confidence_attack,Houthi anti-ship missile strikes M/V True Confidence in Gulf of Aden,agriculture,1,case_2023_black_sea_shipping_insurance_restrictions,2,False,True,0,10,case_2018_2019_us_china_tariffs;case_2022_gas_fertilizer_shock;case_panama_canal_drought_shipping_capacity;case_black_sea_grain_export_disruption;case_2022_india_wheat_export_ban;case_2021_belarus_potash_sanctions;case_2023_black_sea_shipping_insurance_restrictions;case_2021_myanmar_coup_supply_chain_disruption;case_2008_rice_export_restrictions_food_security;case_2022_russia_fertilizer_export_restrictions,9,case_2018_2019_us_china_tariffs;case_2022_gas_fertilizer_shock;case_panama_canal_drought_shipping_capacity;case_black_sea_grain_export_disruption;case_2022_india_wheat_export_ban;case_2021_belarus_potash_sanctions;case_2021_myanmar_coup_supply_chain_disruption;case_2008_rice_export_restrictions_food_security;case_2022_russia_fertilizer_export_restrictions,True,False,
validation_v3,v3_20240306_true_confidence_attack,Houthi anti-ship missile strikes M/V True Confidence in Gulf of Aden,aviation,3,case_2017_north_korea_missile_escalation;case_2019_india_pakistan_airspace_closure;case_2022_abu_dhabi_oil_facility_attack,2,True,True,2,11,case_middle_east_oil_supply_disruption;case_opec_production_cut_policy_shock;case_2020_opec_plus_production_cut;case_2022_abu_dhabi_oil_facility_attack;case_2022_russia_aviation_supply_chain_sanctions;case_2017_north_korea_missile_escalation;case_2019_india_pakistan_airspace_closure;case_2011_libya_civil_war_oil_disruption;case_2024_ukraine_drone_attacks_russian_refineries;case_2021_colonial_pipeline_ransomware;case_2022_russia_airspace_closure_aviation_routes,8,case_middle_east_oil_supply_disruption;case_opec_production_cut_policy_shock;case_2020_opec_plus_production_cut;case_2022_russia_aviation_supply_chain_sanctions;case_2011_libya_civil_war_oil_disruption;case_2024_ukraine_drone_attacks_russian_refineries;case_2021_colonial_pipeline_ransomware;case_2022_russia_airspace_closure_aviation_routes,False,False,
validation_v3,v3_20240306_true_confidence_attack,Houthi anti-ship missile strikes M/V True Confidence in Gulf of Aden,defense,6,case_1987_1988_tanker_war_reflagging;case_2023_south_china_sea_shipping_tensions;case_2017_north_korea_missile_escalation;case_israel_iran_escalation_energy_risk;case_2019_india_pakistan_airspace_closure;case_2022_abu_dhabi_oil_facility_attack,2,True,True,2,15,case_taiwan_strait_semiconductor_risk;case_rare_earth_export_restriction_risk;case_israel_iran_escalation_energy_risk;case_defense_spending_shock_after_escalation;case_2023_middle_east_defense_supply_escalation;case_2024_taiwan_strait_drills_semiconductor_supply;case_2022_abu_dhabi_oil_facility_attack;case_2022_russia_aviation_supply_chain_sanctions;case_2017_north_korea_missile_escalation;case_2019_india_pakistan_airspace_closure;case_2022_ukraine_electricity_grid_attacks;case_2023_south_china_sea_shipping_tensions;case_1987_1988_tanker_war_reflagging;case_2010_china_japan_rare_earth_embargo;case_2019_turkey_f35_s400_defense_restrictions,9,case_taiwan_strait_semiconductor_risk;case_rare_earth_export_restriction_risk;case_defense_spending_shock_after_escalation;case_2023_middle_east_defense_supply_escalation;case_2024_taiwan_strait_drills_semiconductor_supply;case_2022_russia_aviation_supply_chain_sanctions;case_2022_ukraine_electricity_grid_attacks;case_2010_china_japan_rare_earth_embargo;case_2019_turkey_f35_s400_defense_restrictions,False,False,
validation_v3,v3_20240306_true_confidence_attack,Houthi anti-ship missile strikes M/V True Confidence in Gulf of Aden,energy,4,case_1987_1988_tanker_war_reflagging;case_israel_iran_escalation_energy_risk;case_hormuz_tanker_tensions;case_2022_abu_dhabi_oil_facility_attack,2,True,True,2,28,case_2021_suez_blockage;case_hormuz_tanker_tensions;case_russia_ukraine_energy_shock;case_2022_gas_fertilizer_shock;case_middle_east_oil_supply_disruption;case_rare_earth_export_restriction_risk;case_opec_production_cut_policy_shock;case_israel_iran_escalation_energy_risk;case_cyberattack_pipeline_port_infrastructure;case_uranium_nuclear_fuel_supply_disruption;case_2022_russia_swift_financial_sanctions;case_2020_opec_plus_production_cut;case_2022_abu_dhabi_oil_facility_attack;case_2018_iran_oil_sanctions_reimposition;case_2019_venezuela_oil_sanctions;case_2022_nord_stream_pipeline_sabotage;case_2022_ukraine_electricity_grid_attacks;case_2023_niger_coup_uranium_supply_risk;case_2023_eu_carbon_border_adjustment_mechanism;case_2023_arctic_lng_russian_energy_shipping_sanctions;case_1987_1988_tanker_war_reflagging;case_2014_crimea_financial_sanctions;case_2009_russia_ukraine_gas_transit_dispute;case_2011_libya_civil_war_oil_disruption;case_2024_ukraine_drone_attacks_russian_refineries;case_2022_russia_fertilizer_export_restrictions;case_2021_colonial_pipeline_ransomware;case_2022_russia_airspace_closure_aviation_routes,24,case_2021_suez_blockage;case_russia_ukraine_energy_shock;case_2022_gas_fertilizer_shock;case_middle_east_oil_supply_disruption;case_rare_earth_export_restriction_risk;case_opec_production_cut_policy_shock;case_cyberattack_pipeline_port_infrastructure;case_uranium_nuclear_fuel_supply_disruption;case_2022_russia_swift_financial_sanctions;case_2020_opec_plus_production_cut;case_2018_iran_oil_sanctions_reimposition;case_2019_venezuela_oil_sanctions;case_2022_nord_stream_pipeline_sabotage;case_2022_ukraine_electricity_grid_attacks;case_2023_niger_coup_uranium_supply_risk;case_2023_eu_carbon_border_adjustment_mechanism;case_2023_arctic_lng_russian_energy_shipping_sanctions;case_2014_crimea_financial_sanctions;case_2009_russia_ukraine_gas_transit_dispute;case_2011_libya_civil_war_oil_disruption;case_2024_ukraine_drone_attacks_russian_refineries;case_2022_russia_fertilizer_export_restrictions;case_2021_colonial_pipeline_ransomware;case_2022_russia_airspace_closure_aviation_routes,False,False,
validation_v3,v3_20240306_true_confidence_attack,Houthi anti-ship missile strikes M/V True Confidence in Gulf of Aden,grain_exports,1,case_2023_black_sea_shipping_insurance_restrictions,2,False,True,0,4,case_black_sea_grain_export_disruption;case_2022_india_wheat_export_ban;case_2023_black_sea_shipping_insurance_restrictions;case_2008_rice_export_restrictions_food_security,3,case_black_sea_grain_export_disruption;case_2022_india_wheat_export_ban;case_2008_rice_export_restrictions_food_security,True,False,
validation_v3,v3_20240306_true_confidence_attack,Houthi anti-ship missile strikes M/V True Confidence in Gulf of Aden,manufacturing_inputs,2,case_2017_north_korea_missile_escalation;case_2019_india_pakistan_airspace_closure,2,True,True,2,34,case_russia_ukraine_energy_shock;case_2019_huawei_entity_list;case_2018_2019_us_china_tariffs;case_2022_gas_fertilizer_shock;case_taiwan_strait_semiconductor_risk;case_rare_earth_export_restriction_risk;case_china_gallium_germanium_graphite_controls;case_defense_spending_shock_after_escalation;case_uranium_nuclear_fuel_supply_disruption;case_2023_port_of_nagoya_cyberattack;case_2023_middle_east_defense_supply_escalation;case_2023_china_graphite_battery_export_controls;case_2022_russia_aviation_supply_chain_sanctions;case_2017_north_korea_missile_escalation;case_2019_india_pakistan_airspace_closure;case_2022_nord_stream_pipeline_sabotage;case_2022_ukraine_electricity_grid_attacks;case_2022_chile_lithium_policy_shift;case_2020_indonesia_nickel_export_ban;case_2021_xinjiang_forced_labor_import_restrictions;case_2024_ev_tariff_escalation_china;case_2017_notpetya_shipping_logistics_cyberattack;case_2024_drc_cobalt_copper_mining_disruption;case_2023_mexico_nearshoring_cross_border_policy_risk;case_2023_eu_carbon_border_adjustment_mechanism;case_2021_myanmar_coup_supply_chain_disruption;case_2014_crimea_financial_sanctions;case_2009_russia_ukraine_gas_transit_dispute;case_2010_china_japan_rare_earth_embargo;case_2022_peru_mine_protests_copper_supply;case_2023_panama_cobre_mine_closure;case_2020_smic_entity_list_semiconductor_controls;case_2023_japan_chip_equipment_export_controls;case_2019_turkey_f35_s400_defense_restrictions,32,case_russia_ukraine_energy_shock;case_2019_huawei_entity_list;case_2018_2019_us_china_tariffs;case_2022_gas_fertilizer_shock;case_taiwan_strait_semiconductor_risk;case_rare_earth_export_restriction_risk;case_china_gallium_germanium_graphite_controls;case_defense_spending_shock_after_escalation;case_uranium_nuclear_fuel_supply_disruption;case_2023_port_of_nagoya_cyberattack;case_2023_middle_east_defense_supply_escalation;case_2023_china_graphite_battery_export_controls;case_2022_russia_aviation_supply_chain_sanctions;case_2022_nord_stream_pipeline_sabotage;case_2022_ukraine_electricity_grid_attacks;case_2022_chile_lithium_policy_shift;case_2020_indonesia_nickel_export_ban;case_2021_xinjiang_forced_labor_import_restrictions;case_2024_ev_tariff_escalation_china;case_2017_notpetya_shipping_logistics_cyberattack;case_2024_drc_cobalt_copper_mining_disruption;case_2023_mexico_nearshoring_cross_border_policy_risk;case_2023_eu_carbon_border_adjustment_mechanism;case_2021_myanmar_coup_supply_chain_disruption;case_2014_crimea_financial_sanctions;case_2009_russia_ukraine_gas_transit_dispute;case_2010_china_japan_rare_earth_embargo;case_2022_peru_mine_protests_copper_supply;case_2023_panama_cobre_mine_closure;case_2020_smic_entity_list_semiconductor_controls;case_2023_japan_chip_equipment_export_controls;case_2019_turkey_f35_s400_defense_restrictions,False,False,
validation_v3,v3_20240306_true_confidence_attack,Houthi anti-ship missile strikes M/V True Confidence in Gulf of Aden,petrochemicals,1,case_2022_abu_dhabi_oil_facility_attack,2,False,True,0,12,case_russia_ukraine_energy_shock;case_2022_gas_fertilizer_shock;case_middle_east_oil_supply_disruption;case_opec_production_cut_policy_shock;case_2020_opec_plus_production_cut;case_2022_abu_dhabi_oil_facility_attack;case_2018_iran_oil_sanctions_reimposition;case_2019_venezuela_oil_sanctions;case_2022_nord_stream_pipeline_sabotage;case_2009_russia_ukraine_gas_transit_dispute;case_2011_libya_civil_war_oil_disruption;case_2024_ukraine_drone_attacks_russian_refineries,11,case_russia_ukraine_energy_shock;case_2022_gas_fertilizer_shock;case_middle_east_oil_supply_disruption;case_opec_production_cut_policy_shock;case_2020_opec_plus_production_cut;case_2018_iran_oil_sanctions_reimposition;case_2019_venezuela_oil_sanctions;case_2022_nord_stream_pipeline_sabotage;case_2009_russia_ukraine_gas_transit_dispute;case_2011_libya_civil_war_oil_disruption;case_2024_ukraine_drone_attacks_russian_refineries,True,False,
validation_v3,v3_20240306_true_confidence_attack,Houthi anti-ship missile strikes M/V True Confidence in Gulf of Aden,refining,3,case_israel_iran_escalation_energy_risk;case_hormuz_tanker_tensions;case_2022_abu_dhabi_oil_facility_attack,2,True,True,2,12,case_hormuz_tanker_tensions;case_russia_ukraine_energy_shock;case_middle_east_oil_supply_disruption;case_opec_production_cut_policy_shock;case_israel_iran_escalation_energy_risk;case_2020_opec_plus_production_cut;case_2022_abu_dhabi_oil_facility_attack;case_2018_iran_oil_sanctions_reimposition;case_2019_venezuela_oil_sanctions;case_2011_libya_civil_war_oil_disruption;case_2024_ukraine_drone_attacks_russian_refineries;case_2021_colonial_pipeline_ransomware,9,case_russia_ukraine_energy_shock;case_middle_east_oil_supply_disruption;case_opec_production_cut_policy_shock;case_2020_opec_plus_production_cut;case_2018_iran_oil_sanctions_reimposition;case_2019_venezuela_oil_sanctions;case_2011_libya_civil_war_oil_disruption;case_2024_ukraine_drone_attacks_russian_refineries;case_2021_colonial_pipeline_ransomware,False,False,
validation_v3,v3_20240306_true_confidence_attack,Houthi anti-ship missile strikes M/V True Confidence in Gulf of Aden,semiconductor_equipment,1,case_2017_north_korea_missile_escalation,2,False,True,0,11,case_2022_us_china_semiconductor_controls;case_2023_dutch_asml_controls;case_2019_huawei_entity_list;case_taiwan_strait_semiconductor_risk;case_china_gallium_germanium_graphite_controls;case_defense_spending_shock_after_escalation;case_2024_taiwan_strait_drills_semiconductor_supply;case_2017_north_korea_missile_escalation;case_2020_smic_entity_list_semiconductor_controls;case_2023_japan_chip_equipment_export_controls;case_2019_turkey_f35_s400_defense_restrictions,10,case_2022_us_china_semiconductor_controls;case_2023_dutch_asml_controls;case_2019_huawei_entity_list;case_taiwan_strait_semiconductor_risk;case_china_gallium_germanium_graphite_controls;case_defense_spending_shock_after_escalation;case_2024_taiwan_strait_drills_semiconductor_supply;case_2020_smic_entity_list_semiconductor_controls;case_2023_japan_chip_equipment_export_controls;case_2019_turkey_f35_s400_defense_restrictions,True,False,
validation_v3,v3_20240306_true_confidence_attack,Houthi anti-ship missile strikes M/V True Confidence in Gulf of Aden,trade_lanes,3,case_2023_south_china_sea_shipping_tensions;case_2017_north_korea_missile_escalation;case_2019_india_pakistan_airspace_closure,2,True,True,2,31,case_2018_2019_us_china_tariffs;case_uranium_nuclear_fuel_supply_disruption;case_2022_russia_swift_financial_sanctions;case_2024_us_east_gulf_port_strike;case_2022_india_wheat_export_ban;case_2022_russia_aviation_supply_chain_sanctions;case_2017_north_korea_missile_escalation;case_2019_india_pakistan_airspace_closure;case_2023_niger_coup_uranium_supply_risk;case_2022_chile_lithium_policy_shift;case_2020_indonesia_nickel_export_ban;case_2021_belarus_potash_sanctions;case_2021_xinjiang_forced_labor_import_restrictions;case_2024_ev_tariff_escalation_china;case_2023_south_china_sea_shipping_tensions;case_2024_drc_cobalt_copper_mining_disruption;case_2023_mexico_nearshoring_cross_border_policy_risk;case_2023_eu_carbon_border_adjustment_mechanism;case_2021_myanmar_coup_supply_chain_disruption;case_2014_crimea_financial_sanctions;case_2018_iran_swift_restrictions;case_2019_cosco_shipping_sanctions_tanker_market;case_2009_russia_ukraine_gas_transit_dispute;case_2011_libya_civil_war_oil_disruption;case_2010_china_japan_rare_earth_embargo;case_2022_peru_mine_protests_copper_supply;case_2023_panama_cobre_mine_closure;case_2008_rice_export_restrictions_food_security;case_2022_russia_fertilizer_export_restrictions;case_2023_dp_world_australia_cyber_port_disruption;case_2019_turkey_f35_s400_defense_restrictions,28,case_2018_2019_us_china_tariffs;case_uranium_nuclear_fuel_supply_disruption;case_2022_russia_swift_financial_sanctions;case_2024_us_east_gulf_port_strike;case_2022_india_wheat_export_ban;case_2022_russia_aviation_supply_chain_sanctions;case_2023_niger_coup_uranium_supply_risk;case_2022_chile_lithium_policy_shift;case_2020_indonesia_nickel_export_ban;case_2021_belarus_potash_sanctions;case_2021_xinjiang_forced_labor_import_restrictions;case_2024_ev_tariff_escalation_china;case_2024_drc_cobalt_copper_mining_disruption;case_2023_mexico_nearshoring_cross_border_policy_risk;case_2023_eu_carbon_border_adjustment_mechanism;case_2021_myanmar_coup_supply_chain_disruption;case_2014_crimea_financial_sanctions;case_2018_iran_swift_restrictions;case_2019_cosco_shipping_sanctions_tanker_market;case_2009_russia_ukraine_gas_transit_dispute;case_2011_libya_civil_war_oil_disruption;case_2010_china_japan_rare_earth_embargo;case_2022_peru_mine_protests_copper_supply;case_2023_panama_cobre_mine_closure;case_2008_rice_export_restrictions_food_security;case_2022_russia_fertilizer_export_restrictions;case_2023_dp_world_australia_cyber_port_disruption;case_2019_turkey_f35_s400_defense_restrictions,False,False,
validation_v3,v3_20241203_iran_shadow_fleet_sanctions,U.S. sanctions Iranian shadow-fleet petroleum transport entities and vessels,aviation,1,case_middle_east_oil_supply_disruption,2,False,True,0,11,case_middle_east_oil_supply_disruption;case_opec_production_cut_policy_shock;case_2020_opec_plus_production_cut;case_2022_abu_dhabi_oil_facility_attack;case_2022_russia_aviation_supply_chain_sanctions;case_2017_north_korea_missile_escalation;case_2019_india_pakistan_airspace_closure;case_2011_libya_civil_war_oil_disruption;case_2024_ukraine_drone_attacks_russian_refineries;case_2021_colonial_pipeline_ransomware;case_2022_russia_airspace_closure_aviation_routes,10,case_opec_production_cut_policy_shock;case_2020_opec_plus_production_cut;case_2022_abu_dhabi_oil_facility_attack;case_2022_russia_aviation_supply_chain_sanctions;case_2017_north_korea_missile_escalation;case_2019_india_pakistan_airspace_closure;case_2011_libya_civil_war_oil_disruption;case_2024_ukraine_drone_attacks_russian_refineries;case_2021_colonial_pipeline_ransomware;case_2022_russia_airspace_closure_aviation_routes,True,False,
validation_v3,v3_20241203_iran_shadow_fleet_sanctions,U.S. sanctions Iranian shadow-fleet petroleum transport entities and vessels,customs,2,case_2019_cosco_shipping_sanctions_tanker_market;case_2018_iran_swift_restrictions,2,True,True,2,32,case_2023_dutch_asml_controls;case_2019_huawei_entity_list;case_2018_2019_us_china_tariffs;case_china_gallium_germanium_graphite_controls;case_uranium_nuclear_fuel_supply_disruption;case_2022_russia_swift_financial_sanctions;case_2023_china_graphite_battery_export_controls;case_2022_india_wheat_export_ban;case_2022_russia_aviation_supply_chain_sanctions;case_2023_niger_coup_uranium_supply_risk;case_2022_chile_lithium_policy_shift;case_2020_indonesia_nickel_export_ban;case_2021_belarus_potash_sanctions;case_2021_xinjiang_forced_labor_import_restrictions;case_2024_ev_tariff_escalation_china;case_2024_drc_cobalt_copper_mining_disruption;case_2023_mexico_nearshoring_cross_border_policy_risk;case_2023_eu_carbon_border_adjustment_mechanism;case_2021_myanmar_coup_supply_chain_disruption;case_2022_turkey_strait_tanker_insurance_backlog;case_2014_crimea_financial_sanctions;case_2018_iran_swift_restrictions;case_2019_cosco_shipping_sanctions_tanker_market;case_2010_china_japan_rare_earth_embargo;case_2022_peru_mine_protests_copper_supply;case_2023_panama_cobre_mine_closure;case_2008_rice_export_restrictions_food_security;case_2022_russia_fertilizer_export_restrictions;case_2020_smic_entity_list_semiconductor_controls;case_2023_japan_chip_equipment_export_controls;case_2019_turkey_f35_s400_defense_restrictions;case_2022_russia_airspace_closure_aviation_routes,30,case_2023_dutch_asml_controls;case_2019_huawei_entity_list;case_2018_2019_us_china_tariffs;case_china_gallium_germanium_graphite_controls;case_uranium_nuclear_fuel_supply_disruption;case_2022_russia_swift_financial_sanctions;case_2023_china_graphite_battery_export_controls;case_2022_india_wheat_export_ban;case_2022_russia_aviation_supply_chain_sanctions;case_2023_niger_coup_uranium_supply_risk;case_2022_chile_lithium_policy_shift;case_2020_indonesia_nickel_export_ban;case_2021_belarus_potash_sanctions;case_2021_xinjiang_forced_labor_import_restrictions;case_2024_ev_tariff_escalation_china;case_2024_drc_cobalt_copper_mining_disruption;case_2023_mexico_nearshoring_cross_border_policy_risk;case_2023_eu_carbon_border_adjustment_mechanism;case_2021_myanmar_coup_supply_chain_disruption;case_2022_turkey_strait_tanker_insurance_backlog;case_2014_crimea_financial_sanctions;case_2010_china_japan_rare_earth_embargo;case_2022_peru_mine_protests_copper_supply;case_2023_panama_cobre_mine_closure;case_2008_rice_export_restrictions_food_security;case_2022_russia_fertilizer_export_restrictions;case_2020_smic_entity_list_semiconductor_controls;case_2023_japan_chip_equipment_export_controls;case_2019_turkey_f35_s400_defense_restrictions;case_2022_russia_airspace_closure_aviation_routes,False,False,
validation_v3,v3_20241203_iran_shadow_fleet_sanctions,U.S. sanctions Iranian shadow-fleet petroleum transport entities and vessels,financial_sanctions,5,case_2018_iran_oil_sanctions_reimposition;case_2019_cosco_shipping_sanctions_tanker_market;case_2018_iran_swift_restrictions;case_2023_arctic_lng_russian_energy_shipping_sanctions;case_2019_venezuela_oil_sanctions,2,True,True,2,8,case_2022_russia_swift_financial_sanctions;case_2018_iran_oil_sanctions_reimposition;case_2019_venezuela_oil_sanctions;case_2023_arctic_lng_russian_energy_shipping_sanctions;case_2022_turkey_strait_tanker_insurance_backlog;case_2014_crimea_financial_sanctions;case_2018_iran_swift_restrictions;case_2019_cosco_shipping_sanctions_tanker_market,3,case_2022_russia_swift_financial_sanctions;case_2022_turkey_strait_tanker_insurance_backlog;case_2014_crimea_financial_sanctions,False,False,
validation_v3,v3_20241203_iran_shadow_fleet_sanctions,U.S. sanctions Iranian shadow-fleet petroleum transport entities and vessels,freight_routes,1,case_1987_1988_tanker_war_reflagging,2,False,True,0,19,case_2021_suez_blockage;case_2023_red_sea_attacks;case_panama_canal_drought_shipping_capacity;case_black_sea_grain_export_disruption;case_cyberattack_pipeline_port_infrastructure;case_2023_port_of_nagoya_cyberattack;case_2024_us_east_gulf_port_strike;case_2019_india_pakistan_airspace_closure;case_2021_belarus_potash_sanctions;case_2017_notpetya_shipping_logistics_cyberattack;case_2023_black_sea_shipping_insurance_restrictions;case_2023_south_china_sea_shipping_tensions;case_2023_mexico_nearshoring_cross_border_policy_risk;case_1987_1988_tanker_war_reflagging;case_2008_somali_piracy_gulf_of_aden;case_2022_turkey_strait_tanker_insurance_backlog;case_2021_colonial_pipeline_ransomware;case_2023_dp_world_australia_cyber_port_disruption;case_2022_russia_airspace_closure_aviation_routes,18,case_2021_suez_blockage;case_2023_red_sea_attacks;case_panama_canal_drought_shipping_capacity;case_black_sea_grain_export_disruption;case_cyberattack_pipeline_port_infrastructure;case_2023_port_of_nagoya_cyberattack;case_2024_us_east_gulf_port_strike;case_2019_india_pakistan_airspace_closure;case_2021_belarus_potash_sanctions;case_2017_notpetya_shipping_logistics_cyberattack;case_2023_black_sea_shipping_insurance_restrictions;case_2023_south_china_sea_shipping_tensions;case_2023_mexico_nearshoring_cross_border_policy_risk;case_2008_somali_piracy_gulf_of_aden;case_2022_turkey_strait_tanker_insurance_backlog;case_2021_colonial_pipeline_ransomware;case_2023_dp_world_australia_cyber_port_disruption;case_2022_russia_airspace_closure_aviation_routes,True,False,
validation_v3,v3_20241203_iran_shadow_fleet_sanctions,U.S. sanctions Iranian shadow-fleet petroleum transport entities and vessels,logistics,2,case_2019_cosco_shipping_sanctions_tanker_market;case_1987_1988_tanker_war_reflagging,2,True,True,2,33,case_2021_suez_blockage;case_2023_red_sea_attacks;case_2018_2019_us_china_tariffs;case_panama_canal_drought_shipping_capacity;case_black_sea_grain_export_disruption;case_cyberattack_pipeline_port_infrastructure;case_2023_port_of_nagoya_cyberattack;case_2024_us_east_gulf_port_strike;case_2022_india_wheat_export_ban;case_2017_north_korea_missile_escalation;case_2019_india_pakistan_airspace_closure;case_2022_ukraine_electricity_grid_attacks;case_2023_niger_coup_uranium_supply_risk;case_2021_belarus_potash_sanctions;case_2021_xinjiang_forced_labor_import_restrictions;case_2024_ev_tariff_escalation_china;case_2017_notpetya_shipping_logistics_cyberattack;case_2023_black_sea_shipping_insurance_restrictions;case_2023_south_china_sea_shipping_tensions;case_2024_drc_cobalt_copper_mining_disruption;case_2023_mexico_nearshoring_cross_border_policy_risk;case_2021_myanmar_coup_supply_chain_disruption;case_1987_1988_tanker_war_reflagging;case_2008_somali_piracy_gulf_of_aden;case_2022_turkey_strait_tanker_insurance_backlog;case_2019_cosco_shipping_sanctions_tanker_market;case_2011_libya_civil_war_oil_disruption;case_2022_peru_mine_protests_copper_supply;case_2008_rice_export_restrictions_food_security;case_2022_russia_fertilizer_export_restrictions;case_2021_colonial_pipeline_ransomware;case_2023_dp_world_australia_cyber_port_disruption;case_2022_russia_airspace_closure_aviation_routes,31,case_2021_suez_blockage;case_2023_red_sea_attacks;case_2018_2019_us_china_tariffs;case_panama_canal_drought_shipping_capacity;case_black_sea_grain_export_disruption;case_cyberattack_pipeline_port_infrastructure;case_2023_port_of_nagoya_cyberattack;case_2024_us_east_gulf_port_strike;case_2022_india_wheat_export_ban;case_2017_north_korea_missile_escalation;case_2019_india_pakistan_airspace_closure;case_2022_ukraine_electricity_grid_attacks;case_2023_niger_coup_uranium_supply_risk;case_2021_belarus_potash_sanctions;case_2021_xinjiang_forced_labor_import_restrictions;case_2024_ev_tariff_escalation_china;case_2017_notpetya_shipping_logistics_cyberattack;case_2023_black_sea_shipping_insurance_restrictions;case_2023_south_china_sea_shipping_tensions;case_2024_drc_cobalt_copper_mining_disruption;case_2023_mexico_nearshoring_cross_border_policy_risk;case_2021_myanmar_coup_supply_chain_disruption;case_2008_somali_piracy_gulf_of_aden;case_2022_turkey_strait_tanker_insurance_backlog;case_2011_libya_civil_war_oil_disruption;case_2022_peru_mine_protests_copper_supply;case_2008_rice_export_restrictions_food_security;case_2022_russia_fertilizer_export_restrictions;case_2021_colonial_pipeline_ransomware;case_2023_dp_world_australia_cyber_port_disruption;case_2022_russia_airspace_closure_aviation_routes,False,False,
validation_v3,v3_20241203_iran_shadow_fleet_sanctions,U.S. sanctions Iranian shadow-fleet petroleum transport entities and vessels,manufacturing_inputs,1,case_russia_ukraine_energy_shock,2,False,True,0,34,case_russia_ukraine_energy_shock;case_2019_huawei_entity_list;case_2018_2019_us_china_tariffs;case_2022_gas_fertilizer_shock;case_taiwan_strait_semiconductor_risk;case_rare_earth_export_restriction_risk;case_china_gallium_germanium_graphite_controls;case_defense_spending_shock_after_escalation;case_uranium_nuclear_fuel_supply_disruption;case_2023_port_of_nagoya_cyberattack;case_2023_middle_east_defense_supply_escalation;case_2023_china_graphite_battery_export_controls;case_2022_russia_aviation_supply_chain_sanctions;case_2017_north_korea_missile_escalation;case_2019_india_pakistan_airspace_closure;case_2022_nord_stream_pipeline_sabotage;case_2022_ukraine_electricity_grid_attacks;case_2022_chile_lithium_policy_shift;case_2020_indonesia_nickel_export_ban;case_2021_xinjiang_forced_labor_import_restrictions;case_2024_ev_tariff_escalation_china;case_2017_notpetya_shipping_logistics_cyberattack;case_2024_drc_cobalt_copper_mining_disruption;case_2023_mexico_nearshoring_cross_border_policy_risk;case_2023_eu_carbon_border_adjustment_mechanism;case_2021_myanmar_coup_supply_chain_disruption;case_2014_crimea_financial_sanctions;case_2009_russia_ukraine_gas_transit_dispute;case_2010_china_japan_rare_earth_embargo;case_2022_peru_mine_protests_copper_supply;case_2023_panama_cobre_mine_closure;case_2020_smic_entity_list_semiconductor_controls;case_2023_japan_chip_equipment_export_controls;case_2019_turkey_f35_s400_defense_restrictions,33,case_2019_huawei_entity_list;case_2018_2019_us_china_tariffs;case_2022_gas_fertilizer_shock;case_taiwan_strait_semiconductor_risk;case_rare_earth_export_restriction_risk;case_china_gallium_germanium_graphite_controls;case_defense_spending_shock_after_escalation;case_uranium_nuclear_fuel_supply_disruption;case_2023_port_of_nagoya_cyberattack;case_2023_middle_east_defense_supply_escalation;case_2023_china_graphite_battery_export_controls;case_2022_russia_aviation_supply_chain_sanctions;case_2017_north_korea_missile_escalation;case_2019_india_pakistan_airspace_closure;case_2022_nord_stream_pipeline_sabotage;case_2022_ukraine_electricity_grid_attacks;case_2022_chile_lithium_policy_shift;case_2020_indonesia_nickel_export_ban;case_2021_xinjiang_forced_labor_import_restrictions;case_2024_ev_tariff_escalation_china;case_2017_notpetya_shipping_logistics_cyberattack;case_2024_drc_cobalt_copper_mining_disruption;case_2023_mexico_nearshoring_cross_border_policy_risk;case_2023_eu_carbon_border_adjustment_mechanism;case_2021_myanmar_coup_supply_chain_disruption;case_2014_crimea_financial_sanctions;case_2009_russia_ukraine_gas_transit_dispute;case_2010_china_japan_rare_earth_embargo;case_2022_peru_mine_protests_copper_supply;case_2023_panama_cobre_mine_closure;case_2020_smic_entity_list_semiconductor_controls;case_2023_japan_chip_equipment_export_controls;case_2019_turkey_f35_s400_defense_restrictions,True,False,
validation_v3,v3_20241203_iran_shadow_fleet_sanctions,U.S. sanctions Iranian shadow-fleet petroleum transport entities and vessels,payment_networks,5,case_2018_iran_oil_sanctions_reimposition;case_2019_cosco_shipping_sanctions_tanker_market;case_2018_iran_swift_restrictions;case_2023_arctic_lng_russian_energy_shipping_sanctions;case_2019_venezuela_oil_sanctions,2,True,True,2,7,case_2022_russia_swift_financial_sanctions;case_2018_iran_oil_sanctions_reimposition;case_2019_venezuela_oil_sanctions;case_2023_arctic_lng_russian_energy_shipping_sanctions;case_2014_crimea_financial_sanctions;case_2018_iran_swift_restrictions;case_2019_cosco_shipping_sanctions_tanker_market,2,case_2022_russia_swift_financial_sanctions;case_2014_crimea_financial_sanctions,False,False,
validation_v3,v3_20241203_iran_shadow_fleet_sanctions,U.S. sanctions Iranian shadow-fleet petroleum transport entities and vessels,petrochemicals,4,case_2018_iran_oil_sanctions_reimposition;case_2019_venezuela_oil_sanctions;case_russia_ukraine_energy_shock;case_middle_east_oil_supply_disruption,2,True,True,2,12,case_russia_ukraine_energy_shock;case_2022_gas_fertilizer_shock;case_middle_east_oil_supply_disruption;case_opec_production_cut_policy_shock;case_2020_opec_plus_production_cut;case_2022_abu_dhabi_oil_facility_attack;case_2018_iran_oil_sanctions_reimposition;case_2019_venezuela_oil_sanctions;case_2022_nord_stream_pipeline_sabotage;case_2009_russia_ukraine_gas_transit_dispute;case_2011_libya_civil_war_oil_disruption;case_2024_ukraine_drone_attacks_russian_refineries,8,case_2022_gas_fertilizer_shock;case_opec_production_cut_policy_shock;case_2020_opec_plus_production_cut;case_2022_abu_dhabi_oil_facility_attack;case_2022_nord_stream_pipeline_sabotage;case_2009_russia_ukraine_gas_transit_dispute;case_2011_libya_civil_war_oil_disruption;case_2024_ukraine_drone_attacks_russian_refineries,False,False,
validation_v3,v3_20241203_iran_shadow_fleet_sanctions,U.S. sanctions Iranian shadow-fleet petroleum transport entities and vessels,trade_lanes,2,case_2019_cosco_shipping_sanctions_tanker_market;case_2018_iran_swift_restrictions,2,True,True,2,31,case_2018_2019_us_china_tariffs;case_uranium_nuclear_fuel_supply_disruption;case_2022_russia_swift_financial_sanctions;case_2024_us_east_gulf_port_strike;case_2022_india_wheat_export_ban;case_2022_russia_aviation_supply_chain_sanctions;case_2017_north_korea_missile_escalation;case_2019_india_pakistan_airspace_closure;case_2023_niger_coup_uranium_supply_risk;case_2022_chile_lithium_policy_shift;case_2020_indonesia_nickel_export_ban;case_2021_belarus_potash_sanctions;case_2021_xinjiang_forced_labor_import_restrictions;case_2024_ev_tariff_escalation_china;case_2023_south_china_sea_shipping_tensions;case_2024_drc_cobalt_copper_mining_disruption;case_2023_mexico_nearshoring_cross_border_policy_risk;case_2023_eu_carbon_border_adjustment_mechanism;case_2021_myanmar_coup_supply_chain_disruption;case_2014_crimea_financial_sanctions;case_2018_iran_swift_restrictions;case_2019_cosco_shipping_sanctions_tanker_market;case_2009_russia_ukraine_gas_transit_dispute;case_2011_libya_civil_war_oil_disruption;case_2010_china_japan_rare_earth_embargo;case_2022_peru_mine_protests_copper_supply;case_2023_panama_cobre_mine_closure;case_2008_rice_export_restrictions_food_security;case_2022_russia_fertilizer_export_restrictions;case_2023_dp_world_australia_cyber_port_disruption;case_2019_turkey_f35_s400_defense_restrictions,29,case_2018_2019_us_china_tariffs;case_uranium_nuclear_fuel_supply_disruption;case_2022_russia_swift_financial_sanctions;case_2024_us_east_gulf_port_strike;case_2022_india_wheat_export_ban;case_2022_russia_aviation_supply_chain_sanctions;case_2017_north_korea_missile_escalation;case_2019_india_pakistan_airspace_closure;case_2023_niger_coup_uranium_supply_risk;case_2022_chile_lithium_policy_shift;case_2020_indonesia_nickel_export_ban;case_2021_belarus_potash_sanctions;case_2021_xinjiang_forced_labor_import_restrictions;case_2024_ev_tariff_escalation_china;case_2023_south_china_sea_shipping_tensions;case_2024_drc_cobalt_copper_mining_disruption;case_2023_mexico_nearshoring_cross_border_policy_risk;case_2023_eu_carbon_border_adjustment_mechanism;case_2021_myanmar_coup_supply_chain_disruption;case_2014_crimea_financial_sanctions;case_2009_russia_ukraine_gas_transit_dispute;case_2011_libya_civil_war_oil_disruption;case_2010_china_japan_rare_earth_embargo;case_2022_peru_mine_protests_copper_supply;case_2023_panama_cobre_mine_closure;case_2008_rice_export_restrictions_food_security;case_2022_russia_fertilizer_export_restrictions;case_2023_dp_world_australia_cyber_port_disruption;case_2019_turkey_f35_s400_defense_restrictions,False,False,
validation_v3,v3_20240223_sovcomflot_sanctions,U.S. sanctions Sovcomflot and tankers tied to Russian oil shipping,aviation,2,case_2024_ukraine_drone_attacks_russian_refineries;case_middle_east_oil_supply_disruption,2,True,True,2,11,case_middle_east_oil_supply_disruption;case_opec_production_cut_policy_shock;case_2020_opec_plus_production_cut;case_2022_abu_dhabi_oil_facility_attack;case_2022_russia_aviation_supply_chain_sanctions;case_2017_north_korea_missile_escalation;case_2019_india_pakistan_airspace_closure;case_2011_libya_civil_war_oil_disruption;case_2024_ukraine_drone_attacks_russian_refineries;case_2021_colonial_pipeline_ransomware;case_2022_russia_airspace_closure_aviation_routes,9,case_opec_production_cut_policy_shock;case_2020_opec_plus_production_cut;case_2022_abu_dhabi_oil_facility_attack;case_2022_russia_aviation_supply_chain_sanctions;case_2017_north_korea_missile_escalation;case_2019_india_pakistan_airspace_closure;case_2011_libya_civil_war_oil_disruption;case_2021_colonial_pipeline_ransomware;case_2022_russia_airspace_closure_aviation_routes,False,False,
validation_v3,v3_20240223_sovcomflot_sanctions,U.S. sanctions Sovcomflot and tankers tied to Russian oil shipping,customs,3,case_2019_cosco_shipping_sanctions_tanker_market;case_2014_crimea_financial_sanctions;case_2022_turkey_strait_tanker_insurance_backlog,2,True,True,2,32,case_2023_dutch_asml_controls;case_2019_huawei_entity_list;case_2018_2019_us_china_tariffs;case_china_gallium_germanium_graphite_controls;case_uranium_nuclear_fuel_supply_disruption;case_2022_russia_swift_financial_sanctions;case_2023_china_graphite_battery_export_controls;case_2022_india_wheat_export_ban;case_2022_russia_aviation_supply_chain_sanctions;case_2023_niger_coup_uranium_supply_risk;case_2022_chile_lithium_policy_shift;case_2020_indonesia_nickel_export_ban;case_2021_belarus_potash_sanctions;case_2021_xinjiang_forced_labor_import_restrictions;case_2024_ev_tariff_escalation_china;case_2024_drc_cobalt_copper_mining_disruption;case_2023_mexico_nearshoring_cross_border_policy_risk;case_2023_eu_carbon_border_adjustment_mechanism;case_2021_myanmar_coup_supply_chain_disruption;case_2022_turkey_strait_tanker_insurance_backlog;case_2014_crimea_financial_sanctions;case_2018_iran_swift_restrictions;case_2019_cosco_shipping_sanctions_tanker_market;case_2010_china_japan_rare_earth_embargo;case_2022_peru_mine_protests_copper_supply;case_2023_panama_cobre_mine_closure;case_2008_rice_export_restrictions_food_security;case_2022_russia_fertilizer_export_restrictions;case_2020_smic_entity_list_semiconductor_controls;case_2023_japan_chip_equipment_export_controls;case_2019_turkey_f35_s400_defense_restrictions;case_2022_russia_airspace_closure_aviation_routes,29,case_2023_dutch_asml_controls;case_2019_huawei_entity_list;case_2018_2019_us_china_tariffs;case_china_gallium_germanium_graphite_controls;case_uranium_nuclear_fuel_supply_disruption;case_2022_russia_swift_financial_sanctions;case_2023_china_graphite_battery_export_controls;case_2022_india_wheat_export_ban;case_2022_russia_aviation_supply_chain_sanctions;case_2023_niger_coup_uranium_supply_risk;case_2022_chile_lithium_policy_shift;case_2020_indonesia_nickel_export_ban;case_2021_belarus_potash_sanctions;case_2021_xinjiang_forced_labor_import_restrictions;case_2024_ev_tariff_escalation_china;case_2024_drc_cobalt_copper_mining_disruption;case_2023_mexico_nearshoring_cross_border_policy_risk;case_2023_eu_carbon_border_adjustment_mechanism;case_2021_myanmar_coup_supply_chain_disruption;case_2018_iran_swift_restrictions;case_2010_china_japan_rare_earth_embargo;case_2022_peru_mine_protests_copper_supply;case_2023_panama_cobre_mine_closure;case_2008_rice_export_restrictions_food_security;case_2022_russia_fertilizer_export_restrictions;case_2020_smic_entity_list_semiconductor_controls;case_2023_japan_chip_equipment_export_controls;case_2019_turkey_f35_s400_defense_restrictions;case_2022_russia_airspace_closure_aviation_routes,False,False,
validation_v3,v3_20240223_sovcomflot_sanctions,U.S. sanctions Sovcomflot and tankers tied to Russian oil shipping,defense,1,case_1987_1988_tanker_war_reflagging,2,False,True,0,15,case_taiwan_strait_semiconductor_risk;case_rare_earth_export_restriction_risk;case_israel_iran_escalation_energy_risk;case_defense_spending_shock_after_escalation;case_2023_middle_east_defense_supply_escalation;case_2024_taiwan_strait_drills_semiconductor_supply;case_2022_abu_dhabi_oil_facility_attack;case_2022_russia_aviation_supply_chain_sanctions;case_2017_north_korea_missile_escalation;case_2019_india_pakistan_airspace_closure;case_2022_ukraine_electricity_grid_attacks;case_2023_south_china_sea_shipping_tensions;case_1987_1988_tanker_war_reflagging;case_2010_china_japan_rare_earth_embargo;case_2019_turkey_f35_s400_defense_restrictions,14,case_taiwan_strait_semiconductor_risk;case_rare_earth_export_restriction_risk;case_israel_iran_escalation_energy_risk;case_defense_spending_shock_after_escalation;case_2023_middle_east_defense_supply_escalation;case_2024_taiwan_strait_drills_semiconductor_supply;case_2022_abu_dhabi_oil_facility_attack;case_2022_russia_aviation_supply_chain_sanctions;case_2017_north_korea_missile_escalation;case_2019_india_pakistan_airspace_closure;case_2022_ukraine_electricity_grid_attacks;case_2023_south_china_sea_shipping_tensions;case_2010_china_japan_rare_earth_embargo;case_2019_turkey_f35_s400_defense_restrictions,True,False,
validation_v3,v3_20240223_sovcomflot_sanctions,U.S. sanctions Sovcomflot and tankers tied to Russian oil shipping,financial_sanctions,6,case_2023_arctic_lng_russian_energy_shipping_sanctions;case_2019_venezuela_oil_sanctions;case_2018_iran_oil_sanctions_reimposition;case_2019_cosco_shipping_sanctions_tanker_market;case_2014_crimea_financial_sanctions;case_2022_turkey_strait_tanker_insurance_backlog,2,True,True,2,8,case_2022_russia_swift_financial_sanctions;case_2018_iran_oil_sanctions_reimposition;case_2019_venezuela_oil_sanctions;case_2023_arctic_lng_russian_energy_shipping_sanctions;case_2022_turkey_strait_tanker_insurance_backlog;case_2014_crimea_financial_sanctions;case_2018_iran_swift_restrictions;case_2019_cosco_shipping_sanctions_tanker_market,2,case_2022_russia_swift_financial_sanctions;case_2018_iran_swift_restrictions,False,False,
validation_v3,v3_20240223_sovcomflot_sanctions,U.S. sanctions Sovcomflot and tankers tied to Russian oil shipping,freight_routes,2,case_2022_turkey_strait_tanker_insurance_backlog;case_1987_1988_tanker_war_reflagging,2,True,True,2,19,case_2021_suez_blockage;case_2023_red_sea_attacks;case_panama_canal_drought_shipping_capacity;case_black_sea_grain_export_disruption;case_cyberattack_pipeline_port_infrastructure;case_2023_port_of_nagoya_cyberattack;case_2024_us_east_gulf_port_strike;case_2019_india_pakistan_airspace_closure;case_2021_belarus_potash_sanctions;case_2017_notpetya_shipping_logistics_cyberattack;case_2023_black_sea_shipping_insurance_restrictions;case_2023_south_china_sea_shipping_tensions;case_2023_mexico_nearshoring_cross_border_policy_risk;case_1987_1988_tanker_war_reflagging;case_2008_somali_piracy_gulf_of_aden;case_2022_turkey_strait_tanker_insurance_backlog;case_2021_colonial_pipeline_ransomware;case_2023_dp_world_australia_cyber_port_disruption;case_2022_russia_airspace_closure_aviation_routes,17,case_2021_suez_blockage;case_2023_red_sea_attacks;case_panama_canal_drought_shipping_capacity;case_black_sea_grain_export_disruption;case_cyberattack_pipeline_port_infrastructure;case_2023_port_of_nagoya_cyberattack;case_2024_us_east_gulf_port_strike;case_2019_india_pakistan_airspace_closure;case_2021_belarus_potash_sanctions;case_2017_notpetya_shipping_logistics_cyberattack;case_2023_black_sea_shipping_insurance_restrictions;case_2023_south_china_sea_shipping_tensions;case_2023_mexico_nearshoring_cross_border_policy_risk;case_2008_somali_piracy_gulf_of_aden;case_2021_colonial_pipeline_ransomware;case_2023_dp_world_australia_cyber_port_disruption;case_2022_russia_airspace_closure_aviation_routes,False,False,
validation_v3,v3_20240223_sovcomflot_sanctions,U.S. sanctions Sovcomflot and tankers tied to Russian oil shipping,logistics,3,case_2019_cosco_shipping_sanctions_tanker_market;case_2022_turkey_strait_tanker_insurance_backlog;case_1987_1988_tanker_war_reflagging,2,True,True,2,33,case_2021_suez_blockage;case_2023_red_sea_attacks;case_2018_2019_us_china_tariffs;case_panama_canal_drought_shipping_capacity;case_black_sea_grain_export_disruption;case_cyberattack_pipeline_port_infrastructure;case_2023_port_of_nagoya_cyberattack;case_2024_us_east_gulf_port_strike;case_2022_india_wheat_export_ban;case_2017_north_korea_missile_escalation;case_2019_india_pakistan_airspace_closure;case_2022_ukraine_electricity_grid_attacks;case_2023_niger_coup_uranium_supply_risk;case_2021_belarus_potash_sanctions;case_2021_xinjiang_forced_labor_import_restrictions;case_2024_ev_tariff_escalation_china;case_2017_notpetya_shipping_logistics_cyberattack;case_2023_black_sea_shipping_insurance_restrictions;case_2023_south_china_sea_shipping_tensions;case_2024_drc_cobalt_copper_mining_disruption;case_2023_mexico_nearshoring_cross_border_policy_risk;case_2021_myanmar_coup_supply_chain_disruption;case_1987_1988_tanker_war_reflagging;case_2008_somali_piracy_gulf_of_aden;case_2022_turkey_strait_tanker_insurance_backlog;case_2019_cosco_shipping_sanctions_tanker_market;case_2011_libya_civil_war_oil_disruption;case_2022_peru_mine_protests_copper_supply;case_2008_rice_export_restrictions_food_security;case_2022_russia_fertilizer_export_restrictions;case_2021_colonial_pipeline_ransomware;case_2023_dp_world_australia_cyber_port_disruption;case_2022_russia_airspace_closure_aviation_routes,30,case_2021_suez_blockage;case_2023_red_sea_attacks;case_2018_2019_us_china_tariffs;case_panama_canal_drought_shipping_capacity;case_black_sea_grain_export_disruption;case_cyberattack_pipeline_port_infrastructure;case_2023_port_of_nagoya_cyberattack;case_2024_us_east_gulf_port_strike;case_2022_india_wheat_export_ban;case_2017_north_korea_missile_escalation;case_2019_india_pakistan_airspace_closure;case_2022_ukraine_electricity_grid_attacks;case_2023_niger_coup_uranium_supply_risk;case_2021_belarus_potash_sanctions;case_2021_xinjiang_forced_labor_import_restrictions;case_2024_ev_tariff_escalation_china;case_2017_notpetya_shipping_logistics_cyberattack;case_2023_black_sea_shipping_insurance_restrictions;case_2023_south_china_sea_shipping_tensions;case_2024_drc_cobalt_copper_mining_disruption;case_2023_mexico_nearshoring_cross_border_policy_risk;case_2021_myanmar_coup_supply_chain_disruption;case_2008_somali_piracy_gulf_of_aden;case_2011_libya_civil_war_oil_disruption;case_2022_peru_mine_protests_copper_supply;case_2008_rice_export_restrictions_food_security;case_2022_russia_fertilizer_export_restrictions;case_2021_colonial_pipeline_ransomware;case_2023_dp_world_australia_cyber_port_disruption;case_2022_russia_airspace_closure_aviation_routes,False,False,
validation_v3,v3_20240223_sovcomflot_sanctions,U.S. sanctions Sovcomflot and tankers tied to Russian oil shipping,marine_insurance,5,case_2023_arctic_lng_russian_energy_shipping_sanctions;case_2018_iran_oil_sanctions_reimposition;case_2019_cosco_shipping_sanctions_tanker_market;case_2022_turkey_strait_tanker_insurance_backlog;case_1987_1988_tanker_war_reflagging,2,True,True,2,12,case_2023_red_sea_attacks;case_hormuz_tanker_tensions;case_israel_iran_escalation_energy_risk;case_2018_iran_oil_sanctions_reimposition;case_2023_black_sea_shipping_insurance_restrictions;case_2023_south_china_sea_shipping_tensions;case_2023_arctic_lng_russian_energy_shipping_sanctions;case_1987_1988_tanker_war_reflagging;case_2008_somali_piracy_gulf_of_aden;case_2022_turkey_strait_tanker_insurance_backlog;case_2018_iran_swift_restrictions;case_2019_cosco_shipping_sanctions_tanker_market,7,case_2023_red_sea_attacks;case_hormuz_tanker_tensions;case_israel_iran_escalation_energy_risk;case_2023_black_sea_shipping_insurance_restrictions;case_2023_south_china_sea_shipping_tensions;case_2008_somali_piracy_gulf_of_aden;case_2018_iran_swift_restrictions,False,False,
validation_v3,v3_20240223_sovcomflot_sanctions,U.S. sanctions Sovcomflot and tankers tied to Russian oil shipping,maritime_chokepoint,3,case_2023_arctic_lng_russian_energy_shipping_sanctions;case_2022_turkey_strait_tanker_insurance_backlog;case_1987_1988_tanker_war_reflagging,2,True,True,2,12,case_2021_suez_blockage;case_2023_red_sea_attacks;case_hormuz_tanker_tensions;case_panama_canal_drought_shipping_capacity;case_black_sea_grain_export_disruption;case_israel_iran_escalation_energy_risk;case_2023_black_sea_shipping_insurance_restrictions;case_2023_south_china_sea_shipping_tensions;case_2023_arctic_lng_russian_energy_shipping_sanctions;case_1987_1988_tanker_war_reflagging;case_2008_somali_piracy_gulf_of_aden;case_2022_turkey_strait_tanker_insurance_backlog,9,case_2021_suez_blockage;case_2023_red_sea_attacks;case_hormuz_tanker_tensions;case_panama_canal_drought_shipping_capacity;case_black_sea_grain_export_disruption;case_israel_iran_escalation_energy_risk;case_2023_black_sea_shipping_insurance_restrictions;case_2023_south_china_sea_shipping_tensions;case_2008_somali_piracy_gulf_of_aden,False,False,
validation_v3,v3_20240223_sovcomflot_sanctions,U.S. sanctions Sovcomflot and tankers tied to Russian oil shipping,oil_shipping,8,case_2023_arctic_lng_russian_energy_shipping_sanctions;case_2019_venezuela_oil_sanctions;case_2018_iran_oil_sanctions_reimposition;case_2024_ukraine_drone_attacks_russian_refineries;case_2019_cosco_shipping_sanctions_tanker_market;case_middle_east_oil_supply_disruption;case_2022_turkey_strait_tanker_insurance_backlog;case_1987_1988_tanker_war_reflagging,2,True,True,2,17,case_2023_red_sea_attacks;case_hormuz_tanker_tensions;case_middle_east_oil_supply_disruption;case_opec_production_cut_policy_shock;case_israel_iran_escalation_energy_risk;case_2020_opec_plus_production_cut;case_2022_abu_dhabi_oil_facility_attack;case_2018_iran_oil_sanctions_reimposition;case_2019_venezuela_oil_sanctions;case_2023_arctic_lng_russian_energy_shipping_sanctions;case_1987_1988_tanker_war_reflagging;case_2008_somali_piracy_gulf_of_aden;case_2022_turkey_strait_tanker_insurance_backlog;case_2018_iran_swift_restrictions;case_2019_cosco_shipping_sanctions_tanker_market;case_2011_libya_civil_war_oil_disruption;case_2024_ukraine_drone_attacks_russian_refineries,9,case_2023_red_sea_attacks;case_hormuz_tanker_tensions;case_opec_production_cut_policy_shock;case_israel_iran_escalation_energy_risk;case_2020_opec_plus_production_cut;case_2022_abu_dhabi_oil_facility_attack;case_2008_somali_piracy_gulf_of_aden;case_2018_iran_swift_restrictions;case_2011_libya_civil_war_oil_disruption,False,False,
validation_v3,v3_20240223_sovcomflot_sanctions,U.S. sanctions Sovcomflot and tankers tied to Russian oil shipping,payment_networks,5,case_2023_arctic_lng_russian_energy_shipping_sanctions;case_2019_venezuela_oil_sanctions;case_2018_iran_oil_sanctions_reimposition;case_2019_cosco_shipping_sanctions_tanker_market;case_2014_crimea_financial_sanctions,2,True,True,2,7,case_2022_russia_swift_financial_sanctions;case_2018_iran_oil_sanctions_reimposition;case_2019_venezuela_oil_sanctions;case_2023_arctic_lng_russian_energy_shipping_sanctions;case_2014_crimea_financial_sanctions;case_2018_iran_swift_restrictions;case_2019_cosco_shipping_sanctions_tanker_market,2,case_2022_russia_swift_financial_sanctions;case_2018_iran_swift_restrictions,False,False,
validation_v3,v3_20240223_sovcomflot_sanctions,U.S. sanctions Sovcomflot and tankers tied to Russian oil shipping,pipeline_infrastructure,1,case_2024_ukraine_drone_attacks_russian_refineries,2,False,True,0,6,case_cyberattack_pipeline_port_infrastructure;case_2022_nord_stream_pipeline_sabotage;case_2022_ukraine_electricity_grid_attacks;case_2009_russia_ukraine_gas_transit_dispute;case_2024_ukraine_drone_attacks_russian_refineries;case_2021_colonial_pipeline_ransomware,5,case_cyberattack_pipeline_port_infrastructure;case_2022_nord_stream_pipeline_sabotage;case_2022_ukraine_electricity_grid_attacks;case_2009_russia_ukraine_gas_transit_dispute;case_2021_colonial_pipeline_ransomware,True,False,
validation_v3,v3_20240223_sovcomflot_sanctions,U.S. sanctions Sovcomflot and tankers tied to Russian oil shipping,trade_lanes,2,case_2019_cosco_shipping_sanctions_tanker_market;case_2014_crimea_financial_sanctions,2,True,True,2,31,case_2018_2019_us_china_tariffs;case_uranium_nuclear_fuel_supply_disruption;case_2022_russia_swift_financial_sanctions;case_2024_us_east_gulf_port_strike;case_2022_india_wheat_export_ban;case_2022_russia_aviation_supply_chain_sanctions;case_2017_north_korea_missile_escalation;case_2019_india_pakistan_airspace_closure;case_2023_niger_coup_uranium_supply_risk;case_2022_chile_lithium_policy_shift;case_2020_indonesia_nickel_export_ban;case_2021_belarus_potash_sanctions;case_2021_xinjiang_forced_labor_import_restrictions;case_2024_ev_tariff_escalation_china;case_2023_south_china_sea_shipping_tensions;case_2024_drc_cobalt_copper_mining_disruption;case_2023_mexico_nearshoring_cross_border_policy_risk;case_2023_eu_carbon_border_adjustment_mechanism;case_2021_myanmar_coup_supply_chain_disruption;case_2014_crimea_financial_sanctions;case_2018_iran_swift_restrictions;case_2019_cosco_shipping_sanctions_tanker_market;case_2009_russia_ukraine_gas_transit_dispute;case_2011_libya_civil_war_oil_disruption;case_2010_china_japan_rare_earth_embargo;case_2022_peru_mine_protests_copper_supply;case_2023_panama_cobre_mine_closure;case_2008_rice_export_restrictions_food_security;case_2022_russia_fertilizer_export_restrictions;case_2023_dp_world_australia_cyber_port_disruption;case_2019_turkey_f35_s400_defense_restrictions,29,case_2018_2019_us_china_tariffs;case_uranium_nuclear_fuel_supply_disruption;case_2022_russia_swift_financial_sanctions;case_2024_us_east_gulf_port_strike;case_2022_india_wheat_export_ban;case_2022_russia_aviation_supply_chain_sanctions;case_2017_north_korea_missile_escalation;case_2019_india_pakistan_airspace_closure;case_2023_niger_coup_uranium_supply_risk;case_2022_chile_lithium_policy_shift;case_2020_indonesia_nickel_export_ban;case_2021_belarus_potash_sanctions;case_2021_xinjiang_forced_labor_import_restrictions;case_2024_ev_tariff_escalation_china;case_2023_south_china_sea_shipping_tensions;case_2024_drc_cobalt_copper_mining_disruption;case_2023_mexico_nearshoring_cross_border_policy_risk;case_2023_eu_carbon_border_adjustment_mechanism;case_2021_myanmar_coup_supply_chain_disruption;case_2018_iran_swift_restrictions;case_2009_russia_ukraine_gas_transit_dispute;case_2011_libya_civil_war_oil_disruption;case_2010_china_japan_rare_earth_embargo;case_2022_peru_mine_protests_copper_supply;case_2023_panama_cobre_mine_closure;case_2008_rice_export_restrictions_food_security;case_2022_russia_fertilizer_export_restrictions;case_2023_dp_world_australia_cyber_port_disruption;case_2019_turkey_f35_s400_defense_restrictions,False,False,
validation_v3,v3_20240913_ustr_section301_tariffs_final,USTR finalizes China Section 301 tariff modifications after four-year review,agriculture,1,case_2018_2019_us_china_tariffs,2,False,True,0,10,case_2018_2019_us_china_tariffs;case_2022_gas_fertilizer_shock;case_panama_canal_drought_shipping_capacity;case_black_sea_grain_export_disruption;case_2022_india_wheat_export_ban;case_2021_belarus_potash_sanctions;case_2023_black_sea_shipping_insurance_restrictions;case_2021_myanmar_coup_supply_chain_disruption;case_2008_rice_export_restrictions_food_security;case_2022_russia_fertilizer_export_restrictions,9,case_2022_gas_fertilizer_shock;case_panama_canal_drought_shipping_capacity;case_black_sea_grain_export_disruption;case_2022_india_wheat_export_ban;case_2021_belarus_potash_sanctions;case_2023_black_sea_shipping_insurance_restrictions;case_2021_myanmar_coup_supply_chain_disruption;case_2008_rice_export_restrictions_food_security;case_2022_russia_fertilizer_export_restrictions,True,False,
validation_v3,v3_20240913_ustr_section301_tariffs_final,USTR finalizes China Section 301 tariff modifications after four-year review,ai_chips,1,case_china_gallium_germanium_graphite_controls,2,False,True,0,8,case_2022_us_china_semiconductor_controls;case_2019_huawei_entity_list;case_taiwan_strait_semiconductor_risk;case_china_gallium_germanium_graphite_controls;case_defense_spending_shock_after_escalation;case_2023_middle_east_defense_supply_escalation;case_2024_taiwan_strait_drills_semiconductor_supply;case_2023_japan_chip_equipment_export_controls,7,case_2022_us_china_semiconductor_controls;case_2019_huawei_entity_list;case_taiwan_strait_semiconductor_risk;case_defense_spending_shock_after_escalation;case_2023_middle_east_defense_supply_escalation;case_2024_taiwan_strait_drills_semiconductor_supply;case_2023_japan_chip_equipment_export_controls,True,False,
validation_v3,v3_20240913_ustr_section301_tariffs_final,USTR finalizes China Section 301 tariff modifications after four-year review,battery_materials,5,case_2024_ev_tariff_escalation_china;case_2023_china_graphite_battery_export_controls;case_2023_panama_cobre_mine_closure;case_2020_indonesia_nickel_export_ban;case_2022_chile_lithium_policy_shift,2,True,True,2,7,case_2023_china_graphite_battery_export_controls;case_2022_chile_lithium_policy_shift;case_2020_indonesia_nickel_export_ban;case_2024_ev_tariff_escalation_china;case_2024_drc_cobalt_copper_mining_disruption;case_2022_peru_mine_protests_copper_supply;case_2023_panama_cobre_mine_closure,2,case_2024_drc_cobalt_copper_mining_disruption;case_2022_peru_mine_protests_copper_supply,False,False,
validation_v3,v3_20240913_ustr_section301_tariffs_final,USTR finalizes China Section 301 tariff modifications after four-year review,defense,2,case_2010_china_japan_rare_earth_embargo;case_rare_earth_export_restriction_risk,2,True,True,2,15,case_taiwan_strait_semiconductor_risk;case_rare_earth_export_restriction_risk;case_israel_iran_escalation_energy_risk;case_defense_spending_shock_after_escalation;case_2023_middle_east_defense_supply_escalation;case_2024_taiwan_strait_drills_semiconductor_supply;case_2022_abu_dhabi_oil_facility_attack;case_2022_russia_aviation_supply_chain_sanctions;case_2017_north_korea_missile_escalation;case_2019_india_pakistan_airspace_closure;case_2022_ukraine_electricity_grid_attacks;case_2023_south_china_sea_shipping_tensions;case_1987_1988_tanker_war_reflagging;case_2010_china_japan_rare_earth_embargo;case_2019_turkey_f35_s400_defense_restrictions,13,case_taiwan_strait_semiconductor_risk;case_israel_iran_escalation_energy_risk;case_defense_spending_shock_after_escalation;case_2023_middle_east_defense_supply_escalation;case_2024_taiwan_strait_drills_semiconductor_supply;case_2022_abu_dhabi_oil_facility_attack;case_2022_russia_aviation_supply_chain_sanctions;case_2017_north_korea_missile_escalation;case_2019_india_pakistan_airspace_closure;case_2022_ukraine_electricity_grid_attacks;case_2023_south_china_sea_shipping_tensions;case_1987_1988_tanker_war_reflagging;case_2019_turkey_f35_s400_defense_restrictions,False,False,
validation_v3,v3_20240913_ustr_section301_tariffs_final,USTR finalizes China Section 301 tariff modifications after four-year review,energy,1,case_rare_earth_export_restriction_risk,2,False,True,0,28,case_2021_suez_blockage;case_hormuz_tanker_tensions;case_russia_ukraine_energy_shock;case_2022_gas_fertilizer_shock;case_middle_east_oil_supply_disruption;case_rare_earth_export_restriction_risk;case_opec_production_cut_policy_shock;case_israel_iran_escalation_energy_risk;case_cyberattack_pipeline_port_infrastructure;case_uranium_nuclear_fuel_supply_disruption;case_2022_russia_swift_financial_sanctions;case_2020_opec_plus_production_cut;case_2022_abu_dhabi_oil_facility_attack;case_2018_iran_oil_sanctions_reimposition;case_2019_venezuela_oil_sanctions;case_2022_nord_stream_pipeline_sabotage;case_2022_ukraine_electricity_grid_attacks;case_2023_niger_coup_uranium_supply_risk;case_2023_eu_carbon_border_adjustment_mechanism;case_2023_arctic_lng_russian_energy_shipping_sanctions;case_1987_1988_tanker_war_reflagging;case_2014_crimea_financial_sanctions;case_2009_russia_ukraine_gas_transit_dispute;case_2011_libya_civil_war_oil_disruption;case_2024_ukraine_drone_attacks_russian_refineries;case_2022_russia_fertilizer_export_restrictions;case_2021_colonial_pipeline_ransomware;case_2022_russia_airspace_closure_aviation_routes,27,case_2021_suez_blockage;case_hormuz_tanker_tensions;case_russia_ukraine_energy_shock;case_2022_gas_fertilizer_shock;case_middle_east_oil_supply_disruption;case_opec_production_cut_policy_shock;case_israel_iran_escalation_energy_risk;case_cyberattack_pipeline_port_infrastructure;case_uranium_nuclear_fuel_supply_disruption;case_2022_russia_swift_financial_sanctions;case_2020_opec_plus_production_cut;case_2022_abu_dhabi_oil_facility_attack;case_2018_iran_oil_sanctions_reimposition;case_2019_venezuela_oil_sanctions;case_2022_nord_stream_pipeline_sabotage;case_2022_ukraine_electricity_grid_attacks;case_2023_niger_coup_uranium_supply_risk;case_2023_eu_carbon_border_adjustment_mechanism;case_2023_arctic_lng_russian_energy_shipping_sanctions;case_1987_1988_tanker_war_reflagging;case_2014_crimea_financial_sanctions;case_2009_russia_ukraine_gas_transit_dispute;case_2011_libya_civil_war_oil_disruption;case_2024_ukraine_drone_attacks_russian_refineries;case_2022_russia_fertilizer_export_restrictions;case_2021_colonial_pipeline_ransomware;case_2022_russia_airspace_closure_aviation_routes,True,False,
validation_v3,v3_20240913_ustr_section301_tariffs_final,USTR finalizes China Section 301 tariff modifications after four-year review,graphite,1,case_2023_china_graphite_battery_export_controls,2,False,True,0,1,case_2023_china_graphite_battery_export_controls,0,,False,False,
validation_v3,v3_20240913_ustr_section301_tariffs_final,USTR finalizes China Section 301 tariff modifications after four-year review,logistics,3,case_2024_ev_tariff_escalation_china;case_2021_xinjiang_forced_labor_import_restrictions;case_2018_2019_us_china_tariffs,2,True,True,2,33,case_2021_suez_blockage;case_2023_red_sea_attacks;case_2018_2019_us_china_tariffs;case_panama_canal_drought_shipping_capacity;case_black_sea_grain_export_disruption;case_cyberattack_pipeline_port_infrastructure;case_2023_port_of_nagoya_cyberattack;case_2024_us_east_gulf_port_strike;case_2022_india_wheat_export_ban;case_2017_north_korea_missile_escalation;case_2019_india_pakistan_airspace_closure;case_2022_ukraine_electricity_grid_attacks;case_2023_niger_coup_uranium_supply_risk;case_2021_belarus_potash_sanctions;case_2021_xinjiang_forced_labor_import_restrictions;case_2024_ev_tariff_escalation_china;case_2017_notpetya_shipping_logistics_cyberattack;case_2023_black_sea_shipping_insurance_restrictions;case_2023_south_china_sea_shipping_tensions;case_2024_drc_cobalt_copper_mining_disruption;case_2023_mexico_nearshoring_cross_border_policy_risk;case_2021_myanmar_coup_supply_chain_disruption;case_1987_1988_tanker_war_reflagging;case_2008_somali_piracy_gulf_of_aden;case_2022_turkey_strait_tanker_insurance_backlog;case_2019_cosco_shipping_sanctions_tanker_market;case_2011_libya_civil_war_oil_disruption;case_2022_peru_mine_protests_copper_supply;case_2008_rice_export_restrictions_food_security;case_2022_russia_fertilizer_export_restrictions;case_2021_colonial_pipeline_ransomware;case_2023_dp_world_australia_cyber_port_disruption;case_2022_russia_airspace_closure_aviation_routes,30,case_2021_suez_blockage;case_2023_red_sea_attacks;case_panama_canal_drought_shipping_capacity;case_black_sea_grain_export_disruption;case_cyberattack_pipeline_port_infrastructure;case_2023_port_of_nagoya_cyberattack;case_2024_us_east_gulf_port_strike;case_2022_india_wheat_export_ban;case_2017_north_korea_missile_escalation;case_2019_india_pakistan_airspace_closure;case_2022_ukraine_electricity_grid_attacks;case_2023_niger_coup_uranium_supply_risk;case_2021_belarus_potash_sanctions;case_2017_notpetya_shipping_logistics_cyberattack;case_2023_black_sea_shipping_insurance_restrictions;case_2023_south_china_sea_shipping_tensions;case_2024_drc_cobalt_copper_mining_disruption;case_2023_mexico_nearshoring_cross_border_policy_risk;case_2021_myanmar_coup_supply_chain_disruption;case_1987_1988_tanker_war_reflagging;case_2008_somali_piracy_gulf_of_aden;case_2022_turkey_strait_tanker_insurance_backlog;case_2019_cosco_shipping_sanctions_tanker_market;case_2011_libya_civil_war_oil_disruption;case_2022_peru_mine_protests_copper_supply;case_2008_rice_export_restrictions_food_security;case_2022_russia_fertilizer_export_restrictions;case_2021_colonial_pipeline_ransomware;case_2023_dp_world_australia_cyber_port_disruption;case_2022_russia_airspace_closure_aviation_routes,False,False,
validation_v3,v3_20240913_ustr_section301_tariffs_final,USTR finalizes China Section 301 tariff modifications after four-year review,ports,1,case_2023_panama_cobre_mine_closure,2,False,True,0,9,case_2021_suez_blockage;case_cyberattack_pipeline_port_infrastructure;case_2023_port_of_nagoya_cyberattack;case_2024_us_east_gulf_port_strike;case_2017_notpetya_shipping_logistics_cyberattack;case_2023_mexico_nearshoring_cross_border_policy_risk;case_2021_myanmar_coup_supply_chain_disruption;case_2023_panama_cobre_mine_closure;case_2023_dp_world_australia_cyber_port_disruption,8,case_2021_suez_blockage;case_cyberattack_pipeline_port_infrastructure;case_2023_port_of_nagoya_cyberattack;case_2024_us_east_gulf_port_strike;case_2017_notpetya_shipping_logistics_cyberattack;case_2023_mexico_nearshoring_cross_border_policy_risk;case_2021_myanmar_coup_supply_chain_disruption;case_2023_dp_world_australia_cyber_port_disruption,True,False,
validation_v3,v3_20240913_ustr_section301_tariffs_final,USTR finalizes China Section 301 tariff modifications after four-year review,semiconductor_equipment,1,case_china_gallium_germanium_graphite_controls,2,False,True,0,11,case_2022_us_china_semiconductor_controls;case_2023_dutch_asml_controls;case_2019_huawei_entity_list;case_taiwan_strait_semiconductor_risk;case_china_gallium_germanium_graphite_controls;case_defense_spending_shock_after_escalation;case_2024_taiwan_strait_drills_semiconductor_supply;case_2017_north_korea_missile_escalation;case_2020_smic_entity_list_semiconductor_controls;case_2023_japan_chip_equipment_export_controls;case_2019_turkey_f35_s400_defense_restrictions,10,case_2022_us_china_semiconductor_controls;case_2023_dutch_asml_controls;case_2019_huawei_entity_list;case_taiwan_strait_semiconductor_risk;case_defense_spending_shock_after_escalation;case_2024_taiwan_strait_drills_semiconductor_supply;case_2017_north_korea_missile_escalation;case_2020_smic_entity_list_semiconductor_controls;case_2023_japan_chip_equipment_export_controls;case_2019_turkey_f35_s400_defense_restrictions,True,False,
validation_v3,v3_20240913_ustr_section301_tariffs_final,USTR finalizes China Section 301 tariff modifications after four-year review,trade_lanes,7,case_2024_ev_tariff_escalation_china;case_2023_panama_cobre_mine_closure;case_2021_xinjiang_forced_labor_import_restrictions;case_2020_indonesia_nickel_export_ban;case_2010_china_japan_rare_earth_embargo;case_2022_chile_lithium_policy_shift;case_2018_2019_us_china_tariffs,2,True,True,2,31,case_2018_2019_us_china_tariffs;case_uranium_nuclear_fuel_supply_disruption;case_2022_russia_swift_financial_sanctions;case_2024_us_east_gulf_port_strike;case_2022_india_wheat_export_ban;case_2022_russia_aviation_supply_chain_sanctions;case_2017_north_korea_missile_escalation;case_2019_india_pakistan_airspace_closure;case_2023_niger_coup_uranium_supply_risk;case_2022_chile_lithium_policy_shift;case_2020_indonesia_nickel_export_ban;case_2021_belarus_potash_sanctions;case_2021_xinjiang_forced_labor_import_restrictions;case_2024_ev_tariff_escalation_china;case_2023_south_china_sea_shipping_tensions;case_2024_drc_cobalt_copper_mining_disruption;case_2023_mexico_nearshoring_cross_border_policy_risk;case_2023_eu_carbon_border_adjustment_mechanism;case_2021_myanmar_coup_supply_chain_disruption;case_2014_crimea_financial_sanctions;case_2018_iran_swift_restrictions;case_2019_cosco_shipping_sanctions_tanker_market;case_2009_russia_ukraine_gas_transit_dispute;case_2011_libya_civil_war_oil_disruption;case_2010_china_japan_rare_earth_embargo;case_2022_peru_mine_protests_copper_supply;case_2023_panama_cobre_mine_closure;case_2008_rice_export_restrictions_food_security;case_2022_russia_fertilizer_export_restrictions;case_2023_dp_world_australia_cyber_port_disruption;case_2019_turkey_f35_s400_defense_restrictions,24,case_uranium_nuclear_fuel_supply_disruption;case_2022_russia_swift_financial_sanctions;case_2024_us_east_gulf_port_strike;case_2022_india_wheat_export_ban;case_2022_russia_aviation_supply_chain_sanctions;case_2017_north_korea_missile_escalation;case_2019_india_pakistan_airspace_closure;case_2023_niger_coup_uranium_supply_risk;case_2021_belarus_potash_sanctions;case_2023_south_china_sea_shipping_tensions;case_2024_drc_cobalt_copper_mining_disruption;case_2023_mexico_nearshoring_cross_border_policy_risk;case_2023_eu_carbon_border_adjustment_mechanism;case_2021_myanmar_coup_supply_chain_disruption;case_2014_crimea_financial_sanctions;case_2018_iran_swift_restrictions;case_2019_cosco_shipping_sanctions_tanker_market;case_2009_russia_ukraine_gas_transit_dispute;case_2011_libya_civil_war_oil_disruption;case_2022_peru_mine_protests_copper_supply;case_2008_rice_export_restrictions_food_security;case_2022_russia_fertilizer_export_restrictions;case_2023_dp_world_australia_cyber_port_disruption;case_2019_turkey_f35_s400_defense_restrictions,False,False,
validation_v3,v3_20250730_copper_tariffs,U.S. imposes Section 232 tariffs on copper products,agriculture,1,case_2018_2019_us_china_tariffs,2,False,True,0,10,case_2018_2019_us_china_tariffs;case_2022_gas_fertilizer_shock;case_panama_canal_drought_shipping_capacity;case_black_sea_grain_export_disruption;case_2022_india_wheat_export_ban;case_2021_belarus_potash_sanctions;case_2023_black_sea_shipping_insurance_restrictions;case_2021_myanmar_coup_supply_chain_disruption;case_2008_rice_export_restrictions_food_security;case_2022_russia_fertilizer_export_restrictions,9,case_2022_gas_fertilizer_shock;case_panama_canal_drought_shipping_capacity;case_black_sea_grain_export_disruption;case_2022_india_wheat_export_ban;case_2021_belarus_potash_sanctions;case_2023_black_sea_shipping_insurance_restrictions;case_2021_myanmar_coup_supply_chain_disruption;case_2008_rice_export_restrictions_food_security;case_2022_russia_fertilizer_export_restrictions,True,False,
validation_v3,v3_20250730_copper_tariffs,U.S. imposes Section 232 tariffs on copper products,ai_chips,2,case_china_gallium_germanium_graphite_controls;case_2019_huawei_entity_list,2,True,True,2,8,case_2022_us_china_semiconductor_controls;case_2019_huawei_entity_list;case_taiwan_strait_semiconductor_risk;case_china_gallium_germanium_graphite_controls;case_defense_spending_shock_after_escalation;case_2023_middle_east_defense_supply_escalation;case_2024_taiwan_strait_drills_semiconductor_supply;case_2023_japan_chip_equipment_export_controls,6,case_2022_us_china_semiconductor_controls;case_taiwan_strait_semiconductor_risk;case_defense_spending_shock_after_escalation;case_2023_middle_east_defense_supply_escalation;case_2024_taiwan_strait_drills_semiconductor_supply;case_2023_japan_chip_equipment_export_controls,False,False,
validation_v3,v3_20250730_copper_tariffs,U.S. imposes Section 232 tariffs on copper products,battery_materials,4,case_2023_panama_cobre_mine_closure;case_2024_ev_tariff_escalation_china;case_2020_indonesia_nickel_export_ban;case_2022_peru_mine_protests_copper_supply,2,True,True,2,7,case_2023_china_graphite_battery_export_controls;case_2022_chile_lithium_policy_shift;case_2020_indonesia_nickel_export_ban;case_2024_ev_tariff_escalation_china;case_2024_drc_cobalt_copper_mining_disruption;case_2022_peru_mine_protests_copper_supply;case_2023_panama_cobre_mine_closure,3,case_2023_china_graphite_battery_export_controls;case_2022_chile_lithium_policy_shift;case_2024_drc_cobalt_copper_mining_disruption,False,False,
validation_v3,v3_20250730_copper_tariffs,U.S. imposes Section 232 tariffs on copper products,data_centers,1,case_2019_huawei_entity_list,2,False,True,0,6,case_2022_us_china_semiconductor_controls;case_2019_huawei_entity_list;case_taiwan_strait_semiconductor_risk;case_2024_taiwan_strait_drills_semiconductor_supply;case_2020_smic_entity_list_semiconductor_controls;case_2023_japan_chip_equipment_export_controls,5,case_2022_us_china_semiconductor_controls;case_taiwan_strait_semiconductor_risk;case_2024_taiwan_strait_drills_semiconductor_supply;case_2020_smic_entity_list_semiconductor_controls;case_2023_japan_chip_equipment_export_controls,True,False,
validation_v3,v3_20250730_copper_tariffs,U.S. imposes Section 232 tariffs on copper products,defense,1,case_rare_earth_export_restriction_risk,2,False,True,0,15,case_taiwan_strait_semiconductor_risk;case_rare_earth_export_restriction_risk;case_israel_iran_escalation_energy_risk;case_defense_spending_shock_after_escalation;case_2023_middle_east_defense_supply_escalation;case_2024_taiwan_strait_drills_semiconductor_supply;case_2022_abu_dhabi_oil_facility_attack;case_2022_russia_aviation_supply_chain_sanctions;case_2017_north_korea_missile_escalation;case_2019_india_pakistan_airspace_closure;case_2022_ukraine_electricity_grid_attacks;case_2023_south_china_sea_shipping_tensions;case_1987_1988_tanker_war_reflagging;case_2010_china_japan_rare_earth_embargo;case_2019_turkey_f35_s400_defense_restrictions,14,case_taiwan_strait_semiconductor_risk;case_israel_iran_escalation_energy_risk;case_defense_spending_shock_after_escalation;case_2023_middle_east_defense_supply_escalation;case_2024_taiwan_strait_drills_semiconductor_supply;case_2022_abu_dhabi_oil_facility_attack;case_2022_russia_aviation_supply_chain_sanctions;case_2017_north_korea_missile_escalation;case_2019_india_pakistan_airspace_closure;case_2022_ukraine_electricity_grid_attacks;case_2023_south_china_sea_shipping_tensions;case_1987_1988_tanker_war_reflagging;case_2010_china_japan_rare_earth_embargo;case_2019_turkey_f35_s400_defense_restrictions,True,False,
validation_v3,v3_20250730_copper_tariffs,U.S. imposes Section 232 tariffs on copper products,eda_software,1,case_2019_huawei_entity_list,2,False,True,0,3,case_2022_us_china_semiconductor_controls;case_2019_huawei_entity_list;case_2020_smic_entity_list_semiconductor_controls,2,case_2022_us_china_semiconductor_controls;case_2020_smic_entity_list_semiconductor_controls,True,False,
validation_v3,v3_20250730_copper_tariffs,U.S. imposes Section 232 tariffs on copper products,energy,1,case_rare_earth_export_restriction_risk,2,False,True,0,28,case_2021_suez_blockage;case_hormuz_tanker_tensions;case_russia_ukraine_energy_shock;case_2022_gas_fertilizer_shock;case_middle_east_oil_supply_disruption;case_rare_earth_export_restriction_risk;case_opec_production_cut_policy_shock;case_israel_iran_escalation_energy_risk;case_cyberattack_pipeline_port_infrastructure;case_uranium_nuclear_fuel_supply_disruption;case_2022_russia_swift_financial_sanctions;case_2020_opec_plus_production_cut;case_2022_abu_dhabi_oil_facility_attack;case_2018_iran_oil_sanctions_reimposition;case_2019_venezuela_oil_sanctions;case_2022_nord_stream_pipeline_sabotage;case_2022_ukraine_electricity_grid_attacks;case_2023_niger_coup_uranium_supply_risk;case_2023_eu_carbon_border_adjustment_mechanism;case_2023_arctic_lng_russian_energy_shipping_sanctions;case_1987_1988_tanker_war_reflagging;case_2014_crimea_financial_sanctions;case_2009_russia_ukraine_gas_transit_dispute;case_2011_libya_civil_war_oil_disruption;case_2024_ukraine_drone_attacks_russian_refineries;case_2022_russia_fertilizer_export_restrictions;case_2021_colonial_pipeline_ransomware;case_2022_russia_airspace_closure_aviation_routes,27,case_2021_suez_blockage;case_hormuz_tanker_tensions;case_russia_ukraine_energy_shock;case_2022_gas_fertilizer_shock;case_middle_east_oil_supply_disruption;case_opec_production_cut_policy_shock;case_israel_iran_escalation_energy_risk;case_cyberattack_pipeline_port_infrastructure;case_uranium_nuclear_fuel_supply_disruption;case_2022_russia_swift_financial_sanctions;case_2020_opec_plus_production_cut;case_2022_abu_dhabi_oil_facility_attack;case_2018_iran_oil_sanctions_reimposition;case_2019_venezuela_oil_sanctions;case_2022_nord_stream_pipeline_sabotage;case_2022_ukraine_electricity_grid_attacks;case_2023_niger_coup_uranium_supply_risk;case_2023_eu_carbon_border_adjustment_mechanism;case_2023_arctic_lng_russian_energy_shipping_sanctions;case_1987_1988_tanker_war_reflagging;case_2014_crimea_financial_sanctions;case_2009_russia_ukraine_gas_transit_dispute;case_2011_libya_civil_war_oil_disruption;case_2024_ukraine_drone_attacks_russian_refineries;case_2022_russia_fertilizer_export_restrictions;case_2021_colonial_pipeline_ransomware;case_2022_russia_airspace_closure_aviation_routes,True,False,
validation_v3,v3_20250730_copper_tariffs,U.S. imposes Section 232 tariffs on copper products,freight_routes,1,case_2023_mexico_nearshoring_cross_border_policy_risk,2,False,True,0,19,case_2021_suez_blockage;case_2023_red_sea_attacks;case_panama_canal_drought_shipping_capacity;case_black_sea_grain_export_disruption;case_cyberattack_pipeline_port_infrastructure;case_2023_port_of_nagoya_cyberattack;case_2024_us_east_gulf_port_strike;case_2019_india_pakistan_airspace_closure;case_2021_belarus_potash_sanctions;case_2017_notpetya_shipping_logistics_cyberattack;case_2023_black_sea_shipping_insurance_restrictions;case_2023_south_china_sea_shipping_tensions;case_2023_mexico_nearshoring_cross_border_policy_risk;case_1987_1988_tanker_war_reflagging;case_2008_somali_piracy_gulf_of_aden;case_2022_turkey_strait_tanker_insurance_backlog;case_2021_colonial_pipeline_ransomware;case_2023_dp_world_australia_cyber_port_disruption;case_2022_russia_airspace_closure_aviation_routes,18,case_2021_suez_blockage;case_2023_red_sea_attacks;case_panama_canal_drought_shipping_capacity;case_black_sea_grain_export_disruption;case_cyberattack_pipeline_port_infrastructure;case_2023_port_of_nagoya_cyberattack;case_2024_us_east_gulf_port_strike;case_2019_india_pakistan_airspace_closure;case_2021_belarus_potash_sanctions;case_2017_notpetya_shipping_logistics_cyberattack;case_2023_black_sea_shipping_insurance_restrictions;case_2023_south_china_sea_shipping_tensions;case_1987_1988_tanker_war_reflagging;case_2008_somali_piracy_gulf_of_aden;case_2022_turkey_strait_tanker_insurance_backlog;case_2021_colonial_pipeline_ransomware;case_2023_dp_world_australia_cyber_port_disruption;case_2022_russia_airspace_closure_aviation_routes,True,False,
validation_v3,v3_20250730_copper_tariffs,U.S. imposes Section 232 tariffs on copper products,logistics,5,case_2024_ev_tariff_escalation_china;case_2021_xinjiang_forced_labor_import_restrictions;case_2018_2019_us_china_tariffs;case_2023_mexico_nearshoring_cross_border_policy_risk;case_2022_peru_mine_protests_copper_supply,2,True,True,2,33,case_2021_suez_blockage;case_2023_red_sea_attacks;case_2018_2019_us_china_tariffs;case_panama_canal_drought_shipping_capacity;case_black_sea_grain_export_disruption;case_cyberattack_pipeline_port_infrastructure;case_2023_port_of_nagoya_cyberattack;case_2024_us_east_gulf_port_strike;case_2022_india_wheat_export_ban;case_2017_north_korea_missile_escalation;case_2019_india_pakistan_airspace_closure;case_2022_ukraine_electricity_grid_attacks;case_2023_niger_coup_uranium_supply_risk;case_2021_belarus_potash_sanctions;case_2021_xinjiang_forced_labor_import_restrictions;case_2024_ev_tariff_escalation_china;case_2017_notpetya_shipping_logistics_cyberattack;case_2023_black_sea_shipping_insurance_restrictions;case_2023_south_china_sea_shipping_tensions;case_2024_drc_cobalt_copper_mining_disruption;case_2023_mexico_nearshoring_cross_border_policy_risk;case_2021_myanmar_coup_supply_chain_disruption;case_1987_1988_tanker_war_reflagging;case_2008_somali_piracy_gulf_of_aden;case_2022_turkey_strait_tanker_insurance_backlog;case_2019_cosco_shipping_sanctions_tanker_market;case_2011_libya_civil_war_oil_disruption;case_2022_peru_mine_protests_copper_supply;case_2008_rice_export_restrictions_food_security;case_2022_russia_fertilizer_export_restrictions;case_2021_colonial_pipeline_ransomware;case_2023_dp_world_australia_cyber_port_disruption;case_2022_russia_airspace_closure_aviation_routes,28,case_2021_suez_blockage;case_2023_red_sea_attacks;case_panama_canal_drought_shipping_capacity;case_black_sea_grain_export_disruption;case_cyberattack_pipeline_port_infrastructure;case_2023_port_of_nagoya_cyberattack;case_2024_us_east_gulf_port_strike;case_2022_india_wheat_export_ban;case_2017_north_korea_missile_escalation;case_2019_india_pakistan_airspace_closure;case_2022_ukraine_electricity_grid_attacks;case_2023_niger_coup_uranium_supply_risk;case_2021_belarus_potash_sanctions;case_2017_notpetya_shipping_logistics_cyberattack;case_2023_black_sea_shipping_insurance_restrictions;case_2023_south_china_sea_shipping_tensions;case_2024_drc_cobalt_copper_mining_disruption;case_2021_myanmar_coup_supply_chain_disruption;case_1987_1988_tanker_war_reflagging;case_2008_somali_piracy_gulf_of_aden;case_2022_turkey_strait_tanker_insurance_backlog;case_2019_cosco_shipping_sanctions_tanker_market;case_2011_libya_civil_war_oil_disruption;case_2008_rice_export_restrictions_food_security;case_2022_russia_fertilizer_export_restrictions;case_2021_colonial_pipeline_ransomware;case_2023_dp_world_australia_cyber_port_disruption;case_2022_russia_airspace_closure_aviation_routes,False,False,
validation_v3,v3_20250730_copper_tariffs,U.S. imposes Section 232 tariffs on copper products,ports,2,case_2023_panama_cobre_mine_closure;case_2023_mexico_nearshoring_cross_border_policy_risk,2,True,True,2,9,case_2021_suez_blockage;case_cyberattack_pipeline_port_infrastructure;case_2023_port_of_nagoya_cyberattack;case_2024_us_east_gulf_port_strike;case_2017_notpetya_shipping_logistics_cyberattack;case_2023_mexico_nearshoring_cross_border_policy_risk;case_2021_myanmar_coup_supply_chain_disruption;case_2023_panama_cobre_mine_closure;case_2023_dp_world_australia_cyber_port_disruption,7,case_2021_suez_blockage;case_cyberattack_pipeline_port_infrastructure;case_2023_port_of_nagoya_cyberattack;case_2024_us_east_gulf_port_strike;case_2017_notpetya_shipping_logistics_cyberattack;case_2021_myanmar_coup_supply_chain_disruption;case_2023_dp_world_australia_cyber_port_disruption,False,False,
validation_v3,v3_20250730_copper_tariffs,U.S. imposes Section 232 tariffs on copper products,semiconductor_equipment,2,case_china_gallium_germanium_graphite_controls;case_2019_huawei_entity_list,2,True,True,2,11,case_2022_us_china_semiconductor_controls;case_2023_dutch_asml_controls;case_2019_huawei_entity_list;case_taiwan_strait_semiconductor_risk;case_china_gallium_germanium_graphite_controls;case_defense_spending_shock_after_escalation;case_2024_taiwan_strait_drills_semiconductor_supply;case_2017_north_korea_missile_escalation;case_2020_smic_entity_list_semiconductor_controls;case_2023_japan_chip_equipment_export_controls;case_2019_turkey_f35_s400_defense_restrictions,9,case_2022_us_china_semiconductor_controls;case_2023_dutch_asml_controls;case_taiwan_strait_semiconductor_risk;case_defense_spending_shock_after_escalation;case_2024_taiwan_strait_drills_semiconductor_supply;case_2017_north_korea_missile_escalation;case_2020_smic_entity_list_semiconductor_controls;case_2023_japan_chip_equipment_export_controls;case_2019_turkey_f35_s400_defense_restrictions,False,False,
validation_v3,v3_20250730_copper_tariffs,U.S. imposes Section 232 tariffs on copper products,trade_lanes,7,case_2023_panama_cobre_mine_closure;case_2024_ev_tariff_escalation_china;case_2021_xinjiang_forced_labor_import_restrictions;case_2018_2019_us_china_tariffs;case_2023_mexico_nearshoring_cross_border_policy_risk;case_2020_indonesia_nickel_export_ban;case_2022_peru_mine_protests_copper_supply,2,True,True,2,31,case_2018_2019_us_china_tariffs;case_uranium_nuclear_fuel_supply_disruption;case_2022_russia_swift_financial_sanctions;case_2024_us_east_gulf_port_strike;case_2022_india_wheat_export_ban;case_2022_russia_aviation_supply_chain_sanctions;case_2017_north_korea_missile_escalation;case_2019_india_pakistan_airspace_closure;case_2023_niger_coup_uranium_supply_risk;case_2022_chile_lithium_policy_shift;case_2020_indonesia_nickel_export_ban;case_2021_belarus_potash_sanctions;case_2021_xinjiang_forced_labor_import_restrictions;case_2024_ev_tariff_escalation_china;case_2023_south_china_sea_shipping_tensions;case_2024_drc_cobalt_copper_mining_disruption;case_2023_mexico_nearshoring_cross_border_policy_risk;case_2023_eu_carbon_border_adjustment_mechanism;case_2021_myanmar_coup_supply_chain_disruption;case_2014_crimea_financial_sanctions;case_2018_iran_swift_restrictions;case_2019_cosco_shipping_sanctions_tanker_market;case_2009_russia_ukraine_gas_transit_dispute;case_2011_libya_civil_war_oil_disruption;case_2010_china_japan_rare_earth_embargo;case_2022_peru_mine_protests_copper_supply;case_2023_panama_cobre_mine_closure;case_2008_rice_export_restrictions_food_security;case_2022_russia_fertilizer_export_restrictions;case_2023_dp_world_australia_cyber_port_disruption;case_2019_turkey_f35_s400_defense_restrictions,24,case_uranium_nuclear_fuel_supply_disruption;case_2022_russia_swift_financial_sanctions;case_2024_us_east_gulf_port_strike;case_2022_india_wheat_export_ban;case_2022_russia_aviation_supply_chain_sanctions;case_2017_north_korea_missile_escalation;case_2019_india_pakistan_airspace_closure;case_2023_niger_coup_uranium_supply_risk;case_2022_chile_lithium_policy_shift;case_2021_belarus_potash_sanctions;case_2023_south_china_sea_shipping_tensions;case_2024_drc_cobalt_copper_mining_disruption;case_2023_eu_carbon_border_adjustment_mechanism;case_2021_myanmar_coup_supply_chain_disruption;case_2014_crimea_financial_sanctions;case_2018_iran_swift_restrictions;case_2019_cosco_shipping_sanctions_tanker_market;case_2009_russia_ukraine_gas_transit_dispute;case_2011_libya_civil_war_oil_disruption;case_2010_china_japan_rare_earth_embargo;case_2008_rice_export_restrictions_food_security;case_2022_russia_fertilizer_export_restrictions;case_2023_dp_world_australia_cyber_port_disruption;case_2019_turkey_f35_s400_defense_restrictions,False,False,
validation_v3,v3_20240821_sounion_tanker_attack,MV Sounion oil tanker attacked in the Red Sea,aviation,2,case_2022_abu_dhabi_oil_facility_attack;case_middle_east_oil_supply_disruption,2,True,True,2,11,case_middle_east_oil_supply_disruption;case_opec_production_cut_policy_shock;case_2020_opec_plus_production_cut;case_2022_abu_dhabi_oil_facility_attack;case_2022_russia_aviation_supply_chain_sanctions;case_2017_north_korea_missile_escalation;case_2019_india_pakistan_airspace_closure;case_2011_libya_civil_war_oil_disruption;case_2024_ukraine_drone_attacks_russian_refineries;case_2021_colonial_pipeline_ransomware;case_2022_russia_airspace_closure_aviation_routes,9,case_opec_production_cut_policy_shock;case_2020_opec_plus_production_cut;case_2022_russia_aviation_supply_chain_sanctions;case_2017_north_korea_missile_escalation;case_2019_india_pakistan_airspace_closure;case_2011_libya_civil_war_oil_disruption;case_2024_ukraine_drone_attacks_russian_refineries;case_2021_colonial_pipeline_ransomware;case_2022_russia_airspace_closure_aviation_routes,False,False,
validation_v3,v3_20240821_sounion_tanker_attack,MV Sounion oil tanker attacked in the Red Sea,customs,1,case_2022_turkey_strait_tanker_insurance_backlog,2,False,True,0,32,case_2023_dutch_asml_controls;case_2019_huawei_entity_list;case_2018_2019_us_china_tariffs;case_china_gallium_germanium_graphite_controls;case_uranium_nuclear_fuel_supply_disruption;case_2022_russia_swift_financial_sanctions;case_2023_china_graphite_battery_export_controls;case_2022_india_wheat_export_ban;case_2022_russia_aviation_supply_chain_sanctions;case_2023_niger_coup_uranium_supply_risk;case_2022_chile_lithium_policy_shift;case_2020_indonesia_nickel_export_ban;case_2021_belarus_potash_sanctions;case_2021_xinjiang_forced_labor_import_restrictions;case_2024_ev_tariff_escalation_china;case_2024_drc_cobalt_copper_mining_disruption;case_2023_mexico_nearshoring_cross_border_policy_risk;case_2023_eu_carbon_border_adjustment_mechanism;case_2021_myanmar_coup_supply_chain_disruption;case_2022_turkey_strait_tanker_insurance_backlog;case_2014_crimea_financial_sanctions;case_2018_iran_swift_restrictions;case_2019_cosco_shipping_sanctions_tanker_market;case_2010_china_japan_rare_earth_embargo;case_2022_peru_mine_protests_copper_supply;case_2023_panama_cobre_mine_closure;case_2008_rice_export_restrictions_food_security;case_2022_russia_fertilizer_export_restrictions;case_2020_smic_entity_list_semiconductor_controls;case_2023_japan_chip_equipment_export_controls;case_2019_turkey_f35_s400_defense_restrictions;case_2022_russia_airspace_closure_aviation_routes,31,case_2023_dutch_asml_controls;case_2019_huawei_entity_list;case_2018_2019_us_china_tariffs;case_china_gallium_germanium_graphite_controls;case_uranium_nuclear_fuel_supply_disruption;case_2022_russia_swift_financial_sanctions;case_2023_china_graphite_battery_export_controls;case_2022_india_wheat_export_ban;case_2022_russia_aviation_supply_chain_sanctions;case_2023_niger_coup_uranium_supply_risk;case_2022_chile_lithium_policy_shift;case_2020_indonesia_nickel_export_ban;case_2021_belarus_potash_sanctions;case_2021_xinjiang_forced_labor_import_restrictions;case_2024_ev_tariff_escalation_china;case_2024_drc_cobalt_copper_mining_disruption;case_2023_mexico_nearshoring_cross_border_policy_risk;case_2023_eu_carbon_border_adjustment_mechanism;case_2021_myanmar_coup_supply_chain_disruption;case_2014_crimea_financial_sanctions;case_2018_iran_swift_restrictions;case_2019_cosco_shipping_sanctions_tanker_market;case_2010_china_japan_rare_earth_embargo;case_2022_peru_mine_protests_copper_supply;case_2023_panama_cobre_mine_closure;case_2008_rice_export_restrictions_food_security;case_2022_russia_fertilizer_export_restrictions;case_2020_smic_entity_list_semiconductor_controls;case_2023_japan_chip_equipment_export_controls;case_2019_turkey_f35_s400_defense_restrictions;case_2022_russia_airspace_closure_aviation_routes,True,False,
validation_v3,v3_20240821_sounion_tanker_attack,MV Sounion oil tanker attacked in the Red Sea,defense,4,case_1987_1988_tanker_war_reflagging;case_israel_iran_escalation_energy_risk;case_2022_abu_dhabi_oil_facility_attack;case_2023_south_china_sea_shipping_tensions,2,True,True,2,15,case_taiwan_strait_semiconductor_risk;case_rare_earth_export_restriction_risk;case_israel_iran_escalation_energy_risk;case_defense_spending_shock_after_escalation;case_2023_middle_east_defense_supply_escalation;case_2024_taiwan_strait_drills_semiconductor_supply;case_2022_abu_dhabi_oil_facility_attack;case_2022_russia_aviation_supply_chain_sanctions;case_2017_north_korea_missile_escalation;case_2019_india_pakistan_airspace_closure;case_2022_ukraine_electricity_grid_attacks;case_2023_south_china_sea_shipping_tensions;case_1987_1988_tanker_war_reflagging;case_2010_china_japan_rare_earth_embargo;case_2019_turkey_f35_s400_defense_restrictions,11,case_taiwan_strait_semiconductor_risk;case_rare_earth_export_restriction_risk;case_defense_spending_shock_after_escalation;case_2023_middle_east_defense_supply_escalation;case_2024_taiwan_strait_drills_semiconductor_supply;case_2022_russia_aviation_supply_chain_sanctions;case_2017_north_korea_missile_escalation;case_2019_india_pakistan_airspace_closure;case_2022_ukraine_electricity_grid_attacks;case_2010_china_japan_rare_earth_embargo;case_2019_turkey_f35_s400_defense_restrictions,False,False,
validation_v3,v3_20240821_sounion_tanker_attack,MV Sounion oil tanker attacked in the Red Sea,energy,7,case_1987_1988_tanker_war_reflagging;case_hormuz_tanker_tensions;case_israel_iran_escalation_energy_risk;case_2022_abu_dhabi_oil_facility_attack;case_middle_east_oil_supply_disruption;case_2023_arctic_lng_russian_energy_shipping_sanctions;case_2021_suez_blockage,2,True,True,2,28,case_2021_suez_blockage;case_hormuz_tanker_tensions;case_russia_ukraine_energy_shock;case_2022_gas_fertilizer_shock;case_middle_east_oil_supply_disruption;case_rare_earth_export_restriction_risk;case_opec_production_cut_policy_shock;case_israel_iran_escalation_energy_risk;case_cyberattack_pipeline_port_infrastructure;case_uranium_nuclear_fuel_supply_disruption;case_2022_russia_swift_financial_sanctions;case_2020_opec_plus_production_cut;case_2022_abu_dhabi_oil_facility_attack;case_2018_iran_oil_sanctions_reimposition;case_2019_venezuela_oil_sanctions;case_2022_nord_stream_pipeline_sabotage;case_2022_ukraine_electricity_grid_attacks;case_2023_niger_coup_uranium_supply_risk;case_2023_eu_carbon_border_adjustment_mechanism;case_2023_arctic_lng_russian_energy_shipping_sanctions;case_1987_1988_tanker_war_reflagging;case_2014_crimea_financial_sanctions;case_2009_russia_ukraine_gas_transit_dispute;case_2011_libya_civil_war_oil_disruption;case_2024_ukraine_drone_attacks_russian_refineries;case_2022_russia_fertilizer_export_restrictions;case_2021_colonial_pipeline_ransomware;case_2022_russia_airspace_closure_aviation_routes,21,case_russia_ukraine_energy_shock;case_2022_gas_fertilizer_shock;case_rare_earth_export_restriction_risk;case_opec_production_cut_policy_shock;case_cyberattack_pipeline_port_infrastructure;case_uranium_nuclear_fuel_supply_disruption;case_2022_russia_swift_financial_sanctions;case_2020_opec_plus_production_cut;case_2018_iran_oil_sanctions_reimposition;case_2019_venezuela_oil_sanctions;case_2022_nord_stream_pipeline_sabotage;case_2022_ukraine_electricity_grid_attacks;case_2023_niger_coup_uranium_supply_risk;case_2023_eu_carbon_border_adjustment_mechanism;case_2014_crimea_financial_sanctions;case_2009_russia_ukraine_gas_transit_dispute;case_2011_libya_civil_war_oil_disruption;case_2024_ukraine_drone_attacks_russian_refineries;case_2022_russia_fertilizer_export_restrictions;case_2021_colonial_pipeline_ransomware;case_2022_russia_airspace_closure_aviation_routes,False,False,
validation_v3,v3_20240821_sounion_tanker_attack,MV Sounion oil tanker attacked in the Red Sea,financial_sanctions,2,case_2023_arctic_lng_russian_energy_shipping_sanctions;case_2022_turkey_strait_tanker_insurance_backlog,2,True,True,2,8,case_2022_russia_swift_financial_sanctions;case_2018_iran_oil_sanctions_reimposition;case_2019_venezuela_oil_sanctions;case_2023_arctic_lng_russian_energy_shipping_sanctions;case_2022_turkey_strait_tanker_insurance_backlog;case_2014_crimea_financial_sanctions;case_2018_iran_swift_restrictions;case_2019_cosco_shipping_sanctions_tanker_market,6,case_2022_russia_swift_financial_sanctions;case_2018_iran_oil_sanctions_reimposition;case_2019_venezuela_oil_sanctions;case_2014_crimea_financial_sanctions;case_2018_iran_swift_restrictions;case_2019_cosco_shipping_sanctions_tanker_market,False,False,
validation_v3,v3_20240821_sounion_tanker_attack,MV Sounion oil tanker attacked in the Red Sea,payment_networks,1,case_2023_arctic_lng_russian_energy_shipping_sanctions,2,False,True,0,7,case_2022_russia_swift_financial_sanctions;case_2018_iran_oil_sanctions_reimposition;case_2019_venezuela_oil_sanctions;case_2023_arctic_lng_russian_energy_shipping_sanctions;case_2014_crimea_financial_sanctions;case_2018_iran_swift_restrictions;case_2019_cosco_shipping_sanctions_tanker_market,6,case_2022_russia_swift_financial_sanctions;case_2018_iran_oil_sanctions_reimposition;case_2019_venezuela_oil_sanctions;case_2014_crimea_financial_sanctions;case_2018_iran_swift_restrictions;case_2019_cosco_shipping_sanctions_tanker_market,True,False,
validation_v3,v3_20240821_sounion_tanker_attack,MV Sounion oil tanker attacked in the Red Sea,petrochemicals,2,case_2022_abu_dhabi_oil_facility_attack;case_middle_east_oil_supply_disruption,2,True,True,2,12,case_russia_ukraine_energy_shock;case_2022_gas_fertilizer_shock;case_middle_east_oil_supply_disruption;case_opec_production_cut_policy_shock;case_2020_opec_plus_production_cut;case_2022_abu_dhabi_oil_facility_attack;case_2018_iran_oil_sanctions_reimposition;case_2019_venezuela_oil_sanctions;case_2022_nord_stream_pipeline_sabotage;case_2009_russia_ukraine_gas_transit_dispute;case_2011_libya_civil_war_oil_disruption;case_2024_ukraine_drone_attacks_russian_refineries,10,case_russia_ukraine_energy_shock;case_2022_gas_fertilizer_shock;case_opec_production_cut_policy_shock;case_2020_opec_plus_production_cut;case_2018_iran_oil_sanctions_reimposition;case_2019_venezuela_oil_sanctions;case_2022_nord_stream_pipeline_sabotage;case_2009_russia_ukraine_gas_transit_dispute;case_2011_libya_civil_war_oil_disruption;case_2024_ukraine_drone_attacks_russian_refineries,False,False,
validation_v3,v3_20240821_sounion_tanker_attack,MV Sounion oil tanker attacked in the Red Sea,ports,1,case_2021_suez_blockage,2,False,True,0,9,case_2021_suez_blockage;case_cyberattack_pipeline_port_infrastructure;case_2023_port_of_nagoya_cyberattack;case_2024_us_east_gulf_port_strike;case_2017_notpetya_shipping_logistics_cyberattack;case_2023_mexico_nearshoring_cross_border_policy_risk;case_2021_myanmar_coup_supply_chain_disruption;case_2023_panama_cobre_mine_closure;case_2023_dp_world_australia_cyber_port_disruption,8,case_cyberattack_pipeline_port_infrastructure;case_2023_port_of_nagoya_cyberattack;case_2024_us_east_gulf_port_strike;case_2017_notpetya_shipping_logistics_cyberattack;case_2023_mexico_nearshoring_cross_border_policy_risk;case_2021_myanmar_coup_supply_chain_disruption;case_2023_panama_cobre_mine_closure;case_2023_dp_world_australia_cyber_port_disruption,True,False,
validation_v3,v3_20240821_sounion_tanker_attack,MV Sounion oil tanker attacked in the Red Sea,refining,4,case_hormuz_tanker_tensions;case_israel_iran_escalation_energy_risk;case_2022_abu_dhabi_oil_facility_attack;case_middle_east_oil_supply_disruption,2,True,True,2,12,case_hormuz_tanker_tensions;case_russia_ukraine_energy_shock;case_middle_east_oil_supply_disruption;case_opec_production_cut_policy_shock;case_israel_iran_escalation_energy_risk;case_2020_opec_plus_production_cut;case_2022_abu_dhabi_oil_facility_attack;case_2018_iran_oil_sanctions_reimposition;case_2019_venezuela_oil_sanctions;case_2011_libya_civil_war_oil_disruption;case_2024_ukraine_drone_attacks_russian_refineries;case_2021_colonial_pipeline_ransomware,8,case_russia_ukraine_energy_shock;case_opec_production_cut_policy_shock;case_2020_opec_plus_production_cut;case_2018_iran_oil_sanctions_reimposition;case_2019_venezuela_oil_sanctions;case_2011_libya_civil_war_oil_disruption;case_2024_ukraine_drone_attacks_russian_refineries;case_2021_colonial_pipeline_ransomware,False,False,
validation_v3,v3_20240821_sounion_tanker_attack,MV Sounion oil tanker attacked in the Red Sea,trade_lanes,1,case_2023_south_china_sea_shipping_tensions,2,False,True,0,31,case_2018_2019_us_china_tariffs;case_uranium_nuclear_fuel_supply_disruption;case_2022_russia_swift_financial_sanctions;case_2024_us_east_gulf_port_strike;case_2022_india_wheat_export_ban;case_2022_russia_aviation_supply_chain_sanctions;case_2017_north_korea_missile_escalation;case_2019_india_pakistan_airspace_closure;case_2023_niger_coup_uranium_supply_risk;case_2022_chile_lithium_policy_shift;case_2020_indonesia_nickel_export_ban;case_2021_belarus_potash_sanctions;case_2021_xinjiang_forced_labor_import_restrictions;case_2024_ev_tariff_escalation_china;case_2023_south_china_sea_shipping_tensions;case_2024_drc_cobalt_copper_mining_disruption;case_2023_mexico_nearshoring_cross_border_policy_risk;case_2023_eu_carbon_border_adjustment_mechanism;case_2021_myanmar_coup_supply_chain_disruption;case_2014_crimea_financial_sanctions;case_2018_iran_swift_restrictions;case_2019_cosco_shipping_sanctions_tanker_market;case_2009_russia_ukraine_gas_transit_dispute;case_2011_libya_civil_war_oil_disruption;case_2010_china_japan_rare_earth_embargo;case_2022_peru_mine_protests_copper_supply;case_2023_panama_cobre_mine_closure;case_2008_rice_export_restrictions_food_security;case_2022_russia_fertilizer_export_restrictions;case_2023_dp_world_australia_cyber_port_disruption;case_2019_turkey_f35_s400_defense_restrictions,30,case_2018_2019_us_china_tariffs;case_uranium_nuclear_fuel_supply_disruption;case_2022_russia_swift_financial_sanctions;case_2024_us_east_gulf_port_strike;case_2022_india_wheat_export_ban;case_2022_russia_aviation_supply_chain_sanctions;case_2017_north_korea_missile_escalation;case_2019_india_pakistan_airspace_closure;case_2023_niger_coup_uranium_supply_risk;case_2022_chile_lithium_policy_shift;case_2020_indonesia_nickel_export_ban;case_2021_belarus_potash_sanctions;case_2021_xinjiang_forced_labor_import_restrictions;case_2024_ev_tariff_escalation_china;case_2024_drc_cobalt_copper_mining_disruption;case_2023_mexico_nearshoring_cross_border_policy_risk;case_2023_eu_carbon_border_adjustment_mechanism;case_2021_myanmar_coup_supply_chain_disruption;case_2014_crimea_financial_sanctions;case_2018_iran_swift_restrictions;case_2019_cosco_shipping_sanctions_tanker_market;case_2009_russia_ukraine_gas_transit_dispute;case_2011_libya_civil_war_oil_disruption;case_2010_china_japan_rare_earth_embargo;case_2022_peru_mine_protests_copper_supply;case_2023_panama_cobre_mine_closure;case_2008_rice_export_restrictions_food_security;case_2022_russia_fertilizer_export_restrictions;case_2023_dp_world_australia_cyber_port_disruption;case_2019_turkey_f35_s400_defense_restrictions,True,False,
validation_v3,v3_20250110_us_russia_oil_sanctions,U.S. sanctions Russian oil producers and shadow-fleet vessels,aerospace_supply_chain,1,case_2022_russia_aviation_supply_chain_sanctions,2,False,True,0,4,case_2023_middle_east_defense_supply_escalation;case_2022_russia_aviation_supply_chain_sanctions;case_2019_turkey_f35_s400_defense_restrictions;case_2022_russia_airspace_closure_aviation_routes,3,case_2023_middle_east_defense_supply_escalation;case_2019_turkey_f35_s400_defense_restrictions;case_2022_russia_airspace_closure_aviation_routes,True,False,
validation_v3,v3_20250110_us_russia_oil_sanctions,U.S. sanctions Russian oil producers and shadow-fleet vessels,aviation,2,case_2022_russia_aviation_supply_chain_sanctions;case_2024_ukraine_drone_attacks_russian_refineries,2,True,True,2,11,case_middle_east_oil_supply_disruption;case_opec_production_cut_policy_shock;case_2020_opec_plus_production_cut;case_2022_abu_dhabi_oil_facility_attack;case_2022_russia_aviation_supply_chain_sanctions;case_2017_north_korea_missile_escalation;case_2019_india_pakistan_airspace_closure;case_2011_libya_civil_war_oil_disruption;case_2024_ukraine_drone_attacks_russian_refineries;case_2021_colonial_pipeline_ransomware;case_2022_russia_airspace_closure_aviation_routes,9,case_middle_east_oil_supply_disruption;case_opec_production_cut_policy_shock;case_2020_opec_plus_production_cut;case_2022_abu_dhabi_oil_facility_attack;case_2017_north_korea_missile_escalation;case_2019_india_pakistan_airspace_closure;case_2011_libya_civil_war_oil_disruption;case_2021_colonial_pipeline_ransomware;case_2022_russia_airspace_closure_aviation_routes,False,False,
validation_v3,v3_20250110_us_russia_oil_sanctions,U.S. sanctions Russian oil producers and shadow-fleet vessels,customs,5,case_2014_crimea_financial_sanctions;case_2018_iran_swift_restrictions;case_2022_russia_swift_financial_sanctions;case_2019_cosco_shipping_sanctions_tanker_market;case_2022_russia_aviation_supply_chain_sanctions,2,True,True,2,32,case_2023_dutch_asml_controls;case_2019_huawei_entity_list;case_2018_2019_us_china_tariffs;case_china_gallium_germanium_graphite_controls;case_uranium_nuclear_fuel_supply_disruption;case_2022_russia_swift_financial_sanctions;case_2023_china_graphite_battery_export_controls;case_2022_india_wheat_export_ban;case_2022_russia_aviation_supply_chain_sanctions;case_2023_niger_coup_uranium_supply_risk;case_2022_chile_lithium_policy_shift;case_2020_indonesia_nickel_export_ban;case_2021_belarus_potash_sanctions;case_2021_xinjiang_forced_labor_import_restrictions;case_2024_ev_tariff_escalation_china;case_2024_drc_cobalt_copper_mining_disruption;case_2023_mexico_nearshoring_cross_border_policy_risk;case_2023_eu_carbon_border_adjustment_mechanism;case_2021_myanmar_coup_supply_chain_disruption;case_2022_turkey_strait_tanker_insurance_backlog;case_2014_crimea_financial_sanctions;case_2018_iran_swift_restrictions;case_2019_cosco_shipping_sanctions_tanker_market;case_2010_china_japan_rare_earth_embargo;case_2022_peru_mine_protests_copper_supply;case_2023_panama_cobre_mine_closure;case_2008_rice_export_restrictions_food_security;case_2022_russia_fertilizer_export_restrictions;case_2020_smic_entity_list_semiconductor_controls;case_2023_japan_chip_equipment_export_controls;case_2019_turkey_f35_s400_defense_restrictions;case_2022_russia_airspace_closure_aviation_routes,27,case_2023_dutch_asml_controls;case_2019_huawei_entity_list;case_2018_2019_us_china_tariffs;case_china_gallium_germanium_graphite_controls;case_uranium_nuclear_fuel_supply_disruption;case_2023_china_graphite_battery_export_controls;case_2022_india_wheat_export_ban;case_2023_niger_coup_uranium_supply_risk;case_2022_chile_lithium_policy_shift;case_2020_indonesia_nickel_export_ban;case_2021_belarus_potash_sanctions;case_2021_xinjiang_forced_labor_import_restrictions;case_2024_ev_tariff_escalation_china;case_2024_drc_cobalt_copper_mining_disruption;case_2023_mexico_nearshoring_cross_border_policy_risk;case_2023_eu_carbon_border_adjustment_mechanism;case_2021_myanmar_coup_supply_chain_disruption;case_2022_turkey_strait_tanker_insurance_backlog;case_2010_china_japan_rare_earth_embargo;case_2022_peru_mine_protests_copper_supply;case_2023_panama_cobre_mine_closure;case_2008_rice_export_restrictions_food_security;case_2022_russia_fertilizer_export_restrictions;case_2020_smic_entity_list_semiconductor_controls;case_2023_japan_chip_equipment_export_controls;case_2019_turkey_f35_s400_defense_restrictions;case_2022_russia_airspace_closure_aviation_routes,False,False,
validation_v3,v3_20250110_us_russia_oil_sanctions,U.S. sanctions Russian oil producers and shadow-fleet vessels,defense,1,case_2022_russia_aviation_supply_chain_sanctions,2,False,True,0,15,case_taiwan_strait_semiconductor_risk;case_rare_earth_export_restriction_risk;case_israel_iran_escalation_energy_risk;case_defense_spending_shock_after_escalation;case_2023_middle_east_defense_supply_escalation;case_2024_taiwan_strait_drills_semiconductor_supply;case_2022_abu_dhabi_oil_facility_attack;case_2022_russia_aviation_supply_chain_sanctions;case_2017_north_korea_missile_escalation;case_2019_india_pakistan_airspace_closure;case_2022_ukraine_electricity_grid_attacks;case_2023_south_china_sea_shipping_tensions;case_1987_1988_tanker_war_reflagging;case_2010_china_japan_rare_earth_embargo;case_2019_turkey_f35_s400_defense_restrictions,14,case_taiwan_strait_semiconductor_risk;case_rare_earth_export_restriction_risk;case_israel_iran_escalation_energy_risk;case_defense_spending_shock_after_escalation;case_2023_middle_east_defense_supply_escalation;case_2024_taiwan_strait_drills_semiconductor_supply;case_2022_abu_dhabi_oil_facility_attack;case_2017_north_korea_missile_escalation;case_2019_india_pakistan_airspace_closure;case_2022_ukraine_electricity_grid_attacks;case_2023_south_china_sea_shipping_tensions;case_1987_1988_tanker_war_reflagging;case_2010_china_japan_rare_earth_embargo;case_2019_turkey_f35_s400_defense_restrictions,True,False,
validation_v3,v3_20250110_us_russia_oil_sanctions,U.S. sanctions Russian oil producers and shadow-fleet vessels,financial_sanctions,7,case_2023_arctic_lng_russian_energy_shipping_sanctions;case_2018_iran_oil_sanctions_reimposition;case_2019_venezuela_oil_sanctions;case_2014_crimea_financial_sanctions;case_2018_iran_swift_restrictions;case_2022_russia_swift_financial_sanctions;case_2019_cosco_shipping_sanctions_tanker_market,2,True,True,2,8,case_2022_russia_swift_financial_sanctions;case_2018_iran_oil_sanctions_reimposition;case_2019_venezuela_oil_sanctions;case_2023_arctic_lng_russian_energy_shipping_sanctions;case_2022_turkey_strait_tanker_insurance_backlog;case_2014_crimea_financial_sanctions;case_2018_iran_swift_restrictions;case_2019_cosco_shipping_sanctions_tanker_market,1,case_2022_turkey_strait_tanker_insurance_backlog,False,False,
validation_v3,v3_20250110_us_russia_oil_sanctions,U.S. sanctions Russian oil producers and shadow-fleet vessels,logistics,1,case_2019_cosco_shipping_sanctions_tanker_market,2,False,True,0,33,case_2021_suez_blockage;case_2023_red_sea_attacks;case_2018_2019_us_china_tariffs;case_panama_canal_drought_shipping_capacity;case_black_sea_grain_export_disruption;case_cyberattack_pipeline_port_infrastructure;case_2023_port_of_nagoya_cyberattack;case_2024_us_east_gulf_port_strike;case_2022_india_wheat_export_ban;case_2017_north_korea_missile_escalation;case_2019_india_pakistan_airspace_closure;case_2022_ukraine_electricity_grid_attacks;case_2023_niger_coup_uranium_supply_risk;case_2021_belarus_potash_sanctions;case_2021_xinjiang_forced_labor_import_restrictions;case_2024_ev_tariff_escalation_china;case_2017_notpetya_shipping_logistics_cyberattack;case_2023_black_sea_shipping_insurance_restrictions;case_2023_south_china_sea_shipping_tensions;case_2024_drc_cobalt_copper_mining_disruption;case_2023_mexico_nearshoring_cross_border_policy_risk;case_2021_myanmar_coup_supply_chain_disruption;case_1987_1988_tanker_war_reflagging;case_2008_somali_piracy_gulf_of_aden;case_2022_turkey_strait_tanker_insurance_backlog;case_2019_cosco_shipping_sanctions_tanker_market;case_2011_libya_civil_war_oil_disruption;case_2022_peru_mine_protests_copper_supply;case_2008_rice_export_restrictions_food_security;case_2022_russia_fertilizer_export_restrictions;case_2021_colonial_pipeline_ransomware;case_2023_dp_world_australia_cyber_port_disruption;case_2022_russia_airspace_closure_aviation_routes,32,case_2021_suez_blockage;case_2023_red_sea_attacks;case_2018_2019_us_china_tariffs;case_panama_canal_drought_shipping_capacity;case_black_sea_grain_export_disruption;case_cyberattack_pipeline_port_infrastructure;case_2023_port_of_nagoya_cyberattack;case_2024_us_east_gulf_port_strike;case_2022_india_wheat_export_ban;case_2017_north_korea_missile_escalation;case_2019_india_pakistan_airspace_closure;case_2022_ukraine_electricity_grid_attacks;case_2023_niger_coup_uranium_supply_risk;case_2021_belarus_potash_sanctions;case_2021_xinjiang_forced_labor_import_restrictions;case_2024_ev_tariff_escalation_china;case_2017_notpetya_shipping_logistics_cyberattack;case_2023_black_sea_shipping_insurance_restrictions;case_2023_south_china_sea_shipping_tensions;case_2024_drc_cobalt_copper_mining_disruption;case_2023_mexico_nearshoring_cross_border_policy_risk;case_2021_myanmar_coup_supply_chain_disruption;case_1987_1988_tanker_war_reflagging;case_2008_somali_piracy_gulf_of_aden;case_2022_turkey_strait_tanker_insurance_backlog;case_2011_libya_civil_war_oil_disruption;case_2022_peru_mine_protests_copper_supply;case_2008_rice_export_restrictions_food_security;case_2022_russia_fertilizer_export_restrictions;case_2021_colonial_pipeline_ransomware;case_2023_dp_world_australia_cyber_port_disruption;case_2022_russia_airspace_closure_aviation_routes,True,False,
validation_v3,v3_20250110_us_russia_oil_sanctions,U.S. sanctions Russian oil producers and shadow-fleet vessels,marine_insurance,4,case_2023_arctic_lng_russian_energy_shipping_sanctions;case_2018_iran_oil_sanctions_reimposition;case_2018_iran_swift_restrictions;case_2019_cosco_shipping_sanctions_tanker_market,2,True,True,2,12,case_2023_red_sea_attacks;case_hormuz_tanker_tensions;case_israel_iran_escalation_energy_risk;case_2018_iran_oil_sanctions_reimposition;case_2023_black_sea_shipping_insurance_restrictions;case_2023_south_china_sea_shipping_tensions;case_2023_arctic_lng_russian_energy_shipping_sanctions;case_1987_1988_tanker_war_reflagging;case_2008_somali_piracy_gulf_of_aden;case_2022_turkey_strait_tanker_insurance_backlog;case_2018_iran_swift_restrictions;case_2019_cosco_shipping_sanctions_tanker_market,8,case_2023_red_sea_attacks;case_hormuz_tanker_tensions;case_israel_iran_escalation_energy_risk;case_2023_black_sea_shipping_insurance_restrictions;case_2023_south_china_sea_shipping_tensions;case_1987_1988_tanker_war_reflagging;case_2008_somali_piracy_gulf_of_aden;case_2022_turkey_strait_tanker_insurance_backlog,False,False,
validation_v3,v3_20250110_us_russia_oil_sanctions,U.S. sanctions Russian oil producers and shadow-fleet vessels,maritime_chokepoint,1,case_2023_arctic_lng_russian_energy_shipping_sanctions,2,False,True,0,12,case_2021_suez_blockage;case_2023_red_sea_attacks;case_hormuz_tanker_tensions;case_panama_canal_drought_shipping_capacity;case_black_sea_grain_export_disruption;case_israel_iran_escalation_energy_risk;case_2023_black_sea_shipping_insurance_restrictions;case_2023_south_china_sea_shipping_tensions;case_2023_arctic_lng_russian_energy_shipping_sanctions;case_1987_1988_tanker_war_reflagging;case_2008_somali_piracy_gulf_of_aden;case_2022_turkey_strait_tanker_insurance_backlog,11,case_2021_suez_blockage;case_2023_red_sea_attacks;case_hormuz_tanker_tensions;case_panama_canal_drought_shipping_capacity;case_black_sea_grain_export_disruption;case_israel_iran_escalation_energy_risk;case_2023_black_sea_shipping_insurance_restrictions;case_2023_south_china_sea_shipping_tensions;case_1987_1988_tanker_war_reflagging;case_2008_somali_piracy_gulf_of_aden;case_2022_turkey_strait_tanker_insurance_backlog,True,False,
validation_v3,v3_20250110_us_russia_oil_sanctions,U.S. sanctions Russian oil producers and shadow-fleet vessels,oil_shipping,6,case_2023_arctic_lng_russian_energy_shipping_sanctions;case_2018_iran_oil_sanctions_reimposition;case_2019_venezuela_oil_sanctions;case_2018_iran_swift_restrictions;case_2019_cosco_shipping_sanctions_tanker_market;case_2024_ukraine_drone_attacks_russian_refineries,2,True,True,2,17,case_2023_red_sea_attacks;case_hormuz_tanker_tensions;case_middle_east_oil_supply_disruption;case_opec_production_cut_policy_shock;case_israel_iran_escalation_energy_risk;case_2020_opec_plus_production_cut;case_2022_abu_dhabi_oil_facility_attack;case_2018_iran_oil_sanctions_reimposition;case_2019_venezuela_oil_sanctions;case_2023_arctic_lng_russian_energy_shipping_sanctions;case_1987_1988_tanker_war_reflagging;case_2008_somali_piracy_gulf_of_aden;case_2022_turkey_strait_tanker_insurance_backlog;case_2018_iran_swift_restrictions;case_2019_cosco_shipping_sanctions_tanker_market;case_2011_libya_civil_war_oil_disruption;case_2024_ukraine_drone_attacks_russian_refineries,11,case_2023_red_sea_attacks;case_hormuz_tanker_tensions;case_middle_east_oil_supply_disruption;case_opec_production_cut_policy_shock;case_israel_iran_escalation_energy_risk;case_2020_opec_plus_production_cut;case_2022_abu_dhabi_oil_facility_attack;case_1987_1988_tanker_war_reflagging;case_2008_somali_piracy_gulf_of_aden;case_2022_turkey_strait_tanker_insurance_backlog;case_2011_libya_civil_war_oil_disruption,False,False,
validation_v3,v3_20250110_us_russia_oil_sanctions,U.S. sanctions Russian oil producers and shadow-fleet vessels,payment_networks,7,case_2023_arctic_lng_russian_energy_shipping_sanctions;case_2018_iran_oil_sanctions_reimposition;case_2019_venezuela_oil_sanctions;case_2014_crimea_financial_sanctions;case_2018_iran_swift_restrictions;case_2022_russia_swift_financial_sanctions;case_2019_cosco_shipping_sanctions_tanker_market,2,True,True,2,7,case_2022_russia_swift_financial_sanctions;case_2018_iran_oil_sanctions_reimposition;case_2019_venezuela_oil_sanctions;case_2023_arctic_lng_russian_energy_shipping_sanctions;case_2014_crimea_financial_sanctions;case_2018_iran_swift_restrictions;case_2019_cosco_shipping_sanctions_tanker_market,0,,False,False,
validation_v3,v3_20250110_us_russia_oil_sanctions,U.S. sanctions Russian oil producers and shadow-fleet vessels,pipeline_infrastructure,1,case_2024_ukraine_drone_attacks_russian_refineries,2,False,True,0,6,case_cyberattack_pipeline_port_infrastructure;case_2022_nord_stream_pipeline_sabotage;case_2022_ukraine_electricity_grid_attacks;case_2009_russia_ukraine_gas_transit_dispute;case_2024_ukraine_drone_attacks_russian_refineries;case_2021_colonial_pipeline_ransomware,5,case_cyberattack_pipeline_port_infrastructure;case_2022_nord_stream_pipeline_sabotage;case_2022_ukraine_electricity_grid_attacks;case_2009_russia_ukraine_gas_transit_dispute;case_2021_colonial_pipeline_ransomware,True,False,
validation_v3,v3_20250110_us_russia_oil_sanctions,U.S. sanctions Russian oil producers and shadow-fleet vessels,trade_lanes,5,case_2014_crimea_financial_sanctions;case_2018_iran_swift_restrictions;case_2022_russia_swift_financial_sanctions;case_2019_cosco_shipping_sanctions_tanker_market;case_2022_russia_aviation_supply_chain_sanctions,2,True,True,2,31,case_2018_2019_us_china_tariffs;case_uranium_nuclear_fuel_supply_disruption;case_2022_russia_swift_financial_sanctions;case_2024_us_east_gulf_port_strike;case_2022_india_wheat_export_ban;case_2022_russia_aviation_supply_chain_sanctions;case_2017_north_korea_missile_escalation;case_2019_india_pakistan_airspace_closure;case_2023_niger_coup_uranium_supply_risk;case_2022_chile_lithium_policy_shift;case_2020_indonesia_nickel_export_ban;case_2021_belarus_potash_sanctions;case_2021_xinjiang_forced_labor_import_restrictions;case_2024_ev_tariff_escalation_china;case_2023_south_china_sea_shipping_tensions;case_2024_drc_cobalt_copper_mining_disruption;case_2023_mexico_nearshoring_cross_border_policy_risk;case_2023_eu_carbon_border_adjustment_mechanism;case_2021_myanmar_coup_supply_chain_disruption;case_2014_crimea_financial_sanctions;case_2018_iran_swift_restrictions;case_2019_cosco_shipping_sanctions_tanker_market;case_2009_russia_ukraine_gas_transit_dispute;case_2011_libya_civil_war_oil_disruption;case_2010_china_japan_rare_earth_embargo;case_2022_peru_mine_protests_copper_supply;case_2023_panama_cobre_mine_closure;case_2008_rice_export_restrictions_food_security;case_2022_russia_fertilizer_export_restrictions;case_2023_dp_world_australia_cyber_port_disruption;case_2019_turkey_f35_s400_defense_restrictions,26,case_2018_2019_us_china_tariffs;case_uranium_nuclear_fuel_supply_disruption;case_2024_us_east_gulf_port_strike;case_2022_india_wheat_export_ban;case_2017_north_korea_missile_escalation;case_2019_india_pakistan_airspace_closure;case_2023_niger_coup_uranium_supply_risk;case_2022_chile_lithium_policy_shift;case_2020_indonesia_nickel_export_ban;case_2021_belarus_potash_sanctions;case_2021_xinjiang_forced_labor_import_restrictions;case_2024_ev_tariff_escalation_china;case_2023_south_china_sea_shipping_tensions;case_2024_drc_cobalt_copper_mining_disruption;case_2023_mexico_nearshoring_cross_border_policy_risk;case_2023_eu_carbon_border_adjustment_mechanism;case_2021_myanmar_coup_supply_chain_disruption;case_2009_russia_ukraine_gas_transit_dispute;case_2011_libya_civil_war_oil_disruption;case_2010_china_japan_rare_earth_embargo;case_2022_peru_mine_protests_copper_supply;case_2023_panama_cobre_mine_closure;case_2008_rice_export_restrictions_food_security;case_2022_russia_fertilizer_export_restrictions;case_2023_dp_world_australia_cyber_port_disruption;case_2019_turkey_f35_s400_defense_restrictions,False,False,
validation_v3,v3_20250224_eu_16th_russia_sanctions,EU adopts 16th Russia sanctions package targeting shadow fleet and military suppliers,aerospace_supply_chain,1,case_2022_russia_aviation_supply_chain_sanctions,2,False,True,0,4,case_2023_middle_east_defense_supply_escalation;case_2022_russia_aviation_supply_chain_sanctions;case_2019_turkey_f35_s400_defense_restrictions;case_2022_russia_airspace_closure_aviation_routes,3,case_2023_middle_east_defense_supply_escalation;case_2019_turkey_f35_s400_defense_restrictions;case_2022_russia_airspace_closure_aviation_routes,True,False,
validation_v3,v3_20250224_eu_16th_russia_sanctions,EU adopts 16th Russia sanctions package targeting shadow fleet and military suppliers,aviation,1,case_2022_russia_aviation_supply_chain_sanctions,2,False,True,0,11,case_middle_east_oil_supply_disruption;case_opec_production_cut_policy_shock;case_2020_opec_plus_production_cut;case_2022_abu_dhabi_oil_facility_attack;case_2022_russia_aviation_supply_chain_sanctions;case_2017_north_korea_missile_escalation;case_2019_india_pakistan_airspace_closure;case_2011_libya_civil_war_oil_disruption;case_2024_ukraine_drone_attacks_russian_refineries;case_2021_colonial_pipeline_ransomware;case_2022_russia_airspace_closure_aviation_routes,10,case_middle_east_oil_supply_disruption;case_opec_production_cut_policy_shock;case_2020_opec_plus_production_cut;case_2022_abu_dhabi_oil_facility_attack;case_2017_north_korea_missile_escalation;case_2019_india_pakistan_airspace_closure;case_2011_libya_civil_war_oil_disruption;case_2024_ukraine_drone_attacks_russian_refineries;case_2021_colonial_pipeline_ransomware;case_2022_russia_airspace_closure_aviation_routes,True,False,
validation_v3,v3_20250224_eu_16th_russia_sanctions,EU adopts 16th Russia sanctions package targeting shadow fleet and military suppliers,customs,6,case_2014_crimea_financial_sanctions;case_2022_russia_swift_financial_sanctions;case_2022_russia_aviation_supply_chain_sanctions;case_2018_iran_swift_restrictions;case_2019_cosco_shipping_sanctions_tanker_market;case_2022_turkey_strait_tanker_insurance_backlog,2,True,True,2,32,case_2023_dutch_asml_controls;case_2019_huawei_entity_list;case_2018_2019_us_china_tariffs;case_china_gallium_germanium_graphite_controls;case_uranium_nuclear_fuel_supply_disruption;case_2022_russia_swift_financial_sanctions;case_2023_china_graphite_battery_export_controls;case_2022_india_wheat_export_ban;case_2022_russia_aviation_supply_chain_sanctions;case_2023_niger_coup_uranium_supply_risk;case_2022_chile_lithium_policy_shift;case_2020_indonesia_nickel_export_ban;case_2021_belarus_potash_sanctions;case_2021_xinjiang_forced_labor_import_restrictions;case_2024_ev_tariff_escalation_china;case_2024_drc_cobalt_copper_mining_disruption;case_2023_mexico_nearshoring_cross_border_policy_risk;case_2023_eu_carbon_border_adjustment_mechanism;case_2021_myanmar_coup_supply_chain_disruption;case_2022_turkey_strait_tanker_insurance_backlog;case_2014_crimea_financial_sanctions;case_2018_iran_swift_restrictions;case_2019_cosco_shipping_sanctions_tanker_market;case_2010_china_japan_rare_earth_embargo;case_2022_peru_mine_protests_copper_supply;case_2023_panama_cobre_mine_closure;case_2008_rice_export_restrictions_food_security;case_2022_russia_fertilizer_export_restrictions;case_2020_smic_entity_list_semiconductor_controls;case_2023_japan_chip_equipment_export_controls;case_2019_turkey_f35_s400_defense_restrictions;case_2022_russia_airspace_closure_aviation_routes,26,case_2023_dutch_asml_controls;case_2019_huawei_entity_list;case_2018_2019_us_china_tariffs;case_china_gallium_germanium_graphite_controls;case_uranium_nuclear_fuel_supply_disruption;case_2023_china_graphite_battery_export_controls;case_2022_india_wheat_export_ban;case_2023_niger_coup_uranium_supply_risk;case_2022_chile_lithium_policy_shift;case_2020_indonesia_nickel_export_ban;case_2021_belarus_potash_sanctions;case_2021_xinjiang_forced_labor_import_restrictions;case_2024_ev_tariff_escalation_china;case_2024_drc_cobalt_copper_mining_disruption;case_2023_mexico_nearshoring_cross_border_policy_risk;case_2023_eu_carbon_border_adjustment_mechanism;case_2021_myanmar_coup_supply_chain_disruption;case_2010_china_japan_rare_earth_embargo;case_2022_peru_mine_protests_copper_supply;case_2023_panama_cobre_mine_closure;case_2008_rice_export_restrictions_food_security;case_2022_russia_fertilizer_export_restrictions;case_2020_smic_entity_list_semiconductor_controls;case_2023_japan_chip_equipment_export_controls;case_2019_turkey_f35_s400_defense_restrictions;case_2022_russia_airspace_closure_aviation_routes,False,False,
validation_v3,v3_20250224_eu_16th_russia_sanctions,EU adopts 16th Russia sanctions package targeting shadow fleet and military suppliers,defense,1,case_2022_russia_aviation_supply_chain_sanctions,2,False,True,0,15,case_taiwan_strait_semiconductor_risk;case_rare_earth_export_restriction_risk;case_israel_iran_escalation_energy_risk;case_defense_spending_shock_after_escalation;case_2023_middle_east_defense_supply_escalation;case_2024_taiwan_strait_drills_semiconductor_supply;case_2022_abu_dhabi_oil_facility_attack;case_2022_russia_aviation_supply_chain_sanctions;case_2017_north_korea_missile_escalation;case_2019_india_pakistan_airspace_closure;case_2022_ukraine_electricity_grid_attacks;case_2023_south_china_sea_shipping_tensions;case_1987_1988_tanker_war_reflagging;case_2010_china_japan_rare_earth_embargo;case_2019_turkey_f35_s400_defense_restrictions,14,case_taiwan_strait_semiconductor_risk;case_rare_earth_export_restriction_risk;case_israel_iran_escalation_energy_risk;case_defense_spending_shock_after_escalation;case_2023_middle_east_defense_supply_escalation;case_2024_taiwan_strait_drills_semiconductor_supply;case_2022_abu_dhabi_oil_facility_attack;case_2017_north_korea_missile_escalation;case_2019_india_pakistan_airspace_closure;case_2022_ukraine_electricity_grid_attacks;case_2023_south_china_sea_shipping_tensions;case_1987_1988_tanker_war_reflagging;case_2010_china_japan_rare_earth_embargo;case_2019_turkey_f35_s400_defense_restrictions,True,False,
validation_v3,v3_20250224_eu_16th_russia_sanctions,EU adopts 16th Russia sanctions package targeting shadow fleet and military suppliers,financial_sanctions,8,case_2023_arctic_lng_russian_energy_shipping_sanctions;case_2014_crimea_financial_sanctions;case_2018_iran_oil_sanctions_reimposition;case_2022_russia_swift_financial_sanctions;case_2018_iran_swift_restrictions;case_2019_cosco_shipping_sanctions_tanker_market;case_2019_venezuela_oil_sanctions;case_2022_turkey_strait_tanker_insurance_backlog,2,True,True,2,8,case_2022_russia_swift_financial_sanctions;case_2018_iran_oil_sanctions_reimposition;case_2019_venezuela_oil_sanctions;case_2023_arctic_lng_russian_energy_shipping_sanctions;case_2022_turkey_strait_tanker_insurance_backlog;case_2014_crimea_financial_sanctions;case_2018_iran_swift_restrictions;case_2019_cosco_shipping_sanctions_tanker_market,0,,False,False,
validation_v3,v3_20250224_eu_16th_russia_sanctions,EU adopts 16th Russia sanctions package targeting shadow fleet and military suppliers,freight_routes,1,case_2022_turkey_strait_tanker_insurance_backlog,2,False,True,0,19,case_2021_suez_blockage;case_2023_red_sea_attacks;case_panama_canal_drought_shipping_capacity;case_black_sea_grain_export_disruption;case_cyberattack_pipeline_port_infrastructure;case_2023_port_of_nagoya_cyberattack;case_2024_us_east_gulf_port_strike;case_2019_india_pakistan_airspace_closure;case_2021_belarus_potash_sanctions;case_2017_notpetya_shipping_logistics_cyberattack;case_2023_black_sea_shipping_insurance_restrictions;case_2023_south_china_sea_shipping_tensions;case_2023_mexico_nearshoring_cross_border_policy_risk;case_1987_1988_tanker_war_reflagging;case_2008_somali_piracy_gulf_of_aden;case_2022_turkey_strait_tanker_insurance_backlog;case_2021_colonial_pipeline_ransomware;case_2023_dp_world_australia_cyber_port_disruption;case_2022_russia_airspace_closure_aviation_routes,18,case_2021_suez_blockage;case_2023_red_sea_attacks;case_panama_canal_drought_shipping_capacity;case_black_sea_grain_export_disruption;case_cyberattack_pipeline_port_infrastructure;case_2023_port_of_nagoya_cyberattack;case_2024_us_east_gulf_port_strike;case_2019_india_pakistan_airspace_closure;case_2021_belarus_potash_sanctions;case_2017_notpetya_shipping_logistics_cyberattack;case_2023_black_sea_shipping_insurance_restrictions;case_2023_south_china_sea_shipping_tensions;case_2023_mexico_nearshoring_cross_border_policy_risk;case_1987_1988_tanker_war_reflagging;case_2008_somali_piracy_gulf_of_aden;case_2021_colonial_pipeline_ransomware;case_2023_dp_world_australia_cyber_port_disruption;case_2022_russia_airspace_closure_aviation_routes,True,False,
validation_v3,v3_20250224_eu_16th_russia_sanctions,EU adopts 16th Russia sanctions package targeting shadow fleet and military suppliers,logistics,2,case_2019_cosco_shipping_sanctions_tanker_market;case_2022_turkey_strait_tanker_insurance_backlog,2,True,True,2,33,case_2021_suez_blockage;case_2023_red_sea_attacks;case_2018_2019_us_china_tariffs;case_panama_canal_drought_shipping_capacity;case_black_sea_grain_export_disruption;case_cyberattack_pipeline_port_infrastructure;case_2023_port_of_nagoya_cyberattack;case_2024_us_east_gulf_port_strike;case_2022_india_wheat_export_ban;case_2017_north_korea_missile_escalation;case_2019_india_pakistan_airspace_closure;case_2022_ukraine_electricity_grid_attacks;case_2023_niger_coup_uranium_supply_risk;case_2021_belarus_potash_sanctions;case_2021_xinjiang_forced_labor_import_restrictions;case_2024_ev_tariff_escalation_china;case_2017_notpetya_shipping_logistics_cyberattack;case_2023_black_sea_shipping_insurance_restrictions;case_2023_south_china_sea_shipping_tensions;case_2024_drc_cobalt_copper_mining_disruption;case_2023_mexico_nearshoring_cross_border_policy_risk;case_2021_myanmar_coup_supply_chain_disruption;case_1987_1988_tanker_war_reflagging;case_2008_somali_piracy_gulf_of_aden;case_2022_turkey_strait_tanker_insurance_backlog;case_2019_cosco_shipping_sanctions_tanker_market;case_2011_libya_civil_war_oil_disruption;case_2022_peru_mine_protests_copper_supply;case_2008_rice_export_restrictions_food_security;case_2022_russia_fertilizer_export_restrictions;case_2021_colonial_pipeline_ransomware;case_2023_dp_world_australia_cyber_port_disruption;case_2022_russia_airspace_closure_aviation_routes,31,case_2021_suez_blockage;case_2023_red_sea_attacks;case_2018_2019_us_china_tariffs;case_panama_canal_drought_shipping_capacity;case_black_sea_grain_export_disruption;case_cyberattack_pipeline_port_infrastructure;case_2023_port_of_nagoya_cyberattack;case_2024_us_east_gulf_port_strike;case_2022_india_wheat_export_ban;case_2017_north_korea_missile_escalation;case_2019_india_pakistan_airspace_closure;case_2022_ukraine_electricity_grid_attacks;case_2023_niger_coup_uranium_supply_risk;case_2021_belarus_potash_sanctions;case_2021_xinjiang_forced_labor_import_restrictions;case_2024_ev_tariff_escalation_china;case_2017_notpetya_shipping_logistics_cyberattack;case_2023_black_sea_shipping_insurance_restrictions;case_2023_south_china_sea_shipping_tensions;case_2024_drc_cobalt_copper_mining_disruption;case_2023_mexico_nearshoring_cross_border_policy_risk;case_2021_myanmar_coup_supply_chain_disruption;case_1987_1988_tanker_war_reflagging;case_2008_somali_piracy_gulf_of_aden;case_2011_libya_civil_war_oil_disruption;case_2022_peru_mine_protests_copper_supply;case_2008_rice_export_restrictions_food_security;case_2022_russia_fertilizer_export_restrictions;case_2021_colonial_pipeline_ransomware;case_2023_dp_world_australia_cyber_port_disruption;case_2022_russia_airspace_closure_aviation_routes,False,False,
validation_v3,v3_20250224_eu_16th_russia_sanctions,EU adopts 16th Russia sanctions package targeting shadow fleet and military suppliers,marine_insurance,5,case_2023_arctic_lng_russian_energy_shipping_sanctions;case_2018_iran_oil_sanctions_reimposition;case_2018_iran_swift_restrictions;case_2019_cosco_shipping_sanctions_tanker_market;case_2022_turkey_strait_tanker_insurance_backlog,2,True,True,2,12,case_2023_red_sea_attacks;case_hormuz_tanker_tensions;case_israel_iran_escalation_energy_risk;case_2018_iran_oil_sanctions_reimposition;case_2023_black_sea_shipping_insurance_restrictions;case_2023_south_china_sea_shipping_tensions;case_2023_arctic_lng_russian_energy_shipping_sanctions;case_1987_1988_tanker_war_reflagging;case_2008_somali_piracy_gulf_of_aden;case_2022_turkey_strait_tanker_insurance_backlog;case_2018_iran_swift_restrictions;case_2019_cosco_shipping_sanctions_tanker_market,7,case_2023_red_sea_attacks;case_hormuz_tanker_tensions;case_israel_iran_escalation_energy_risk;case_2023_black_sea_shipping_insurance_restrictions;case_2023_south_china_sea_shipping_tensions;case_1987_1988_tanker_war_reflagging;case_2008_somali_piracy_gulf_of_aden,False,False,
validation_v3,v3_20250224_eu_16th_russia_sanctions,EU adopts 16th Russia sanctions package targeting shadow fleet and military suppliers,maritime_chokepoint,2,case_2023_arctic_lng_russian_energy_shipping_sanctions;case_2022_turkey_strait_tanker_insurance_backlog,2,True,True,2,12,case_2021_suez_blockage;case_2023_red_sea_attacks;case_hormuz_tanker_tensions;case_panama_canal_drought_shipping_capacity;case_black_sea_grain_export_disruption;case_israel_iran_escalation_energy_risk;case_2023_black_sea_shipping_insurance_restrictions;case_2023_south_china_sea_shipping_tensions;case_2023_arctic_lng_russian_energy_shipping_sanctions;case_1987_1988_tanker_war_reflagging;case_2008_somali_piracy_gulf_of_aden;case_2022_turkey_strait_tanker_insurance_backlog,10,case_2021_suez_blockage;case_2023_red_sea_attacks;case_hormuz_tanker_tensions;case_panama_canal_drought_shipping_capacity;case_black_sea_grain_export_disruption;case_israel_iran_escalation_energy_risk;case_2023_black_sea_shipping_insurance_restrictions;case_2023_south_china_sea_shipping_tensions;case_1987_1988_tanker_war_reflagging;case_2008_somali_piracy_gulf_of_aden,False,False,
validation_v3,v3_20250224_eu_16th_russia_sanctions,EU adopts 16th Russia sanctions package targeting shadow fleet and military suppliers,oil_shipping,6,case_2023_arctic_lng_russian_energy_shipping_sanctions;case_2018_iran_oil_sanctions_reimposition;case_2018_iran_swift_restrictions;case_2019_cosco_shipping_sanctions_tanker_market;case_2019_venezuela_oil_sanctions;case_2022_turkey_strait_tanker_insurance_backlog,2,True,True,2,17,case_2023_red_sea_attacks;case_hormuz_tanker_tensions;case_middle_east_oil_supply_disruption;case_opec_production_cut_policy_shock;case_israel_iran_escalation_energy_risk;case_2020_opec_plus_production_cut;case_2022_abu_dhabi_oil_facility_attack;case_2018_iran_oil_sanctions_reimposition;case_2019_venezuela_oil_sanctions;case_2023_arctic_lng_russian_energy_shipping_sanctions;case_1987_1988_tanker_war_reflagging;case_2008_somali_piracy_gulf_of_aden;case_2022_turkey_strait_tanker_insurance_backlog;case_2018_iran_swift_restrictions;case_2019_cosco_shipping_sanctions_tanker_market;case_2011_libya_civil_war_oil_disruption;case_2024_ukraine_drone_attacks_russian_refineries,11,case_2023_red_sea_attacks;case_hormuz_tanker_tensions;case_middle_east_oil_supply_disruption;case_opec_production_cut_policy_shock;case_israel_iran_escalation_energy_risk;case_2020_opec_plus_production_cut;case_2022_abu_dhabi_oil_facility_attack;case_1987_1988_tanker_war_reflagging;case_2008_somali_piracy_gulf_of_aden;case_2011_libya_civil_war_oil_disruption;case_2024_ukraine_drone_attacks_russian_refineries,False,False,
validation_v3,v3_20250224_eu_16th_russia_sanctions,EU adopts 16th Russia sanctions package targeting shadow fleet and military suppliers,payment_networks,7,case_2023_arctic_lng_russian_energy_shipping_sanctions;case_2014_crimea_financial_sanctions;case_2018_iran_oil_sanctions_reimposition;case_2022_russia_swift_financial_sanctions;case_2018_iran_swift_restrictions;case_2019_cosco_shipping_sanctions_tanker_market;case_2019_venezuela_oil_sanctions,2,True,True,2,7,case_2022_russia_swift_financial_sanctions;case_2018_iran_oil_sanctions_reimposition;case_2019_venezuela_oil_sanctions;case_2023_arctic_lng_russian_energy_shipping_sanctions;case_2014_crimea_financial_sanctions;case_2018_iran_swift_restrictions;case_2019_cosco_shipping_sanctions_tanker_market,0,,False,False,
validation_v3,v3_20250224_eu_16th_russia_sanctions,EU adopts 16th Russia sanctions package targeting shadow fleet and military suppliers,trade_lanes,5,case_2014_crimea_financial_sanctions;case_2022_russia_swift_financial_sanctions;case_2022_russia_aviation_supply_chain_sanctions;case_2018_iran_swift_restrictions;case_2019_cosco_shipping_sanctions_tanker_market,2,True,True,2,31,case_2018_2019_us_china_tariffs;case_uranium_nuclear_fuel_supply_disruption;case_2022_russia_swift_financial_sanctions;case_2024_us_east_gulf_port_strike;case_2022_india_wheat_export_ban;case_2022_russia_aviation_supply_chain_sanctions;case_2017_north_korea_missile_escalation;case_2019_india_pakistan_airspace_closure;case_2023_niger_coup_uranium_supply_risk;case_2022_chile_lithium_policy_shift;case_2020_indonesia_nickel_export_ban;case_2021_belarus_potash_sanctions;case_2021_xinjiang_forced_labor_import_restrictions;case_2024_ev_tariff_escalation_china;case_2023_south_china_sea_shipping_tensions;case_2024_drc_cobalt_copper_mining_disruption;case_2023_mexico_nearshoring_cross_border_policy_risk;case_2023_eu_carbon_border_adjustment_mechanism;case_2021_myanmar_coup_supply_chain_disruption;case_2014_crimea_financial_sanctions;case_2018_iran_swift_restrictions;case_2019_cosco_shipping_sanctions_tanker_market;case_2009_russia_ukraine_gas_transit_dispute;case_2011_libya_civil_war_oil_disruption;case_2010_china_japan_rare_earth_embargo;case_2022_peru_mine_protests_copper_supply;case_2023_panama_cobre_mine_closure;case_2008_rice_export_restrictions_food_security;case_2022_russia_fertilizer_export_restrictions;case_2023_dp_world_australia_cyber_port_disruption;case_2019_turkey_f35_s400_defense_restrictions,26,case_2018_2019_us_china_tariffs;case_uranium_nuclear_fuel_supply_disruption;case_2024_us_east_gulf_port_strike;case_2022_india_wheat_export_ban;case_2017_north_korea_missile_escalation;case_2019_india_pakistan_airspace_closure;case_2023_niger_coup_uranium_supply_risk;case_2022_chile_lithium_policy_shift;case_2020_indonesia_nickel_export_ban;case_2021_belarus_potash_sanctions;case_2021_xinjiang_forced_labor_import_restrictions;case_2024_ev_tariff_escalation_china;case_2023_south_china_sea_shipping_tensions;case_2024_drc_cobalt_copper_mining_disruption;case_2023_mexico_nearshoring_cross_border_policy_risk;case_2023_eu_carbon_border_adjustment_mechanism;case_2021_myanmar_coup_supply_chain_disruption;case_2009_russia_ukraine_gas_transit_dispute;case_2011_libya_civil_war_oil_disruption;case_2010_china_japan_rare_earth_embargo;case_2022_peru_mine_protests_copper_supply;case_2023_panama_cobre_mine_closure;case_2008_rice_export_restrictions_food_security;case_2022_russia_fertilizer_export_restrictions;case_2023_dp_world_australia_cyber_port_disruption;case_2019_turkey_f35_s400_defense_restrictions,False,False,
validation_v3,v3_20250201_canada_mexico_china_tariffs,"U.S. imposes tariffs on imports from Canada, Mexico and China",ai_chips,1,case_2019_huawei_entity_list,2,False,True,0,8,case_2022_us_china_semiconductor_controls;case_2019_huawei_entity_list;case_taiwan_strait_semiconductor_risk;case_china_gallium_germanium_graphite_controls;case_defense_spending_shock_after_escalation;case_2023_middle_east_defense_supply_escalation;case_2024_taiwan_strait_drills_semiconductor_supply;case_2023_japan_chip_equipment_export_controls,7,case_2022_us_china_semiconductor_controls;case_taiwan_strait_semiconductor_risk;case_china_gallium_germanium_graphite_controls;case_defense_spending_shock_after_escalation;case_2023_middle_east_defense_supply_escalation;case_2024_taiwan_strait_drills_semiconductor_supply;case_2023_japan_chip_equipment_export_controls,True,False,
validation_v3,v3_20250201_canada_mexico_china_tariffs,"U.S. imposes tariffs on imports from Canada, Mexico and China",battery_materials,3,case_2024_ev_tariff_escalation_china;case_2023_panama_cobre_mine_closure;case_2023_china_graphite_battery_export_controls,2,True,True,2,7,case_2023_china_graphite_battery_export_controls;case_2022_chile_lithium_policy_shift;case_2020_indonesia_nickel_export_ban;case_2024_ev_tariff_escalation_china;case_2024_drc_cobalt_copper_mining_disruption;case_2022_peru_mine_protests_copper_supply;case_2023_panama_cobre_mine_closure,4,case_2022_chile_lithium_policy_shift;case_2020_indonesia_nickel_export_ban;case_2024_drc_cobalt_copper_mining_disruption;case_2022_peru_mine_protests_copper_supply,False,False,
validation_v3,v3_20250201_canada_mexico_china_tariffs,"U.S. imposes tariffs on imports from Canada, Mexico and China",critical_minerals,5,case_2024_ev_tariff_escalation_china;case_2021_xinjiang_forced_labor_import_restrictions;case_2023_eu_carbon_border_adjustment_mechanism;case_2023_panama_cobre_mine_closure;case_2023_china_graphite_battery_export_controls,2,True,True,2,12,case_rare_earth_export_restriction_risk;case_china_gallium_germanium_graphite_controls;case_2023_china_graphite_battery_export_controls;case_2022_chile_lithium_policy_shift;case_2020_indonesia_nickel_export_ban;case_2021_xinjiang_forced_labor_import_restrictions;case_2024_ev_tariff_escalation_china;case_2024_drc_cobalt_copper_mining_disruption;case_2023_eu_carbon_border_adjustment_mechanism;case_2010_china_japan_rare_earth_embargo;case_2022_peru_mine_protests_copper_supply;case_2023_panama_cobre_mine_closure,7,case_rare_earth_export_restriction_risk;case_china_gallium_germanium_graphite_controls;case_2022_chile_lithium_policy_shift;case_2020_indonesia_nickel_export_ban;case_2024_drc_cobalt_copper_mining_disruption;case_2010_china_japan_rare_earth_embargo;case_2022_peru_mine_protests_copper_supply,False,False,
validation_v3,v3_20250201_canada_mexico_china_tariffs,"U.S. imposes tariffs on imports from Canada, Mexico and China",data_centers,1,case_2019_huawei_entity_list,2,False,True,0,6,case_2022_us_china_semiconductor_controls;case_2019_huawei_entity_list;case_taiwan_strait_semiconductor_risk;case_2024_taiwan_strait_drills_semiconductor_supply;case_2020_smic_entity_list_semiconductor_controls;case_2023_japan_chip_equipment_export_controls,5,case_2022_us_china_semiconductor_controls;case_taiwan_strait_semiconductor_risk;case_2024_taiwan_strait_drills_semiconductor_supply;case_2020_smic_entity_list_semiconductor_controls;case_2023_japan_chip_equipment_export_controls,True,False,
validation_v3,v3_20250201_canada_mexico_china_tariffs,"U.S. imposes tariffs on imports from Canada, Mexico and China",eda_software,1,case_2019_huawei_entity_list,2,False,True,0,3,case_2022_us_china_semiconductor_controls;case_2019_huawei_entity_list;case_2020_smic_entity_list_semiconductor_controls,2,case_2022_us_china_semiconductor_controls;case_2020_smic_entity_list_semiconductor_controls,True,False,
validation_v3,v3_20250201_canada_mexico_china_tariffs,"U.S. imposes tariffs on imports from Canada, Mexico and China",energy,2,case_2023_eu_carbon_border_adjustment_mechanism;case_2022_russia_fertilizer_export_restrictions,2,True,True,2,28,case_2021_suez_blockage;case_hormuz_tanker_tensions;case_russia_ukraine_energy_shock;case_2022_gas_fertilizer_shock;case_middle_east_oil_supply_disruption;case_rare_earth_export_restriction_risk;case_opec_production_cut_policy_shock;case_israel_iran_escalation_energy_risk;case_cyberattack_pipeline_port_infrastructure;case_uranium_nuclear_fuel_supply_disruption;case_2022_russia_swift_financial_sanctions;case_2020_opec_plus_production_cut;case_2022_abu_dhabi_oil_facility_attack;case_2018_iran_oil_sanctions_reimposition;case_2019_venezuela_oil_sanctions;case_2022_nord_stream_pipeline_sabotage;case_2022_ukraine_electricity_grid_attacks;case_2023_niger_coup_uranium_supply_risk;case_2023_eu_carbon_border_adjustment_mechanism;case_2023_arctic_lng_russian_energy_shipping_sanctions;case_1987_1988_tanker_war_reflagging;case_2014_crimea_financial_sanctions;case_2009_russia_ukraine_gas_transit_dispute;case_2011_libya_civil_war_oil_disruption;case_2024_ukraine_drone_attacks_russian_refineries;case_2022_russia_fertilizer_export_restrictions;case_2021_colonial_pipeline_ransomware;case_2022_russia_airspace_closure_aviation_routes,26,case_2021_suez_blockage;case_hormuz_tanker_tensions;case_russia_ukraine_energy_shock;case_2022_gas_fertilizer_shock;case_middle_east_oil_supply_disruption;case_rare_earth_export_restriction_risk;case_opec_production_cut_policy_shock;case_israel_iran_escalation_energy_risk;case_cyberattack_pipeline_port_infrastructure;case_uranium_nuclear_fuel_supply_disruption;case_2022_russia_swift_financial_sanctions;case_2020_opec_plus_production_cut;case_2022_abu_dhabi_oil_facility_attack;case_2018_iran_oil_sanctions_reimposition;case_2019_venezuela_oil_sanctions;case_2022_nord_stream_pipeline_sabotage;case_2022_ukraine_electricity_grid_attacks;case_2023_niger_coup_uranium_supply_risk;case_2023_arctic_lng_russian_energy_shipping_sanctions;case_1987_1988_tanker_war_reflagging;case_2014_crimea_financial_sanctions;case_2009_russia_ukraine_gas_transit_dispute;case_2011_libya_civil_war_oil_disruption;case_2024_ukraine_drone_attacks_russian_refineries;case_2021_colonial_pipeline_ransomware;case_2022_russia_airspace_closure_aviation_routes,False,False,
validation_v3,v3_20250201_canada_mexico_china_tariffs,"U.S. imposes tariffs on imports from Canada, Mexico and China",fertilizer,2,case_2023_eu_carbon_border_adjustment_mechanism;case_2022_russia_fertilizer_export_restrictions,2,True,True,2,5,case_2022_gas_fertilizer_shock;case_black_sea_grain_export_disruption;case_2021_belarus_potash_sanctions;case_2023_eu_carbon_border_adjustment_mechanism;case_2022_russia_fertilizer_export_restrictions,3,case_2022_gas_fertilizer_shock;case_black_sea_grain_export_disruption;case_2021_belarus_potash_sanctions,False,False,
validation_v3,v3_20250201_canada_mexico_china_tariffs,"U.S. imposes tariffs on imports from Canada, Mexico and China",food_export_controls,1,case_2008_rice_export_restrictions_food_security,2,False,True,0,2,case_2022_india_wheat_export_ban;case_2008_rice_export_restrictions_food_security,1,case_2022_india_wheat_export_ban,True,False,
validation_v3,v3_20250201_canada_mexico_china_tariffs,"U.S. imposes tariffs on imports from Canada, Mexico and China",freight_routes,1,case_2023_mexico_nearshoring_cross_border_policy_risk,2,False,True,0,19,case_2021_suez_blockage;case_2023_red_sea_attacks;case_panama_canal_drought_shipping_capacity;case_black_sea_grain_export_disruption;case_cyberattack_pipeline_port_infrastructure;case_2023_port_of_nagoya_cyberattack;case_2024_us_east_gulf_port_strike;case_2019_india_pakistan_airspace_closure;case_2021_belarus_potash_sanctions;case_2017_notpetya_shipping_logistics_cyberattack;case_2023_black_sea_shipping_insurance_restrictions;case_2023_south_china_sea_shipping_tensions;case_2023_mexico_nearshoring_cross_border_policy_risk;case_1987_1988_tanker_war_reflagging;case_2008_somali_piracy_gulf_of_aden;case_2022_turkey_strait_tanker_insurance_backlog;case_2021_colonial_pipeline_ransomware;case_2023_dp_world_australia_cyber_port_disruption;case_2022_russia_airspace_closure_aviation_routes,18,case_2021_suez_blockage;case_2023_red_sea_attacks;case_panama_canal_drought_shipping_capacity;case_black_sea_grain_export_disruption;case_cyberattack_pipeline_port_infrastructure;case_2023_port_of_nagoya_cyberattack;case_2024_us_east_gulf_port_strike;case_2019_india_pakistan_airspace_closure;case_2021_belarus_potash_sanctions;case_2017_notpetya_shipping_logistics_cyberattack;case_2023_black_sea_shipping_insurance_restrictions;case_2023_south_china_sea_shipping_tensions;case_1987_1988_tanker_war_reflagging;case_2008_somali_piracy_gulf_of_aden;case_2022_turkey_strait_tanker_insurance_backlog;case_2021_colonial_pipeline_ransomware;case_2023_dp_world_australia_cyber_port_disruption;case_2022_russia_airspace_closure_aviation_routes,True,False,
validation_v3,v3_20250201_canada_mexico_china_tariffs,"U.S. imposes tariffs on imports from Canada, Mexico and China",gallium_germanium_graphite,1,case_2023_china_graphite_battery_export_controls,2,False,True,0,2,case_china_gallium_germanium_graphite_controls;case_2023_china_graphite_battery_export_controls,1,case_china_gallium_germanium_graphite_controls,True,False,
validation_v3,v3_20250201_canada_mexico_china_tariffs,"U.S. imposes tariffs on imports from Canada, Mexico and China",grain_exports,1,case_2008_rice_export_restrictions_food_security,2,False,True,0,4,case_black_sea_grain_export_disruption;case_2022_india_wheat_export_ban;case_2023_black_sea_shipping_insurance_restrictions;case_2008_rice_export_restrictions_food_security,3,case_black_sea_grain_export_disruption;case_2022_india_wheat_export_ban;case_2023_black_sea_shipping_insurance_restrictions,True,False,
validation_v3,v3_20250201_canada_mexico_china_tariffs,"U.S. imposes tariffs on imports from Canada, Mexico and China",graphite,1,case_2023_china_graphite_battery_export_controls,2,False,True,0,1,case_2023_china_graphite_battery_export_controls,0,,False,False,
validation_v3,v3_20250201_canada_mexico_china_tariffs,"U.S. imposes tariffs on imports from Canada, Mexico and China",ports,2,case_2023_mexico_nearshoring_cross_border_policy_risk;case_2023_panama_cobre_mine_closure,2,True,True,2,9,case_2021_suez_blockage;case_cyberattack_pipeline_port_infrastructure;case_2023_port_of_nagoya_cyberattack;case_2024_us_east_gulf_port_strike;case_2017_notpetya_shipping_logistics_cyberattack;case_2023_mexico_nearshoring_cross_border_policy_risk;case_2021_myanmar_coup_supply_chain_disruption;case_2023_panama_cobre_mine_closure;case_2023_dp_world_australia_cyber_port_disruption,7,case_2021_suez_blockage;case_cyberattack_pipeline_port_infrastructure;case_2023_port_of_nagoya_cyberattack;case_2024_us_east_gulf_port_strike;case_2017_notpetya_shipping_logistics_cyberattack;case_2021_myanmar_coup_supply_chain_disruption;case_2023_dp_world_australia_cyber_port_disruption,False,False,
validation_v3,v3_20250201_canada_mexico_china_tariffs,"U.S. imposes tariffs on imports from Canada, Mexico and China",semiconductor_equipment,1,case_2019_huawei_entity_list,2,False,True,0,11,case_2022_us_china_semiconductor_controls;case_2023_dutch_asml_controls;case_2019_huawei_entity_list;case_taiwan_strait_semiconductor_risk;case_china_gallium_germanium_graphite_controls;case_defense_spending_shock_after_escalation;case_2024_taiwan_strait_drills_semiconductor_supply;case_2017_north_korea_missile_escalation;case_2020_smic_entity_list_semiconductor_controls;case_2023_japan_chip_equipment_export_controls;case_2019_turkey_f35_s400_defense_restrictions,10,case_2022_us_china_semiconductor_controls;case_2023_dutch_asml_controls;case_taiwan_strait_semiconductor_risk;case_china_gallium_germanium_graphite_controls;case_defense_spending_shock_after_escalation;case_2024_taiwan_strait_drills_semiconductor_supply;case_2017_north_korea_missile_escalation;case_2020_smic_entity_list_semiconductor_controls;case_2023_japan_chip_equipment_export_controls;case_2019_turkey_f35_s400_defense_restrictions,True,False,
