event_source,event_id,event_name,ticker,asset_name,node,asset_type,linkage_tier,evidence_level,confidence,supporting_case_ids,ranking_scope,rank_within_order,ranking_key
evaluation_cases,eval_red_sea_shipping_disruption,eval_red_sea_shipping_disruption,0144.HK,China Merchants Port Holdings Company Limited,ports,Stock,direct_exposure,historical_supported,0.82,case_2023_red_sea_attacks;case_2021_suez_blockage,ranked_second_order,1,"{""evidence_level"": ""historical_supported"", ""evidence_rank"": 3, ""retrieval_support"": 0.75, ""supporting_case_count"": 2, ""supporting_case_count_saturated"": 2, ""symbol"": ""0144.hk""}"
evaluation_cases,eval_red_sea_shipping_disruption,eval_red_sea_shipping_disruption,1199.HK,COSCO SHIPPING Ports Limited,ports,Stock,direct_exposure,historical_supported,0.82,case_2023_red_sea_attacks;case_2021_suez_blockage,ranked_second_order,2,"{""evidence_level"": ""historical_supported"", ""evidence_rank"": 3, ""retrieval_support"": 0.75, ""supporting_case_count"": 2, ""supporting_case_count_saturated"": 2, ""symbol"": ""1199.hk""}"
evaluation_cases,eval_red_sea_shipping_disruption,eval_red_sea_shipping_disruption,XLE,Energy Select Sector SPDR Fund,energy,ETF,broad_proxy,sector_proxy,0.64,case_2021_suez_blockage;case_2023_arctic_lng_russian_energy_shipping_sanctions;case_1987_1988_tanker_war_reflagging,ranked_second_order,3,"{""evidence_level"": ""sector_proxy"", ""evidence_rank"": 2, ""retrieval_support"": 0.297619, ""supporting_case_count"": 3, ""supporting_case_count_saturated"": 3, ""symbol"": ""xle""}"
evaluation_cases,eval_red_sea_shipping_disruption,eval_red_sea_shipping_disruption,XOM,Exxon Mobil Corporation,energy,Stock,related_exposure,sector_proxy,0.64,case_2021_suez_blockage;case_2023_arctic_lng_russian_energy_shipping_sanctions;case_1987_1988_tanker_war_reflagging,ranked_second_order,4,"{""evidence_level"": ""sector_proxy"", ""evidence_rank"": 2, ""retrieval_support"": 0.297619, ""supporting_case_count"": 3, ""supporting_case_count_saturated"": 3, ""symbol"": ""xom""}"
evaluation_cases,eval_red_sea_shipping_disruption,eval_red_sea_shipping_disruption,DHL.DE,DHL Group,trade_lanes,Stock,related_exposure,sector_proxy,0.64,case_2024_us_east_gulf_port_strike;case_2023_south_china_sea_shipping_tensions;case_2019_india_pakistan_airspace_closure,ranked_second_order,5,"{""evidence_level"": ""sector_proxy"", ""evidence_rank"": 2, ""retrieval_support"": 0.214815, ""supporting_case_count"": 3, ""supporting_case_count_saturated"": 3, ""symbol"": ""dhl.de""}"
evaluation_cases,eval_red_sea_shipping_disruption,eval_red_sea_shipping_disruption,EXPD,Expeditors International of Washington Inc,trade_lanes,Stock,related_exposure,sector_proxy,0.64,case_2024_us_east_gulf_port_strike;case_2023_south_china_sea_shipping_tensions;case_2019_india_pakistan_airspace_closure,ranked_second_order,6,"{""evidence_level"": ""sector_proxy"", ""evidence_rank"": 2, ""retrieval_support"": 0.214815, ""supporting_case_count"": 3, ""supporting_case_count_saturated"": 3, ""symbol"": ""expd""}"
evaluation_cases,eval_red_sea_shipping_disruption,eval_red_sea_shipping_disruption,ITA,iShares U S Aerospace & Defense ETF,defense,ETF,broad_proxy,sector_proxy,0.64,case_2023_south_china_sea_shipping_tensions;case_1987_1988_tanker_war_reflagging;case_2019_india_pakistan_airspace_closure,ranked_second_order,7,"{""evidence_level"": ""sector_proxy"", ""evidence_rank"": 2, ""retrieval_support"": 0.151323, ""supporting_case_count"": 3, ""supporting_case_count_saturated"": 3, ""symbol"": ""ita""}"
evaluation_cases,eval_red_sea_shipping_disruption,eval_red_sea_shipping_disruption,LMT,Lockheed Martin Corporation,defense,Stock,direct_exposure,sector_proxy,0.64,case_2023_south_china_sea_shipping_tensions;case_1987_1988_tanker_war_reflagging;case_2019_india_pakistan_airspace_closure,ranked_second_order,8,"{""evidence_level"": ""sector_proxy"", ""evidence_rank"": 2, ""retrieval_support"": 0.151323, ""supporting_case_count"": 3, ""supporting_case_count_saturated"": 3, ""symbol"": ""lmt""}"
evaluation_cases,eval_red_sea_shipping_disruption,eval_red_sea_shipping_disruption,EUFN,iShares MSCI Europe Financials ETF,financial_sanctions,ETF,broad_proxy,sector_proxy,0.64,case_2023_arctic_lng_russian_energy_shipping_sanctions;case_2022_turkey_strait_tanker_insurance_backlog,ranked_second_order,9,"{""evidence_level"": ""sector_proxy"", ""evidence_rank"": 2, ""retrieval_support"": 0.175, ""supporting_case_count"": 2, ""supporting_case_count_saturated"": 2, ""symbol"": ""eufn""}"
evaluation_cases,eval_red_sea_shipping_disruption,eval_red_sea_shipping_disruption,XLF,Financial Select Sector SPDR Fund,financial_sanctions,ETF,broad_proxy,sector_proxy,0.64,case_2023_arctic_lng_russian_energy_shipping_sanctions;case_2022_turkey_strait_tanker_insurance_backlog,ranked_second_order,10,"{""evidence_level"": ""sector_proxy"", ""evidence_rank"": 2, ""retrieval_support"": 0.175, ""supporting_case_count"": 2, ""supporting_case_count_saturated"": 2, ""symbol"": ""xlf""}"
evaluation_cases,eval_red_sea_shipping_disruption,eval_red_sea_shipping_disruption,ADM,Archer-Daniels-Midland Company,agriculture,Stock,related_exposure,sector_proxy,0.64,case_panama_canal_drought_shipping_capacity;case_2023_black_sea_shipping_insurance_restrictions,ranked_second_order,11,"{""evidence_level"": ""sector_proxy"", ""evidence_rank"": 2, ""retrieval_support"": 0.145833, ""supporting_case_count"": 2, ""supporting_case_count_saturated"": 2, ""symbol"": ""adm""}"
evaluation_cases,eval_red_sea_shipping_disruption,eval_red_sea_shipping_disruption,MOO,VanEck Agribusiness ETF,agriculture,ETF,broad_proxy,sector_proxy,0.64,case_panama_canal_drought_shipping_capacity;case_2023_black_sea_shipping_insurance_restrictions,ranked_second_order,12,"{""evidence_level"": ""sector_proxy"", ""evidence_rank"": 2, ""retrieval_support"": 0.145833, ""supporting_case_count"": 2, ""supporting_case_count_saturated"": 2, ""symbol"": ""moo""}"
evaluation_cases,eval_semiconductor_export_controls,eval_semiconductor_export_controls,CAT,Caterpillar Inc,manufacturing_inputs,Stock,related_exposure,sector_proxy,0.64,case_2023_japan_chip_equipment_export_controls;case_2020_smic_entity_list_semiconductor_controls;case_2019_huawei_entity_list;case_2010_china_japan_rare_earth_embargo;case_taiwan_strait_semiconductor_risk;case_china_gallium_germanium_graphite_controls;case_2019_turkey_f35_s400_defense_restrictions,ranked_second_order,1,"{""evidence_level"": ""sector_proxy"", ""evidence_rank"": 2, ""retrieval_support"": 0.204138, ""supporting_case_count"": 7, ""supporting_case_count_saturated"": 3, ""symbol"": ""cat""}"
evaluation_cases,eval_semiconductor_export_controls,eval_semiconductor_export_controls,DE,Deere & Company,manufacturing_inputs,Stock,related_exposure,sector_proxy,0.64,case_2023_japan_chip_equipment_export_controls;case_2020_smic_entity_list_semiconductor_controls;case_2019_huawei_entity_list;case_2010_china_japan_rare_earth_embargo;case_taiwan_strait_semiconductor_risk;case_china_gallium_germanium_graphite_controls;case_2019_turkey_f35_s400_defense_restrictions,ranked_second_order,2,"{""evidence_level"": ""sector_proxy"", ""evidence_rank"": 2, ""retrieval_support"": 0.204138, ""supporting_case_count"": 7, ""supporting_case_count_saturated"": 3, ""symbol"": ""de""}"
evaluation_cases,eval_semiconductor_export_controls,eval_semiconductor_export_controls,ITA,iShares U S Aerospace & Defense ETF,defense,ETF,broad_proxy,sector_proxy,0.64,case_2024_taiwan_strait_drills_semiconductor_supply;case_2010_china_japan_rare_earth_embargo;case_taiwan_strait_semiconductor_risk;case_2019_turkey_f35_s400_defense_restrictions,ranked_second_order,3,"{""evidence_level"": ""sector_proxy"", ""evidence_rank"": 2, ""retrieval_support"": 0.133631, ""supporting_case_count"": 4, ""supporting_case_count_saturated"": 3, ""symbol"": ""ita""}"
evaluation_cases,eval_semiconductor_export_controls,eval_semiconductor_export_controls,LMT,Lockheed Martin Corporation,defense,Stock,direct_exposure,sector_proxy,0.64,case_2024_taiwan_strait_drills_semiconductor_supply;case_2010_china_japan_rare_earth_embargo;case_taiwan_strait_semiconductor_risk;case_2019_turkey_f35_s400_defense_restrictions,ranked_second_order,4,"{""evidence_level"": ""sector_proxy"", ""evidence_rank"": 2, ""retrieval_support"": 0.133631, ""supporting_case_count"": 4, ""supporting_case_count_saturated"": 3, ""symbol"": ""lmt""}"
evaluation_cases,eval_semiconductor_export_controls,eval_semiconductor_export_controls,PICK,iShares MSCI Global Metals & Mining Producers ETF,critical_minerals,ETF,broad_proxy,sector_proxy,0.64,case_2010_china_japan_rare_earth_embargo;case_china_gallium_germanium_graphite_controls,ranked_second_order,5,"{""evidence_level"": ""sector_proxy"", ""evidence_rank"": 2, ""retrieval_support"": 0.126984, ""supporting_case_count"": 2, ""supporting_case_count_saturated"": 2, ""symbol"": ""pick""}"
evaluation_cases,eval_semiconductor_export_controls,eval_semiconductor_export_controls,REMX,VanEck Rare Earth and Strategic Metals ETF,critical_minerals,ETF,broad_proxy,sector_proxy,0.64,case_2010_china_japan_rare_earth_embargo;case_china_gallium_germanium_graphite_controls,ranked_second_order,6,"{""evidence_level"": ""sector_proxy"", ""evidence_rank"": 2, ""retrieval_support"": 0.126984, ""supporting_case_count"": 2, ""supporting_case_count_saturated"": 2, ""symbol"": ""remx""}"
evaluation_cases,eval_semiconductor_export_controls,eval_semiconductor_export_controls,DHL.DE,DHL Group,trade_lanes,Stock,related_exposure,sector_proxy,0.64,case_2010_china_japan_rare_earth_embargo;case_2019_turkey_f35_s400_defense_restrictions,ranked_second_order,7,"{""evidence_level"": ""sector_proxy"", ""evidence_rank"": 2, ""retrieval_support"": 0.121429, ""supporting_case_count"": 2, ""supporting_case_count_saturated"": 2, ""symbol"": ""dhl.de""}"
evaluation_cases,eval_semiconductor_export_controls,eval_semiconductor_export_controls,EXPD,Expeditors International of Washington Inc,trade_lanes,Stock,related_exposure,sector_proxy,0.64,case_2010_china_japan_rare_earth_embargo;case_2019_turkey_f35_s400_defense_restrictions,ranked_second_order,8,"{""evidence_level"": ""sector_proxy"", ""evidence_rank"": 2, ""retrieval_support"": 0.121429, ""supporting_case_count"": 2, ""supporting_case_count_saturated"": 2, ""symbol"": ""expd""}"
evaluation_cases,eval_russia_europe_gas_disruption,eval_russia_europe_gas_disruption,DHT,DHT Holdings Inc,oil_shipping,Stock,direct_exposure,historical_supported,0.82,case_2024_ukraine_drone_attacks_russian_refineries;case_middle_east_oil_supply_disruption;case_2019_venezuela_oil_sanctions,ranked_second_order,1,"{""evidence_level"": ""historical_supported"", ""evidence_rank"": 3, ""retrieval_support"": 0.140212, ""supporting_case_count"": 3, ""supporting_case_count_saturated"": 3, ""symbol"": ""dht""}"
evaluation_cases,eval_russia_europe_gas_disruption,eval_russia_europe_gas_disruption,FRO,Frontline plc,oil_shipping,Stock,direct_exposure,historical_supported,0.82,case_2024_ukraine_drone_attacks_russian_refineries;case_middle_east_oil_supply_disruption;case_2019_venezuela_oil_sanctions,ranked_second_order,2,"{""evidence_level"": ""historical_supported"", ""evidence_rank"": 3, ""retrieval_support"": 0.140212, ""supporting_case_count"": 3, ""supporting_case_count_saturated"": 3, ""symbol"": ""fro""}"
evaluation_cases,eval_russia_europe_gas_disruption,eval_russia_europe_gas_disruption,ENB,Enbridge Inc,pipeline_infrastructure,Stock,direct_exposure,sector_proxy,0.64,case_2009_russia_ukraine_gas_transit_dispute;case_2022_nord_stream_pipeline_sabotage;case_2024_ukraine_drone_attacks_russian_refineries,ranked_second_order,3,"{""evidence_level"": ""sector_proxy"", ""evidence_rank"": 2, ""retrieval_support"": 0.5, ""supporting_case_count"": 3, ""supporting_case_count_saturated"": 3, ""symbol"": ""enb""}"
evaluation_cases,eval_russia_europe_gas_disruption,eval_russia_europe_gas_disruption,TRP.TO,TC Energy Corporation,pipeline_infrastructure,Stock,direct_exposure,sector_proxy,0.64,case_2009_russia_ukraine_gas_transit_dispute;case_2022_nord_stream_pipeline_sabotage;case_2024_ukraine_drone_attacks_russian_refineries,ranked_second_order,4,"{""evidence_level"": ""sector_proxy"", ""evidence_rank"": 2, ""retrieval_support"": 0.5, ""supporting_case_count"": 3, ""supporting_case_count_saturated"": 3, ""symbol"": ""trp.to""}"
evaluation_cases,eval_russia_europe_gas_disruption,eval_russia_europe_gas_disruption,DHL.DE,DHL Group,trade_lanes,Stock,related_exposure,sector_proxy,0.64,case_2009_russia_ukraine_gas_transit_dispute;case_uranium_nuclear_fuel_supply_disruption;case_2022_russia_swift_financial_sanctions;case_2014_crimea_financial_sanctions,ranked_second_order,5,"{""evidence_level"": ""sector_proxy"", ""evidence_rank"": 2, ""retrieval_support"": 0.35625, ""supporting_case_count"": 4, ""supporting_case_count_saturated"": 3, ""symbol"": ""dhl.de""}"
evaluation_cases,eval_russia_europe_gas_disruption,eval_russia_europe_gas_disruption,EXPD,Expeditors International of Washington Inc,trade_lanes,Stock,related_exposure,sector_proxy,0.64,case_2009_russia_ukraine_gas_transit_dispute;case_uranium_nuclear_fuel_supply_disruption;case_2022_russia_swift_financial_sanctions;case_2014_crimea_financial_sanctions,ranked_second_order,6,"{""evidence_level"": ""sector_proxy"", ""evidence_rank"": 2, ""retrieval_support"": 0.35625, ""supporting_case_count"": 4, ""supporting_case_count_saturated"": 3, ""symbol"": ""expd""}"
evaluation_cases,eval_russia_europe_gas_disruption,eval_russia_europe_gas_disruption,EUFN,iShares MSCI Europe Financials ETF,financial_sanctions,ETF,broad_proxy,sector_proxy,0.64,case_2023_arctic_lng_russian_energy_shipping_sanctions;case_2022_russia_swift_financial_sanctions;case_2019_venezuela_oil_sanctions;case_2014_crimea_financial_sanctions,ranked_second_order,7,"{""evidence_level"": ""sector_proxy"", ""evidence_rank"": 2, ""retrieval_support"": 0.146528, ""supporting_case_count"": 4, ""supporting_case_count_saturated"": 3, ""symbol"": ""eufn""}"
evaluation_cases,eval_russia_europe_gas_disruption,eval_russia_europe_gas_disruption,MA,Mastercard Incorporated,payment_networks,Stock,direct_exposure,sector_proxy,0.64,case_2023_arctic_lng_russian_energy_shipping_sanctions;case_2022_russia_swift_financial_sanctions;case_2019_venezuela_oil_sanctions;case_2014_crimea_financial_sanctions,ranked_second_order,8,"{""evidence_level"": ""sector_proxy"", ""evidence_rank"": 2, ""retrieval_support"": 0.146528, ""supporting_case_count"": 4, ""supporting_case_count_saturated"": 3, ""symbol"": ""ma""}"
evaluation_cases,eval_russia_europe_gas_disruption,eval_russia_europe_gas_disruption,V,Visa Inc,payment_networks,Stock,direct_exposure,sector_proxy,0.64,case_2023_arctic_lng_russian_energy_shipping_sanctions;case_2022_russia_swift_financial_sanctions;case_2019_venezuela_oil_sanctions;case_2014_crimea_financial_sanctions,ranked_second_order,9,"{""evidence_level"": ""sector_proxy"", ""evidence_rank"": 2, ""retrieval_support"": 0.146528, ""supporting_case_count"": 4, ""supporting_case_count_saturated"": 3, ""symbol"": ""v""}"
evaluation_cases,eval_russia_europe_gas_disruption,eval_russia_europe_gas_disruption,XLF,Financial Select Sector SPDR Fund,financial_sanctions,ETF,broad_proxy,sector_proxy,0.64,case_2023_arctic_lng_russian_energy_shipping_sanctions;case_2022_russia_swift_financial_sanctions;case_2019_venezuela_oil_sanctions;case_2014_crimea_financial_sanctions,ranked_second_order,10,"{""evidence_level"": ""sector_proxy"", ""evidence_rank"": 2, ""retrieval_support"": 0.146528, ""supporting_case_count"": 4, ""supporting_case_count_saturated"": 3, ""symbol"": ""xlf""}"
evaluation_cases,eval_russia_europe_gas_disruption,eval_russia_europe_gas_disruption,CHRW,C H Robinson Worldwide Inc,customs,Stock,related_exposure,sector_proxy,0.64,case_uranium_nuclear_fuel_supply_disruption;case_2022_russia_swift_financial_sanctions;case_2014_crimea_financial_sanctions,ranked_second_order,11,"{""evidence_level"": ""sector_proxy"", ""evidence_rank"": 2, ""retrieval_support"": 0.141667, ""supporting_case_count"": 3, ""supporting_case_count_saturated"": 3, ""symbol"": ""chrw""}"
evaluation_cases,eval_russia_europe_gas_disruption,eval_russia_europe_gas_disruption,DSGX,The Descartes Systems Group Inc,customs,Stock,direct_exposure,sector_proxy,0.64,case_uranium_nuclear_fuel_supply_disruption;case_2022_russia_swift_financial_sanctions;case_2014_crimea_financial_sanctions,ranked_second_order,12,"{""evidence_level"": ""sector_proxy"", ""evidence_rank"": 2, ""retrieval_support"": 0.141667, ""supporting_case_count"": 3, ""supporting_case_count_saturated"": 3, ""symbol"": ""dsgx""}"
evaluation_cases,eval_russia_europe_gas_disruption,eval_russia_europe_gas_disruption,DAL,Delta Air Lines Inc,aviation,Stock,direct_exposure,sector_proxy,0.64,case_2024_ukraine_drone_attacks_russian_refineries;case_middle_east_oil_supply_disruption,ranked_second_order,13,"{""evidence_level"": ""sector_proxy"", ""evidence_rank"": 2, ""retrieval_support"": 0.154762, ""supporting_case_count"": 2, ""supporting_case_count_saturated"": 2, ""symbol"": ""dal""}"
evaluation_cases,eval_russia_europe_gas_disruption,eval_russia_europe_gas_disruption,JETS,U S Global Jets ETF,aviation,ETF,broad_proxy,sector_proxy,0.64,case_2024_ukraine_drone_attacks_russian_refineries;case_middle_east_oil_supply_disruption,ranked_second_order,14,"{""evidence_level"": ""sector_proxy"", ""evidence_rank"": 2, ""retrieval_support"": 0.154762, ""supporting_case_count"": 2, ""supporting_case_count_saturated"": 2, ""symbol"": ""jets""}"
evaluation_cases,eval_natural_gas_fertilizer_shock,eval_natural_gas_fertilizer_shock,FLNG,FLEX LNG Ltd,lng_shipping,Stock,direct_exposure,historical_supported,0.82,case_russia_ukraine_energy_shock,ranked_second_order,1,"{""evidence_level"": ""historical_supported"", ""evidence_rank"": 3, ""retrieval_support"": 0.25, ""supporting_case_count"": 1, ""supporting_case_count_saturated"": 1, ""symbol"": ""flng""}"
evaluation_cases,eval_natural_gas_fertilizer_shock,eval_natural_gas_fertilizer_shock,LNG,Cheniere Energy Inc,lng_shipping,Stock,related_exposure,historical_supported,0.82,case_russia_ukraine_energy_shock,ranked_second_order,2,"{""evidence_level"": ""historical_supported"", ""evidence_rank"": 3, ""retrieval_support"": 0.25, ""supporting_case_count"": 1, ""supporting_case_count_saturated"": 1, ""symbol"": ""lng""}"
evaluation_cases,eval_natural_gas_fertilizer_shock,eval_natural_gas_fertilizer_shock,MPC,Marathon Petroleum Corporation,refining,Stock,direct_exposure,historical_supported,0.82,case_opec_production_cut_policy_shock,ranked_second_order,3,"{""evidence_level"": ""historical_supported"", ""evidence_rank"": 3, ""retrieval_support"": 0.166667, ""supporting_case_count"": 1, ""supporting_case_count_saturated"": 1, ""symbol"": ""mpc""}"
evaluation_cases,eval_natural_gas_fertilizer_shock,eval_natural_gas_fertilizer_shock,VLO,Valero Energy Corporation,refining,Stock,direct_exposure,historical_supported,0.82,case_opec_production_cut_policy_shock,ranked_second_order,4,"{""evidence_level"": ""historical_supported"", ""evidence_rank"": 3, ""retrieval_support"": 0.166667, ""supporting_case_count"": 1, ""supporting_case_count_saturated"": 1, ""symbol"": ""vlo""}"
evaluation_cases,eval_natural_gas_fertilizer_shock,eval_natural_gas_fertilizer_shock,JBHT,J B Hunt Transport Services Inc,logistics,Stock,direct_exposure,sector_proxy,0.64,case_2021_belarus_potash_sanctions;case_2022_russia_fertilizer_export_restrictions;case_black_sea_grain_export_disruption;case_2022_india_wheat_export_ban,ranked_second_order,5,"{""evidence_level"": ""sector_proxy"", ""evidence_rank"": 2, ""retrieval_support"": 0.267361, ""supporting_case_count"": 4, ""supporting_case_count_saturated"": 3, ""symbol"": ""jbht""}"
evaluation_cases,eval_natural_gas_fertilizer_shock,eval_natural_gas_fertilizer_shock,KNIN.SW,Kuehne + Nagel International AG,logistics,Stock,direct_exposure,sector_proxy,0.64,case_2021_belarus_potash_sanctions;case_2022_russia_fertilizer_export_restrictions;case_black_sea_grain_export_disruption;case_2022_india_wheat_export_ban,ranked_second_order,6,"{""evidence_level"": ""sector_proxy"", ""evidence_rank"": 2, ""retrieval_support"": 0.267361, ""supporting_case_count"": 4, ""supporting_case_count_saturated"": 3, ""symbol"": ""knin.sw""}"
evaluation_cases,eval_natural_gas_fertilizer_shock,eval_natural_gas_fertilizer_shock,CHRW,C H Robinson Worldwide Inc,customs,Stock,related_exposure,sector_proxy,0.64,case_2021_belarus_potash_sanctions;case_2022_russia_fertilizer_export_restrictions;case_uranium_nuclear_fuel_supply_disruption;case_2022_india_wheat_export_ban;case_2023_eu_carbon_border_adjustment_mechanism,ranked_second_order,7,"{""evidence_level"": ""sector_proxy"", ""evidence_rank"": 2, ""retrieval_support"": 0.248889, ""supporting_case_count"": 5, ""supporting_case_count_saturated"": 3, ""symbol"": ""chrw""}"
evaluation_cases,eval_natural_gas_fertilizer_shock,eval_natural_gas_fertilizer_shock,DSGX,The Descartes Systems Group Inc,customs,Stock,direct_exposure,sector_proxy,0.64,case_2021_belarus_potash_sanctions;case_2022_russia_fertilizer_export_restrictions;case_uranium_nuclear_fuel_supply_disruption;case_2022_india_wheat_export_ban;case_2023_eu_carbon_border_adjustment_mechanism,ranked_second_order,8,"{""evidence_level"": ""sector_proxy"", ""evidence_rank"": 2, ""retrieval_support"": 0.248889, ""supporting_case_count"": 5, ""supporting_case_count_saturated"": 3, ""symbol"": ""dsgx""}"
evaluation_cases,eval_natural_gas_fertilizer_shock,eval_natural_gas_fertilizer_shock,DHL.DE,DHL Group,trade_lanes,Stock,related_exposure,sector_proxy,0.64,case_2021_belarus_potash_sanctions;case_2022_russia_fertilizer_export_restrictions;case_uranium_nuclear_fuel_supply_disruption;case_2009_russia_ukraine_gas_transit_dispute;case_2022_india_wheat_export_ban;case_2023_eu_carbon_border_adjustment_mechanism,ranked_second_order,9,"{""evidence_level"": ""sector_proxy"", ""evidence_rank"": 2, ""retrieval_support"": 0.231217, ""supporting_case_count"": 6, ""supporting_case_count_saturated"": 3, ""symbol"": ""dhl.de""}"
evaluation_cases,eval_natural_gas_fertilizer_shock,eval_natural_gas_fertilizer_shock,EXPD,Expeditors International of Washington Inc,trade_lanes,Stock,related_exposure,sector_proxy,0.64,case_2021_belarus_potash_sanctions;case_2022_russia_fertilizer_export_restrictions;case_uranium_nuclear_fuel_supply_disruption;case_2009_russia_ukraine_gas_transit_dispute;case_2022_india_wheat_export_ban;case_2023_eu_carbon_border_adjustment_mechanism,ranked_second_order,10,"{""evidence_level"": ""sector_proxy"", ""evidence_rank"": 2, ""retrieval_support"": 0.231217, ""supporting_case_count"": 6, ""supporting_case_count_saturated"": 3, ""symbol"": ""expd""}"
evaluation_cases,eval_natural_gas_fertilizer_shock,eval_natural_gas_fertilizer_shock,FDX,FedEx Corporation,freight_routes,Stock,related_exposure,sector_proxy,0.64,case_2021_belarus_potash_sanctions;case_black_sea_grain_export_disruption,ranked_second_order,11,"{""evidence_level"": ""sector_proxy"", ""evidence_rank"": 2, ""retrieval_support"": 0.3125, ""supporting_case_count"": 2, ""supporting_case_count_saturated"": 2, ""symbol"": ""fdx""}"
evaluation_cases,eval_natural_gas_fertilizer_shock,eval_natural_gas_fertilizer_shock,UPS,United Parcel Service Inc,freight_routes,Stock,related_exposure,sector_proxy,0.64,case_2021_belarus_potash_sanctions;case_black_sea_grain_export_disruption,ranked_second_order,12,"{""evidence_level"": ""sector_proxy"", ""evidence_rank"": 2, ""retrieval_support"": 0.3125, ""supporting_case_count"": 2, ""supporting_case_count_saturated"": 2, ""symbol"": ""ups""}"
evaluation_cases,eval_natural_gas_fertilizer_shock,eval_natural_gas_fertilizer_shock,BG,Bunge Global SA,grain_exports,Stock,related_exposure,sector_proxy,0.64,case_black_sea_grain_export_disruption;case_2022_india_wheat_export_ban,ranked_second_order,13,"{""evidence_level"": ""sector_proxy"", ""evidence_rank"": 2, ""retrieval_support"": 0.118056, ""supporting_case_count"": 2, ""supporting_case_count_saturated"": 2, ""symbol"": ""bg""}"
evaluation_cases,eval_us_china_tariffs,eval_us_china_tariffs,PICK,iShares MSCI Global Metals & Mining Producers ETF,critical_minerals,ETF,broad_proxy,sector_proxy,0.64,case_2024_ev_tariff_escalation_china;case_2021_xinjiang_forced_labor_import_restrictions;case_2023_eu_carbon_border_adjustment_mechanism,ranked_second_order,1,"{""evidence_level"": ""sector_proxy"", ""evidence_rank"": 2, ""retrieval_support"": 0.333333, ""supporting_case_count"": 3, ""supporting_case_count_saturated"": 3, ""symbol"": ""pick""}"
evaluation_cases,eval_us_china_tariffs,eval_us_china_tariffs,REMX,VanEck Rare Earth and Strategic Metals ETF,critical_minerals,ETF,broad_proxy,sector_proxy,0.64,case_2024_ev_tariff_escalation_china;case_2021_xinjiang_forced_labor_import_restrictions;case_2023_eu_carbon_border_adjustment_mechanism,ranked_second_order,2,"{""evidence_level"": ""sector_proxy"", ""evidence_rank"": 2, ""retrieval_support"": 0.333333, ""supporting_case_count"": 3, ""supporting_case_count_saturated"": 3, ""symbol"": ""remx""}"
evaluation_cases,eval_us_china_tariffs,eval_us_china_tariffs,0144.HK,China Merchants Port Holdings Company Limited,ports,Stock,direct_exposure,sector_proxy,0.64,case_2023_mexico_nearshoring_cross_border_policy_risk;case_2021_myanmar_coup_supply_chain_disruption,ranked_second_order,3,"{""evidence_level"": ""sector_proxy"", ""evidence_rank"": 2, ""retrieval_support"": 0.180556, ""supporting_case_count"": 2, ""supporting_case_count_saturated"": 2, ""symbol"": ""0144.hk""}"
evaluation_cases,eval_us_china_tariffs,eval_us_china_tariffs,1199.HK,COSCO SHIPPING Ports Limited,ports,Stock,direct_exposure,sector_proxy,0.64,case_2023_mexico_nearshoring_cross_border_policy_risk;case_2021_myanmar_coup_supply_chain_disruption,ranked_second_order,4,"{""evidence_level"": ""sector_proxy"", ""evidence_rank"": 2, ""retrieval_support"": 0.180556, ""supporting_case_count"": 2, ""supporting_case_count_saturated"": 2, ""symbol"": ""1199.hk""}"
evaluation_cases,eval_us_china_tariffs,eval_us_china_tariffs,BG,Bunge Global SA,grain_exports,Stock,related_exposure,sector_proxy,0.64,case_2008_rice_export_restrictions_food_security;case_2022_india_wheat_export_ban,ranked_second_order,5,"{""evidence_level"": ""sector_proxy"", ""evidence_rank"": 2, ""retrieval_support"": 0.171429, ""supporting_case_count"": 2, ""supporting_case_count_saturated"": 2, ""symbol"": ""bg""}"
evaluation_cases,eval_us_china_tariffs,eval_us_china_tariffs,DBA,Invesco DB Agriculture Fund,food_export_controls,ETF,broad_proxy,sector_proxy,0.64,case_2008_rice_export_restrictions_food_security;case_2022_india_wheat_export_ban,ranked_second_order,6,"{""evidence_level"": ""sector_proxy"", ""evidence_rank"": 2, ""retrieval_support"": 0.171429, ""supporting_case_count"": 2, ""supporting_case_count_saturated"": 2, ""symbol"": ""dba""}"
evaluation_cases,eval_us_china_tariffs,eval_us_china_tariffs,WEAT,Teucrium Wheat Fund,food_export_controls,ETF,broad_proxy,sector_proxy,0.64,case_2008_rice_export_restrictions_food_security;case_2022_india_wheat_export_ban,ranked_second_order,7,"{""evidence_level"": ""sector_proxy"", ""evidence_rank"": 2, ""retrieval_support"": 0.171429, ""supporting_case_count"": 2, ""supporting_case_count_saturated"": 2, ""symbol"": ""weat""}"
evaluation_cases,eval_us_china_tariffs,eval_us_china_tariffs,AMAT,Applied Materials Inc,semiconductor_equipment,Stock,direct_exposure,sector_proxy,0.64,case_2019_huawei_entity_list;case_2023_japan_chip_equipment_export_controls,ranked_second_order,8,"{""evidence_level"": ""sector_proxy"", ""evidence_rank"": 2, ""retrieval_support"": 0.1125, ""supporting_case_count"": 2, ""supporting_case_count_saturated"": 2, ""symbol"": ""amat""}"
evaluation_cases,eval_us_china_tariffs,eval_us_china_tariffs,AMD,Advanced Micro Devices Inc,ai_chips,Stock,related_exposure,sector_proxy,0.64,case_2019_huawei_entity_list;case_2023_japan_chip_equipment_export_controls,ranked_second_order,9,"{""evidence_level"": ""sector_proxy"", ""evidence_rank"": 2, ""retrieval_support"": 0.1125, ""supporting_case_count"": 2, ""supporting_case_count_saturated"": 2, ""symbol"": ""amd""}"
evaluation_cases,eval_us_china_tariffs,eval_us_china_tariffs,ASML,ASML Holding NV ADR,semiconductor_equipment,ADR,direct_exposure,sector_proxy,0.64,case_2019_huawei_entity_list;case_2023_japan_chip_equipment_export_controls,ranked_second_order,10,"{""evidence_level"": ""sector_proxy"", ""evidence_rank"": 2, ""retrieval_support"": 0.1125, ""supporting_case_count"": 2, ""supporting_case_count_saturated"": 2, ""symbol"": ""asml""}"
evaluation_cases,eval_us_china_tariffs,eval_us_china_tariffs,DLR,Digital Realty Trust Inc,data_centers,REIT,direct_exposure,sector_proxy,0.64,case_2019_huawei_entity_list;case_2023_japan_chip_equipment_export_controls,ranked_second_order,11,"{""evidence_level"": ""sector_proxy"", ""evidence_rank"": 2, ""retrieval_support"": 0.1125, ""supporting_case_count"": 2, ""supporting_case_count_saturated"": 2, ""symbol"": ""dlr""}"
evaluation_cases,eval_us_china_tariffs,eval_us_china_tariffs,EQIX,Equinix Inc,data_centers,REIT,direct_exposure,sector_proxy,0.64,case_2019_huawei_entity_list;case_2023_japan_chip_equipment_export_controls,ranked_second_order,12,"{""evidence_level"": ""sector_proxy"", ""evidence_rank"": 2, ""retrieval_support"": 0.1125, ""supporting_case_count"": 2, ""supporting_case_count_saturated"": 2, ""symbol"": ""eqix""}"
evaluation_cases,eval_us_china_tariffs,eval_us_china_tariffs,NVDA,NVIDIA Corporation,ai_chips,Stock,direct_exposure,sector_proxy,0.64,case_2019_huawei_entity_list;case_2023_japan_chip_equipment_export_controls,ranked_second_order,13,"{""evidence_level"": ""sector_proxy"", ""evidence_rank"": 2, ""retrieval_support"": 0.1125, ""supporting_case_count"": 2, ""supporting_case_count_saturated"": 2, ""symbol"": ""nvda""}"
evaluation_cases,eval_middle_east_oil_infrastructure_attack,eval_middle_east_oil_infrastructure_attack,FLNG,FLEX LNG Ltd,lng_shipping,Stock,direct_exposure,historical_supported,0.82,case_hormuz_tanker_tensions,ranked_second_order,1,"{""evidence_level"": ""historical_supported"", ""evidence_rank"": 3, ""retrieval_support"": 0.142857, ""supporting_case_count"": 1, ""supporting_case_count_saturated"": 1, ""symbol"": ""flng""}"
evaluation_cases,eval_middle_east_oil_infrastructure_attack,eval_middle_east_oil_infrastructure_attack,LNG,Cheniere Energy Inc,lng_shipping,Stock,related_exposure,historical_supported,0.82,case_hormuz_tanker_tensions,ranked_second_order,2,"{""evidence_level"": ""historical_supported"", ""evidence_rank"": 3, ""retrieval_support"": 0.142857, ""supporting_case_count"": 1, ""supporting_case_count_saturated"": 1, ""symbol"": ""lng""}"
evaluation_cases,eval_middle_east_oil_infrastructure_attack,eval_middle_east_oil_infrastructure_attack,ITA,iShares U S Aerospace & Defense ETF,defense,ETF,broad_proxy,sector_proxy,0.64,case_2022_abu_dhabi_oil_facility_attack;case_israel_iran_escalation_energy_risk;case_1987_1988_tanker_war_reflagging,ranked_second_order,3,"{""evidence_level"": ""sector_proxy"", ""evidence_rank"": 2, ""retrieval_support"": 0.259259, ""supporting_case_count"": 3, ""supporting_case_count_saturated"": 3, ""symbol"": ""ita""}"
evaluation_cases,eval_middle_east_oil_infrastructure_attack,eval_middle_east_oil_infrastructure_attack,LMT,Lockheed Martin Corporation,defense,Stock,direct_exposure,sector_proxy,0.64,case_2022_abu_dhabi_oil_facility_attack;case_israel_iran_escalation_energy_risk;case_1987_1988_tanker_war_reflagging,ranked_second_order,4,"{""evidence_level"": ""sector_proxy"", ""evidence_rank"": 2, ""retrieval_support"": 0.259259, ""supporting_case_count"": 3, ""supporting_case_count_saturated"": 3, ""symbol"": ""lmt""}"
evaluation_cases,eval_middle_east_oil_infrastructure_attack,eval_middle_east_oil_infrastructure_attack,BOAT,SonicShares Global Shipping ETF,maritime_chokepoint,ETF,broad_proxy,sector_proxy,0.64,case_israel_iran_escalation_energy_risk;case_hormuz_tanker_tensions;case_1987_1988_tanker_war_reflagging,ranked_second_order,5,"{""evidence_level"": ""sector_proxy"", ""evidence_rank"": 2, ""retrieval_support"": 0.140212, ""supporting_case_count"": 3, ""supporting_case_count_saturated"": 3, ""symbol"": ""boat""}"
evaluation_cases,eval_middle_east_oil_infrastructure_attack,eval_middle_east_oil_infrastructure_attack,CB,Chubb Limited,marine_insurance,Stock,related_exposure,sector_proxy,0.64,case_israel_iran_escalation_energy_risk;case_hormuz_tanker_tensions;case_1987_1988_tanker_war_reflagging,ranked_second_order,6,"{""evidence_level"": ""sector_proxy"", ""evidence_rank"": 2, ""retrieval_support"": 0.140212, ""supporting_case_count"": 3, ""supporting_case_count_saturated"": 3, ""symbol"": ""cb""}"
evaluation_cases,eval_middle_east_oil_infrastructure_attack,eval_middle_east_oil_infrastructure_attack,MATX,Matson Inc,maritime_chokepoint,Stock,related_exposure,sector_proxy,0.64,case_israel_iran_escalation_energy_risk;case_hormuz_tanker_tensions;case_1987_1988_tanker_war_reflagging,ranked_second_order,7,"{""evidence_level"": ""sector_proxy"", ""evidence_rank"": 2, ""retrieval_support"": 0.140212, ""supporting_case_count"": 3, ""supporting_case_count_saturated"": 3, ""symbol"": ""matx""}"
evaluation_cases,eval_middle_east_oil_infrastructure_attack,eval_middle_east_oil_infrastructure_attack,TRV,The Travelers Companies Inc,marine_insurance,Stock,related_exposure,sector_proxy,0.64,case_israel_iran_escalation_energy_risk;case_hormuz_tanker_tensions;case_1987_1988_tanker_war_reflagging,ranked_second_order,8,"{""evidence_level"": ""sector_proxy"", ""evidence_rank"": 2, ""retrieval_support"": 0.140212, ""supporting_case_count"": 3, ""supporting_case_count_saturated"": 3, ""symbol"": ""trv""}"
evaluation_cases,eval_middle_east_oil_infrastructure_attack,eval_middle_east_oil_infrastructure_attack,JBHT,J B Hunt Transport Services Inc,logistics,Stock,direct_exposure,sector_proxy,0.64,case_2011_libya_civil_war_oil_disruption;case_1987_1988_tanker_war_reflagging,ranked_second_order,9,"{""evidence_level"": ""sector_proxy"", ""evidence_rank"": 2, ""retrieval_support"": 0.118056, ""supporting_case_count"": 2, ""supporting_case_count_saturated"": 2, ""symbol"": ""jbht""}"
evaluation_cases,eval_middle_east_oil_infrastructure_attack,eval_middle_east_oil_infrastructure_attack,KNIN.SW,Kuehne + Nagel International AG,logistics,Stock,direct_exposure,sector_proxy,0.64,case_2011_libya_civil_war_oil_disruption;case_1987_1988_tanker_war_reflagging,ranked_second_order,10,"{""evidence_level"": ""sector_proxy"", ""evidence_rank"": 2, ""retrieval_support"": 0.118056, ""supporting_case_count"": 2, ""supporting_case_count_saturated"": 2, ""symbol"": ""knin.sw""}"
evaluation_cases,eval_suez_canal_blockage,eval_suez_canal_blockage,DHT,DHT Holdings Inc,oil_shipping,Stock,direct_exposure,historical_supported,0.82,case_2023_red_sea_attacks;case_2022_turkey_strait_tanker_insurance_backlog;case_2019_cosco_shipping_sanctions_tanker_market,ranked_second_order,1,"{""evidence_level"": ""historical_supported"", ""evidence_rank"": 3, ""retrieval_support"": 0.266667, ""supporting_case_count"": 3, ""supporting_case_count_saturated"": 3, ""symbol"": ""dht""}"
evaluation_cases,eval_suez_canal_blockage,eval_suez_canal_blockage,FRO,Frontline plc,oil_shipping,Stock,direct_exposure,historical_supported,0.82,case_2023_red_sea_attacks;case_2022_turkey_strait_tanker_insurance_backlog;case_2019_cosco_shipping_sanctions_tanker_market,ranked_second_order,2,"{""evidence_level"": ""historical_supported"", ""evidence_rank"": 3, ""retrieval_support"": 0.266667, ""supporting_case_count"": 3, ""supporting_case_count_saturated"": 3, ""symbol"": ""fro""}"
evaluation_cases,eval_suez_canal_blockage,eval_suez_canal_blockage,FLNG,FLEX LNG Ltd,lng_shipping,Stock,direct_exposure,historical_supported,0.82,case_panama_canal_drought_shipping_capacity;case_2023_arctic_lng_russian_energy_shipping_sanctions,ranked_second_order,3,"{""evidence_level"": ""historical_supported"", ""evidence_rank"": 3, ""retrieval_support"": 0.126984, ""supporting_case_count"": 2, ""supporting_case_count_saturated"": 2, ""symbol"": ""flng""}"
evaluation_cases,eval_suez_canal_blockage,eval_suez_canal_blockage,LNG,Cheniere Energy Inc,lng_shipping,Stock,related_exposure,historical_supported,0.82,case_panama_canal_drought_shipping_capacity;case_2023_arctic_lng_russian_energy_shipping_sanctions,ranked_second_order,4,"{""evidence_level"": ""historical_supported"", ""evidence_rank"": 3, ""retrieval_support"": 0.126984, ""supporting_case_count"": 2, ""supporting_case_count_saturated"": 2, ""symbol"": ""lng""}"
evaluation_cases,eval_suez_canal_blockage,eval_suez_canal_blockage,CB,Chubb Limited,marine_insurance,Stock,related_exposure,sector_proxy,0.64,case_2023_red_sea_attacks;case_2023_south_china_sea_shipping_tensions;case_2022_turkey_strait_tanker_insurance_backlog;case_2023_arctic_lng_russian_energy_shipping_sanctions;case_2019_cosco_shipping_sanctions_tanker_market,ranked_second_order,5,"{""evidence_level"": ""sector_proxy"", ""evidence_rank"": 2, ""retrieval_support"": 0.232222, ""supporting_case_count"": 5, ""supporting_case_count_saturated"": 3, ""symbol"": ""cb""}"
evaluation_cases,eval_suez_canal_blockage,eval_suez_canal_blockage,TRV,The Travelers Companies Inc,marine_insurance,Stock,related_exposure,sector_proxy,0.64,case_2023_red_sea_attacks;case_2023_south_china_sea_shipping_tensions;case_2022_turkey_strait_tanker_insurance_backlog;case_2023_arctic_lng_russian_energy_shipping_sanctions;case_2019_cosco_shipping_sanctions_tanker_market,ranked_second_order,6,"{""evidence_level"": ""sector_proxy"", ""evidence_rank"": 2, ""retrieval_support"": 0.232222, ""supporting_case_count"": 5, ""supporting_case_count_saturated"": 3, ""symbol"": ""trv""}"
evaluation_cases,eval_suez_canal_blockage,eval_suez_canal_blockage,DHL.DE,DHL Group,trade_lanes,Stock,related_exposure,sector_proxy,0.64,case_2024_us_east_gulf_port_strike;case_2023_south_china_sea_shipping_tensions;case_2023_dp_world_australia_cyber_port_disruption;case_2019_cosco_shipping_sanctions_tanker_market,ranked_second_order,7,"{""evidence_level"": ""sector_proxy"", ""evidence_rank"": 2, ""retrieval_support"": 0.2125, ""supporting_case_count"": 4, ""supporting_case_count_saturated"": 3, ""symbol"": ""dhl.de""}"
evaluation_cases,eval_suez_canal_blockage,eval_suez_canal_blockage,EXPD,Expeditors International of Washington Inc,trade_lanes,Stock,related_exposure,sector_proxy,0.64,case_2024_us_east_gulf_port_strike;case_2023_south_china_sea_shipping_tensions;case_2023_dp_world_australia_cyber_port_disruption;case_2019_cosco_shipping_sanctions_tanker_market,ranked_second_order,8,"{""evidence_level"": ""sector_proxy"", ""evidence_rank"": 2, ""retrieval_support"": 0.2125, ""supporting_case_count"": 4, ""supporting_case_count_saturated"": 3, ""symbol"": ""expd""}"
evaluation_cases,eval_suez_canal_blockage,eval_suez_canal_blockage,EUFN,iShares MSCI Europe Financials ETF,financial_sanctions,ETF,broad_proxy,sector_proxy,0.64,case_2022_turkey_strait_tanker_insurance_backlog;case_2023_arctic_lng_russian_energy_shipping_sanctions;case_2019_cosco_shipping_sanctions_tanker_market,ranked_second_order,9,"{""evidence_level"": ""sector_proxy"", ""evidence_rank"": 2, ""retrieval_support"": 0.137037, ""supporting_case_count"": 3, ""supporting_case_count_saturated"": 3, ""symbol"": ""eufn""}"
evaluation_cases,eval_suez_canal_blockage,eval_suez_canal_blockage,XLF,Financial Select Sector SPDR Fund,financial_sanctions,ETF,broad_proxy,sector_proxy,0.64,case_2022_turkey_strait_tanker_insurance_backlog;case_2023_arctic_lng_russian_energy_shipping_sanctions;case_2019_cosco_shipping_sanctions_tanker_market,ranked_second_order,10,"{""evidence_level"": ""sector_proxy"", ""evidence_rank"": 2, ""retrieval_support"": 0.137037, ""supporting_case_count"": 3, ""supporting_case_count_saturated"": 3, ""symbol"": ""xlf""}"
evaluation_cases,eval_suez_canal_blockage,eval_suez_canal_blockage,XLE,Energy Select Sector SPDR Fund,energy,ETF,broad_proxy,sector_proxy,0.64,case_2021_suez_blockage;case_2023_arctic_lng_russian_energy_shipping_sanctions,ranked_second_order,11,"{""evidence_level"": ""sector_proxy"", ""evidence_rank"": 2, ""retrieval_support"": 0.555556, ""supporting_case_count"": 2, ""supporting_case_count_saturated"": 2, ""symbol"": ""xle""}"
evaluation_cases,eval_suez_canal_blockage,eval_suez_canal_blockage,XOM,Exxon Mobil Corporation,energy,Stock,related_exposure,sector_proxy,0.64,case_2021_suez_blockage;case_2023_arctic_lng_russian_energy_shipping_sanctions,ranked_second_order,12,"{""evidence_level"": ""sector_proxy"", ""evidence_rank"": 2, ""retrieval_support"": 0.555556, ""supporting_case_count"": 2, ""supporting_case_count_saturated"": 2, ""symbol"": ""xom""}"
evaluation_cases,eval_suez_canal_blockage,eval_suez_canal_blockage,CHRW,C H Robinson Worldwide Inc,customs,Stock,related_exposure,sector_proxy,0.64,case_2022_turkey_strait_tanker_insurance_backlog;case_2019_cosco_shipping_sanctions_tanker_market,ranked_second_order,13,"{""evidence_level"": ""sector_proxy"", ""evidence_rank"": 2, ""retrieval_support"": 0.15, ""supporting_case_count"": 2, ""supporting_case_count_saturated"": 2, ""symbol"": ""chrw""}"
evaluation_cases,eval_suez_canal_blockage,eval_suez_canal_blockage,DSGX,The Descartes Systems Group Inc,customs,Stock,direct_exposure,sector_proxy,0.64,case_2022_turkey_strait_tanker_insurance_backlog;case_2019_cosco_shipping_sanctions_tanker_market,ranked_second_order,14,"{""evidence_level"": ""sector_proxy"", ""evidence_rank"": 2, ""retrieval_support"": 0.15, ""supporting_case_count"": 2, ""supporting_case_count_saturated"": 2, ""symbol"": ""dsgx""}"
evaluation_cases,eval_suez_canal_blockage,eval_suez_canal_blockage,CIBR,First Trust NASDAQ Cybersecurity ETF,cyber_infrastructure,ETF,broad_proxy,sector_proxy,0.64,case_2023_dp_world_australia_cyber_port_disruption;case_2017_notpetya_shipping_logistics_cyberattack,ranked_second_order,15,"{""evidence_level"": ""sector_proxy"", ""evidence_rank"": 2, ""retrieval_support"": 0.145833, ""supporting_case_count"": 2, ""supporting_case_count_saturated"": 2, ""symbol"": ""cibr""}"
evaluation_cases,eval_suez_canal_blockage,eval_suez_canal_blockage,CRWD,CrowdStrike Holdings Inc,cyber_infrastructure,Stock,direct_exposure,sector_proxy,0.64,case_2023_dp_world_australia_cyber_port_disruption;case_2017_notpetya_shipping_logistics_cyberattack,ranked_second_order,16,"{""evidence_level"": ""sector_proxy"", ""evidence_rank"": 2, ""retrieval_support"": 0.145833, ""supporting_case_count"": 2, ""supporting_case_count_saturated"": 2, ""symbol"": ""crwd""}"
evaluation_cases,eval_suez_canal_blockage,eval_suez_canal_blockage,MA,Mastercard Incorporated,payment_networks,Stock,direct_exposure,sector_proxy,0.64,case_2023_arctic_lng_russian_energy_shipping_sanctions;case_2019_cosco_shipping_sanctions_tanker_market,ranked_second_order,17,"{""evidence_level"": ""sector_proxy"", ""evidence_rank"": 2, ""retrieval_support"": 0.105556, ""supporting_case_count"": 2, ""supporting_case_count_saturated"": 2, ""symbol"": ""ma""}"
evaluation_cases,eval_suez_canal_blockage,eval_suez_canal_blockage,V,Visa Inc,payment_networks,Stock,direct_exposure,sector_proxy,0.64,case_2023_arctic_lng_russian_energy_shipping_sanctions;case_2019_cosco_shipping_sanctions_tanker_market,ranked_second_order,18,"{""evidence_level"": ""sector_proxy"", ""evidence_rank"": 2, ""retrieval_support"": 0.105556, ""supporting_case_count"": 2, ""supporting_case_count_saturated"": 2, ""symbol"": ""v""}"
evaluation_cases,eval_huawei_entity_list,eval_huawei_entity_list,CAT,Caterpillar Inc,manufacturing_inputs,Stock,related_exposure,sector_proxy,0.64,case_2020_smic_entity_list_semiconductor_controls;case_2019_huawei_entity_list;case_2023_japan_chip_equipment_export_controls;case_2021_xinjiang_forced_labor_import_restrictions;case_2010_china_japan_rare_earth_embargo;case_taiwan_strait_semiconductor_risk;case_2019_turkey_f35_s400_defense_restrictions,ranked_second_order,1,"{""evidence_level"": ""sector_proxy"", ""evidence_rank"": 2, ""retrieval_support"": 0.318424, ""supporting_case_count"": 7, ""supporting_case_count_saturated"": 3, ""symbol"": ""cat""}"
evaluation_cases,eval_huawei_entity_list,eval_huawei_entity_list,DE,Deere & Company,manufacturing_inputs,Stock,related_exposure,sector_proxy,0.64,case_2020_smic_entity_list_semiconductor_controls;case_2019_huawei_entity_list;case_2023_japan_chip_equipment_export_controls;case_2021_xinjiang_forced_labor_import_restrictions;case_2010_china_japan_rare_earth_embargo;case_taiwan_strait_semiconductor_risk;case_2019_turkey_f35_s400_defense_restrictions,ranked_second_order,2,"{""evidence_level"": ""sector_proxy"", ""evidence_rank"": 2, ""retrieval_support"": 0.318424, ""supporting_case_count"": 7, ""supporting_case_count_saturated"": 3, ""symbol"": ""de""}"
evaluation_cases,eval_huawei_entity_list,eval_huawei_entity_list,ITA,iShares U S Aerospace & Defense ETF,defense,ETF,broad_proxy,sector_proxy,0.64,case_2024_taiwan_strait_drills_semiconductor_supply;case_2010_china_japan_rare_earth_embargo;case_taiwan_strait_semiconductor_risk;case_2019_turkey_f35_s400_defense_restrictions,ranked_second_order,3,"{""evidence_level"": ""sector_proxy"", ""evidence_rank"": 2, ""retrieval_support"": 0.125694, ""supporting_case_count"": 4, ""supporting_case_count_saturated"": 3, ""symbol"": ""ita""}"
evaluation_cases,eval_huawei_entity_list,eval_huawei_entity_list,LMT,Lockheed Martin Corporation,defense,Stock,direct_exposure,sector_proxy,0.64,case_2024_taiwan_strait_drills_semiconductor_supply;case_2010_china_japan_rare_earth_embargo;case_taiwan_strait_semiconductor_risk;case_2019_turkey_f35_s400_defense_restrictions,ranked_second_order,4,"{""evidence_level"": ""sector_proxy"", ""evidence_rank"": 2, ""retrieval_support"": 0.125694, ""supporting_case_count"": 4, ""supporting_case_count_saturated"": 3, ""symbol"": ""lmt""}"
evaluation_cases,eval_huawei_entity_list,eval_huawei_entity_list,DHL.DE,DHL Group,trade_lanes,Stock,related_exposure,sector_proxy,0.64,case_2021_xinjiang_forced_labor_import_restrictions;case_2010_china_japan_rare_earth_embargo;case_2019_turkey_f35_s400_defense_restrictions,ranked_second_order,5,"{""evidence_level"": ""sector_proxy"", ""evidence_rank"": 2, ""retrieval_support"": 0.122619, ""supporting_case_count"": 3, ""supporting_case_count_saturated"": 3, ""symbol"": ""dhl.de""}"
evaluation_cases,eval_huawei_entity_list,eval_huawei_entity_list,EXPD,Expeditors International of Washington Inc,trade_lanes,Stock,related_exposure,sector_proxy,0.64,case_2021_xinjiang_forced_labor_import_restrictions;case_2010_china_japan_rare_earth_embargo;case_2019_turkey_f35_s400_defense_restrictions,ranked_second_order,6,"{""evidence_level"": ""sector_proxy"", ""evidence_rank"": 2, ""retrieval_support"": 0.122619, ""supporting_case_count"": 3, ""supporting_case_count_saturated"": 3, ""symbol"": ""expd""}"
evaluation_cases,eval_huawei_entity_list,eval_huawei_entity_list,PICK,iShares MSCI Global Metals & Mining Producers ETF,critical_minerals,ETF,broad_proxy,sector_proxy,0.64,case_2021_xinjiang_forced_labor_import_restrictions;case_2010_china_japan_rare_earth_embargo,ranked_second_order,7,"{""evidence_level"": ""sector_proxy"", ""evidence_rank"": 2, ""retrieval_support"": 0.133929, ""supporting_case_count"": 2, ""supporting_case_count_saturated"": 2, ""symbol"": ""pick""}"
evaluation_cases,eval_huawei_entity_list,eval_huawei_entity_list,REMX,VanEck Rare Earth and Strategic Metals ETF,critical_minerals,ETF,broad_proxy,sector_proxy,0.64,case_2021_xinjiang_forced_labor_import_restrictions;case_2010_china_japan_rare_earth_embargo,ranked_second_order,8,"{""evidence_level"": ""sector_proxy"", ""evidence_rank"": 2, ""retrieval_support"": 0.133929, ""supporting_case_count"": 2, ""supporting_case_count_saturated"": 2, ""symbol"": ""remx""}"
evaluation_cases,eval_dutch_asml_export_controls,eval_dutch_asml_export_controls,CAT,Caterpillar Inc,manufacturing_inputs,Stock,related_exposure,sector_proxy,0.64,case_2020_smic_entity_list_semiconductor_controls;case_2023_japan_chip_equipment_export_controls;case_2019_huawei_entity_list;case_taiwan_strait_semiconductor_risk;case_2010_china_japan_rare_earth_embargo;case_2021_xinjiang_forced_labor_import_restrictions;case_china_gallium_germanium_graphite_controls,ranked_second_order,1,"{""evidence_level"": ""sector_proxy"", ""evidence_rank"": 2, ""retrieval_support"": 0.216043, ""supporting_case_count"": 7, ""supporting_case_count_saturated"": 3, ""symbol"": ""cat""}"
evaluation_cases,eval_dutch_asml_export_controls,eval_dutch_asml_export_controls,DE,Deere & Company,manufacturing_inputs,Stock,related_exposure,sector_proxy,0.64,case_2020_smic_entity_list_semiconductor_controls;case_2023_japan_chip_equipment_export_controls;case_2019_huawei_entity_list;case_taiwan_strait_semiconductor_risk;case_2010_china_japan_rare_earth_embargo;case_2021_xinjiang_forced_labor_import_restrictions;case_china_gallium_germanium_graphite_controls,ranked_second_order,2,"{""evidence_level"": ""sector_proxy"", ""evidence_rank"": 2, ""retrieval_support"": 0.216043, ""supporting_case_count"": 7, ""supporting_case_count_saturated"": 3, ""symbol"": ""de""}"
evaluation_cases,eval_dutch_asml_export_controls,eval_dutch_asml_export_controls,ITA,iShares U S Aerospace & Defense ETF,defense,ETF,broad_proxy,sector_proxy,0.64,case_2024_taiwan_strait_drills_semiconductor_supply;case_taiwan_strait_semiconductor_risk;case_2010_china_japan_rare_earth_embargo,ranked_second_order,3,"{""evidence_level"": ""sector_proxy"", ""evidence_rank"": 2, ""retrieval_support"": 0.144841, ""supporting_case_count"": 3, ""supporting_case_count_saturated"": 3, ""symbol"": ""ita""}"
evaluation_cases,eval_dutch_asml_export_controls,eval_dutch_asml_export_controls,LMT,Lockheed Martin Corporation,defense,Stock,direct_exposure,sector_proxy,0.64,case_2024_taiwan_strait_drills_semiconductor_supply;case_taiwan_strait_semiconductor_risk;case_2010_china_japan_rare_earth_embargo,ranked_second_order,4,"{""evidence_level"": ""sector_proxy"", ""evidence_rank"": 2, ""retrieval_support"": 0.144841, ""supporting_case_count"": 3, ""supporting_case_count_saturated"": 3, ""symbol"": ""lmt""}"
evaluation_cases,eval_dutch_asml_export_controls,eval_dutch_asml_export_controls,PICK,iShares MSCI Global Metals & Mining Producers ETF,critical_minerals,ETF,broad_proxy,sector_proxy,0.64,case_2010_china_japan_rare_earth_embargo;case_2021_xinjiang_forced_labor_import_restrictions;case_china_gallium_germanium_graphite_controls,ranked_second_order,5,"{""evidence_level"": ""sector_proxy"", ""evidence_rank"": 2, ""retrieval_support"": 0.112037, ""supporting_case_count"": 3, ""supporting_case_count_saturated"": 3, ""symbol"": ""pick""}"
evaluation_cases,eval_dutch_asml_export_controls,eval_dutch_asml_export_controls,REMX,VanEck Rare Earth and Strategic Metals ETF,critical_minerals,ETF,broad_proxy,sector_proxy,0.64,case_2010_china_japan_rare_earth_embargo;case_2021_xinjiang_forced_labor_import_restrictions;case_china_gallium_germanium_graphite_controls,ranked_second_order,6,"{""evidence_level"": ""sector_proxy"", ""evidence_rank"": 2, ""retrieval_support"": 0.112037, ""supporting_case_count"": 3, ""supporting_case_count_saturated"": 3, ""symbol"": ""remx""}"
evaluation_cases,eval_dutch_asml_export_controls,eval_dutch_asml_export_controls,DHL.DE,DHL Group,trade_lanes,Stock,related_exposure,sector_proxy,0.64,case_2010_china_japan_rare_earth_embargo;case_2021_xinjiang_forced_labor_import_restrictions,ranked_second_order,7,"{""evidence_level"": ""sector_proxy"", ""evidence_rank"": 2, ""retrieval_support"": 0.118056, ""supporting_case_count"": 2, ""supporting_case_count_saturated"": 2, ""symbol"": ""dhl.de""}"
evaluation_cases,eval_dutch_asml_export_controls,eval_dutch_asml_export_controls,EXPD,Expeditors International of Washington Inc,trade_lanes,Stock,related_exposure,sector_proxy,0.64,case_2010_china_japan_rare_earth_embargo;case_2021_xinjiang_forced_labor_import_restrictions,ranked_second_order,8,"{""evidence_level"": ""sector_proxy"", ""evidence_rank"": 2, ""retrieval_support"": 0.118056, ""supporting_case_count"": 2, ""supporting_case_count_saturated"": 2, ""symbol"": ""expd""}"
evaluation_cases,eval_taiwan_strait_semiconductor_risk,eval_taiwan_strait_semiconductor_risk,DHL.DE,DHL Group,trade_lanes,Stock,related_exposure,sector_proxy,0.64,case_2017_north_korea_missile_escalation;case_2023_south_china_sea_shipping_tensions;case_2010_china_japan_rare_earth_embargo,ranked_second_order,1,"{""evidence_level"": ""sector_proxy"", ""evidence_rank"": 2, ""retrieval_support"": 0.183333, ""supporting_case_count"": 3, ""supporting_case_count_saturated"": 3, ""symbol"": ""dhl.de""}"
evaluation_cases,eval_taiwan_strait_semiconductor_risk,eval_taiwan_strait_semiconductor_risk,EXPD,Expeditors International of Washington Inc,trade_lanes,Stock,related_exposure,sector_proxy,0.64,case_2017_north_korea_missile_escalation;case_2023_south_china_sea_shipping_tensions;case_2010_china_japan_rare_earth_embargo,ranked_second_order,2,"{""evidence_level"": ""sector_proxy"", ""evidence_rank"": 2, ""retrieval_support"": 0.183333, ""supporting_case_count"": 3, ""supporting_case_count_saturated"": 3, ""symbol"": ""expd""}"
evaluation_cases,eval_taiwan_strait_semiconductor_risk,eval_taiwan_strait_semiconductor_risk,CHRW,C H Robinson Worldwide Inc,customs,Stock,related_exposure,sector_proxy,0.64,case_2023_japan_chip_equipment_export_controls;case_2020_smic_entity_list_semiconductor_controls;case_2019_huawei_entity_list;case_2010_china_japan_rare_earth_embargo,ranked_second_order,3,"{""evidence_level"": ""sector_proxy"", ""evidence_rank"": 2, ""retrieval_support"": 0.177778, ""supporting_case_count"": 4, ""supporting_case_count_saturated"": 3, ""symbol"": ""chrw""}"
evaluation_cases,eval_taiwan_strait_semiconductor_risk,eval_taiwan_strait_semiconductor_risk,DSGX,The Descartes Systems Group Inc,customs,Stock,direct_exposure,sector_proxy,0.64,case_2023_japan_chip_equipment_export_controls;case_2020_smic_entity_list_semiconductor_controls;case_2019_huawei_entity_list;case_2010_china_japan_rare_earth_embargo,ranked_second_order,4,"{""evidence_level"": ""sector_proxy"", ""evidence_rank"": 2, ""retrieval_support"": 0.177778, ""supporting_case_count"": 4, ""supporting_case_count_saturated"": 3, ""symbol"": ""dsgx""}"
evaluation_cases,eval_taiwan_strait_semiconductor_risk,eval_taiwan_strait_semiconductor_risk,CDNS,Cadence Design Systems Inc,eda_software,Stock,direct_exposure,sector_proxy,0.64,case_2020_smic_entity_list_semiconductor_controls;case_2022_us_china_semiconductor_controls;case_2019_huawei_entity_list,ranked_second_order,5,"{""evidence_level"": ""sector_proxy"", ""evidence_rank"": 2, ""retrieval_support"": 0.134259, ""supporting_case_count"": 3, ""supporting_case_count_saturated"": 3, ""symbol"": ""cdns""}"
evaluation_cases,eval_taiwan_strait_semiconductor_risk,eval_taiwan_strait_semiconductor_risk,SNPS,Synopsys Inc,eda_software,Stock,direct_exposure,sector_proxy,0.64,case_2020_smic_entity_list_semiconductor_controls;case_2022_us_china_semiconductor_controls;case_2019_huawei_entity_list,ranked_second_order,6,"{""evidence_level"": ""sector_proxy"", ""evidence_rank"": 2, ""retrieval_support"": 0.134259, ""supporting_case_count"": 3, ""supporting_case_count_saturated"": 3, ""symbol"": ""snps""}"
evaluation_cases,eval_taiwan_strait_semiconductor_risk,eval_taiwan_strait_semiconductor_risk,JBHT,J B Hunt Transport Services Inc,logistics,Stock,direct_exposure,sector_proxy,0.64,case_2017_north_korea_missile_escalation;case_2023_south_china_sea_shipping_tensions,ranked_second_order,7,"{""evidence_level"": ""sector_proxy"", ""evidence_rank"": 2, ""retrieval_support"": 0.225, ""supporting_case_count"": 2, ""supporting_case_count_saturated"": 2, ""symbol"": ""jbht""}"
evaluation_cases,eval_taiwan_strait_semiconductor_risk,eval_taiwan_strait_semiconductor_risk,KNIN.SW,Kuehne + Nagel International AG,logistics,Stock,direct_exposure,sector_proxy,0.64,case_2017_north_korea_missile_escalation;case_2023_south_china_sea_shipping_tensions,ranked_second_order,8,"{""evidence_level"": ""sector_proxy"", ""evidence_rank"": 2, ""retrieval_support"": 0.225, ""supporting_case_count"": 2, ""supporting_case_count_saturated"": 2, ""symbol"": ""knin.sw""}"
evaluation_cases,eval_rare_earth_critical_minerals_controls,eval_rare_earth_critical_minerals_controls,ALB,Albemarle Corporation,battery_materials,Stock,direct_exposure,sector_proxy,0.64,case_2023_china_graphite_battery_export_controls;case_2020_indonesia_nickel_export_ban;case_2023_panama_cobre_mine_closure;case_2022_chile_lithium_policy_shift;case_2024_drc_cobalt_copper_mining_disruption;case_2022_peru_mine_protests_copper_supply,ranked_second_order,1,"{""evidence_level"": ""sector_proxy"", ""evidence_rank"": 2, ""retrieval_support"": 0.179828, ""supporting_case_count"": 6, ""supporting_case_count_saturated"": 3, ""symbol"": ""alb""}"
evaluation_cases,eval_rare_earth_critical_minerals_controls,eval_rare_earth_critical_minerals_controls,LIT,Global X Lithium & Battery Tech ETF,battery_materials,ETF,broad_proxy,sector_proxy,0.64,case_2023_china_graphite_battery_export_controls;case_2020_indonesia_nickel_export_ban;case_2023_panama_cobre_mine_closure;case_2022_chile_lithium_policy_shift;case_2024_drc_cobalt_copper_mining_disruption;case_2022_peru_mine_protests_copper_supply,ranked_second_order,2,"{""evidence_level"": ""sector_proxy"", ""evidence_rank"": 2, ""retrieval_support"": 0.179828, ""supporting_case_count"": 6, ""supporting_case_count_saturated"": 3, ""symbol"": ""lit""}"
evaluation_cases,eval_rare_earth_critical_minerals_controls,eval_rare_earth_critical_minerals_controls,DHL.DE,DHL Group,trade_lanes,Stock,related_exposure,sector_proxy,0.64,case_2010_china_japan_rare_earth_embargo;case_2020_indonesia_nickel_export_ban;case_2023_panama_cobre_mine_closure;case_2022_chile_lithium_policy_shift;case_2024_drc_cobalt_copper_mining_disruption;case_2022_peru_mine_protests_copper_supply;case_2023_eu_carbon_border_adjustment_mechanism,ranked_second_order,3,"{""evidence_level"": ""sector_proxy"", ""evidence_rank"": 2, ""retrieval_support"": 0.156519, ""supporting_case_count"": 7, ""supporting_case_count_saturated"": 3, ""symbol"": ""dhl.de""}"
evaluation_cases,eval_rare_earth_critical_minerals_controls,eval_rare_earth_critical_minerals_controls,EXPD,Expeditors International of Washington Inc,trade_lanes,Stock,related_exposure,sector_proxy,0.64,case_2010_china_japan_rare_earth_embargo;case_2020_indonesia_nickel_export_ban;case_2023_panama_cobre_mine_closure;case_2022_chile_lithium_policy_shift;case_2024_drc_cobalt_copper_mining_disruption;case_2022_peru_mine_protests_copper_supply;case_2023_eu_carbon_border_adjustment_mechanism,ranked_second_order,4,"{""evidence_level"": ""sector_proxy"", ""evidence_rank"": 2, ""retrieval_support"": 0.156519, ""supporting_case_count"": 7, ""supporting_case_count_saturated"": 3, ""symbol"": ""expd""}"
evaluation_cases,eval_rare_earth_critical_minerals_controls,eval_rare_earth_critical_minerals_controls,ITA,iShares U S Aerospace & Defense ETF,defense,ETF,broad_proxy,sector_proxy,0.64,case_rare_earth_export_restriction_risk;case_2010_china_japan_rare_earth_embargo,ranked_second_order,5,"{""evidence_level"": ""sector_proxy"", ""evidence_rank"": 2, ""retrieval_support"": 0.375, ""supporting_case_count"": 2, ""supporting_case_count_saturated"": 2, ""symbol"": ""ita""}"
evaluation_cases,eval_rare_earth_critical_minerals_controls,eval_rare_earth_critical_minerals_controls,LMT,Lockheed Martin Corporation,defense,Stock,direct_exposure,sector_proxy,0.64,case_rare_earth_export_restriction_risk;case_2010_china_japan_rare_earth_embargo,ranked_second_order,6,"{""evidence_level"": ""sector_proxy"", ""evidence_rank"": 2, ""retrieval_support"": 0.375, ""supporting_case_count"": 2, ""supporting_case_count_saturated"": 2, ""symbol"": ""lmt""}"
evaluation_cases,eval_rare_earth_critical_minerals_controls,eval_rare_earth_critical_minerals_controls,XLE,Energy Select Sector SPDR Fund,energy,ETF,broad_proxy,sector_proxy,0.64,case_rare_earth_export_restriction_risk;case_2023_eu_carbon_border_adjustment_mechanism,ranked_second_order,7,"{""evidence_level"": ""sector_proxy"", ""evidence_rank"": 2, ""retrieval_support"": 0.3, ""supporting_case_count"": 2, ""supporting_case_count_saturated"": 2, ""symbol"": ""xle""}"
evaluation_cases,eval_rare_earth_critical_minerals_controls,eval_rare_earth_critical_minerals_controls,XOM,Exxon Mobil Corporation,energy,Stock,related_exposure,sector_proxy,0.64,case_rare_earth_export_restriction_risk;case_2023_eu_carbon_border_adjustment_mechanism,ranked_second_order,8,"{""evidence_level"": ""sector_proxy"", ""evidence_rank"": 2, ""retrieval_support"": 0.3, ""supporting_case_count"": 2, ""supporting_case_count_saturated"": 2, ""symbol"": ""xom""}"
evaluation_cases,eval_rare_earth_critical_minerals_controls,eval_rare_earth_critical_minerals_controls,JBHT,J B Hunt Transport Services Inc,logistics,Stock,direct_exposure,sector_proxy,0.64,case_2024_drc_cobalt_copper_mining_disruption;case_2022_peru_mine_protests_copper_supply,ranked_second_order,9,"{""evidence_level"": ""sector_proxy"", ""evidence_rank"": 2, ""retrieval_support"": 0.118056, ""supporting_case_count"": 2, ""supporting_case_count_saturated"": 2, ""symbol"": ""jbht""}"
evaluation_cases,eval_rare_earth_critical_minerals_controls,eval_rare_earth_critical_minerals_controls,KNIN.SW,Kuehne + Nagel International AG,logistics,Stock,direct_exposure,sector_proxy,0.64,case_2024_drc_cobalt_copper_mining_disruption;case_2022_peru_mine_protests_copper_supply,ranked_second_order,10,"{""evidence_level"": ""sector_proxy"", ""evidence_rank"": 2, ""retrieval_support"": 0.118056, ""supporting_case_count"": 2, ""supporting_case_count_saturated"": 2, ""symbol"": ""knin.sw""}"
evaluation_cases,eval_panama_canal_drought_shipping,eval_panama_canal_drought_shipping,0144.HK,China Merchants Port Holdings Company Limited,ports,Stock,direct_exposure,historical_supported,0.82,case_2023_red_sea_attacks;case_2021_suez_blockage,ranked_second_order,1,"{""evidence_level"": ""historical_supported"", ""evidence_rank"": 3, ""retrieval_support"": 0.375, ""supporting_case_count"": 2, ""supporting_case_count_saturated"": 2, ""symbol"": ""0144.hk""}"
evaluation_cases,eval_panama_canal_drought_shipping,eval_panama_canal_drought_shipping,1199.HK,COSCO SHIPPING Ports Limited,ports,Stock,direct_exposure,historical_supported,0.82,case_2023_red_sea_attacks;case_2021_suez_blockage,ranked_second_order,2,"{""evidence_level"": ""historical_supported"", ""evidence_rank"": 3, ""retrieval_support"": 0.375, ""supporting_case_count"": 2, ""supporting_case_count_saturated"": 2, ""symbol"": ""1199.hk""}"
evaluation_cases,eval_panama_canal_drought_shipping,eval_panama_canal_drought_shipping,DHT,DHT Holdings Inc,oil_shipping,Stock,direct_exposure,historical_supported,0.82,case_2023_red_sea_attacks,ranked_second_order,3,"{""evidence_level"": ""historical_supported"", ""evidence_rank"": 3, ""retrieval_support"": 0.5, ""supporting_case_count"": 1, ""supporting_case_count_saturated"": 1, ""symbol"": ""dht""}"
evaluation_cases,eval_panama_canal_drought_shipping,eval_panama_canal_drought_shipping,FRO,Frontline plc,oil_shipping,Stock,direct_exposure,historical_supported,0.82,case_2023_red_sea_attacks,ranked_second_order,4,"{""evidence_level"": ""historical_supported"", ""evidence_rank"": 3, ""retrieval_support"": 0.5, ""supporting_case_count"": 1, ""supporting_case_count_saturated"": 1, ""symbol"": ""fro""}"
evaluation_cases,eval_panama_canal_drought_shipping,eval_panama_canal_drought_shipping,CB,Chubb Limited,marine_insurance,Stock,related_exposure,sector_proxy,0.64,case_2023_red_sea_attacks;case_2023_south_china_sea_shipping_tensions;case_2023_arctic_lng_russian_energy_shipping_sanctions,ranked_second_order,5,"{""evidence_level"": ""sector_proxy"", ""evidence_rank"": 2, ""retrieval_support"": 0.259259, ""supporting_case_count"": 3, ""supporting_case_count_saturated"": 3, ""symbol"": ""cb""}"
evaluation_cases,eval_panama_canal_drought_shipping,eval_panama_canal_drought_shipping,TRV,The Travelers Companies Inc,marine_insurance,Stock,related_exposure,sector_proxy,0.64,case_2023_red_sea_attacks;case_2023_south_china_sea_shipping_tensions;case_2023_arctic_lng_russian_energy_shipping_sanctions,ranked_second_order,6,"{""evidence_level"": ""sector_proxy"", ""evidence_rank"": 2, ""retrieval_support"": 0.259259, ""supporting_case_count"": 3, ""supporting_case_count_saturated"": 3, ""symbol"": ""trv""}"
evaluation_cases,eval_panama_canal_drought_shipping,eval_panama_canal_drought_shipping,DHL.DE,DHL Group,trade_lanes,Stock,related_exposure,sector_proxy,0.64,case_2024_us_east_gulf_port_strike;case_2022_india_wheat_export_ban;case_2023_south_china_sea_shipping_tensions;case_2008_rice_export_restrictions_food_security;case_2023_panama_cobre_mine_closure,ranked_second_order,7,"{""evidence_level"": ""sector_proxy"", ""evidence_rank"": 2, ""retrieval_support"": 0.188571, ""supporting_case_count"": 5, ""supporting_case_count_saturated"": 3, ""symbol"": ""dhl.de""}"
evaluation_cases,eval_panama_canal_drought_shipping,eval_panama_canal_drought_shipping,EXPD,Expeditors International of Washington Inc,trade_lanes,Stock,related_exposure,sector_proxy,0.64,case_2024_us_east_gulf_port_strike;case_2022_india_wheat_export_ban;case_2023_south_china_sea_shipping_tensions;case_2008_rice_export_restrictions_food_security;case_2023_panama_cobre_mine_closure,ranked_second_order,8,"{""evidence_level"": ""sector_proxy"", ""evidence_rank"": 2, ""retrieval_support"": 0.188571, ""supporting_case_count"": 5, ""supporting_case_count_saturated"": 3, ""symbol"": ""expd""}"
evaluation_cases,eval_panama_canal_drought_shipping,eval_panama_canal_drought_shipping,BG,Bunge Global SA,grain_exports,Stock,related_exposure,sector_proxy,0.64,case_2022_india_wheat_export_ban;case_2008_rice_export_restrictions_food_security;case_black_sea_grain_export_disruption,ranked_second_order,9,"{""evidence_level"": ""sector_proxy"", ""evidence_rank"": 2, ""retrieval_support"": 0.155952, ""supporting_case_count"": 3, ""supporting_case_count_saturated"": 3, ""symbol"": ""bg""}"
evaluation_cases,eval_panama_canal_drought_shipping,eval_panama_canal_drought_shipping,CHRW,C H Robinson Worldwide Inc,customs,Stock,related_exposure,sector_proxy,0.64,case_2022_india_wheat_export_ban;case_2008_rice_export_restrictions_food_security;case_2023_panama_cobre_mine_closure,ranked_second_order,10,"{""evidence_level"": ""sector_proxy"", ""evidence_rank"": 2, ""retrieval_support"": 0.147619, ""supporting_case_count"": 3, ""supporting_case_count_saturated"": 3, ""symbol"": ""chrw""}"
evaluation_cases,eval_panama_canal_drought_shipping,eval_panama_canal_drought_shipping,DSGX,The Descartes Systems Group Inc,customs,Stock,direct_exposure,sector_proxy,0.64,case_2022_india_wheat_export_ban;case_2008_rice_export_restrictions_food_security;case_2023_panama_cobre_mine_closure,ranked_second_order,11,"{""evidence_level"": ""sector_proxy"", ""evidence_rank"": 2, ""retrieval_support"": 0.147619, ""supporting_case_count"": 3, ""supporting_case_count_saturated"": 3, ""symbol"": ""dsgx""}"
evaluation_cases,eval_panama_canal_drought_shipping,eval_panama_canal_drought_shipping,XLE,Energy Select Sector SPDR Fund,energy,ETF,broad_proxy,sector_proxy,0.64,case_2021_suez_blockage;case_2023_arctic_lng_russian_energy_shipping_sanctions,ranked_second_order,12,"{""evidence_level"": ""sector_proxy"", ""evidence_rank"": 2, ""retrieval_support"": 0.180556, ""supporting_case_count"": 2, ""supporting_case_count_saturated"": 2, ""symbol"": ""xle""}"
evaluation_cases,eval_panama_canal_drought_shipping,eval_panama_canal_drought_shipping,XOM,Exxon Mobil Corporation,energy,Stock,related_exposure,sector_proxy,0.64,case_2021_suez_blockage;case_2023_arctic_lng_russian_energy_shipping_sanctions,ranked_second_order,13,"{""evidence_level"": ""sector_proxy"", ""evidence_rank"": 2, ""retrieval_support"": 0.180556, ""supporting_case_count"": 2, ""supporting_case_count_saturated"": 2, ""symbol"": ""xom""}"
evaluation_cases,eval_panama_canal_drought_shipping,eval_panama_canal_drought_shipping,DBA,Invesco DB Agriculture Fund,food_export_controls,ETF,broad_proxy,sector_proxy,0.64,case_2022_india_wheat_export_ban;case_2008_rice_export_restrictions_food_security,ranked_second_order,14,"{""evidence_level"": ""sector_proxy"", ""evidence_rank"": 2, ""retrieval_support"": 0.171429, ""supporting_case_count"": 2, ""supporting_case_count_saturated"": 2, ""symbol"": ""dba""}"
evaluation_cases,eval_panama_canal_drought_shipping,eval_panama_canal_drought_shipping,WEAT,Teucrium Wheat Fund,food_export_controls,ETF,broad_proxy,sector_proxy,0.64,case_2022_india_wheat_export_ban;case_2008_rice_export_restrictions_food_security,ranked_second_order,15,"{""evidence_level"": ""sector_proxy"", ""evidence_rank"": 2, ""retrieval_support"": 0.171429, ""supporting_case_count"": 2, ""supporting_case_count_saturated"": 2, ""symbol"": ""weat""}"
evaluation_cases,eval_black_sea_grain_export_disruption,eval_black_sea_grain_export_disruption,0144.HK,China Merchants Port Holdings Company Limited,ports,Stock,direct_exposure,historical_supported,0.82,case_2023_red_sea_attacks;case_2021_suez_blockage,ranked_second_order,1,"{""evidence_level"": ""historical_supported"", ""evidence_rank"": 3, ""retrieval_support"": 0.25, ""supporting_case_count"": 2, ""supporting_case_count_saturated"": 2, ""symbol"": ""0144.hk""}"
evaluation_cases,eval_black_sea_grain_export_disruption,eval_black_sea_grain_export_disruption,1199.HK,COSCO SHIPPING Ports Limited,ports,Stock,direct_exposure,historical_supported,0.82,case_2023_red_sea_attacks;case_2021_suez_blockage,ranked_second_order,2,"{""evidence_level"": ""historical_supported"", ""evidence_rank"": 3, ""retrieval_support"": 0.25, ""supporting_case_count"": 2, ""supporting_case_count_saturated"": 2, ""symbol"": ""1199.hk""}"
evaluation_cases,eval_black_sea_grain_export_disruption,eval_black_sea_grain_export_disruption,DAC,Danaos Corporation,container_shipping,Stock,direct_exposure,historical_supported,0.82,case_2023_red_sea_attacks;case_2021_suez_blockage,ranked_second_order,3,"{""evidence_level"": ""historical_supported"", ""evidence_rank"": 3, ""retrieval_support"": 0.25, ""supporting_case_count"": 2, ""supporting_case_count_saturated"": 2, ""symbol"": ""dac""}"
evaluation_cases,eval_black_sea_grain_export_disruption,eval_black_sea_grain_export_disruption,MAERSK-B.CO,A P Moller Maersk Class B,container_shipping,Stock,direct_exposure,historical_supported,0.82,case_2023_red_sea_attacks;case_2021_suez_blockage,ranked_second_order,4,"{""evidence_level"": ""historical_supported"", ""evidence_rank"": 3, ""retrieval_support"": 0.25, ""supporting_case_count"": 2, ""supporting_case_count_saturated"": 2, ""symbol"": ""maersk-b.co""}"
evaluation_cases,eval_black_sea_grain_export_disruption,eval_black_sea_grain_export_disruption,FLNG,FLEX LNG Ltd,lng_shipping,Stock,direct_exposure,historical_supported,0.82,case_panama_canal_drought_shipping_capacity,ranked_second_order,5,"{""evidence_level"": ""historical_supported"", ""evidence_rank"": 3, ""retrieval_support"": 0.142857, ""supporting_case_count"": 1, ""supporting_case_count_saturated"": 1, ""symbol"": ""flng""}"
evaluation_cases,eval_black_sea_grain_export_disruption,eval_black_sea_grain_export_disruption,LNG,Cheniere Energy Inc,lng_shipping,Stock,related_exposure,historical_supported,0.82,case_panama_canal_drought_shipping_capacity,ranked_second_order,6,"{""evidence_level"": ""historical_supported"", ""evidence_rank"": 3, ""retrieval_support"": 0.142857, ""supporting_case_count"": 1, ""supporting_case_count_saturated"": 1, ""symbol"": ""lng""}"
evaluation_cases,eval_black_sea_grain_export_disruption,eval_black_sea_grain_export_disruption,CHRW,C H Robinson Worldwide Inc,customs,Stock,related_exposure,sector_proxy,0.64,case_2008_rice_export_restrictions_food_security;case_2022_india_wheat_export_ban;case_2021_belarus_potash_sanctions;case_2022_russia_fertilizer_export_restrictions,ranked_second_order,7,"{""evidence_level"": ""sector_proxy"", ""evidence_rank"": 2, ""retrieval_support"": 0.171528, ""supporting_case_count"": 4, ""supporting_case_count_saturated"": 3, ""symbol"": ""chrw""}"
evaluation_cases,eval_black_sea_grain_export_disruption,eval_black_sea_grain_export_disruption,DSGX,The Descartes Systems Group Inc,customs,Stock,direct_exposure,sector_proxy,0.64,case_2008_rice_export_restrictions_food_security;case_2022_india_wheat_export_ban;case_2021_belarus_potash_sanctions;case_2022_russia_fertilizer_export_restrictions,ranked_second_order,8,"{""evidence_level"": ""sector_proxy"", ""evidence_rank"": 2, ""retrieval_support"": 0.171528, ""supporting_case_count"": 4, ""supporting_case_count_saturated"": 3, ""symbol"": ""dsgx""}"
evaluation_cases,eval_black_sea_grain_export_disruption,eval_black_sea_grain_export_disruption,DHL.DE,DHL Group,trade_lanes,Stock,related_exposure,sector_proxy,0.64,case_2008_rice_export_restrictions_food_security;case_2022_india_wheat_export_ban;case_2021_belarus_potash_sanctions;case_2022_russia_fertilizer_export_restrictions;case_2024_us_east_gulf_port_strike,ranked_second_order,9,"{""evidence_level"": ""sector_proxy"", ""evidence_rank"": 2, ""retrieval_support"": 0.157222, ""supporting_case_count"": 5, ""supporting_case_count_saturated"": 3, ""symbol"": ""dhl.de""}"
evaluation_cases,eval_black_sea_grain_export_disruption,eval_black_sea_grain_export_disruption,EXPD,Expeditors International of Washington Inc,trade_lanes,Stock,related_exposure,sector_proxy,0.64,case_2008_rice_export_restrictions_food_security;case_2022_india_wheat_export_ban;case_2021_belarus_potash_sanctions;case_2022_russia_fertilizer_export_restrictions;case_2024_us_east_gulf_port_strike,ranked_second_order,10,"{""evidence_level"": ""sector_proxy"", ""evidence_rank"": 2, ""retrieval_support"": 0.157222, ""supporting_case_count"": 5, ""supporting_case_count_saturated"": 3, ""symbol"": ""expd""}"
evaluation_cases,eval_black_sea_grain_export_disruption,eval_black_sea_grain_export_disruption,CB,Chubb Limited,marine_insurance,Stock,related_exposure,sector_proxy,0.64,case_2023_black_sea_shipping_insurance_restrictions;case_2023_red_sea_attacks,ranked_second_order,11,"{""evidence_level"": ""sector_proxy"", ""evidence_rank"": 2, ""retrieval_support"": 0.416667, ""supporting_case_count"": 2, ""supporting_case_count_saturated"": 2, ""symbol"": ""cb""}"
evaluation_cases,eval_black_sea_grain_export_disruption,eval_black_sea_grain_export_disruption,TRV,The Travelers Companies Inc,marine_insurance,Stock,related_exposure,sector_proxy,0.64,case_2023_black_sea_shipping_insurance_restrictions;case_2023_red_sea_attacks,ranked_second_order,12,"{""evidence_level"": ""sector_proxy"", ""evidence_rank"": 2, ""retrieval_support"": 0.416667, ""supporting_case_count"": 2, ""supporting_case_count_saturated"": 2, ""symbol"": ""trv""}"
evaluation_cases,eval_black_sea_grain_export_disruption,eval_black_sea_grain_export_disruption,DBA,Invesco DB Agriculture Fund,food_export_controls,ETF,broad_proxy,sector_proxy,0.64,case_2008_rice_export_restrictions_food_security;case_2022_india_wheat_export_ban,ranked_second_order,13,"{""evidence_level"": ""sector_proxy"", ""evidence_rank"": 2, ""retrieval_support"": 0.225, ""supporting_case_count"": 2, ""supporting_case_count_saturated"": 2, ""symbol"": ""dba""}"
evaluation_cases,eval_black_sea_grain_export_disruption,eval_black_sea_grain_export_disruption,WEAT,Teucrium Wheat Fund,food_export_controls,ETF,broad_proxy,sector_proxy,0.64,case_2008_rice_export_restrictions_food_security;case_2022_india_wheat_export_ban,ranked_second_order,14,"{""evidence_level"": ""sector_proxy"", ""evidence_rank"": 2, ""retrieval_support"": 0.225, ""supporting_case_count"": 2, ""supporting_case_count_saturated"": 2, ""symbol"": ""weat""}"
evaluation_cases,eval_black_sea_grain_export_disruption,eval_black_sea_grain_export_disruption,XLE,Energy Select Sector SPDR Fund,energy,ETF,broad_proxy,sector_proxy,0.64,case_2021_suez_blockage;case_2022_russia_fertilizer_export_restrictions,ranked_second_order,15,"{""evidence_level"": ""sector_proxy"", ""evidence_rank"": 2, ""retrieval_support"": 0.138889, ""supporting_case_count"": 2, ""supporting_case_count_saturated"": 2, ""symbol"": ""xle""}"
evaluation_cases,eval_black_sea_grain_export_disruption,eval_black_sea_grain_export_disruption,XOM,Exxon Mobil Corporation,energy,Stock,related_exposure,sector_proxy,0.64,case_2021_suez_blockage;case_2022_russia_fertilizer_export_restrictions,ranked_second_order,16,"{""evidence_level"": ""sector_proxy"", ""evidence_rank"": 2, ""retrieval_support"": 0.138889, ""supporting_case_count"": 2, ""supporting_case_count_saturated"": 2, ""symbol"": ""xom""}"
evaluation_cases,eval_uranium_nuclear_fuel_disruption,eval_uranium_nuclear_fuel_disruption,FLNG,FLEX LNG Ltd,lng_shipping,Stock,direct_exposure,historical_supported,0.82,case_russia_ukraine_energy_shock;case_2023_arctic_lng_russian_energy_shipping_sanctions;case_2022_nord_stream_pipeline_sabotage;case_hormuz_tanker_tensions,ranked_second_order,1,"{""evidence_level"": ""historical_supported"", ""evidence_rank"": 3, ""retrieval_support"": 0.198611, ""supporting_case_count"": 4, ""supporting_case_count_saturated"": 3, ""symbol"": ""flng""}"
evaluation_cases,eval_uranium_nuclear_fuel_disruption,eval_uranium_nuclear_fuel_disruption,LNG,Cheniere Energy Inc,lng_shipping,Stock,related_exposure,historical_supported,0.82,case_russia_ukraine_energy_shock;case_2023_arctic_lng_russian_energy_shipping_sanctions;case_2022_nord_stream_pipeline_sabotage;case_hormuz_tanker_tensions,ranked_second_order,2,"{""evidence_level"": ""historical_supported"", ""evidence_rank"": 3, ""retrieval_support"": 0.198611, ""supporting_case_count"": 4, ""supporting_case_count_saturated"": 3, ""symbol"": ""lng""}"
evaluation_cases,eval_uranium_nuclear_fuel_disruption,eval_uranium_nuclear_fuel_disruption,DHT,DHT Holdings Inc,oil_shipping,Stock,direct_exposure,historical_supported,0.82,case_israel_iran_escalation_energy_risk;case_2023_red_sea_attacks;case_hormuz_tanker_tensions,ranked_second_order,3,"{""evidence_level"": ""historical_supported"", ""evidence_rank"": 3, ""retrieval_support"": 0.130556, ""supporting_case_count"": 3, ""supporting_case_count_saturated"": 3, ""symbol"": ""dht""}"
evaluation_cases,eval_uranium_nuclear_fuel_disruption,eval_uranium_nuclear_fuel_disruption,FRO,Frontline plc,oil_shipping,Stock,direct_exposure,historical_supported,0.82,case_israel_iran_escalation_energy_risk;case_2023_red_sea_attacks;case_hormuz_tanker_tensions,ranked_second_order,4,"{""evidence_level"": ""historical_supported"", ""evidence_rank"": 3, ""retrieval_support"": 0.130556, ""supporting_case_count"": 3, ""supporting_case_count_saturated"": 3, ""symbol"": ""fro""}"
evaluation_cases,eval_uranium_nuclear_fuel_disruption,eval_uranium_nuclear_fuel_disruption,MPC,Marathon Petroleum Corporation,refining,Stock,direct_exposure,historical_supported,0.82,case_israel_iran_escalation_energy_risk;case_hormuz_tanker_tensions,ranked_second_order,5,"{""evidence_level"": ""historical_supported"", ""evidence_rank"": 3, ""retrieval_support"": 0.133333, ""supporting_case_count"": 2, ""supporting_case_count_saturated"": 2, ""symbol"": ""mpc""}"
evaluation_cases,eval_uranium_nuclear_fuel_disruption,eval_uranium_nuclear_fuel_disruption,VLO,Valero Energy Corporation,refining,Stock,direct_exposure,historical_supported,0.82,case_israel_iran_escalation_energy_risk;case_hormuz_tanker_tensions,ranked_second_order,6,"{""evidence_level"": ""historical_supported"", ""evidence_rank"": 3, ""retrieval_support"": 0.133333, ""supporting_case_count"": 2, ""supporting_case_count_saturated"": 2, ""symbol"": ""vlo""}"
evaluation_cases,eval_uranium_nuclear_fuel_disruption,eval_uranium_nuclear_fuel_disruption,BOAT,SonicShares Global Shipping ETF,maritime_chokepoint,ETF,broad_proxy,historical_supported,0.82,case_2023_red_sea_attacks,ranked_second_order,7,"{""evidence_level"": ""historical_supported"", ""evidence_rank"": 3, ""retrieval_support"": 0.125, ""supporting_case_count"": 1, ""supporting_case_count_saturated"": 1, ""symbol"": ""boat""}"
evaluation_cases,eval_uranium_nuclear_fuel_disruption,eval_uranium_nuclear_fuel_disruption,MATX,Matson Inc,maritime_chokepoint,Stock,related_exposure,historical_supported,0.82,case_2023_red_sea_attacks,ranked_second_order,8,"{""evidence_level"": ""historical_supported"", ""evidence_rank"": 3, ""retrieval_support"": 0.125, ""supporting_case_count"": 1, ""supporting_case_count_saturated"": 1, ""symbol"": ""matx""}"
evaluation_cases,eval_uranium_nuclear_fuel_disruption,eval_uranium_nuclear_fuel_disruption,DOW,Dow Inc,petrochemicals,Stock,direct_exposure,sector_proxy,0.64,case_russia_ukraine_energy_shock;case_2009_russia_ukraine_gas_transit_dispute;case_2022_nord_stream_pipeline_sabotage,ranked_second_order,9,"{""evidence_level"": ""sector_proxy"", ""evidence_rank"": 2, ""retrieval_support"": 0.214815, ""supporting_case_count"": 3, ""supporting_case_count_saturated"": 3, ""symbol"": ""dow""}"
evaluation_cases,eval_uranium_nuclear_fuel_disruption,eval_uranium_nuclear_fuel_disruption,LYB,LyondellBasell Industries NV,petrochemicals,Stock,direct_exposure,sector_proxy,0.64,case_russia_ukraine_energy_shock;case_2009_russia_ukraine_gas_transit_dispute;case_2022_nord_stream_pipeline_sabotage,ranked_second_order,10,"{""evidence_level"": ""sector_proxy"", ""evidence_rank"": 2, ""retrieval_support"": 0.214815, ""supporting_case_count"": 3, ""supporting_case_count_saturated"": 3, ""symbol"": ""lyb""}"
evaluation_cases,eval_uranium_nuclear_fuel_disruption,eval_uranium_nuclear_fuel_disruption,CB,Chubb Limited,marine_insurance,Stock,related_exposure,sector_proxy,0.64,case_2023_arctic_lng_russian_energy_shipping_sanctions;case_israel_iran_escalation_energy_risk;case_2023_red_sea_attacks;case_hormuz_tanker_tensions,ranked_second_order,11,"{""evidence_level"": ""sector_proxy"", ""evidence_rank"": 2, ""retrieval_support"": 0.160417, ""supporting_case_count"": 4, ""supporting_case_count_saturated"": 3, ""symbol"": ""cb""}"
evaluation_cases,eval_uranium_nuclear_fuel_disruption,eval_uranium_nuclear_fuel_disruption,TRV,The Travelers Companies Inc,marine_insurance,Stock,related_exposure,sector_proxy,0.64,case_2023_arctic_lng_russian_energy_shipping_sanctions;case_israel_iran_escalation_energy_risk;case_2023_red_sea_attacks;case_hormuz_tanker_tensions,ranked_second_order,12,"{""evidence_level"": ""sector_proxy"", ""evidence_rank"": 2, ""retrieval_support"": 0.160417, ""supporting_case_count"": 4, ""supporting_case_count_saturated"": 3, ""symbol"": ""trv""}"
evaluation_cases,eval_uranium_nuclear_fuel_disruption,eval_uranium_nuclear_fuel_disruption,JBHT,J B Hunt Transport Services Inc,logistics,Stock,direct_exposure,sector_proxy,0.64,case_2023_niger_coup_uranium_supply_risk;case_2023_red_sea_attacks,ranked_second_order,13,"{""evidence_level"": ""sector_proxy"", ""evidence_rank"": 2, ""retrieval_support"": 0.3125, ""supporting_case_count"": 2, ""supporting_case_count_saturated"": 2, ""symbol"": ""jbht""}"
evaluation_cases,eval_uranium_nuclear_fuel_disruption,eval_uranium_nuclear_fuel_disruption,KNIN.SW,Kuehne + Nagel International AG,logistics,Stock,direct_exposure,sector_proxy,0.64,case_2023_niger_coup_uranium_supply_risk;case_2023_red_sea_attacks,ranked_second_order,14,"{""evidence_level"": ""sector_proxy"", ""evidence_rank"": 2, ""retrieval_support"": 0.3125, ""supporting_case_count"": 2, ""supporting_case_count_saturated"": 2, ""symbol"": ""knin.sw""}"
evaluation_cases,eval_uranium_nuclear_fuel_disruption,eval_uranium_nuclear_fuel_disruption,ENB,Enbridge Inc,pipeline_infrastructure,Stock,direct_exposure,sector_proxy,0.64,case_2009_russia_ukraine_gas_transit_dispute;case_2022_nord_stream_pipeline_sabotage,ranked_second_order,15,"{""evidence_level"": ""sector_proxy"", ""evidence_rank"": 2, ""retrieval_support"": 0.155556, ""supporting_case_count"": 2, ""supporting_case_count_saturated"": 2, ""symbol"": ""enb""}"
evaluation_cases,eval_uranium_nuclear_fuel_disruption,eval_uranium_nuclear_fuel_disruption,TRP.TO,TC Energy Corporation,pipeline_infrastructure,Stock,direct_exposure,sector_proxy,0.64,case_2009_russia_ukraine_gas_transit_dispute;case_2022_nord_stream_pipeline_sabotage,ranked_second_order,16,"{""evidence_level"": ""sector_proxy"", ""evidence_rank"": 2, ""retrieval_support"": 0.155556, ""supporting_case_count"": 2, ""supporting_case_count_saturated"": 2, ""symbol"": ""trp.to""}"
evaluation_cases,eval_china_graphite_battery_controls,eval_china_graphite_battery_controls,ALB,Albemarle Corporation,battery_materials,Stock,direct_exposure,sector_proxy,0.64,case_2023_china_graphite_battery_export_controls;case_2020_indonesia_nickel_export_ban;case_2022_chile_lithium_policy_shift;case_2024_ev_tariff_escalation_china;case_2023_panama_cobre_mine_closure;case_2024_drc_cobalt_copper_mining_disruption;case_2022_peru_mine_protests_copper_supply,ranked_second_order,1,"{""evidence_level"": ""sector_proxy"", ""evidence_rank"": 2, ""retrieval_support"": 0.281519, ""supporting_case_count"": 7, ""supporting_case_count_saturated"": 3, ""symbol"": ""alb""}"
evaluation_cases,eval_china_graphite_battery_controls,eval_china_graphite_battery_controls,LIT,Global X Lithium & Battery Tech ETF,battery_materials,ETF,broad_proxy,sector_proxy,0.64,case_2023_china_graphite_battery_export_controls;case_2020_indonesia_nickel_export_ban;case_2022_chile_lithium_policy_shift;case_2024_ev_tariff_escalation_china;case_2023_panama_cobre_mine_closure;case_2024_drc_cobalt_copper_mining_disruption;case_2022_peru_mine_protests_copper_supply,ranked_second_order,2,"{""evidence_level"": ""sector_proxy"", ""evidence_rank"": 2, ""retrieval_support"": 0.281519, ""supporting_case_count"": 7, ""supporting_case_count_saturated"": 3, ""symbol"": ""lit""}"
evaluation_cases,eval_china_graphite_battery_controls,eval_china_graphite_battery_controls,DHL.DE,DHL Group,trade_lanes,Stock,related_exposure,sector_proxy,0.64,case_2020_indonesia_nickel_export_ban;case_2022_chile_lithium_policy_shift;case_2024_ev_tariff_escalation_china;case_2023_panama_cobre_mine_closure;case_2010_china_japan_rare_earth_embargo;case_2024_drc_cobalt_copper_mining_disruption;case_2022_peru_mine_protests_copper_supply,ranked_second_order,3,"{""evidence_level"": ""sector_proxy"", ""evidence_rank"": 2, ""retrieval_support"": 0.156519, ""supporting_case_count"": 7, ""supporting_case_count_saturated"": 3, ""symbol"": ""dhl.de""}"
evaluation_cases,eval_china_graphite_battery_controls,eval_china_graphite_battery_controls,EXPD,Expeditors International of Washington Inc,trade_lanes,Stock,related_exposure,sector_proxy,0.64,case_2020_indonesia_nickel_export_ban;case_2022_chile_lithium_policy_shift;case_2024_ev_tariff_escalation_china;case_2023_panama_cobre_mine_closure;case_2010_china_japan_rare_earth_embargo;case_2024_drc_cobalt_copper_mining_disruption;case_2022_peru_mine_protests_copper_supply,ranked_second_order,4,"{""evidence_level"": ""sector_proxy"", ""evidence_rank"": 2, ""retrieval_support"": 0.156519, ""supporting_case_count"": 7, ""supporting_case_count_saturated"": 3, ""symbol"": ""expd""}"
evaluation_cases,eval_china_graphite_battery_controls,eval_china_graphite_battery_controls,JBHT,J B Hunt Transport Services Inc,logistics,Stock,direct_exposure,sector_proxy,0.64,case_2024_ev_tariff_escalation_china;case_2024_drc_cobalt_copper_mining_disruption;case_2022_peru_mine_protests_copper_supply,ranked_second_order,5,"{""evidence_level"": ""sector_proxy"", ""evidence_rank"": 2, ""retrieval_support"": 0.125926, ""supporting_case_count"": 3, ""supporting_case_count_saturated"": 3, ""symbol"": ""jbht""}"
evaluation_cases,eval_china_graphite_battery_controls,eval_china_graphite_battery_controls,KNIN.SW,Kuehne + Nagel International AG,logistics,Stock,direct_exposure,sector_proxy,0.64,case_2024_ev_tariff_escalation_china;case_2024_drc_cobalt_copper_mining_disruption;case_2022_peru_mine_protests_copper_supply,ranked_second_order,6,"{""evidence_level"": ""sector_proxy"", ""evidence_rank"": 2, ""retrieval_support"": 0.125926, ""supporting_case_count"": 3, ""supporting_case_count_saturated"": 3, ""symbol"": ""knin.sw""}"
evaluation_cases,eval_china_graphite_battery_controls,eval_china_graphite_battery_controls,ITA,iShares U S Aerospace & Defense ETF,defense,ETF,broad_proxy,sector_proxy,0.64,case_rare_earth_export_restriction_risk;case_2010_china_japan_rare_earth_embargo,ranked_second_order,7,"{""evidence_level"": ""sector_proxy"", ""evidence_rank"": 2, ""retrieval_support"": 0.229167, ""supporting_case_count"": 2, ""supporting_case_count_saturated"": 2, ""symbol"": ""ita""}"
evaluation_cases,eval_china_graphite_battery_controls,eval_china_graphite_battery_controls,LMT,Lockheed Martin Corporation,defense,Stock,direct_exposure,sector_proxy,0.64,case_rare_earth_export_restriction_risk;case_2010_china_japan_rare_earth_embargo,ranked_second_order,8,"{""evidence_level"": ""sector_proxy"", ""evidence_rank"": 2, ""retrieval_support"": 0.229167, ""supporting_case_count"": 2, ""supporting_case_count_saturated"": 2, ""symbol"": ""lmt""}"
evaluation_cases,eval_opec_oil_policy_shock,eval_opec_oil_policy_shock,FLNG,FLEX LNG Ltd,lng_shipping,Stock,direct_exposure,historical_supported,0.82,case_hormuz_tanker_tensions;case_russia_ukraine_energy_shock,ranked_second_order,1,"{""evidence_level"": ""historical_supported"", ""evidence_rank"": 3, ""retrieval_support"": 0.138889, ""supporting_case_count"": 2, ""supporting_case_count_saturated"": 2, ""symbol"": ""flng""}"
evaluation_cases,eval_opec_oil_policy_shock,eval_opec_oil_policy_shock,LNG,Cheniere Energy Inc,lng_shipping,Stock,related_exposure,historical_supported,0.82,case_hormuz_tanker_tensions;case_russia_ukraine_energy_shock,ranked_second_order,2,"{""evidence_level"": ""historical_supported"", ""evidence_rank"": 3, ""retrieval_support"": 0.138889, ""supporting_case_count"": 2, ""supporting_case_count_saturated"": 2, ""symbol"": ""lng""}"
evaluation_cases,eval_opec_oil_policy_shock,eval_opec_oil_policy_shock,CB,Chubb Limited,marine_insurance,Stock,related_exposure,sector_proxy,0.64,case_hormuz_tanker_tensions;case_2018_iran_oil_sanctions_reimposition,ranked_second_order,3,"{""evidence_level"": ""sector_proxy"", ""evidence_rank"": 2, ""retrieval_support"": 0.145833, ""supporting_case_count"": 2, ""supporting_case_count_saturated"": 2, ""symbol"": ""cb""}"
evaluation_cases,eval_opec_oil_policy_shock,eval_opec_oil_policy_shock,TRV,The Travelers Companies Inc,marine_insurance,Stock,related_exposure,sector_proxy,0.64,case_hormuz_tanker_tensions;case_2018_iran_oil_sanctions_reimposition,ranked_second_order,4,"{""evidence_level"": ""sector_proxy"", ""evidence_rank"": 2, ""retrieval_support"": 0.145833, ""supporting_case_count"": 2, ""supporting_case_count_saturated"": 2, ""symbol"": ""trv""}"
evaluation_cases,eval_opec_oil_policy_shock,eval_opec_oil_policy_shock,EUFN,iShares MSCI Europe Financials ETF,financial_sanctions,ETF,broad_proxy,sector_proxy,0.64,case_2019_venezuela_oil_sanctions;case_2018_iran_oil_sanctions_reimposition,ranked_second_order,5,"{""evidence_level"": ""sector_proxy"", ""evidence_rank"": 2, ""retrieval_support"": 0.133929, ""supporting_case_count"": 2, ""supporting_case_count_saturated"": 2, ""symbol"": ""eufn""}"
evaluation_cases,eval_opec_oil_policy_shock,eval_opec_oil_policy_shock,MA,Mastercard Incorporated,payment_networks,Stock,direct_exposure,sector_proxy,0.64,case_2019_venezuela_oil_sanctions;case_2018_iran_oil_sanctions_reimposition,ranked_second_order,6,"{""evidence_level"": ""sector_proxy"", ""evidence_rank"": 2, ""retrieval_support"": 0.133929, ""supporting_case_count"": 2, ""supporting_case_count_saturated"": 2, ""symbol"": ""ma""}"
evaluation_cases,eval_opec_oil_policy_shock,eval_opec_oil_policy_shock,V,Visa Inc,payment_networks,Stock,direct_exposure,sector_proxy,0.64,case_2019_venezuela_oil_sanctions;case_2018_iran_oil_sanctions_reimposition,ranked_second_order,7,"{""evidence_level"": ""sector_proxy"", ""evidence_rank"": 2, ""retrieval_support"": 0.133929, ""supporting_case_count"": 2, ""supporting_case_count_saturated"": 2, ""symbol"": ""v""}"
evaluation_cases,eval_opec_oil_policy_shock,eval_opec_oil_policy_shock,XLF,Financial Select Sector SPDR Fund,financial_sanctions,ETF,broad_proxy,sector_proxy,0.64,case_2019_venezuela_oil_sanctions;case_2018_iran_oil_sanctions_reimposition,ranked_second_order,8,"{""evidence_level"": ""sector_proxy"", ""evidence_rank"": 2, ""retrieval_support"": 0.133929, ""supporting_case_count"": 2, ""supporting_case_count_saturated"": 2, ""symbol"": ""xlf""}"
evaluation_cases,eval_cyber_port_pipeline_disruption,eval_cyber_port_pipeline_disruption,BOAT,SonicShares Global Shipping ETF,maritime_chokepoint,ETF,broad_proxy,historical_supported,0.82,case_2021_suez_blockage;case_2023_red_sea_attacks,ranked_second_order,1,"{""evidence_level"": ""historical_supported"", ""evidence_rank"": 3, ""retrieval_support"": 0.1125, ""supporting_case_count"": 2, ""supporting_case_count_saturated"": 2, ""symbol"": ""boat""}"
evaluation_cases,eval_cyber_port_pipeline_disruption,eval_cyber_port_pipeline_disruption,DAC,Danaos Corporation,container_shipping,Stock,direct_exposure,historical_supported,0.82,case_2021_suez_blockage;case_2023_red_sea_attacks,ranked_second_order,2,"{""evidence_level"": ""historical_supported"", ""evidence_rank"": 3, ""retrieval_support"": 0.1125, ""supporting_case_count"": 2, ""supporting_case_count_saturated"": 2, ""symbol"": ""dac""}"
evaluation_cases,eval_cyber_port_pipeline_disruption,eval_cyber_port_pipeline_disruption,MAERSK-B.CO,A P Moller Maersk Class B,container_shipping,Stock,direct_exposure,historical_supported,0.82,case_2021_suez_blockage;case_2023_red_sea_attacks,ranked_second_order,3,"{""evidence_level"": ""historical_supported"", ""evidence_rank"": 3, ""retrieval_support"": 0.1125, ""supporting_case_count"": 2, ""supporting_case_count_saturated"": 2, ""symbol"": ""maersk-b.co""}"
evaluation_cases,eval_cyber_port_pipeline_disruption,eval_cyber_port_pipeline_disruption,MATX,Matson Inc,maritime_chokepoint,Stock,related_exposure,historical_supported,0.82,case_2021_suez_blockage;case_2023_red_sea_attacks,ranked_second_order,4,"{""evidence_level"": ""historical_supported"", ""evidence_rank"": 3, ""retrieval_support"": 0.1125, ""supporting_case_count"": 2, ""supporting_case_count_saturated"": 2, ""symbol"": ""matx""}"
evaluation_cases,eval_cyber_port_pipeline_disruption,eval_cyber_port_pipeline_disruption,FLNG,FLEX LNG Ltd,lng_shipping,Stock,direct_exposure,historical_supported,0.82,case_2022_nord_stream_pipeline_sabotage,ranked_second_order,5,"{""evidence_level"": ""historical_supported"", ""evidence_rank"": 3, ""retrieval_support"": 0.166667, ""supporting_case_count"": 1, ""supporting_case_count_saturated"": 1, ""symbol"": ""flng""}"
evaluation_cases,eval_cyber_port_pipeline_disruption,eval_cyber_port_pipeline_disruption,LNG,Cheniere Energy Inc,lng_shipping,Stock,related_exposure,historical_supported,0.82,case_2022_nord_stream_pipeline_sabotage,ranked_second_order,6,"{""evidence_level"": ""historical_supported"", ""evidence_rank"": 3, ""retrieval_support"": 0.166667, ""supporting_case_count"": 1, ""supporting_case_count_saturated"": 1, ""symbol"": ""lng""}"
evaluation_cases,eval_cyber_port_pipeline_disruption,eval_cyber_port_pipeline_disruption,CAT,Caterpillar Inc,manufacturing_inputs,Stock,related_exposure,sector_proxy,0.64,case_2023_port_of_nagoya_cyberattack;case_2017_notpetya_shipping_logistics_cyberattack;case_2022_nord_stream_pipeline_sabotage;case_2022_ukraine_electricity_grid_attacks;case_2009_russia_ukraine_gas_transit_dispute,ranked_second_order,7,"{""evidence_level"": ""sector_proxy"", ""evidence_rank"": 2, ""retrieval_support"": 0.250794, ""supporting_case_count"": 5, ""supporting_case_count_saturated"": 3, ""symbol"": ""cat""}"
evaluation_cases,eval_cyber_port_pipeline_disruption,eval_cyber_port_pipeline_disruption,DE,Deere & Company,manufacturing_inputs,Stock,related_exposure,sector_proxy,0.64,case_2023_port_of_nagoya_cyberattack;case_2017_notpetya_shipping_logistics_cyberattack;case_2022_nord_stream_pipeline_sabotage;case_2022_ukraine_electricity_grid_attacks;case_2009_russia_ukraine_gas_transit_dispute,ranked_second_order,8,"{""evidence_level"": ""sector_proxy"", ""evidence_rank"": 2, ""retrieval_support"": 0.250794, ""supporting_case_count"": 5, ""supporting_case_count_saturated"": 3, ""symbol"": ""de""}"
evaluation_cases,eval_cyber_port_pipeline_disruption,eval_cyber_port_pipeline_disruption,DHL.DE,DHL Group,trade_lanes,Stock,related_exposure,sector_proxy,0.64,case_2023_dp_world_australia_cyber_port_disruption;case_2009_russia_ukraine_gas_transit_dispute,ranked_second_order,9,"{""evidence_level"": ""sector_proxy"", ""evidence_rank"": 2, ""retrieval_support"": 0.180556, ""supporting_case_count"": 2, ""supporting_case_count_saturated"": 2, ""symbol"": ""dhl.de""}"
evaluation_cases,eval_cyber_port_pipeline_disruption,eval_cyber_port_pipeline_disruption,EXPD,Expeditors International of Washington Inc,trade_lanes,Stock,related_exposure,sector_proxy,0.64,case_2023_dp_world_australia_cyber_port_disruption;case_2009_russia_ukraine_gas_transit_dispute,ranked_second_order,10,"{""evidence_level"": ""sector_proxy"", ""evidence_rank"": 2, ""retrieval_support"": 0.180556, ""supporting_case_count"": 2, ""supporting_case_count_saturated"": 2, ""symbol"": ""expd""}"
evaluation_cases,eval_cyber_port_pipeline_disruption,eval_cyber_port_pipeline_disruption,DOW,Dow Inc,petrochemicals,Stock,direct_exposure,sector_proxy,0.64,case_2022_nord_stream_pipeline_sabotage;case_2009_russia_ukraine_gas_transit_dispute,ranked_second_order,11,"{""evidence_level"": ""sector_proxy"", ""evidence_rank"": 2, ""retrieval_support"": 0.138889, ""supporting_case_count"": 2, ""supporting_case_count_saturated"": 2, ""symbol"": ""dow""}"
evaluation_cases,eval_cyber_port_pipeline_disruption,eval_cyber_port_pipeline_disruption,LYB,LyondellBasell Industries NV,petrochemicals,Stock,direct_exposure,sector_proxy,0.64,case_2022_nord_stream_pipeline_sabotage;case_2009_russia_ukraine_gas_transit_dispute,ranked_second_order,12,"{""evidence_level"": ""sector_proxy"", ""evidence_rank"": 2, ""retrieval_support"": 0.138889, ""supporting_case_count"": 2, ""supporting_case_count_saturated"": 2, ""symbol"": ""lyb""}"
evaluation_cases,eval_defense_supply_chain_escalation,eval_defense_supply_chain_escalation,MPC,Marathon Petroleum Corporation,refining,Stock,direct_exposure,historical_supported,0.82,case_israel_iran_escalation_energy_risk;case_2011_libya_civil_war_oil_disruption,ranked_second_order,1,"{""evidence_level"": ""historical_supported"", ""evidence_rank"": 3, ""retrieval_support"": 0.105556, ""supporting_case_count"": 2, ""supporting_case_count_saturated"": 2, ""symbol"": ""mpc""}"
evaluation_cases,eval_defense_supply_chain_escalation,eval_defense_supply_chain_escalation,VLO,Valero Energy Corporation,refining,Stock,direct_exposure,historical_supported,0.82,case_israel_iran_escalation_energy_risk;case_2011_libya_civil_war_oil_disruption,ranked_second_order,2,"{""evidence_level"": ""historical_supported"", ""evidence_rank"": 3, ""retrieval_support"": 0.105556, ""supporting_case_count"": 2, ""supporting_case_count_saturated"": 2, ""symbol"": ""vlo""}"
evaluation_cases,eval_defense_supply_chain_escalation,eval_defense_supply_chain_escalation,DHT,DHT Holdings Inc,oil_shipping,Stock,direct_exposure,historical_supported,0.82,case_israel_iran_escalation_energy_risk,ranked_second_order,3,"{""evidence_level"": ""historical_supported"", ""evidence_rank"": 3, ""retrieval_support"": 0.111111, ""supporting_case_count"": 1, ""supporting_case_count_saturated"": 1, ""symbol"": ""dht""}"
evaluation_cases,eval_defense_supply_chain_escalation,eval_defense_supply_chain_escalation,FRO,Frontline plc,oil_shipping,Stock,direct_exposure,historical_supported,0.82,case_israel_iran_escalation_energy_risk,ranked_second_order,4,"{""evidence_level"": ""historical_supported"", ""evidence_rank"": 3, ""retrieval_support"": 0.111111, ""supporting_case_count"": 1, ""supporting_case_count_saturated"": 1, ""symbol"": ""fro""}"
evaluation_cases,eval_defense_supply_chain_escalation,eval_defense_supply_chain_escalation,JBHT,J B Hunt Transport Services Inc,logistics,Stock,direct_exposure,sector_proxy,0.64,case_2017_north_korea_missile_escalation;case_2022_ukraine_electricity_grid_attacks;case_black_sea_grain_export_disruption;case_2019_india_pakistan_airspace_closure;case_2011_libya_civil_war_oil_disruption,ranked_second_order,5,"{""evidence_level"": ""sector_proxy"", ""evidence_rank"": 2, ""retrieval_support"": 0.190238, ""supporting_case_count"": 5, ""supporting_case_count_saturated"": 3, ""symbol"": ""jbht""}"
evaluation_cases,eval_defense_supply_chain_escalation,eval_defense_supply_chain_escalation,KNIN.SW,Kuehne + Nagel International AG,logistics,Stock,direct_exposure,sector_proxy,0.64,case_2017_north_korea_missile_escalation;case_2022_ukraine_electricity_grid_attacks;case_black_sea_grain_export_disruption;case_2019_india_pakistan_airspace_closure;case_2011_libya_civil_war_oil_disruption,ranked_second_order,6,"{""evidence_level"": ""sector_proxy"", ""evidence_rank"": 2, ""retrieval_support"": 0.190238, ""supporting_case_count"": 5, ""supporting_case_count_saturated"": 3, ""symbol"": ""knin.sw""}"
evaluation_cases,eval_defense_supply_chain_escalation,eval_defense_supply_chain_escalation,DHL.DE,DHL Group,trade_lanes,Stock,related_exposure,sector_proxy,0.64,case_2017_north_korea_missile_escalation;case_2019_turkey_f35_s400_defense_restrictions;case_2019_india_pakistan_airspace_closure;case_2011_libya_civil_war_oil_disruption,ranked_second_order,7,"{""evidence_level"": ""sector_proxy"", ""evidence_rank"": 2, ""retrieval_support"": 0.189583, ""supporting_case_count"": 4, ""supporting_case_count_saturated"": 3, ""symbol"": ""dhl.de""}"
evaluation_cases,eval_defense_supply_chain_escalation,eval_defense_supply_chain_escalation,EXPD,Expeditors International of Washington Inc,trade_lanes,Stock,related_exposure,sector_proxy,0.64,case_2017_north_korea_missile_escalation;case_2019_turkey_f35_s400_defense_restrictions;case_2019_india_pakistan_airspace_closure;case_2011_libya_civil_war_oil_disruption,ranked_second_order,8,"{""evidence_level"": ""sector_proxy"", ""evidence_rank"": 2, ""retrieval_support"": 0.189583, ""supporting_case_count"": 4, ""supporting_case_count_saturated"": 3, ""symbol"": ""expd""}"
evaluation_cases,eval_defense_supply_chain_escalation,eval_defense_supply_chain_escalation,DAL,Delta Air Lines Inc,aviation,Stock,direct_exposure,sector_proxy,0.64,case_2017_north_korea_missile_escalation;case_2019_india_pakistan_airspace_closure;case_2011_libya_civil_war_oil_disruption,ranked_second_order,9,"{""evidence_level"": ""sector_proxy"", ""evidence_rank"": 2, ""retrieval_support"": 0.186111, ""supporting_case_count"": 3, ""supporting_case_count_saturated"": 3, ""symbol"": ""dal""}"
evaluation_cases,eval_defense_supply_chain_escalation,eval_defense_supply_chain_escalation,JETS,U S Global Jets ETF,aviation,ETF,broad_proxy,sector_proxy,0.64,case_2017_north_korea_missile_escalation;case_2019_india_pakistan_airspace_closure;case_2011_libya_civil_war_oil_disruption,ranked_second_order,10,"{""evidence_level"": ""sector_proxy"", ""evidence_rank"": 2, ""retrieval_support"": 0.186111, ""supporting_case_count"": 3, ""supporting_case_count_saturated"": 3, ""symbol"": ""jets""}"
evaluation_cases,eval_defense_supply_chain_escalation,eval_defense_supply_chain_escalation,XLE,Energy Select Sector SPDR Fund,energy,ETF,broad_proxy,sector_proxy,0.64,case_2022_ukraine_electricity_grid_attacks;case_israel_iran_escalation_energy_risk;case_2011_libya_civil_war_oil_disruption,ranked_second_order,11,"{""evidence_level"": ""sector_proxy"", ""evidence_rank"": 2, ""retrieval_support"": 0.153704, ""supporting_case_count"": 3, ""supporting_case_count_saturated"": 3, ""symbol"": ""xle""}"
evaluation_cases,eval_defense_supply_chain_escalation,eval_defense_supply_chain_escalation,XOM,Exxon Mobil Corporation,energy,Stock,related_exposure,sector_proxy,0.64,case_2022_ukraine_electricity_grid_attacks;case_israel_iran_escalation_energy_risk;case_2011_libya_civil_war_oil_disruption,ranked_second_order,12,"{""evidence_level"": ""sector_proxy"", ""evidence_rank"": 2, ""retrieval_support"": 0.153704, ""supporting_case_count"": 3, ""supporting_case_count_saturated"": 3, ""symbol"": ""xom""}"
evaluation_cases,eval_defense_supply_chain_escalation,eval_defense_supply_chain_escalation,AIR.PA,Airbus SE,aerospace_supply_chain,Stock,related_exposure,sector_proxy,0.64,case_2023_middle_east_defense_supply_escalation;case_2019_turkey_f35_s400_defense_restrictions,ranked_second_order,13,"{""evidence_level"": ""sector_proxy"", ""evidence_rank"": 2, ""retrieval_support"": 0.6, ""supporting_case_count"": 2, ""supporting_case_count_saturated"": 2, ""symbol"": ""air.pa""}"
evaluation_cases,eval_defense_supply_chain_escalation,eval_defense_supply_chain_escalation,BA,Boeing Company,aerospace_supply_chain,Stock,related_exposure,sector_proxy,0.64,case_2023_middle_east_defense_supply_escalation;case_2019_turkey_f35_s400_defense_restrictions,ranked_second_order,14,"{""evidence_level"": ""sector_proxy"", ""evidence_rank"": 2, ""retrieval_support"": 0.6, ""supporting_case_count"": 2, ""supporting_case_count_saturated"": 2, ""symbol"": ""ba""}"
evaluation_cases,eval_defense_supply_chain_escalation,eval_defense_supply_chain_escalation,FDX,FedEx Corporation,freight_routes,Stock,related_exposure,sector_proxy,0.64,case_black_sea_grain_export_disruption;case_2019_india_pakistan_airspace_closure,ranked_second_order,15,"{""evidence_level"": ""sector_proxy"", ""evidence_rank"": 2, ""retrieval_support"": 0.133929, ""supporting_case_count"": 2, ""supporting_case_count_saturated"": 2, ""symbol"": ""fdx""}"
evaluation_cases,eval_defense_supply_chain_escalation,eval_defense_supply_chain_escalation,UPS,United Parcel Service Inc,freight_routes,Stock,related_exposure,sector_proxy,0.64,case_black_sea_grain_export_disruption;case_2019_india_pakistan_airspace_closure,ranked_second_order,16,"{""evidence_level"": ""sector_proxy"", ""evidence_rank"": 2, ""retrieval_support"": 0.133929, ""supporting_case_count"": 2, ""supporting_case_count_saturated"": 2, ""symbol"": ""ups""}"
evaluation_cases,eval_defense_supply_chain_escalation,eval_defense_supply_chain_escalation,BOAT,SonicShares Global Shipping ETF,maritime_chokepoint,ETF,broad_proxy,sector_proxy,0.64,case_black_sea_grain_export_disruption;case_israel_iran_escalation_energy_risk,ranked_second_order,17,"{""evidence_level"": ""sector_proxy"", ""evidence_rank"": 2, ""retrieval_support"": 0.126984, ""supporting_case_count"": 2, ""supporting_case_count_saturated"": 2, ""symbol"": ""boat""}"
evaluation_cases,eval_defense_supply_chain_escalation,eval_defense_supply_chain_escalation,MATX,Matson Inc,maritime_chokepoint,Stock,related_exposure,sector_proxy,0.64,case_black_sea_grain_export_disruption;case_israel_iran_escalation_energy_risk,ranked_second_order,18,"{""evidence_level"": ""sector_proxy"", ""evidence_rank"": 2, ""retrieval_support"": 0.126984, ""supporting_case_count"": 2, ""supporting_case_count_saturated"": 2, ""symbol"": ""matx""}"
evaluation_cases,eval_food_export_grain_restriction,eval_food_export_grain_restriction,DAC,Danaos Corporation,container_shipping,Stock,direct_exposure,historical_supported,0.82,case_2023_red_sea_attacks;case_2021_suez_blockage,ranked_second_order,1,"{""evidence_level"": ""historical_supported"", ""evidence_rank"": 3, ""retrieval_support"": 0.121429, ""supporting_case_count"": 2, ""supporting_case_count_saturated"": 2, ""symbol"": ""dac""}"
evaluation_cases,eval_food_export_grain_restriction,eval_food_export_grain_restriction,MAERSK-B.CO,A P Moller Maersk Class B,container_shipping,Stock,direct_exposure,historical_supported,0.82,case_2023_red_sea_attacks;case_2021_suez_blockage,ranked_second_order,2,"{""evidence_level"": ""historical_supported"", ""evidence_rank"": 3, ""retrieval_support"": 0.121429, ""supporting_case_count"": 2, ""supporting_case_count_saturated"": 2, ""symbol"": ""maersk-b.co""}"
evaluation_cases,eval_food_export_grain_restriction,eval_food_export_grain_restriction,FLNG,FLEX LNG Ltd,lng_shipping,Stock,direct_exposure,historical_supported,0.82,case_panama_canal_drought_shipping_capacity,ranked_second_order,3,"{""evidence_level"": ""historical_supported"", ""evidence_rank"": 3, ""retrieval_support"": 0.125, ""supporting_case_count"": 1, ""supporting_case_count_saturated"": 1, ""symbol"": ""flng""}"
evaluation_cases,eval_food_export_grain_restriction,eval_food_export_grain_restriction,LNG,Cheniere Energy Inc,lng_shipping,Stock,related_exposure,historical_supported,0.82,case_panama_canal_drought_shipping_capacity,ranked_second_order,4,"{""evidence_level"": ""historical_supported"", ""evidence_rank"": 3, ""retrieval_support"": 0.125, ""supporting_case_count"": 1, ""supporting_case_count_saturated"": 1, ""symbol"": ""lng""}"
evaluation_cases,eval_food_export_grain_restriction,eval_food_export_grain_restriction,CHRW,C H Robinson Worldwide Inc,customs,Stock,related_exposure,sector_proxy,0.64,case_2022_india_wheat_export_ban;case_2008_rice_export_restrictions_food_security;case_2022_russia_fertilizer_export_restrictions;case_2021_belarus_potash_sanctions;case_2014_crimea_financial_sanctions,ranked_second_order,5,"{""evidence_level"": ""sector_proxy"", ""evidence_rank"": 2, ""retrieval_support"": 0.395556, ""supporting_case_count"": 5, ""supporting_case_count_saturated"": 3, ""symbol"": ""chrw""}"
evaluation_cases,eval_food_export_grain_restriction,eval_food_export_grain_restriction,DHL.DE,DHL Group,trade_lanes,Stock,related_exposure,sector_proxy,0.64,case_2022_india_wheat_export_ban;case_2008_rice_export_restrictions_food_security;case_2022_russia_fertilizer_export_restrictions;case_2021_belarus_potash_sanctions;case_2014_crimea_financial_sanctions,ranked_second_order,6,"{""evidence_level"": ""sector_proxy"", ""evidence_rank"": 2, ""retrieval_support"": 0.395556, ""supporting_case_count"": 5, ""supporting_case_count_saturated"": 3, ""symbol"": ""dhl.de""}"
evaluation_cases,eval_food_export_grain_restriction,eval_food_export_grain_restriction,DSGX,The Descartes Systems Group Inc,customs,Stock,direct_exposure,sector_proxy,0.64,case_2022_india_wheat_export_ban;case_2008_rice_export_restrictions_food_security;case_2022_russia_fertilizer_export_restrictions;case_2021_belarus_potash_sanctions;case_2014_crimea_financial_sanctions,ranked_second_order,7,"{""evidence_level"": ""sector_proxy"", ""evidence_rank"": 2, ""retrieval_support"": 0.395556, ""supporting_case_count"": 5, ""supporting_case_count_saturated"": 3, ""symbol"": ""dsgx""}"
evaluation_cases,eval_food_export_grain_restriction,eval_food_export_grain_restriction,EXPD,Expeditors International of Washington Inc,trade_lanes,Stock,related_exposure,sector_proxy,0.64,case_2022_india_wheat_export_ban;case_2008_rice_export_restrictions_food_security;case_2022_russia_fertilizer_export_restrictions;case_2021_belarus_potash_sanctions;case_2014_crimea_financial_sanctions,ranked_second_order,8,"{""evidence_level"": ""sector_proxy"", ""evidence_rank"": 2, ""retrieval_support"": 0.395556, ""supporting_case_count"": 5, ""supporting_case_count_saturated"": 3, ""symbol"": ""expd""}"
evaluation_cases,eval_food_export_grain_restriction,eval_food_export_grain_restriction,XLE,Energy Select Sector SPDR Fund,energy,ETF,broad_proxy,sector_proxy,0.64,case_2022_russia_fertilizer_export_restrictions;case_2014_crimea_financial_sanctions;case_2021_suez_blockage,ranked_second_order,9,"{""evidence_level"": ""sector_proxy"", ""evidence_rank"": 2, ""retrieval_support"": 0.137037, ""supporting_case_count"": 3, ""supporting_case_count_saturated"": 3, ""symbol"": ""xle""}"
evaluation_cases,eval_food_export_grain_restriction,eval_food_export_grain_restriction,XOM,Exxon Mobil Corporation,energy,Stock,related_exposure,sector_proxy,0.64,case_2022_russia_fertilizer_export_restrictions;case_2014_crimea_financial_sanctions;case_2021_suez_blockage,ranked_second_order,10,"{""evidence_level"": ""sector_proxy"", ""evidence_rank"": 2, ""retrieval_support"": 0.137037, ""supporting_case_count"": 3, ""supporting_case_count_saturated"": 3, ""symbol"": ""xom""}"
evaluation_cases,eval_food_export_grain_restriction,eval_food_export_grain_restriction,DBA,Invesco DB Agriculture Fund,food_export_controls,ETF,broad_proxy,sector_proxy,0.64,case_2022_india_wheat_export_ban;case_2008_rice_export_restrictions_food_security,ranked_second_order,11,"{""evidence_level"": ""sector_proxy"", ""evidence_rank"": 2, ""retrieval_support"": 0.75, ""supporting_case_count"": 2, ""supporting_case_count_saturated"": 2, ""symbol"": ""dba""}"
evaluation_cases,eval_food_export_grain_restriction,eval_food_export_grain_restriction,WEAT,Teucrium Wheat Fund,food_export_controls,ETF,broad_proxy,sector_proxy,0.64,case_2022_india_wheat_export_ban;case_2008_rice_export_restrictions_food_security,ranked_second_order,12,"{""evidence_level"": ""sector_proxy"", ""evidence_rank"": 2, ""retrieval_support"": 0.75, ""supporting_case_count"": 2, ""supporting_case_count_saturated"": 2, ""symbol"": ""weat""}"
evaluation_cases,eval_food_export_grain_restriction,eval_food_export_grain_restriction,CB,Chubb Limited,marine_insurance,Stock,related_exposure,sector_proxy,0.64,case_2023_black_sea_shipping_insurance_restrictions;case_2023_red_sea_attacks,ranked_second_order,13,"{""evidence_level"": ""sector_proxy"", ""evidence_rank"": 2, ""retrieval_support"": 0.196429, ""supporting_case_count"": 2, ""supporting_case_count_saturated"": 2, ""symbol"": ""cb""}"
evaluation_cases,eval_food_export_grain_restriction,eval_food_export_grain_restriction,TRV,The Travelers Companies Inc,marine_insurance,Stock,related_exposure,sector_proxy,0.64,case_2023_black_sea_shipping_insurance_restrictions;case_2023_red_sea_attacks,ranked_second_order,14,"{""evidence_level"": ""sector_proxy"", ""evidence_rank"": 2, ""retrieval_support"": 0.196429, ""supporting_case_count"": 2, ""supporting_case_count_saturated"": 2, ""symbol"": ""trv""}"
hard_evaluation_cases,hard_semiconductor_controls_paraphrased,hard_semiconductor_controls_paraphrased,CAT,Caterpillar Inc,manufacturing_inputs,Stock,related_exposure,sector_proxy,0.64,case_2023_japan_chip_equipment_export_controls;case_2019_huawei_entity_list;case_2020_smic_entity_list_semiconductor_controls;case_2021_xinjiang_forced_labor_import_restrictions;case_taiwan_strait_semiconductor_risk;case_2010_china_japan_rare_earth_embargo;case_2024_ev_tariff_escalation_china,ranked_second_order,1,"{""evidence_level"": ""sector_proxy"", ""evidence_rank"": 2, ""retrieval_support"": 0.298016, ""supporting_case_count"": 7, ""supporting_case_count_saturated"": 3, ""symbol"": ""cat""}"
hard_evaluation_cases,hard_semiconductor_controls_paraphrased,hard_semiconductor_controls_paraphrased,DE,Deere & Company,manufacturing_inputs,Stock,related_exposure,sector_proxy,0.64,case_2023_japan_chip_equipment_export_controls;case_2019_huawei_entity_list;case_2020_smic_entity_list_semiconductor_controls;case_2021_xinjiang_forced_labor_import_restrictions;case_taiwan_strait_semiconductor_risk;case_2010_china_japan_rare_earth_embargo;case_2024_ev_tariff_escalation_china,ranked_second_order,2,"{""evidence_level"": ""sector_proxy"", ""evidence_rank"": 2, ""retrieval_support"": 0.298016, ""supporting_case_count"": 7, ""supporting_case_count_saturated"": 3, ""symbol"": ""de""}"
hard_evaluation_cases,hard_semiconductor_controls_paraphrased,hard_semiconductor_controls_paraphrased,ITA,iShares U S Aerospace & Defense ETF,defense,ETF,broad_proxy,sector_proxy,0.64,case_2024_taiwan_strait_drills_semiconductor_supply;case_taiwan_strait_semiconductor_risk;case_2010_china_japan_rare_earth_embargo,ranked_second_order,3,"{""evidence_level"": ""sector_proxy"", ""evidence_rank"": 2, ""retrieval_support"": 0.126323, ""supporting_case_count"": 3, ""supporting_case_count_saturated"": 3, ""symbol"": ""ita""}"
hard_evaluation_cases,hard_semiconductor_controls_paraphrased,hard_semiconductor_controls_paraphrased,LMT,Lockheed Martin Corporation,defense,Stock,direct_exposure,sector_proxy,0.64,case_2024_taiwan_strait_drills_semiconductor_supply;case_taiwan_strait_semiconductor_risk;case_2010_china_japan_rare_earth_embargo,ranked_second_order,4,"{""evidence_level"": ""sector_proxy"", ""evidence_rank"": 2, ""retrieval_support"": 0.126323, ""supporting_case_count"": 3, ""supporting_case_count_saturated"": 3, ""symbol"": ""lmt""}"
hard_evaluation_cases,hard_semiconductor_controls_paraphrased,hard_semiconductor_controls_paraphrased,DHL.DE,DHL Group,trade_lanes,Stock,related_exposure,sector_proxy,0.64,case_2021_xinjiang_forced_labor_import_restrictions;case_2010_china_japan_rare_earth_embargo;case_2024_ev_tariff_escalation_china,ranked_second_order,5,"{""evidence_level"": ""sector_proxy"", ""evidence_rank"": 2, ""retrieval_support"": 0.125926, ""supporting_case_count"": 3, ""supporting_case_count_saturated"": 3, ""symbol"": ""dhl.de""}"
hard_evaluation_cases,hard_semiconductor_controls_paraphrased,hard_semiconductor_controls_paraphrased,EXPD,Expeditors International of Washington Inc,trade_lanes,Stock,related_exposure,sector_proxy,0.64,case_2021_xinjiang_forced_labor_import_restrictions;case_2010_china_japan_rare_earth_embargo;case_2024_ev_tariff_escalation_china,ranked_second_order,6,"{""evidence_level"": ""sector_proxy"", ""evidence_rank"": 2, ""retrieval_support"": 0.125926, ""supporting_case_count"": 3, ""supporting_case_count_saturated"": 3, ""symbol"": ""expd""}"
hard_evaluation_cases,hard_semiconductor_controls_paraphrased,hard_semiconductor_controls_paraphrased,PICK,iShares MSCI Global Metals & Mining Producers ETF,critical_minerals,ETF,broad_proxy,sector_proxy,0.64,case_2021_xinjiang_forced_labor_import_restrictions;case_2010_china_japan_rare_earth_embargo;case_2024_ev_tariff_escalation_china,ranked_second_order,7,"{""evidence_level"": ""sector_proxy"", ""evidence_rank"": 2, ""retrieval_support"": 0.125926, ""supporting_case_count"": 3, ""supporting_case_count_saturated"": 3, ""symbol"": ""pick""}"
hard_evaluation_cases,hard_semiconductor_controls_paraphrased,hard_semiconductor_controls_paraphrased,REMX,VanEck Rare Earth and Strategic Metals ETF,critical_minerals,ETF,broad_proxy,sector_proxy,0.64,case_2021_xinjiang_forced_labor_import_restrictions;case_2010_china_japan_rare_earth_embargo;case_2024_ev_tariff_escalation_china,ranked_second_order,8,"{""evidence_level"": ""sector_proxy"", ""evidence_rank"": 2, ""retrieval_support"": 0.125926, ""supporting_case_count"": 3, ""supporting_case_count_saturated"": 3, ""symbol"": ""remx""}"
hard_evaluation_cases,hard_semiconductor_controls_paraphrased,hard_semiconductor_controls_paraphrased,JBHT,J B Hunt Transport Services Inc,logistics,Stock,direct_exposure,sector_proxy,0.64,case_2021_xinjiang_forced_labor_import_restrictions;case_2024_ev_tariff_escalation_china,ranked_second_order,9,"{""evidence_level"": ""sector_proxy"", ""evidence_rank"": 2, ""retrieval_support"": 0.133333, ""supporting_case_count"": 2, ""supporting_case_count_saturated"": 2, ""symbol"": ""jbht""}"
hard_evaluation_cases,hard_semiconductor_controls_paraphrased,hard_semiconductor_controls_paraphrased,KNIN.SW,Kuehne + Nagel International AG,logistics,Stock,direct_exposure,sector_proxy,0.64,case_2021_xinjiang_forced_labor_import_restrictions;case_2024_ev_tariff_escalation_china,ranked_second_order,10,"{""evidence_level"": ""sector_proxy"", ""evidence_rank"": 2, ""retrieval_support"": 0.133333, ""supporting_case_count"": 2, ""supporting_case_count_saturated"": 2, ""symbol"": ""knin.sw""}"
hard_evaluation_cases,hard_hormuz_ambiguous_energy_shipping,hard_hormuz_ambiguous_energy_shipping,DHT,DHT Holdings Inc,oil_shipping,Stock,direct_exposure,historical_supported,0.82,case_hormuz_tanker_tensions;case_2023_red_sea_attacks;case_israel_iran_escalation_energy_risk;case_middle_east_oil_supply_disruption;case_2022_abu_dhabi_oil_facility_attack;case_1987_1988_tanker_war_reflagging;case_2022_turkey_strait_tanker_insurance_backlog,ranked_second_order,1,"{""evidence_level"": ""historical_supported"", ""evidence_rank"": 3, ""retrieval_support"": 0.314683, ""supporting_case_count"": 7, ""supporting_case_count_saturated"": 3, ""symbol"": ""dht""}"
hard_evaluation_cases,hard_hormuz_ambiguous_energy_shipping,hard_hormuz_ambiguous_energy_shipping,FRO,Frontline plc,oil_shipping,Stock,direct_exposure,historical_supported,0.82,case_hormuz_tanker_tensions;case_2023_red_sea_attacks;case_israel_iran_escalation_energy_risk;case_middle_east_oil_supply_disruption;case_2022_abu_dhabi_oil_facility_attack;case_1987_1988_tanker_war_reflagging;case_2022_turkey_strait_tanker_insurance_backlog,ranked_second_order,2,"{""evidence_level"": ""historical_supported"", ""evidence_rank"": 3, ""retrieval_support"": 0.314683, ""supporting_case_count"": 7, ""supporting_case_count_saturated"": 3, ""symbol"": ""fro""}"
hard_evaluation_cases,hard_hormuz_ambiguous_energy_shipping,hard_hormuz_ambiguous_energy_shipping,BOAT,SonicShares Global Shipping ETF,maritime_chokepoint,ETF,broad_proxy,historical_supported,0.82,case_2023_red_sea_attacks,ranked_second_order,3,"{""evidence_level"": ""historical_supported"", ""evidence_rank"": 3, ""retrieval_support"": 0.5, ""supporting_case_count"": 1, ""supporting_case_count_saturated"": 1, ""symbol"": ""boat""}"
hard_evaluation_cases,hard_hormuz_ambiguous_energy_shipping,hard_hormuz_ambiguous_energy_shipping,MATX,Matson Inc,maritime_chokepoint,Stock,related_exposure,historical_supported,0.82,case_2023_red_sea_attacks,ranked_second_order,4,"{""evidence_level"": ""historical_supported"", ""evidence_rank"": 3, ""retrieval_support"": 0.5, ""supporting_case_count"": 1, ""supporting_case_count_saturated"": 1, ""symbol"": ""matx""}"
hard_evaluation_cases,hard_hormuz_ambiguous_energy_shipping,hard_hormuz_ambiguous_energy_shipping,CB,Chubb Limited,marine_insurance,Stock,related_exposure,sector_proxy,0.64,case_hormuz_tanker_tensions;case_2023_red_sea_attacks;case_2023_arctic_lng_russian_energy_shipping_sanctions;case_israel_iran_escalation_energy_risk;case_1987_1988_tanker_war_reflagging;case_2022_turkey_strait_tanker_insurance_backlog,ranked_second_order,5,"{""evidence_level"": ""sector_proxy"", ""evidence_rank"": 2, ""retrieval_support"": 0.360185, ""supporting_case_count"": 6, ""supporting_case_count_saturated"": 3, ""symbol"": ""cb""}"
hard_evaluation_cases,hard_hormuz_ambiguous_energy_shipping,hard_hormuz_ambiguous_energy_shipping,TRV,The Travelers Companies Inc,marine_insurance,Stock,related_exposure,sector_proxy,0.64,case_hormuz_tanker_tensions;case_2023_red_sea_attacks;case_2023_arctic_lng_russian_energy_shipping_sanctions;case_israel_iran_escalation_energy_risk;case_1987_1988_tanker_war_reflagging;case_2022_turkey_strait_tanker_insurance_backlog,ranked_second_order,6,"{""evidence_level"": ""sector_proxy"", ""evidence_rank"": 2, ""retrieval_support"": 0.360185, ""supporting_case_count"": 6, ""supporting_case_count_saturated"": 3, ""symbol"": ""trv""}"
hard_evaluation_cases,hard_hormuz_ambiguous_energy_shipping,hard_hormuz_ambiguous_energy_shipping,FDX,FedEx Corporation,freight_routes,Stock,related_exposure,sector_proxy,0.64,case_2023_red_sea_attacks;case_1987_1988_tanker_war_reflagging;case_2022_turkey_strait_tanker_insurance_backlog,ranked_second_order,7,"{""evidence_level"": ""sector_proxy"", ""evidence_rank"": 2, ""retrieval_support"": 0.237037, ""supporting_case_count"": 3, ""supporting_case_count_saturated"": 3, ""symbol"": ""fdx""}"
hard_evaluation_cases,hard_hormuz_ambiguous_energy_shipping,hard_hormuz_ambiguous_energy_shipping,JBHT,J B Hunt Transport Services Inc,logistics,Stock,direct_exposure,sector_proxy,0.64,case_2023_red_sea_attacks;case_1987_1988_tanker_war_reflagging;case_2022_turkey_strait_tanker_insurance_backlog,ranked_second_order,8,"{""evidence_level"": ""sector_proxy"", ""evidence_rank"": 2, ""retrieval_support"": 0.237037, ""supporting_case_count"": 3, ""supporting_case_count_saturated"": 3, ""symbol"": ""jbht""}"
hard_evaluation_cases,hard_hormuz_ambiguous_energy_shipping,hard_hormuz_ambiguous_energy_shipping,KNIN.SW,Kuehne + Nagel International AG,logistics,Stock,direct_exposure,sector_proxy,0.64,case_2023_red_sea_attacks;case_1987_1988_tanker_war_reflagging;case_2022_turkey_strait_tanker_insurance_backlog,ranked_second_order,9,"{""evidence_level"": ""sector_proxy"", ""evidence_rank"": 2, ""retrieval_support"": 0.237037, ""supporting_case_count"": 3, ""supporting_case_count_saturated"": 3, ""symbol"": ""knin.sw""}"
hard_evaluation_cases,hard_hormuz_ambiguous_energy_shipping,hard_hormuz_ambiguous_energy_shipping,UPS,United Parcel Service Inc,freight_routes,Stock,related_exposure,sector_proxy,0.64,case_2023_red_sea_attacks;case_1987_1988_tanker_war_reflagging;case_2022_turkey_strait_tanker_insurance_backlog,ranked_second_order,10,"{""evidence_level"": ""sector_proxy"", ""evidence_rank"": 2, ""retrieval_support"": 0.237037, ""supporting_case_count"": 3, ""supporting_case_count_saturated"": 3, ""symbol"": ""ups""}"
hard_evaluation_cases,hard_hormuz_ambiguous_energy_shipping,hard_hormuz_ambiguous_energy_shipping,ITA,iShares U S Aerospace & Defense ETF,defense,ETF,broad_proxy,sector_proxy,0.64,case_israel_iran_escalation_energy_risk;case_2022_abu_dhabi_oil_facility_attack;case_1987_1988_tanker_war_reflagging,ranked_second_order,11,"{""evidence_level"": ""sector_proxy"", ""evidence_rank"": 2, ""retrieval_support"": 0.14537, ""supporting_case_count"": 3, ""supporting_case_count_saturated"": 3, ""symbol"": ""ita""}"
hard_evaluation_cases,hard_hormuz_ambiguous_energy_shipping,hard_hormuz_ambiguous_energy_shipping,LMT,Lockheed Martin Corporation,defense,Stock,direct_exposure,sector_proxy,0.64,case_israel_iran_escalation_energy_risk;case_2022_abu_dhabi_oil_facility_attack;case_1987_1988_tanker_war_reflagging,ranked_second_order,12,"{""evidence_level"": ""sector_proxy"", ""evidence_rank"": 2, ""retrieval_support"": 0.14537, ""supporting_case_count"": 3, ""supporting_case_count_saturated"": 3, ""symbol"": ""lmt""}"
hard_evaluation_cases,hard_hormuz_ambiguous_energy_shipping,hard_hormuz_ambiguous_energy_shipping,DAL,Delta Air Lines Inc,aviation,Stock,direct_exposure,sector_proxy,0.64,case_middle_east_oil_supply_disruption;case_opec_production_cut_policy_shock;case_2022_abu_dhabi_oil_facility_attack,ranked_second_order,13,"{""evidence_level"": ""sector_proxy"", ""evidence_rank"": 2, ""retrieval_support"": 0.144841, ""supporting_case_count"": 3, ""supporting_case_count_saturated"": 3, ""symbol"": ""dal""}"
hard_evaluation_cases,hard_hormuz_ambiguous_energy_shipping,hard_hormuz_ambiguous_energy_shipping,JETS,U S Global Jets ETF,aviation,ETF,broad_proxy,sector_proxy,0.64,case_middle_east_oil_supply_disruption;case_opec_production_cut_policy_shock;case_2022_abu_dhabi_oil_facility_attack,ranked_second_order,14,"{""evidence_level"": ""sector_proxy"", ""evidence_rank"": 2, ""retrieval_support"": 0.144841, ""supporting_case_count"": 3, ""supporting_case_count_saturated"": 3, ""symbol"": ""jets""}"
hard_evaluation_cases,hard_hormuz_ambiguous_energy_shipping,hard_hormuz_ambiguous_energy_shipping,EUFN,iShares MSCI Europe Financials ETF,financial_sanctions,ETF,broad_proxy,sector_proxy,0.64,case_2023_arctic_lng_russian_energy_shipping_sanctions;case_2022_turkey_strait_tanker_insurance_backlog,ranked_second_order,15,"{""evidence_level"": ""sector_proxy"", ""evidence_rank"": 2, ""retrieval_support"": 0.175, ""supporting_case_count"": 2, ""supporting_case_count_saturated"": 2, ""symbol"": ""eufn""}"
hard_evaluation_cases,hard_hormuz_ambiguous_energy_shipping,hard_hormuz_ambiguous_energy_shipping,XLF,Financial Select Sector SPDR Fund,financial_sanctions,ETF,broad_proxy,sector_proxy,0.64,case_2023_arctic_lng_russian_energy_shipping_sanctions;case_2022_turkey_strait_tanker_insurance_backlog,ranked_second_order,16,"{""evidence_level"": ""sector_proxy"", ""evidence_rank"": 2, ""retrieval_support"": 0.175, ""supporting_case_count"": 2, ""supporting_case_count_saturated"": 2, ""symbol"": ""xlf""}"
hard_evaluation_cases,hard_taiwan_semiconductor_indirect,hard_taiwan_semiconductor_indirect,ITA,iShares U S Aerospace & Defense ETF,defense,ETF,broad_proxy,sector_proxy,0.64,case_taiwan_strait_semiconductor_risk;case_2024_taiwan_strait_drills_semiconductor_supply;case_2019_turkey_f35_s400_defense_restrictions;case_2010_china_japan_rare_earth_embargo;case_2023_middle_east_defense_supply_escalation,ranked_second_order,1,"{""evidence_level"": ""sector_proxy"", ""evidence_rank"": 2, ""retrieval_support"": 0.367222, ""supporting_case_count"": 5, ""supporting_case_count_saturated"": 3, ""symbol"": ""ita""}"
hard_evaluation_cases,hard_taiwan_semiconductor_indirect,hard_taiwan_semiconductor_indirect,LMT,Lockheed Martin Corporation,defense,Stock,direct_exposure,sector_proxy,0.64,case_taiwan_strait_semiconductor_risk;case_2024_taiwan_strait_drills_semiconductor_supply;case_2019_turkey_f35_s400_defense_restrictions;case_2010_china_japan_rare_earth_embargo;case_2023_middle_east_defense_supply_escalation,ranked_second_order,2,"{""evidence_level"": ""sector_proxy"", ""evidence_rank"": 2, ""retrieval_support"": 0.367222, ""supporting_case_count"": 5, ""supporting_case_count_saturated"": 3, ""symbol"": ""lmt""}"
hard_evaluation_cases,hard_taiwan_semiconductor_indirect,hard_taiwan_semiconductor_indirect,CAT,Caterpillar Inc,manufacturing_inputs,Stock,related_exposure,sector_proxy,0.64,case_taiwan_strait_semiconductor_risk;case_2023_japan_chip_equipment_export_controls;case_2020_smic_entity_list_semiconductor_controls;case_2019_huawei_entity_list;case_2019_turkey_f35_s400_defense_restrictions;case_2010_china_japan_rare_earth_embargo;case_2023_middle_east_defense_supply_escalation,ranked_second_order,3,"{""evidence_level"": ""sector_proxy"", ""evidence_rank"": 2, ""retrieval_support"": 0.278968, ""supporting_case_count"": 7, ""supporting_case_count_saturated"": 3, ""symbol"": ""cat""}"
hard_evaluation_cases,hard_taiwan_semiconductor_indirect,hard_taiwan_semiconductor_indirect,DE,Deere & Company,manufacturing_inputs,Stock,related_exposure,sector_proxy,0.64,case_taiwan_strait_semiconductor_risk;case_2023_japan_chip_equipment_export_controls;case_2020_smic_entity_list_semiconductor_controls;case_2019_huawei_entity_list;case_2019_turkey_f35_s400_defense_restrictions;case_2010_china_japan_rare_earth_embargo;case_2023_middle_east_defense_supply_escalation,ranked_second_order,4,"{""evidence_level"": ""sector_proxy"", ""evidence_rank"": 2, ""retrieval_support"": 0.278968, ""supporting_case_count"": 7, ""supporting_case_count_saturated"": 3, ""symbol"": ""de""}"
hard_evaluation_cases,hard_taiwan_semiconductor_indirect,hard_taiwan_semiconductor_indirect,DHL.DE,DHL Group,trade_lanes,Stock,related_exposure,sector_proxy,0.64,case_2019_turkey_f35_s400_defense_restrictions;case_2010_china_japan_rare_earth_embargo,ranked_second_order,5,"{""evidence_level"": ""sector_proxy"", ""evidence_rank"": 2, ""retrieval_support"": 0.118056, ""supporting_case_count"": 2, ""supporting_case_count_saturated"": 2, ""symbol"": ""dhl.de""}"
hard_evaluation_cases,hard_taiwan_semiconductor_indirect,hard_taiwan_semiconductor_indirect,EXPD,Expeditors International of Washington Inc,trade_lanes,Stock,related_exposure,sector_proxy,0.64,case_2019_turkey_f35_s400_defense_restrictions;case_2010_china_japan_rare_earth_embargo,ranked_second_order,6,"{""evidence_level"": ""sector_proxy"", ""evidence_rank"": 2, ""retrieval_support"": 0.118056, ""supporting_case_count"": 2, ""supporting_case_count_saturated"": 2, ""symbol"": ""expd""}"
hard_evaluation_cases,hard_taiwan_semiconductor_indirect,hard_taiwan_semiconductor_indirect,AIR.PA,Airbus SE,aerospace_supply_chain,Stock,related_exposure,sector_proxy,0.64,case_2019_turkey_f35_s400_defense_restrictions;case_2023_middle_east_defense_supply_escalation,ranked_second_order,7,"{""evidence_level"": ""sector_proxy"", ""evidence_rank"": 2, ""retrieval_support"": 0.1125, ""supporting_case_count"": 2, ""supporting_case_count_saturated"": 2, ""symbol"": ""air.pa""}"
hard_evaluation_cases,hard_taiwan_semiconductor_indirect,hard_taiwan_semiconductor_indirect,BA,Boeing Company,aerospace_supply_chain,Stock,related_exposure,sector_proxy,0.64,case_2019_turkey_f35_s400_defense_restrictions;case_2023_middle_east_defense_supply_escalation,ranked_second_order,8,"{""evidence_level"": ""sector_proxy"", ""evidence_rank"": 2, ""retrieval_support"": 0.1125, ""supporting_case_count"": 2, ""supporting_case_count_saturated"": 2, ""symbol"": ""ba""}"
hard_evaluation_cases,hard_cyber_infrastructure_indirect,hard_cyber_infrastructure_indirect,BOAT,SonicShares Global Shipping ETF,maritime_chokepoint,ETF,broad_proxy,historical_supported,0.82,case_2023_red_sea_attacks;case_2021_suez_blockage,ranked_second_order,1,"{""evidence_level"": ""historical_supported"", ""evidence_rank"": 3, ""retrieval_support"": 0.145833, ""supporting_case_count"": 2, ""supporting_case_count_saturated"": 2, ""symbol"": ""boat""}"
hard_evaluation_cases,hard_cyber_infrastructure_indirect,hard_cyber_infrastructure_indirect,DAC,Danaos Corporation,container_shipping,Stock,direct_exposure,historical_supported,0.82,case_2023_red_sea_attacks;case_2021_suez_blockage,ranked_second_order,2,"{""evidence_level"": ""historical_supported"", ""evidence_rank"": 3, ""retrieval_support"": 0.145833, ""supporting_case_count"": 2, ""supporting_case_count_saturated"": 2, ""symbol"": ""dac""}"
hard_evaluation_cases,hard_cyber_infrastructure_indirect,hard_cyber_infrastructure_indirect,MAERSK-B.CO,A P Moller Maersk Class B,container_shipping,Stock,direct_exposure,historical_supported,0.82,case_2023_red_sea_attacks;case_2021_suez_blockage,ranked_second_order,3,"{""evidence_level"": ""historical_supported"", ""evidence_rank"": 3, ""retrieval_support"": 0.145833, ""supporting_case_count"": 2, ""supporting_case_count_saturated"": 2, ""symbol"": ""maersk-b.co""}"
hard_evaluation_cases,hard_cyber_infrastructure_indirect,hard_cyber_infrastructure_indirect,MATX,Matson Inc,maritime_chokepoint,Stock,related_exposure,historical_supported,0.82,case_2023_red_sea_attacks;case_2021_suez_blockage,ranked_second_order,4,"{""evidence_level"": ""historical_supported"", ""evidence_rank"": 3, ""retrieval_support"": 0.145833, ""supporting_case_count"": 2, ""supporting_case_count_saturated"": 2, ""symbol"": ""matx""}"
hard_evaluation_cases,hard_cyber_infrastructure_indirect,hard_cyber_infrastructure_indirect,DHT,DHT Holdings Inc,oil_shipping,Stock,direct_exposure,historical_supported,0.82,case_2023_red_sea_attacks;case_2022_turkey_strait_tanker_insurance_backlog,ranked_second_order,5,"{""evidence_level"": ""historical_supported"", ""evidence_rank"": 3, ""retrieval_support"": 0.138889, ""supporting_case_count"": 2, ""supporting_case_count_saturated"": 2, ""symbol"": ""dht""}"
hard_evaluation_cases,hard_cyber_infrastructure_indirect,hard_cyber_infrastructure_indirect,FRO,Frontline plc,oil_shipping,Stock,direct_exposure,historical_supported,0.82,case_2023_red_sea_attacks;case_2022_turkey_strait_tanker_insurance_backlog,ranked_second_order,6,"{""evidence_level"": ""historical_supported"", ""evidence_rank"": 3, ""retrieval_support"": 0.138889, ""supporting_case_count"": 2, ""supporting_case_count_saturated"": 2, ""symbol"": ""fro""}"
hard_evaluation_cases,hard_cyber_infrastructure_indirect,hard_cyber_infrastructure_indirect,FLNG,FLEX LNG Ltd,lng_shipping,Stock,direct_exposure,historical_supported,0.82,case_2022_nord_stream_pipeline_sabotage,ranked_second_order,7,"{""evidence_level"": ""historical_supported"", ""evidence_rank"": 3, ""retrieval_support"": 0.1, ""supporting_case_count"": 1, ""supporting_case_count_saturated"": 1, ""symbol"": ""flng""}"
hard_evaluation_cases,hard_cyber_infrastructure_indirect,hard_cyber_infrastructure_indirect,LNG,Cheniere Energy Inc,lng_shipping,Stock,related_exposure,historical_supported,0.82,case_2022_nord_stream_pipeline_sabotage,ranked_second_order,8,"{""evidence_level"": ""historical_supported"", ""evidence_rank"": 3, ""retrieval_support"": 0.1, ""supporting_case_count"": 1, ""supporting_case_count_saturated"": 1, ""symbol"": ""lng""}"
hard_evaluation_cases,hard_cyber_infrastructure_indirect,hard_cyber_infrastructure_indirect,CAT,Caterpillar Inc,manufacturing_inputs,Stock,related_exposure,sector_proxy,0.64,case_2023_port_of_nagoya_cyberattack;case_2017_notpetya_shipping_logistics_cyberattack;case_2022_nord_stream_pipeline_sabotage,ranked_second_order,9,"{""evidence_level"": ""sector_proxy"", ""evidence_rank"": 2, ""retrieval_support"": 0.45, ""supporting_case_count"": 3, ""supporting_case_count_saturated"": 3, ""symbol"": ""cat""}"
hard_evaluation_cases,hard_cyber_infrastructure_indirect,hard_cyber_infrastructure_indirect,DE,Deere & Company,manufacturing_inputs,Stock,related_exposure,sector_proxy,0.64,case_2023_port_of_nagoya_cyberattack;case_2017_notpetya_shipping_logistics_cyberattack;case_2022_nord_stream_pipeline_sabotage,ranked_second_order,10,"{""evidence_level"": ""sector_proxy"", ""evidence_rank"": 2, ""retrieval_support"": 0.45, ""supporting_case_count"": 3, ""supporting_case_count_saturated"": 3, ""symbol"": ""de""}"
hard_evaluation_cases,hard_cyber_infrastructure_indirect,hard_cyber_infrastructure_indirect,DHL.DE,DHL Group,trade_lanes,Stock,related_exposure,sector_proxy,0.64,case_2023_dp_world_australia_cyber_port_disruption;case_2024_us_east_gulf_port_strike,ranked_second_order,11,"{""evidence_level"": ""sector_proxy"", ""evidence_rank"": 2, ""retrieval_support"": 0.238095, ""supporting_case_count"": 2, ""supporting_case_count_saturated"": 2, ""symbol"": ""dhl.de""}"
hard_evaluation_cases,hard_cyber_infrastructure_indirect,hard_cyber_infrastructure_indirect,EXPD,Expeditors International of Washington Inc,trade_lanes,Stock,related_exposure,sector_proxy,0.64,case_2023_dp_world_australia_cyber_port_disruption;case_2024_us_east_gulf_port_strike,ranked_second_order,12,"{""evidence_level"": ""sector_proxy"", ""evidence_rank"": 2, ""retrieval_support"": 0.238095, ""supporting_case_count"": 2, ""supporting_case_count_saturated"": 2, ""symbol"": ""expd""}"
hard_evaluation_cases,hard_cyber_infrastructure_indirect,hard_cyber_infrastructure_indirect,CB,Chubb Limited,marine_insurance,Stock,related_exposure,sector_proxy,0.64,case_2023_red_sea_attacks;case_2022_turkey_strait_tanker_insurance_backlog,ranked_second_order,13,"{""evidence_level"": ""sector_proxy"", ""evidence_rank"": 2, ""retrieval_support"": 0.138889, ""supporting_case_count"": 2, ""supporting_case_count_saturated"": 2, ""symbol"": ""cb""}"
hard_evaluation_cases,hard_cyber_infrastructure_indirect,hard_cyber_infrastructure_indirect,TRV,The Travelers Companies Inc,marine_insurance,Stock,related_exposure,sector_proxy,0.64,case_2023_red_sea_attacks;case_2022_turkey_strait_tanker_insurance_backlog,ranked_second_order,14,"{""evidence_level"": ""sector_proxy"", ""evidence_rank"": 2, ""retrieval_support"": 0.138889, ""supporting_case_count"": 2, ""supporting_case_count_saturated"": 2, ""symbol"": ""trv""}"
validation_v3,v3_20250404_china_rare_earth_export_controls,China imposes rare-earth export controls after U.S. tariff escalation,DHL.DE,DHL Group,trade_lanes,Stock,related_exposure,sector_proxy,0.64,case_2010_china_japan_rare_earth_embargo;case_2024_ev_tariff_escalation_china;case_2021_xinjiang_forced_labor_import_restrictions;case_2023_panama_cobre_mine_closure;case_2020_indonesia_nickel_export_ban;case_2022_peru_mine_protests_copper_supply,ranked_second_order,1,"{""evidence_level"": ""sector_proxy"", ""evidence_rank"": 2, ""retrieval_support"": 0.215939, ""supporting_case_count"": 6, ""supporting_case_count_saturated"": 3, ""symbol"": ""dhl.de""}"
validation_v3,v3_20250404_china_rare_earth_export_controls,China imposes rare-earth export controls after U.S. tariff escalation,EXPD,Expeditors International of Washington Inc,trade_lanes,Stock,related_exposure,sector_proxy,0.64,case_2010_china_japan_rare_earth_embargo;case_2024_ev_tariff_escalation_china;case_2021_xinjiang_forced_labor_import_restrictions;case_2023_panama_cobre_mine_closure;case_2020_indonesia_nickel_export_ban;case_2022_peru_mine_protests_copper_supply,ranked_second_order,2,"{""evidence_level"": ""sector_proxy"", ""evidence_rank"": 2, ""retrieval_support"": 0.215939, ""supporting_case_count"": 6, ""supporting_case_count_saturated"": 3, ""symbol"": ""expd""}"
validation_v3,v3_20250404_china_rare_earth_export_controls,China imposes rare-earth export controls after U.S. tariff escalation,JBHT,J B Hunt Transport Services Inc,logistics,Stock,direct_exposure,sector_proxy,0.64,case_2024_ev_tariff_escalation_china;case_2021_xinjiang_forced_labor_import_restrictions;case_2022_peru_mine_protests_copper_supply,ranked_second_order,3,"{""evidence_level"": ""sector_proxy"", ""evidence_rank"": 2, ""retrieval_support"": 0.175926, ""supporting_case_count"": 3, ""supporting_case_count_saturated"": 3, ""symbol"": ""jbht""}"
validation_v3,v3_20250404_china_rare_earth_export_controls,China imposes rare-earth export controls after U.S. tariff escalation,KNIN.SW,Kuehne + Nagel International AG,logistics,Stock,direct_exposure,sector_proxy,0.64,case_2024_ev_tariff_escalation_china;case_2021_xinjiang_forced_labor_import_restrictions;case_2022_peru_mine_protests_copper_supply,ranked_second_order,4,"{""evidence_level"": ""sector_proxy"", ""evidence_rank"": 2, ""retrieval_support"": 0.175926, ""supporting_case_count"": 3, ""supporting_case_count_saturated"": 3, ""symbol"": ""knin.sw""}"
validation_v3,v3_20250404_china_rare_earth_export_controls,China imposes rare-earth export controls after U.S. tariff escalation,ALB,Albemarle Corporation,battery_materials,Stock,direct_exposure,sector_proxy,0.64,case_2024_ev_tariff_escalation_china;case_2023_china_graphite_battery_export_controls;case_2023_panama_cobre_mine_closure;case_2020_indonesia_nickel_export_ban;case_2022_peru_mine_protests_copper_supply,ranked_second_order,5,"{""evidence_level"": ""sector_proxy"", ""evidence_rank"": 2, ""retrieval_support"": 0.165794, ""supporting_case_count"": 5, ""supporting_case_count_saturated"": 3, ""symbol"": ""alb""}"
validation_v3,v3_20250404_china_rare_earth_export_controls,China imposes rare-earth export controls after U.S. tariff escalation,LIT,Global X Lithium & Battery Tech ETF,battery_materials,ETF,broad_proxy,sector_proxy,0.64,case_2024_ev_tariff_escalation_china;case_2023_china_graphite_battery_export_controls;case_2023_panama_cobre_mine_closure;case_2020_indonesia_nickel_export_ban;case_2022_peru_mine_protests_copper_supply,ranked_second_order,6,"{""evidence_level"": ""sector_proxy"", ""evidence_rank"": 2, ""retrieval_support"": 0.165794, ""supporting_case_count"": 5, ""supporting_case_count_saturated"": 3, ""symbol"": ""lit""}"
validation_v3,v3_20250404_china_rare_earth_export_controls,China imposes rare-earth export controls after U.S. tariff escalation,ITA,iShares U S Aerospace & Defense ETF,defense,ETF,broad_proxy,sector_proxy,0.64,case_rare_earth_export_restriction_risk;case_2010_china_japan_rare_earth_embargo,ranked_second_order,7,"{""evidence_level"": ""sector_proxy"", ""evidence_rank"": 2, ""retrieval_support"": 0.75, ""supporting_case_count"": 2, ""supporting_case_count_saturated"": 2, ""symbol"": ""ita""}"
validation_v3,v3_20250404_china_rare_earth_export_controls,China imposes rare-earth export controls after U.S. tariff escalation,LMT,Lockheed Martin Corporation,defense,Stock,direct_exposure,sector_proxy,0.64,case_rare_earth_export_restriction_risk;case_2010_china_japan_rare_earth_embargo,ranked_second_order,8,"{""evidence_level"": ""sector_proxy"", ""evidence_rank"": 2, ""retrieval_support"": 0.75, ""supporting_case_count"": 2, ""supporting_case_count_saturated"": 2, ""symbol"": ""lmt""}"
validation_v3,v3_20250404_china_rare_earth_export_controls,China imposes rare-earth export controls after U.S. tariff escalation,AMAT,Applied Materials Inc,semiconductor_equipment,Stock,direct_exposure,sector_proxy,0.64,case_china_gallium_germanium_graphite_controls;case_2019_huawei_entity_list,ranked_second_order,9,"{""evidence_level"": ""sector_proxy"", ""evidence_rank"": 2, ""retrieval_support"": 0.216667, ""supporting_case_count"": 2, ""supporting_case_count_saturated"": 2, ""symbol"": ""amat""}"
validation_v3,v3_20250404_china_rare_earth_export_controls,China imposes rare-earth export controls after U.S. tariff escalation,AMD,Advanced Micro Devices Inc,ai_chips,Stock,related_exposure,sector_proxy,0.64,case_china_gallium_germanium_graphite_controls;case_2019_huawei_entity_list,ranked_second_order,10,"{""evidence_level"": ""sector_proxy"", ""evidence_rank"": 2, ""retrieval_support"": 0.216667, ""supporting_case_count"": 2, ""supporting_case_count_saturated"": 2, ""symbol"": ""amd""}"
validation_v3,v3_20250404_china_rare_earth_export_controls,China imposes rare-earth export controls after U.S. tariff escalation,ASML,ASML Holding NV ADR,semiconductor_equipment,ADR,direct_exposure,sector_proxy,0.64,case_china_gallium_germanium_graphite_controls;case_2019_huawei_entity_list,ranked_second_order,11,"{""evidence_level"": ""sector_proxy"", ""evidence_rank"": 2, ""retrieval_support"": 0.216667, ""supporting_case_count"": 2, ""supporting_case_count_saturated"": 2, ""symbol"": ""asml""}"
validation_v3,v3_20250404_china_rare_earth_export_controls,China imposes rare-earth export controls after U.S. tariff escalation,NVDA,NVIDIA Corporation,ai_chips,Stock,direct_exposure,sector_proxy,0.64,case_china_gallium_germanium_graphite_controls;case_2019_huawei_entity_list,ranked_second_order,12,"{""evidence_level"": ""sector_proxy"", ""evidence_rank"": 2, ""retrieval_support"": 0.216667, ""supporting_case_count"": 2, ""supporting_case_count_saturated"": 2, ""symbol"": ""nvda""}"
validation_v3,v3_20250225_copper_import_investigation,U.S. launches Section 232 investigation into copper import dependence,ALB,Albemarle Corporation,battery_materials,Stock,direct_exposure,sector_proxy,0.64,case_2023_panama_cobre_mine_closure;case_2022_peru_mine_protests_copper_supply;case_2020_indonesia_nickel_export_ban,ranked_second_order,1,"{""evidence_level"": ""sector_proxy"", ""evidence_rank"": 2, ""retrieval_support"": 0.472222, ""supporting_case_count"": 3, ""supporting_case_count_saturated"": 3, ""symbol"": ""alb""}"
validation_v3,v3_20250225_copper_import_investigation,U.S. launches Section 232 investigation into copper import dependence,LIT,Global X Lithium & Battery Tech ETF,battery_materials,ETF,broad_proxy,sector_proxy,0.64,case_2023_panama_cobre_mine_closure;case_2022_peru_mine_protests_copper_supply;case_2020_indonesia_nickel_export_ban,ranked_second_order,2,"{""evidence_level"": ""sector_proxy"", ""evidence_rank"": 2, ""retrieval_support"": 0.472222, ""supporting_case_count"": 3, ""supporting_case_count_saturated"": 3, ""symbol"": ""lit""}"
validation_v3,v3_20250225_copper_import_investigation,U.S. launches Section 232 investigation into copper import dependence,JBHT,J B Hunt Transport Services Inc,logistics,Stock,direct_exposure,sector_proxy,0.64,case_2021_xinjiang_forced_labor_import_restrictions;case_2022_peru_mine_protests_copper_supply;case_2023_mexico_nearshoring_cross_border_policy_risk,ranked_second_order,3,"{""evidence_level"": ""sector_proxy"", ""evidence_rank"": 2, ""retrieval_support"": 0.316667, ""supporting_case_count"": 3, ""supporting_case_count_saturated"": 3, ""symbol"": ""jbht""}"
validation_v3,v3_20250225_copper_import_investigation,U.S. launches Section 232 investigation into copper import dependence,KNIN.SW,Kuehne + Nagel International AG,logistics,Stock,direct_exposure,sector_proxy,0.64,case_2021_xinjiang_forced_labor_import_restrictions;case_2022_peru_mine_protests_copper_supply;case_2023_mexico_nearshoring_cross_border_policy_risk,ranked_second_order,4,"{""evidence_level"": ""sector_proxy"", ""evidence_rank"": 2, ""retrieval_support"": 0.316667, ""supporting_case_count"": 3, ""supporting_case_count_saturated"": 3, ""symbol"": ""knin.sw""}"
validation_v3,v3_20250225_copper_import_investigation,U.S. launches Section 232 investigation into copper import dependence,DHL.DE,DHL Group,trade_lanes,Stock,related_exposure,sector_proxy,0.64,case_2023_panama_cobre_mine_closure;case_2021_xinjiang_forced_labor_import_restrictions;case_2022_peru_mine_protests_copper_supply;case_2023_mexico_nearshoring_cross_border_policy_risk;case_2020_indonesia_nickel_export_ban;case_2023_eu_carbon_border_adjustment_mechanism;case_uranium_nuclear_fuel_supply_disruption;case_2010_china_japan_rare_earth_embargo,ranked_second_order,5,"{""evidence_level"": ""sector_proxy"", ""evidence_rank"": 2, ""retrieval_support"": 0.308829, ""supporting_case_count"": 8, ""supporting_case_count_saturated"": 3, ""symbol"": ""dhl.de""}"
validation_v3,v3_20250225_copper_import_investigation,U.S. launches Section 232 investigation into copper import dependence,EXPD,Expeditors International of Washington Inc,trade_lanes,Stock,related_exposure,sector_proxy,0.64,case_2023_panama_cobre_mine_closure;case_2021_xinjiang_forced_labor_import_restrictions;case_2022_peru_mine_protests_copper_supply;case_2023_mexico_nearshoring_cross_border_policy_risk;case_2020_indonesia_nickel_export_ban;case_2023_eu_carbon_border_adjustment_mechanism;case_uranium_nuclear_fuel_supply_disruption;case_2010_china_japan_rare_earth_embargo,ranked_second_order,6,"{""evidence_level"": ""sector_proxy"", ""evidence_rank"": 2, ""retrieval_support"": 0.308829, ""supporting_case_count"": 8, ""supporting_case_count_saturated"": 3, ""symbol"": ""expd""}"
validation_v3,v3_20250225_copper_import_investigation,U.S. launches Section 232 investigation into copper import dependence,XLE,Energy Select Sector SPDR Fund,energy,ETF,broad_proxy,sector_proxy,0.64,case_rare_earth_export_restriction_risk;case_2023_eu_carbon_border_adjustment_mechanism;case_uranium_nuclear_fuel_supply_disruption,ranked_second_order,7,"{""evidence_level"": ""sector_proxy"", ""evidence_rank"": 2, ""retrieval_support"": 0.195767, ""supporting_case_count"": 3, ""supporting_case_count_saturated"": 3, ""symbol"": ""xle""}"
validation_v3,v3_20250225_copper_import_investigation,U.S. launches Section 232 investigation into copper import dependence,XOM,Exxon Mobil Corporation,energy,Stock,related_exposure,sector_proxy,0.64,case_rare_earth_export_restriction_risk;case_2023_eu_carbon_border_adjustment_mechanism;case_uranium_nuclear_fuel_supply_disruption,ranked_second_order,8,"{""evidence_level"": ""sector_proxy"", ""evidence_rank"": 2, ""retrieval_support"": 0.195767, ""supporting_case_count"": 3, ""supporting_case_count_saturated"": 3, ""symbol"": ""xom""}"
validation_v3,v3_20250225_copper_import_investigation,U.S. launches Section 232 investigation into copper import dependence,0144.HK,China Merchants Port Holdings Company Limited,ports,Stock,direct_exposure,sector_proxy,0.64,case_2023_panama_cobre_mine_closure;case_2023_mexico_nearshoring_cross_border_policy_risk,ranked_second_order,9,"{""evidence_level"": ""sector_proxy"", ""evidence_rank"": 2, ""retrieval_support"": 0.6, ""supporting_case_count"": 2, ""supporting_case_count_saturated"": 2, ""symbol"": ""0144.hk""}"
validation_v3,v3_20250225_copper_import_investigation,U.S. launches Section 232 investigation into copper import dependence,1199.HK,COSCO SHIPPING Ports Limited,ports,Stock,direct_exposure,sector_proxy,0.64,case_2023_panama_cobre_mine_closure;case_2023_mexico_nearshoring_cross_border_policy_risk,ranked_second_order,10,"{""evidence_level"": ""sector_proxy"", ""evidence_rank"": 2, ""retrieval_support"": 0.6, ""supporting_case_count"": 2, ""supporting_case_count_saturated"": 2, ""symbol"": ""1199.hk""}"
validation_v3,v3_20250225_copper_import_investigation,U.S. launches Section 232 investigation into copper import dependence,ITA,iShares U S Aerospace & Defense ETF,defense,ETF,broad_proxy,sector_proxy,0.64,case_rare_earth_export_restriction_risk;case_2010_china_japan_rare_earth_embargo,ranked_second_order,11,"{""evidence_level"": ""sector_proxy"", ""evidence_rank"": 2, ""retrieval_support"": 0.216667, ""supporting_case_count"": 2, ""supporting_case_count_saturated"": 2, ""symbol"": ""ita""}"
validation_v3,v3_20250225_copper_import_investigation,U.S. launches Section 232 investigation into copper import dependence,LMT,Lockheed Martin Corporation,defense,Stock,direct_exposure,sector_proxy,0.64,case_rare_earth_export_restriction_risk;case_2010_china_japan_rare_earth_embargo,ranked_second_order,12,"{""evidence_level"": ""sector_proxy"", ""evidence_rank"": 2, ""retrieval_support"": 0.216667, ""supporting_case_count"": 2, ""supporting_case_count_saturated"": 2, ""symbol"": ""lmt""}"
validation_v3,v3_20240624_eu_russian_lng_transshipment_ban,EU sanctions package bans Russian LNG transshipment services through EU territory,DHT,DHT Holdings Inc,oil_shipping,Stock,direct_exposure,historical_supported,0.82,case_2018_iran_oil_sanctions_reimposition;case_2019_cosco_shipping_sanctions_tanker_market,ranked_second_order,1,"{""evidence_level"": ""historical_supported"", ""evidence_rank"": 3, ""retrieval_support"": 0.180556, ""supporting_case_count"": 2, ""supporting_case_count_saturated"": 2, ""symbol"": ""dht""}"
validation_v3,v3_20240624_eu_russian_lng_transshipment_ban,EU sanctions package bans Russian LNG transshipment services through EU territory,FRO,Frontline plc,oil_shipping,Stock,direct_exposure,historical_supported,0.82,case_2018_iran_oil_sanctions_reimposition;case_2019_cosco_shipping_sanctions_tanker_market,ranked_second_order,2,"{""evidence_level"": ""historical_supported"", ""evidence_rank"": 3, ""retrieval_support"": 0.180556, ""supporting_case_count"": 2, ""supporting_case_count_saturated"": 2, ""symbol"": ""fro""}"
validation_v3,v3_20240624_eu_russian_lng_transshipment_ban,EU sanctions package bans Russian LNG transshipment services through EU territory,CB,Chubb Limited,marine_insurance,Stock,related_exposure,sector_proxy,0.64,case_2023_arctic_lng_russian_energy_shipping_sanctions;case_2018_iran_oil_sanctions_reimposition;case_2019_cosco_shipping_sanctions_tanker_market;case_2018_iran_swift_restrictions,ranked_second_order,3,"{""evidence_level"": ""sector_proxy"", ""evidence_rank"": 2, ""retrieval_support"": 0.365278, ""supporting_case_count"": 4, ""supporting_case_count_saturated"": 3, ""symbol"": ""cb""}"
validation_v3,v3_20240624_eu_russian_lng_transshipment_ban,EU sanctions package bans Russian LNG transshipment services through EU territory,TRV,The Travelers Companies Inc,marine_insurance,Stock,related_exposure,sector_proxy,0.64,case_2023_arctic_lng_russian_energy_shipping_sanctions;case_2018_iran_oil_sanctions_reimposition;case_2019_cosco_shipping_sanctions_tanker_market;case_2018_iran_swift_restrictions,ranked_second_order,4,"{""evidence_level"": ""sector_proxy"", ""evidence_rank"": 2, ""retrieval_support"": 0.365278, ""supporting_case_count"": 4, ""supporting_case_count_saturated"": 3, ""symbol"": ""trv""}"
validation_v3,v3_20240624_eu_russian_lng_transshipment_ban,EU sanctions package bans Russian LNG transshipment services through EU territory,EUFN,iShares MSCI Europe Financials ETF,financial_sanctions,ETF,broad_proxy,sector_proxy,0.64,case_2023_arctic_lng_russian_energy_shipping_sanctions;case_2014_crimea_financial_sanctions;case_2018_iran_oil_sanctions_reimposition;case_2022_russia_swift_financial_sanctions;case_2019_cosco_shipping_sanctions_tanker_market;case_2018_iran_swift_restrictions,ranked_second_order,5,"{""evidence_level"": ""sector_proxy"", ""evidence_rank"": 2, ""retrieval_support"": 0.332407, ""supporting_case_count"": 6, ""supporting_case_count_saturated"": 3, ""symbol"": ""eufn""}"
validation_v3,v3_20240624_eu_russian_lng_transshipment_ban,EU sanctions package bans Russian LNG transshipment services through EU territory,MA,Mastercard Incorporated,payment_networks,Stock,direct_exposure,sector_proxy,0.64,case_2023_arctic_lng_russian_energy_shipping_sanctions;case_2014_crimea_financial_sanctions;case_2018_iran_oil_sanctions_reimposition;case_2022_russia_swift_financial_sanctions;case_2019_cosco_shipping_sanctions_tanker_market;case_2018_iran_swift_restrictions,ranked_second_order,6,"{""evidence_level"": ""sector_proxy"", ""evidence_rank"": 2, ""retrieval_support"": 0.332407, ""supporting_case_count"": 6, ""supporting_case_count_saturated"": 3, ""symbol"": ""ma""}"
validation_v3,v3_20240624_eu_russian_lng_transshipment_ban,EU sanctions package bans Russian LNG transshipment services through EU territory,V,Visa Inc,payment_networks,Stock,direct_exposure,sector_proxy,0.64,case_2023_arctic_lng_russian_energy_shipping_sanctions;case_2014_crimea_financial_sanctions;case_2018_iran_oil_sanctions_reimposition;case_2022_russia_swift_financial_sanctions;case_2019_cosco_shipping_sanctions_tanker_market;case_2018_iran_swift_restrictions,ranked_second_order,7,"{""evidence_level"": ""sector_proxy"", ""evidence_rank"": 2, ""retrieval_support"": 0.332407, ""supporting_case_count"": 6, ""supporting_case_count_saturated"": 3, ""symbol"": ""v""}"
validation_v3,v3_20240624_eu_russian_lng_transshipment_ban,EU sanctions package bans Russian LNG transshipment services through EU territory,XLF,Financial Select Sector SPDR Fund,financial_sanctions,ETF,broad_proxy,sector_proxy,0.64,case_2023_arctic_lng_russian_energy_shipping_sanctions;case_2014_crimea_financial_sanctions;case_2018_iran_oil_sanctions_reimposition;case_2022_russia_swift_financial_sanctions;case_2019_cosco_shipping_sanctions_tanker_market;case_2018_iran_swift_restrictions,ranked_second_order,8,"{""evidence_level"": ""sector_proxy"", ""evidence_rank"": 2, ""retrieval_support"": 0.332407, ""supporting_case_count"": 6, ""supporting_case_count_saturated"": 3, ""symbol"": ""xlf""}"
validation_v3,v3_20240624_eu_russian_lng_transshipment_ban,EU sanctions package bans Russian LNG transshipment services through EU territory,CHRW,C H Robinson Worldwide Inc,customs,Stock,related_exposure,sector_proxy,0.64,case_2014_crimea_financial_sanctions;case_2022_russia_swift_financial_sanctions;case_2022_russia_aviation_supply_chain_sanctions;case_2019_cosco_shipping_sanctions_tanker_market;case_2018_iran_swift_restrictions,ranked_second_order,9,"{""evidence_level"": ""sector_proxy"", ""evidence_rank"": 2, ""retrieval_support"": 0.173889, ""supporting_case_count"": 5, ""supporting_case_count_saturated"": 3, ""symbol"": ""chrw""}"
validation_v3,v3_20240624_eu_russian_lng_transshipment_ban,EU sanctions package bans Russian LNG transshipment services through EU territory,DSGX,The Descartes Systems Group Inc,customs,Stock,direct_exposure,sector_proxy,0.64,case_2014_crimea_financial_sanctions;case_2022_russia_swift_financial_sanctions;case_2022_russia_aviation_supply_chain_sanctions;case_2019_cosco_shipping_sanctions_tanker_market;case_2018_iran_swift_restrictions,ranked_second_order,10,"{""evidence_level"": ""sector_proxy"", ""evidence_rank"": 2, ""retrieval_support"": 0.173889, ""supporting_case_count"": 5, ""supporting_case_count_saturated"": 3, ""symbol"": ""dsgx""}"
validation_v3,v3_20240624_eu_russian_lng_transshipment_ban,EU sanctions package bans Russian LNG transshipment services through EU territory,DHL.DE,DHL Group,trade_lanes,Stock,related_exposure,sector_proxy,0.64,case_2014_crimea_financial_sanctions;case_2022_russia_swift_financial_sanctions;case_2009_russia_ukraine_gas_transit_dispute;case_2022_russia_aviation_supply_chain_sanctions;case_2019_cosco_shipping_sanctions_tanker_market;case_2018_iran_swift_restrictions,ranked_second_order,11,"{""evidence_level"": ""sector_proxy"", ""evidence_rank"": 2, ""retrieval_support"": 0.168717, ""supporting_case_count"": 6, ""supporting_case_count_saturated"": 3, ""symbol"": ""dhl.de""}"
validation_v3,v3_20240624_eu_russian_lng_transshipment_ban,EU sanctions package bans Russian LNG transshipment services through EU territory,EXPD,Expeditors International of Washington Inc,trade_lanes,Stock,related_exposure,sector_proxy,0.64,case_2014_crimea_financial_sanctions;case_2022_russia_swift_financial_sanctions;case_2009_russia_ukraine_gas_transit_dispute;case_2022_russia_aviation_supply_chain_sanctions;case_2019_cosco_shipping_sanctions_tanker_market;case_2018_iran_swift_restrictions,ranked_second_order,12,"{""evidence_level"": ""sector_proxy"", ""evidence_rank"": 2, ""retrieval_support"": 0.168717, ""supporting_case_count"": 6, ""supporting_case_count_saturated"": 3, ""symbol"": ""expd""}"
validation_v3,v3_20240624_eu_russian_lng_transshipment_ban,EU sanctions package bans Russian LNG transshipment services through EU territory,ENB,Enbridge Inc,pipeline_infrastructure,Stock,direct_exposure,sector_proxy,0.64,case_2022_nord_stream_pipeline_sabotage;case_2009_russia_ukraine_gas_transit_dispute,ranked_second_order,13,"{""evidence_level"": ""sector_proxy"", ""evidence_rank"": 2, ""retrieval_support"": 0.154762, ""supporting_case_count"": 2, ""supporting_case_count_saturated"": 2, ""symbol"": ""enb""}"
validation_v3,v3_20240624_eu_russian_lng_transshipment_ban,EU sanctions package bans Russian LNG transshipment services through EU territory,TRP.TO,TC Energy Corporation,pipeline_infrastructure,Stock,direct_exposure,sector_proxy,0.64,case_2022_nord_stream_pipeline_sabotage;case_2009_russia_ukraine_gas_transit_dispute,ranked_second_order,14,"{""evidence_level"": ""sector_proxy"", ""evidence_rank"": 2, ""retrieval_support"": 0.154762, ""supporting_case_count"": 2, ""supporting_case_count_saturated"": 2, ""symbol"": ""trp.to""}"
validation_v3,v3_20240306_true_confidence_attack,Houthi anti-ship missile strikes M/V True Confidence in Gulf of Aden,MPC,Marathon Petroleum Corporation,refining,Stock,direct_exposure,historical_supported,0.82,case_israel_iran_escalation_energy_risk;case_hormuz_tanker_tensions;case_2022_abu_dhabi_oil_facility_attack,ranked_second_order,1,"{""evidence_level"": ""historical_supported"", ""evidence_rank"": 3, ""retrieval_support"": 0.130556, ""supporting_case_count"": 3, ""supporting_case_count_saturated"": 3, ""symbol"": ""mpc""}"
validation_v3,v3_20240306_true_confidence_attack,Houthi anti-ship missile strikes M/V True Confidence in Gulf of Aden,VLO,Valero Energy Corporation,refining,Stock,direct_exposure,historical_supported,0.82,case_israel_iran_escalation_energy_risk;case_hormuz_tanker_tensions;case_2022_abu_dhabi_oil_facility_attack,ranked_second_order,2,"{""evidence_level"": ""historical_supported"", ""evidence_rank"": 3, ""retrieval_support"": 0.130556, ""supporting_case_count"": 3, ""supporting_case_count_saturated"": 3, ""symbol"": ""vlo""}"
validation_v3,v3_20240306_true_confidence_attack,Houthi anti-ship missile strikes M/V True Confidence in Gulf of Aden,ITA,iShares U S Aerospace & Defense ETF,defense,ETF,broad_proxy,sector_proxy,0.64,case_1987_1988_tanker_war_reflagging;case_2023_south_china_sea_shipping_tensions;case_2017_north_korea_missile_escalation;case_israel_iran_escalation_energy_risk;case_2019_india_pakistan_airspace_closure;case_2022_abu_dhabi_oil_facility_attack,ranked_second_order,3,"{""evidence_level"": ""sector_proxy"", ""evidence_rank"": 2, ""retrieval_support"": 0.351587, ""supporting_case_count"": 6, ""supporting_case_count_saturated"": 3, ""symbol"": ""ita""}"
validation_v3,v3_20240306_true_confidence_attack,Houthi anti-ship missile strikes M/V True Confidence in Gulf of Aden,LMT,Lockheed Martin Corporation,defense,Stock,direct_exposure,sector_proxy,0.64,case_1987_1988_tanker_war_reflagging;case_2023_south_china_sea_shipping_tensions;case_2017_north_korea_missile_escalation;case_israel_iran_escalation_energy_risk;case_2019_india_pakistan_airspace_closure;case_2022_abu_dhabi_oil_facility_attack,ranked_second_order,4,"{""evidence_level"": ""sector_proxy"", ""evidence_rank"": 2, ""retrieval_support"": 0.351587, ""supporting_case_count"": 6, ""supporting_case_count_saturated"": 3, ""symbol"": ""lmt""}"
validation_v3,v3_20240306_true_confidence_attack,Houthi anti-ship missile strikes M/V True Confidence in Gulf of Aden,XLE,Energy Select Sector SPDR Fund,energy,ETF,broad_proxy,sector_proxy,0.64,case_1987_1988_tanker_war_reflagging;case_israel_iran_escalation_energy_risk;case_hormuz_tanker_tensions;case_2022_abu_dhabi_oil_facility_attack,ranked_second_order,5,"{""evidence_level"": ""sector_proxy"", ""evidence_rank"": 2, ""retrieval_support"": 0.347917, ""supporting_case_count"": 4, ""supporting_case_count_saturated"": 3, ""symbol"": ""xle""}"
validation_v3,v3_20240306_true_confidence_attack,Houthi anti-ship missile strikes M/V True Confidence in Gulf of Aden,XOM,Exxon Mobil Corporation,energy,Stock,related_exposure,sector_proxy,0.64,case_1987_1988_tanker_war_reflagging;case_israel_iran_escalation_energy_risk;case_hormuz_tanker_tensions;case_2022_abu_dhabi_oil_facility_attack,ranked_second_order,6,"{""evidence_level"": ""sector_proxy"", ""evidence_rank"": 2, ""retrieval_support"": 0.347917, ""supporting_case_count"": 4, ""supporting_case_count_saturated"": 3, ""symbol"": ""xom""}"
validation_v3,v3_20240306_true_confidence_attack,Houthi anti-ship missile strikes M/V True Confidence in Gulf of Aden,DHL.DE,DHL Group,trade_lanes,Stock,related_exposure,sector_proxy,0.64,case_2023_south_china_sea_shipping_tensions;case_2017_north_korea_missile_escalation;case_2019_india_pakistan_airspace_closure,ranked_second_order,7,"{""evidence_level"": ""sector_proxy"", ""evidence_rank"": 2, ""retrieval_support"": 0.280952, ""supporting_case_count"": 3, ""supporting_case_count_saturated"": 3, ""symbol"": ""dhl.de""}"
validation_v3,v3_20240306_true_confidence_attack,Houthi anti-ship missile strikes M/V True Confidence in Gulf of Aden,EXPD,Expeditors International of Washington Inc,trade_lanes,Stock,related_exposure,sector_proxy,0.64,case_2023_south_china_sea_shipping_tensions;case_2017_north_korea_missile_escalation;case_2019_india_pakistan_airspace_closure,ranked_second_order,8,"{""evidence_level"": ""sector_proxy"", ""evidence_rank"": 2, ""retrieval_support"": 0.280952, ""supporting_case_count"": 3, ""supporting_case_count_saturated"": 3, ""symbol"": ""expd""}"
validation_v3,v3_20240306_true_confidence_attack,Houthi anti-ship missile strikes M/V True Confidence in Gulf of Aden,DAL,Delta Air Lines Inc,aviation,Stock,direct_exposure,sector_proxy,0.64,case_2017_north_korea_missile_escalation;case_2019_india_pakistan_airspace_closure;case_2022_abu_dhabi_oil_facility_attack,ranked_second_order,9,"{""evidence_level"": ""sector_proxy"", ""evidence_rank"": 2, ""retrieval_support"": 0.147619, ""supporting_case_count"": 3, ""supporting_case_count_saturated"": 3, ""symbol"": ""dal""}"
validation_v3,v3_20240306_true_confidence_attack,Houthi anti-ship missile strikes M/V True Confidence in Gulf of Aden,JETS,U S Global Jets ETF,aviation,ETF,broad_proxy,sector_proxy,0.64,case_2017_north_korea_missile_escalation;case_2019_india_pakistan_airspace_closure;case_2022_abu_dhabi_oil_facility_attack,ranked_second_order,10,"{""evidence_level"": ""sector_proxy"", ""evidence_rank"": 2, ""retrieval_support"": 0.147619, ""supporting_case_count"": 3, ""supporting_case_count_saturated"": 3, ""symbol"": ""jets""}"
validation_v3,v3_20240306_true_confidence_attack,Houthi anti-ship missile strikes M/V True Confidence in Gulf of Aden,CAT,Caterpillar Inc,manufacturing_inputs,Stock,related_exposure,sector_proxy,0.64,case_2017_north_korea_missile_escalation;case_2019_india_pakistan_airspace_closure,ranked_second_order,11,"{""evidence_level"": ""sector_proxy"", ""evidence_rank"": 2, ""retrieval_support"": 0.171429, ""supporting_case_count"": 2, ""supporting_case_count_saturated"": 2, ""symbol"": ""cat""}"
validation_v3,v3_20240306_true_confidence_attack,Houthi anti-ship missile strikes M/V True Confidence in Gulf of Aden,DE,Deere & Company,manufacturing_inputs,Stock,related_exposure,sector_proxy,0.64,case_2017_north_korea_missile_escalation;case_2019_india_pakistan_airspace_closure,ranked_second_order,12,"{""evidence_level"": ""sector_proxy"", ""evidence_rank"": 2, ""retrieval_support"": 0.171429, ""supporting_case_count"": 2, ""supporting_case_count_saturated"": 2, ""symbol"": ""de""}"
validation_v3,v3_20241203_iran_shadow_fleet_sanctions,U.S. sanctions Iranian shadow-fleet petroleum transport entities and vessels,EUFN,iShares MSCI Europe Financials ETF,financial_sanctions,ETF,broad_proxy,sector_proxy,0.64,case_2018_iran_oil_sanctions_reimposition;case_2019_cosco_shipping_sanctions_tanker_market;case_2018_iran_swift_restrictions;case_2023_arctic_lng_russian_energy_shipping_sanctions;case_2019_venezuela_oil_sanctions,ranked_second_order,1,"{""evidence_level"": ""sector_proxy"", ""evidence_rank"": 2, ""retrieval_support"": 0.44, ""supporting_case_count"": 5, ""supporting_case_count_saturated"": 3, ""symbol"": ""eufn""}"
validation_v3,v3_20241203_iran_shadow_fleet_sanctions,U.S. sanctions Iranian shadow-fleet petroleum transport entities and vessels,MA,Mastercard Incorporated,payment_networks,Stock,direct_exposure,sector_proxy,0.64,case_2018_iran_oil_sanctions_reimposition;case_2019_cosco_shipping_sanctions_tanker_market;case_2018_iran_swift_restrictions;case_2023_arctic_lng_russian_energy_shipping_sanctions;case_2019_venezuela_oil_sanctions,ranked_second_order,2,"{""evidence_level"": ""sector_proxy"", ""evidence_rank"": 2, ""retrieval_support"": 0.44, ""supporting_case_count"": 5, ""supporting_case_count_saturated"": 3, ""symbol"": ""ma""}"
validation_v3,v3_20241203_iran_shadow_fleet_sanctions,U.S. sanctions Iranian shadow-fleet petroleum transport entities and vessels,V,Visa Inc,payment_networks,Stock,direct_exposure,sector_proxy,0.64,case_2018_iran_oil_sanctions_reimposition;case_2019_cosco_shipping_sanctions_tanker_market;case_2018_iran_swift_restrictions;case_2023_arctic_lng_russian_energy_shipping_sanctions;case_2019_venezuela_oil_sanctions,ranked_second_order,3,"{""evidence_level"": ""sector_proxy"", ""evidence_rank"": 2, ""retrieval_support"": 0.44, ""supporting_case_count"": 5, ""supporting_case_count_saturated"": 3, ""symbol"": ""v""}"
validation_v3,v3_20241203_iran_shadow_fleet_sanctions,U.S. sanctions Iranian shadow-fleet petroleum transport entities and vessels,XLF,Financial Select Sector SPDR Fund,financial_sanctions,ETF,broad_proxy,sector_proxy,0.64,case_2018_iran_oil_sanctions_reimposition;case_2019_cosco_shipping_sanctions_tanker_market;case_2018_iran_swift_restrictions;case_2023_arctic_lng_russian_energy_shipping_sanctions;case_2019_venezuela_oil_sanctions,ranked_second_order,4,"{""evidence_level"": ""sector_proxy"", ""evidence_rank"": 2, ""retrieval_support"": 0.44, ""supporting_case_count"": 5, ""supporting_case_count_saturated"": 3, ""symbol"": ""xlf""}"
validation_v3,v3_20241203_iran_shadow_fleet_sanctions,U.S. sanctions Iranian shadow-fleet petroleum transport entities and vessels,DOW,Dow Inc,petrochemicals,Stock,direct_exposure,sector_proxy,0.64,case_2018_iran_oil_sanctions_reimposition;case_2019_venezuela_oil_sanctions;case_russia_ukraine_energy_shock;case_middle_east_oil_supply_disruption,ranked_second_order,5,"{""evidence_level"": ""sector_proxy"", ""evidence_rank"": 2, ""retrieval_support"": 0.355159, ""supporting_case_count"": 4, ""supporting_case_count_saturated"": 3, ""symbol"": ""dow""}"
validation_v3,v3_20241203_iran_shadow_fleet_sanctions,U.S. sanctions Iranian shadow-fleet petroleum transport entities and vessels,LYB,LyondellBasell Industries NV,petrochemicals,Stock,direct_exposure,sector_proxy,0.64,case_2018_iran_oil_sanctions_reimposition;case_2019_venezuela_oil_sanctions;case_russia_ukraine_energy_shock;case_middle_east_oil_supply_disruption,ranked_second_order,6,"{""evidence_level"": ""sector_proxy"", ""evidence_rank"": 2, ""retrieval_support"": 0.355159, ""supporting_case_count"": 4, ""supporting_case_count_saturated"": 3, ""symbol"": ""lyb""}"
validation_v3,v3_20241203_iran_shadow_fleet_sanctions,U.S. sanctions Iranian shadow-fleet petroleum transport entities and vessels,CHRW,C H Robinson Worldwide Inc,customs,Stock,related_exposure,sector_proxy,0.64,case_2019_cosco_shipping_sanctions_tanker_market;case_2018_iran_swift_restrictions,ranked_second_order,7,"{""evidence_level"": ""sector_proxy"", ""evidence_rank"": 2, ""retrieval_support"": 0.416667, ""supporting_case_count"": 2, ""supporting_case_count_saturated"": 2, ""symbol"": ""chrw""}"
validation_v3,v3_20241203_iran_shadow_fleet_sanctions,U.S. sanctions Iranian shadow-fleet petroleum transport entities and vessels,DHL.DE,DHL Group,trade_lanes,Stock,related_exposure,sector_proxy,0.64,case_2019_cosco_shipping_sanctions_tanker_market;case_2018_iran_swift_restrictions,ranked_second_order,8,"{""evidence_level"": ""sector_proxy"", ""evidence_rank"": 2, ""retrieval_support"": 0.416667, ""supporting_case_count"": 2, ""supporting_case_count_saturated"": 2, ""symbol"": ""dhl.de""}"
validation_v3,v3_20241203_iran_shadow_fleet_sanctions,U.S. sanctions Iranian shadow-fleet petroleum transport entities and vessels,DSGX,The Descartes Systems Group Inc,customs,Stock,direct_exposure,sector_proxy,0.64,case_2019_cosco_shipping_sanctions_tanker_market;case_2018_iran_swift_restrictions,ranked_second_order,9,"{""evidence_level"": ""sector_proxy"", ""evidence_rank"": 2, ""retrieval_support"": 0.416667, ""supporting_case_count"": 2, ""supporting_case_count_saturated"": 2, ""symbol"": ""dsgx""}"
validation_v3,v3_20241203_iran_shadow_fleet_sanctions,U.S. sanctions Iranian shadow-fleet petroleum transport entities and vessels,EXPD,Expeditors International of Washington Inc,trade_lanes,Stock,related_exposure,sector_proxy,0.64,case_2019_cosco_shipping_sanctions_tanker_market;case_2018_iran_swift_restrictions,ranked_second_order,10,"{""evidence_level"": ""sector_proxy"", ""evidence_rank"": 2, ""retrieval_support"": 0.416667, ""supporting_case_count"": 2, ""supporting_case_count_saturated"": 2, ""symbol"": ""expd""}"
validation_v3,v3_20241203_iran_shadow_fleet_sanctions,U.S. sanctions Iranian shadow-fleet petroleum transport entities and vessels,JBHT,J B Hunt Transport Services Inc,logistics,Stock,direct_exposure,sector_proxy,0.64,case_2019_cosco_shipping_sanctions_tanker_market;case_1987_1988_tanker_war_reflagging,ranked_second_order,11,"{""evidence_level"": ""sector_proxy"", ""evidence_rank"": 2, ""retrieval_support"": 0.375, ""supporting_case_count"": 2, ""supporting_case_count_saturated"": 2, ""symbol"": ""jbht""}"
validation_v3,v3_20241203_iran_shadow_fleet_sanctions,U.S. sanctions Iranian shadow-fleet petroleum transport entities and vessels,KNIN.SW,Kuehne + Nagel International AG,logistics,Stock,direct_exposure,sector_proxy,0.64,case_2019_cosco_shipping_sanctions_tanker_market;case_1987_1988_tanker_war_reflagging,ranked_second_order,12,"{""evidence_level"": ""sector_proxy"", ""evidence_rank"": 2, ""retrieval_support"": 0.375, ""supporting_case_count"": 2, ""supporting_case_count_saturated"": 2, ""symbol"": ""knin.sw""}"
validation_v3,v3_20240223_sovcomflot_sanctions,U.S. sanctions Sovcomflot and tankers tied to Russian oil shipping,DHT,DHT Holdings Inc,oil_shipping,Stock,direct_exposure,historical_supported,0.82,case_2019_venezuela_oil_sanctions;case_2018_iran_oil_sanctions_reimposition;case_2024_ukraine_drone_attacks_russian_refineries;case_2019_cosco_shipping_sanctions_tanker_market;case_middle_east_oil_supply_disruption;case_2022_turkey_strait_tanker_insurance_backlog;case_1987_1988_tanker_war_reflagging,ranked_second_order,1,"{""evidence_level"": ""historical_supported"", ""evidence_rank"": 3, ""retrieval_support"": 0.221995, ""supporting_case_count"": 7, ""supporting_case_count_saturated"": 3, ""symbol"": ""dht""}"
validation_v3,v3_20240223_sovcomflot_sanctions,U.S. sanctions Sovcomflot and tankers tied to Russian oil shipping,FRO,Frontline plc,oil_shipping,Stock,direct_exposure,historical_supported,0.82,case_2019_venezuela_oil_sanctions;case_2018_iran_oil_sanctions_reimposition;case_2024_ukraine_drone_attacks_russian_refineries;case_2019_cosco_shipping_sanctions_tanker_market;case_middle_east_oil_supply_disruption;case_2022_turkey_strait_tanker_insurance_backlog;case_1987_1988_tanker_war_reflagging,ranked_second_order,2,"{""evidence_level"": ""historical_supported"", ""evidence_rank"": 3, ""retrieval_support"": 0.221995, ""supporting_case_count"": 7, ""supporting_case_count_saturated"": 3, ""symbol"": ""fro""}"
validation_v3,v3_20240223_sovcomflot_sanctions,U.S. sanctions Sovcomflot and tankers tied to Russian oil shipping,MA,Mastercard Incorporated,payment_networks,Stock,direct_exposure,sector_proxy,0.64,case_2023_arctic_lng_russian_energy_shipping_sanctions;case_2019_venezuela_oil_sanctions;case_2018_iran_oil_sanctions_reimposition;case_2019_cosco_shipping_sanctions_tanker_market;case_2014_crimea_financial_sanctions,ranked_second_order,3,"{""evidence_level"": ""sector_proxy"", ""evidence_rank"": 2, ""retrieval_support"": 0.425, ""supporting_case_count"": 5, ""supporting_case_count_saturated"": 3, ""symbol"": ""ma""}"
validation_v3,v3_20240223_sovcomflot_sanctions,U.S. sanctions Sovcomflot and tankers tied to Russian oil shipping,V,Visa Inc,payment_networks,Stock,direct_exposure,sector_proxy,0.64,case_2023_arctic_lng_russian_energy_shipping_sanctions;case_2019_venezuela_oil_sanctions;case_2018_iran_oil_sanctions_reimposition;case_2019_cosco_shipping_sanctions_tanker_market;case_2014_crimea_financial_sanctions,ranked_second_order,4,"{""evidence_level"": ""sector_proxy"", ""evidence_rank"": 2, ""retrieval_support"": 0.425, ""supporting_case_count"": 5, ""supporting_case_count_saturated"": 3, ""symbol"": ""v""}"
validation_v3,v3_20240223_sovcomflot_sanctions,U.S. sanctions Sovcomflot and tankers tied to Russian oil shipping,BOAT,SonicShares Global Shipping ETF,maritime_chokepoint,ETF,broad_proxy,sector_proxy,0.64,case_2023_arctic_lng_russian_energy_shipping_sanctions;case_2022_turkey_strait_tanker_insurance_backlog;case_1987_1988_tanker_war_reflagging,ranked_second_order,5,"{""evidence_level"": ""sector_proxy"", ""evidence_rank"": 2, ""retrieval_support"": 0.403704, ""supporting_case_count"": 3, ""supporting_case_count_saturated"": 3, ""symbol"": ""boat""}"
validation_v3,v3_20240223_sovcomflot_sanctions,U.S. sanctions Sovcomflot and tankers tied to Russian oil shipping,MATX,Matson Inc,maritime_chokepoint,Stock,related_exposure,sector_proxy,0.64,case_2023_arctic_lng_russian_energy_shipping_sanctions;case_2022_turkey_strait_tanker_insurance_backlog;case_1987_1988_tanker_war_reflagging,ranked_second_order,6,"{""evidence_level"": ""sector_proxy"", ""evidence_rank"": 2, ""retrieval_support"": 0.403704, ""supporting_case_count"": 3, ""supporting_case_count_saturated"": 3, ""symbol"": ""matx""}"
validation_v3,v3_20240223_sovcomflot_sanctions,U.S. sanctions Sovcomflot and tankers tied to Russian oil shipping,EUFN,iShares MSCI Europe Financials ETF,financial_sanctions,ETF,broad_proxy,sector_proxy,0.64,case_2023_arctic_lng_russian_energy_shipping_sanctions;case_2019_venezuela_oil_sanctions;case_2018_iran_oil_sanctions_reimposition;case_2019_cosco_shipping_sanctions_tanker_market;case_2014_crimea_financial_sanctions;case_2022_turkey_strait_tanker_insurance_backlog,ranked_second_order,7,"{""evidence_level"": ""sector_proxy"", ""evidence_rank"": 2, ""retrieval_support"": 0.372685, ""supporting_case_count"": 6, ""supporting_case_count_saturated"": 3, ""symbol"": ""eufn""}"
validation_v3,v3_20240223_sovcomflot_sanctions,U.S. sanctions Sovcomflot and tankers tied to Russian oil shipping,XLF,Financial Select Sector SPDR Fund,financial_sanctions,ETF,broad_proxy,sector_proxy,0.64,case_2023_arctic_lng_russian_energy_shipping_sanctions;case_2019_venezuela_oil_sanctions;case_2018_iran_oil_sanctions_reimposition;case_2019_cosco_shipping_sanctions_tanker_market;case_2014_crimea_financial_sanctions;case_2022_turkey_strait_tanker_insurance_backlog,ranked_second_order,8,"{""evidence_level"": ""sector_proxy"", ""evidence_rank"": 2, ""retrieval_support"": 0.372685, ""supporting_case_count"": 6, ""supporting_case_count_saturated"": 3, ""symbol"": ""xlf""}"
validation_v3,v3_20240223_sovcomflot_sanctions,U.S. sanctions Sovcomflot and tankers tied to Russian oil shipping,CB,Chubb Limited,marine_insurance,Stock,related_exposure,sector_proxy,0.64,case_2023_arctic_lng_russian_energy_shipping_sanctions;case_2018_iran_oil_sanctions_reimposition;case_2019_cosco_shipping_sanctions_tanker_market;case_2022_turkey_strait_tanker_insurance_backlog;case_1987_1988_tanker_war_reflagging,ranked_second_order,9,"{""evidence_level"": ""sector_proxy"", ""evidence_rank"": 2, ""retrieval_support"": 0.342222, ""supporting_case_count"": 5, ""supporting_case_count_saturated"": 3, ""symbol"": ""cb""}"
validation_v3,v3_20240223_sovcomflot_sanctions,U.S. sanctions Sovcomflot and tankers tied to Russian oil shipping,TRV,The Travelers Companies Inc,marine_insurance,Stock,related_exposure,sector_proxy,0.64,case_2023_arctic_lng_russian_energy_shipping_sanctions;case_2018_iran_oil_sanctions_reimposition;case_2019_cosco_shipping_sanctions_tanker_market;case_2022_turkey_strait_tanker_insurance_backlog;case_1987_1988_tanker_war_reflagging,ranked_second_order,10,"{""evidence_level"": ""sector_proxy"", ""evidence_rank"": 2, ""retrieval_support"": 0.342222, ""supporting_case_count"": 5, ""supporting_case_count_saturated"": 3, ""symbol"": ""trv""}"
validation_v3,v3_20240223_sovcomflot_sanctions,U.S. sanctions Sovcomflot and tankers tied to Russian oil shipping,CHRW,C H Robinson Worldwide Inc,customs,Stock,related_exposure,sector_proxy,0.64,case_2019_cosco_shipping_sanctions_tanker_market;case_2014_crimea_financial_sanctions;case_2022_turkey_strait_tanker_insurance_backlog,ranked_second_order,11,"{""evidence_level"": ""sector_proxy"", ""evidence_rank"": 2, ""retrieval_support"": 0.134259, ""supporting_case_count"": 3, ""supporting_case_count_saturated"": 3, ""symbol"": ""chrw""}"
validation_v3,v3_20240223_sovcomflot_sanctions,U.S. sanctions Sovcomflot and tankers tied to Russian oil shipping,DSGX,The Descartes Systems Group Inc,customs,Stock,direct_exposure,sector_proxy,0.64,case_2019_cosco_shipping_sanctions_tanker_market;case_2014_crimea_financial_sanctions;case_2022_turkey_strait_tanker_insurance_backlog,ranked_second_order,12,"{""evidence_level"": ""sector_proxy"", ""evidence_rank"": 2, ""retrieval_support"": 0.134259, ""supporting_case_count"": 3, ""supporting_case_count_saturated"": 3, ""symbol"": ""dsgx""}"
validation_v3,v3_20240223_sovcomflot_sanctions,U.S. sanctions Sovcomflot and tankers tied to Russian oil shipping,JBHT,J B Hunt Transport Services Inc,logistics,Stock,direct_exposure,sector_proxy,0.64,case_2019_cosco_shipping_sanctions_tanker_market;case_2022_turkey_strait_tanker_insurance_backlog;case_1987_1988_tanker_war_reflagging,ranked_second_order,13,"{""evidence_level"": ""sector_proxy"", ""evidence_rank"": 2, ""retrieval_support"": 0.125926, ""supporting_case_count"": 3, ""supporting_case_count_saturated"": 3, ""symbol"": ""jbht""}"
validation_v3,v3_20240223_sovcomflot_sanctions,U.S. sanctions Sovcomflot and tankers tied to Russian oil shipping,KNIN.SW,Kuehne + Nagel International AG,logistics,Stock,direct_exposure,sector_proxy,0.64,case_2019_cosco_shipping_sanctions_tanker_market;case_2022_turkey_strait_tanker_insurance_backlog;case_1987_1988_tanker_war_reflagging,ranked_second_order,14,"{""evidence_level"": ""sector_proxy"", ""evidence_rank"": 2, ""retrieval_support"": 0.125926, ""supporting_case_count"": 3, ""supporting_case_count_saturated"": 3, ""symbol"": ""knin.sw""}"
validation_v3,v3_20240223_sovcomflot_sanctions,U.S. sanctions Sovcomflot and tankers tied to Russian oil shipping,DAL,Delta Air Lines Inc,aviation,Stock,direct_exposure,sector_proxy,0.64,case_2024_ukraine_drone_attacks_russian_refineries;case_middle_east_oil_supply_disruption,ranked_second_order,15,"{""evidence_level"": ""sector_proxy"", ""evidence_rank"": 2, ""retrieval_support"": 0.171429, ""supporting_case_count"": 2, ""supporting_case_count_saturated"": 2, ""symbol"": ""dal""}"
validation_v3,v3_20240223_sovcomflot_sanctions,U.S. sanctions Sovcomflot and tankers tied to Russian oil shipping,JETS,U S Global Jets ETF,aviation,ETF,broad_proxy,sector_proxy,0.64,case_2024_ukraine_drone_attacks_russian_refineries;case_middle_east_oil_supply_disruption,ranked_second_order,16,"{""evidence_level"": ""sector_proxy"", ""evidence_rank"": 2, ""retrieval_support"": 0.171429, ""supporting_case_count"": 2, ""supporting_case_count_saturated"": 2, ""symbol"": ""jets""}"
validation_v3,v3_20240223_sovcomflot_sanctions,U.S. sanctions Sovcomflot and tankers tied to Russian oil shipping,DHL.DE,DHL Group,trade_lanes,Stock,related_exposure,sector_proxy,0.64,case_2019_cosco_shipping_sanctions_tanker_market;case_2014_crimea_financial_sanctions,ranked_second_order,17,"{""evidence_level"": ""sector_proxy"", ""evidence_rank"": 2, ""retrieval_support"": 0.145833, ""supporting_case_count"": 2, ""supporting_case_count_saturated"": 2, ""symbol"": ""dhl.de""}"
validation_v3,v3_20240223_sovcomflot_sanctions,U.S. sanctions Sovcomflot and tankers tied to Russian oil shipping,EXPD,Expeditors International of Washington Inc,trade_lanes,Stock,related_exposure,sector_proxy,0.64,case_2019_cosco_shipping_sanctions_tanker_market;case_2014_crimea_financial_sanctions,ranked_second_order,18,"{""evidence_level"": ""sector_proxy"", ""evidence_rank"": 2, ""retrieval_support"": 0.145833, ""supporting_case_count"": 2, ""supporting_case_count_saturated"": 2, ""symbol"": ""expd""}"
validation_v3,v3_20240223_sovcomflot_sanctions,U.S. sanctions Sovcomflot and tankers tied to Russian oil shipping,FDX,FedEx Corporation,freight_routes,Stock,related_exposure,sector_proxy,0.64,case_2022_turkey_strait_tanker_insurance_backlog;case_1987_1988_tanker_war_reflagging,ranked_second_order,19,"{""evidence_level"": ""sector_proxy"", ""evidence_rank"": 2, ""retrieval_support"": 0.105556, ""supporting_case_count"": 2, ""supporting_case_count_saturated"": 2, ""symbol"": ""fdx""}"
validation_v3,v3_20240223_sovcomflot_sanctions,U.S. sanctions Sovcomflot and tankers tied to Russian oil shipping,UPS,United Parcel Service Inc,freight_routes,Stock,related_exposure,sector_proxy,0.64,case_2022_turkey_strait_tanker_insurance_backlog;case_1987_1988_tanker_war_reflagging,ranked_second_order,20,"{""evidence_level"": ""sector_proxy"", ""evidence_rank"": 2, ""retrieval_support"": 0.105556, ""supporting_case_count"": 2, ""supporting_case_count_saturated"": 2, ""symbol"": ""ups""}"
validation_v3,v3_20240913_ustr_section301_tariffs_final,USTR finalizes China Section 301 tariff modifications after four-year review,ALB,Albemarle Corporation,battery_materials,Stock,direct_exposure,sector_proxy,0.64,case_2024_ev_tariff_escalation_china;case_2023_china_graphite_battery_export_controls;case_2023_panama_cobre_mine_closure;case_2020_indonesia_nickel_export_ban;case_2022_chile_lithium_policy_shift,ranked_second_order,1,"{""evidence_level"": ""sector_proxy"", ""evidence_rank"": 2, ""retrieval_support"": 0.275, ""supporting_case_count"": 5, ""supporting_case_count_saturated"": 3, ""symbol"": ""alb""}"
validation_v3,v3_20240913_ustr_section301_tariffs_final,USTR finalizes China Section 301 tariff modifications after four-year review,LIT,Global X Lithium & Battery Tech ETF,battery_materials,ETF,broad_proxy,sector_proxy,0.64,case_2024_ev_tariff_escalation_china;case_2023_china_graphite_battery_export_controls;case_2023_panama_cobre_mine_closure;case_2020_indonesia_nickel_export_ban;case_2022_chile_lithium_policy_shift,ranked_second_order,2,"{""evidence_level"": ""sector_proxy"", ""evidence_rank"": 2, ""retrieval_support"": 0.275, ""supporting_case_count"": 5, ""supporting_case_count_saturated"": 3, ""symbol"": ""lit""}"
validation_v3,v3_20240913_ustr_section301_tariffs_final,USTR finalizes China Section 301 tariff modifications after four-year review,JBHT,J B Hunt Transport Services Inc,logistics,Stock,direct_exposure,sector_proxy,0.64,case_2024_ev_tariff_escalation_china;case_2021_xinjiang_forced_labor_import_restrictions;case_2018_2019_us_china_tariffs,ranked_second_order,3,"{""evidence_level"": ""sector_proxy"", ""evidence_rank"": 2, ""retrieval_support"": 0.266667, ""supporting_case_count"": 3, ""supporting_case_count_saturated"": 3, ""symbol"": ""jbht""}"
validation_v3,v3_20240913_ustr_section301_tariffs_final,USTR finalizes China Section 301 tariff modifications after four-year review,KNIN.SW,Kuehne + Nagel International AG,logistics,Stock,direct_exposure,sector_proxy,0.64,case_2024_ev_tariff_escalation_china;case_2021_xinjiang_forced_labor_import_restrictions;case_2018_2019_us_china_tariffs,ranked_second_order,4,"{""evidence_level"": ""sector_proxy"", ""evidence_rank"": 2, ""retrieval_support"": 0.266667, ""supporting_case_count"": 3, ""supporting_case_count_saturated"": 3, ""symbol"": ""knin.sw""}"
validation_v3,v3_20240913_ustr_section301_tariffs_final,USTR finalizes China Section 301 tariff modifications after four-year review,DHL.DE,DHL Group,trade_lanes,Stock,related_exposure,sector_proxy,0.64,case_2024_ev_tariff_escalation_china;case_2023_panama_cobre_mine_closure;case_2021_xinjiang_forced_labor_import_restrictions;case_2020_indonesia_nickel_export_ban;case_2010_china_japan_rare_earth_embargo;case_2022_chile_lithium_policy_shift;case_2018_2019_us_china_tariffs,ranked_second_order,5,"{""evidence_level"": ""sector_proxy"", ""evidence_rank"": 2, ""retrieval_support"": 0.212075, ""supporting_case_count"": 7, ""supporting_case_count_saturated"": 3, ""symbol"": ""dhl.de""}"
validation_v3,v3_20240913_ustr_section301_tariffs_final,USTR finalizes China Section 301 tariff modifications after four-year review,EXPD,Expeditors International of Washington Inc,trade_lanes,Stock,related_exposure,sector_proxy,0.64,case_2024_ev_tariff_escalation_china;case_2023_panama_cobre_mine_closure;case_2021_xinjiang_forced_labor_import_restrictions;case_2020_indonesia_nickel_export_ban;case_2010_china_japan_rare_earth_embargo;case_2022_chile_lithium_policy_shift;case_2018_2019_us_china_tariffs,ranked_second_order,6,"{""evidence_level"": ""sector_proxy"", ""evidence_rank"": 2, ""retrieval_support"": 0.212075, ""supporting_case_count"": 7, ""supporting_case_count_saturated"": 3, ""symbol"": ""expd""}"
validation_v3,v3_20240913_ustr_section301_tariffs_final,USTR finalizes China Section 301 tariff modifications after four-year review,ITA,iShares U S Aerospace & Defense ETF,defense,ETF,broad_proxy,sector_proxy,0.64,case_2010_china_japan_rare_earth_embargo;case_rare_earth_export_restriction_risk,ranked_second_order,7,"{""evidence_level"": ""sector_proxy"", ""evidence_rank"": 2, ""retrieval_support"": 0.126984, ""supporting_case_count"": 2, ""supporting_case_count_saturated"": 2, ""symbol"": ""ita""}"
validation_v3,v3_20240913_ustr_section301_tariffs_final,USTR finalizes China Section 301 tariff modifications after four-year review,LMT,Lockheed Martin Corporation,defense,Stock,direct_exposure,sector_proxy,0.64,case_2010_china_japan_rare_earth_embargo;case_rare_earth_export_restriction_risk,ranked_second_order,8,"{""evidence_level"": ""sector_proxy"", ""evidence_rank"": 2, ""retrieval_support"": 0.126984, ""supporting_case_count"": 2, ""supporting_case_count_saturated"": 2, ""symbol"": ""lmt""}"
validation_v3,v3_20250730_copper_tariffs,U.S. imposes Section 232 tariffs on copper products,ALB,Albemarle Corporation,battery_materials,Stock,direct_exposure,sector_proxy,0.64,case_2023_panama_cobre_mine_closure;case_2024_ev_tariff_escalation_china;case_2020_indonesia_nickel_export_ban;case_2022_peru_mine_protests_copper_supply,ranked_second_order,1,"{""evidence_level"": ""sector_proxy"", ""evidence_rank"": 2, ""retrieval_support"": 0.438492, ""supporting_case_count"": 4, ""supporting_case_count_saturated"": 3, ""symbol"": ""alb""}"
validation_v3,v3_20250730_copper_tariffs,U.S. imposes Section 232 tariffs on copper products,LIT,Global X Lithium & Battery Tech ETF,battery_materials,ETF,broad_proxy,sector_proxy,0.64,case_2023_panama_cobre_mine_closure;case_2024_ev_tariff_escalation_china;case_2020_indonesia_nickel_export_ban;case_2022_peru_mine_protests_copper_supply,ranked_second_order,2,"{""evidence_level"": ""sector_proxy"", ""evidence_rank"": 2, ""retrieval_support"": 0.438492, ""supporting_case_count"": 4, ""supporting_case_count_saturated"": 3, ""symbol"": ""lit""}"
validation_v3,v3_20250730_copper_tariffs,U.S. imposes Section 232 tariffs on copper products,DHL.DE,DHL Group,trade_lanes,Stock,related_exposure,sector_proxy,0.64,case_2023_panama_cobre_mine_closure;case_2024_ev_tariff_escalation_china;case_2021_xinjiang_forced_labor_import_restrictions;case_2018_2019_us_china_tariffs;case_2023_mexico_nearshoring_cross_border_policy_risk;case_2020_indonesia_nickel_export_ban;case_2022_peru_mine_protests_copper_supply,ranked_second_order,3,"{""evidence_level"": ""sector_proxy"", ""evidence_rank"": 2, ""retrieval_support"": 0.35771, ""supporting_case_count"": 7, ""supporting_case_count_saturated"": 3, ""symbol"": ""dhl.de""}"
validation_v3,v3_20250730_copper_tariffs,U.S. imposes Section 232 tariffs on copper products,EXPD,Expeditors International of Washington Inc,trade_lanes,Stock,related_exposure,sector_proxy,0.64,case_2023_panama_cobre_mine_closure;case_2024_ev_tariff_escalation_china;case_2021_xinjiang_forced_labor_import_restrictions;case_2018_2019_us_china_tariffs;case_2023_mexico_nearshoring_cross_border_policy_risk;case_2020_indonesia_nickel_export_ban;case_2022_peru_mine_protests_copper_supply,ranked_second_order,4,"{""evidence_level"": ""sector_proxy"", ""evidence_rank"": 2, ""retrieval_support"": 0.35771, ""supporting_case_count"": 7, ""supporting_case_count_saturated"": 3, ""symbol"": ""expd""}"
validation_v3,v3_20250730_copper_tariffs,U.S. imposes Section 232 tariffs on copper products,JBHT,J B Hunt Transport Services Inc,logistics,Stock,direct_exposure,sector_proxy,0.64,case_2024_ev_tariff_escalation_china;case_2021_xinjiang_forced_labor_import_restrictions;case_2018_2019_us_china_tariffs;case_2023_mexico_nearshoring_cross_border_policy_risk;case_2022_peru_mine_protests_copper_supply,ranked_second_order,5,"{""evidence_level"": ""sector_proxy"", ""evidence_rank"": 2, ""retrieval_support"": 0.272222, ""supporting_case_count"": 5, ""supporting_case_count_saturated"": 3, ""symbol"": ""jbht""}"
validation_v3,v3_20250730_copper_tariffs,U.S. imposes Section 232 tariffs on copper products,KNIN.SW,Kuehne + Nagel International AG,logistics,Stock,direct_exposure,sector_proxy,0.64,case_2024_ev_tariff_escalation_china;case_2021_xinjiang_forced_labor_import_restrictions;case_2018_2019_us_china_tariffs;case_2023_mexico_nearshoring_cross_border_policy_risk;case_2022_peru_mine_protests_copper_supply,ranked_second_order,6,"{""evidence_level"": ""sector_proxy"", ""evidence_rank"": 2, ""retrieval_support"": 0.272222, ""supporting_case_count"": 5, ""supporting_case_count_saturated"": 3, ""symbol"": ""knin.sw""}"
validation_v3,v3_20250730_copper_tariffs,U.S. imposes Section 232 tariffs on copper products,0144.HK,China Merchants Port Holdings Company Limited,ports,Stock,direct_exposure,sector_proxy,0.64,case_2023_panama_cobre_mine_closure;case_2023_mexico_nearshoring_cross_border_policy_risk,ranked_second_order,7,"{""evidence_level"": ""sector_proxy"", ""evidence_rank"": 2, ""retrieval_support"": 0.583333, ""supporting_case_count"": 2, ""supporting_case_count_saturated"": 2, ""symbol"": ""0144.hk""}"
validation_v3,v3_20250730_copper_tariffs,U.S. imposes Section 232 tariffs on copper products,1199.HK,COSCO SHIPPING Ports Limited,ports,Stock,direct_exposure,sector_proxy,0.64,case_2023_panama_cobre_mine_closure;case_2023_mexico_nearshoring_cross_border_policy_risk,ranked_second_order,8,"{""evidence_level"": ""sector_proxy"", ""evidence_rank"": 2, ""retrieval_support"": 0.583333, ""supporting_case_count"": 2, ""supporting_case_count_saturated"": 2, ""symbol"": ""1199.hk""}"
validation_v3,v3_20250730_copper_tariffs,U.S. imposes Section 232 tariffs on copper products,AMAT,Applied Materials Inc,semiconductor_equipment,Stock,direct_exposure,sector_proxy,0.64,case_china_gallium_germanium_graphite_controls;case_2019_huawei_entity_list,ranked_second_order,9,"{""evidence_level"": ""sector_proxy"", ""evidence_rank"": 2, ""retrieval_support"": 0.1125, ""supporting_case_count"": 2, ""supporting_case_count_saturated"": 2, ""symbol"": ""amat""}"
validation_v3,v3_20250730_copper_tariffs,U.S. imposes Section 232 tariffs on copper products,AMD,Advanced Micro Devices Inc,ai_chips,Stock,related_exposure,sector_proxy,0.64,case_china_gallium_germanium_graphite_controls;case_2019_huawei_entity_list,ranked_second_order,10,"{""evidence_level"": ""sector_proxy"", ""evidence_rank"": 2, ""retrieval_support"": 0.1125, ""supporting_case_count"": 2, ""supporting_case_count_saturated"": 2, ""symbol"": ""amd""}"
validation_v3,v3_20250730_copper_tariffs,U.S. imposes Section 232 tariffs on copper products,ASML,ASML Holding NV ADR,semiconductor_equipment,ADR,direct_exposure,sector_proxy,0.64,case_china_gallium_germanium_graphite_controls;case_2019_huawei_entity_list,ranked_second_order,11,"{""evidence_level"": ""sector_proxy"", ""evidence_rank"": 2, ""retrieval_support"": 0.1125, ""supporting_case_count"": 2, ""supporting_case_count_saturated"": 2, ""symbol"": ""asml""}"
validation_v3,v3_20250730_copper_tariffs,U.S. imposes Section 232 tariffs on copper products,NVDA,NVIDIA Corporation,ai_chips,Stock,direct_exposure,sector_proxy,0.64,case_china_gallium_germanium_graphite_controls;case_2019_huawei_entity_list,ranked_second_order,12,"{""evidence_level"": ""sector_proxy"", ""evidence_rank"": 2, ""retrieval_support"": 0.1125, ""supporting_case_count"": 2, ""supporting_case_count_saturated"": 2, ""symbol"": ""nvda""}"
validation_v3,v3_20240821_sounion_tanker_attack,MV Sounion oil tanker attacked in the Red Sea,MPC,Marathon Petroleum Corporation,refining,Stock,direct_exposure,historical_supported,0.82,case_hormuz_tanker_tensions;case_israel_iran_escalation_energy_risk;case_2022_abu_dhabi_oil_facility_attack;case_middle_east_oil_supply_disruption,ranked_second_order,1,"{""evidence_level"": ""historical_supported"", ""evidence_rank"": 3, ""retrieval_support"": 0.2375, ""supporting_case_count"": 4, ""supporting_case_count_saturated"": 3, ""symbol"": ""mpc""}"
validation_v3,v3_20240821_sounion_tanker_attack,MV Sounion oil tanker attacked in the Red Sea,VLO,Valero Energy Corporation,refining,Stock,direct_exposure,historical_supported,0.82,case_hormuz_tanker_tensions;case_israel_iran_escalation_energy_risk;case_2022_abu_dhabi_oil_facility_attack;case_middle_east_oil_supply_disruption,ranked_second_order,2,"{""evidence_level"": ""historical_supported"", ""evidence_rank"": 3, ""retrieval_support"": 0.2375, ""supporting_case_count"": 4, ""supporting_case_count_saturated"": 3, ""symbol"": ""vlo""}"
validation_v3,v3_20240821_sounion_tanker_attack,MV Sounion oil tanker attacked in the Red Sea,ITA,iShares U S Aerospace & Defense ETF,defense,ETF,broad_proxy,sector_proxy,0.64,case_1987_1988_tanker_war_reflagging;case_israel_iran_escalation_energy_risk;case_2022_abu_dhabi_oil_facility_attack;case_2023_south_china_sea_shipping_tensions,ranked_second_order,3,"{""evidence_level"": ""sector_proxy"", ""evidence_rank"": 2, ""retrieval_support"": 0.26875, ""supporting_case_count"": 4, ""supporting_case_count_saturated"": 3, ""symbol"": ""ita""}"
validation_v3,v3_20240821_sounion_tanker_attack,MV Sounion oil tanker attacked in the Red Sea,LMT,Lockheed Martin Corporation,defense,Stock,direct_exposure,sector_proxy,0.64,case_1987_1988_tanker_war_reflagging;case_israel_iran_escalation_energy_risk;case_2022_abu_dhabi_oil_facility_attack;case_2023_south_china_sea_shipping_tensions,ranked_second_order,4,"{""evidence_level"": ""sector_proxy"", ""evidence_rank"": 2, ""retrieval_support"": 0.26875, ""supporting_case_count"": 4, ""supporting_case_count_saturated"": 3, ""symbol"": ""lmt""}"
validation_v3,v3_20240821_sounion_tanker_attack,MV Sounion oil tanker attacked in the Red Sea,XLE,Energy Select Sector SPDR Fund,energy,ETF,broad_proxy,sector_proxy,0.64,case_1987_1988_tanker_war_reflagging;case_hormuz_tanker_tensions;case_israel_iran_escalation_energy_risk;case_2022_abu_dhabi_oil_facility_attack;case_middle_east_oil_supply_disruption;case_2023_arctic_lng_russian_energy_shipping_sanctions;case_2021_suez_blockage,ranked_second_order,5,"{""evidence_level"": ""sector_proxy"", ""evidence_rank"": 2, ""retrieval_support"": 0.241837, ""supporting_case_count"": 7, ""supporting_case_count_saturated"": 3, ""symbol"": ""xle""}"
validation_v3,v3_20240821_sounion_tanker_attack,MV Sounion oil tanker attacked in the Red Sea,XOM,Exxon Mobil Corporation,energy,Stock,related_exposure,sector_proxy,0.64,case_1987_1988_tanker_war_reflagging;case_hormuz_tanker_tensions;case_israel_iran_escalation_energy_risk;case_2022_abu_dhabi_oil_facility_attack;case_middle_east_oil_supply_disruption;case_2023_arctic_lng_russian_energy_shipping_sanctions;case_2021_suez_blockage,ranked_second_order,6,"{""evidence_level"": ""sector_proxy"", ""evidence_rank"": 2, ""retrieval_support"": 0.241837, ""supporting_case_count"": 7, ""supporting_case_count_saturated"": 3, ""symbol"": ""xom""}"
validation_v3,v3_20240821_sounion_tanker_attack,MV Sounion oil tanker attacked in the Red Sea,DAL,Delta Air Lines Inc,aviation,Stock,direct_exposure,sector_proxy,0.64,case_2022_abu_dhabi_oil_facility_attack;case_middle_east_oil_supply_disruption,ranked_second_order,7,"{""evidence_level"": ""sector_proxy"", ""evidence_rank"": 2, ""retrieval_support"": 0.183333, ""supporting_case_count"": 2, ""supporting_case_count_saturated"": 2, ""symbol"": ""dal""}"
validation_v3,v3_20240821_sounion_tanker_attack,MV Sounion oil tanker attacked in the Red Sea,DOW,Dow Inc,petrochemicals,Stock,direct_exposure,sector_proxy,0.64,case_2022_abu_dhabi_oil_facility_attack;case_middle_east_oil_supply_disruption,ranked_second_order,8,"{""evidence_level"": ""sector_proxy"", ""evidence_rank"": 2, ""retrieval_support"": 0.183333, ""supporting_case_count"": 2, ""supporting_case_count_saturated"": 2, ""symbol"": ""dow""}"
validation_v3,v3_20240821_sounion_tanker_attack,MV Sounion oil tanker attacked in the Red Sea,JETS,U S Global Jets ETF,aviation,ETF,broad_proxy,sector_proxy,0.64,case_2022_abu_dhabi_oil_facility_attack;case_middle_east_oil_supply_disruption,ranked_second_order,9,"{""evidence_level"": ""sector_proxy"", ""evidence_rank"": 2, ""retrieval_support"": 0.183333, ""supporting_case_count"": 2, ""supporting_case_count_saturated"": 2, ""symbol"": ""jets""}"
validation_v3,v3_20240821_sounion_tanker_attack,MV Sounion oil tanker attacked in the Red Sea,LYB,LyondellBasell Industries NV,petrochemicals,Stock,direct_exposure,sector_proxy,0.64,case_2022_abu_dhabi_oil_facility_attack;case_middle_east_oil_supply_disruption,ranked_second_order,10,"{""evidence_level"": ""sector_proxy"", ""evidence_rank"": 2, ""retrieval_support"": 0.183333, ""supporting_case_count"": 2, ""supporting_case_count_saturated"": 2, ""symbol"": ""lyb""}"
validation_v3,v3_20240821_sounion_tanker_attack,MV Sounion oil tanker attacked in the Red Sea,EUFN,iShares MSCI Europe Financials ETF,financial_sanctions,ETF,broad_proxy,sector_proxy,0.64,case_2023_arctic_lng_russian_energy_shipping_sanctions;case_2022_turkey_strait_tanker_insurance_backlog,ranked_second_order,11,"{""evidence_level"": ""sector_proxy"", ""evidence_rank"": 2, ""retrieval_support"": 0.126984, ""supporting_case_count"": 2, ""supporting_case_count_saturated"": 2, ""symbol"": ""eufn""}"
validation_v3,v3_20240821_sounion_tanker_attack,MV Sounion oil tanker attacked in the Red Sea,XLF,Financial Select Sector SPDR Fund,financial_sanctions,ETF,broad_proxy,sector_proxy,0.64,case_2023_arctic_lng_russian_energy_shipping_sanctions;case_2022_turkey_strait_tanker_insurance_backlog,ranked_second_order,12,"{""evidence_level"": ""sector_proxy"", ""evidence_rank"": 2, ""retrieval_support"": 0.126984, ""supporting_case_count"": 2, ""supporting_case_count_saturated"": 2, ""symbol"": ""xlf""}"
validation_v3,v3_20250110_us_russia_oil_sanctions,U.S. sanctions Russian oil producers and shadow-fleet vessels,DHT,DHT Holdings Inc,oil_shipping,Stock,direct_exposure,historical_supported,0.82,case_2018_iran_oil_sanctions_reimposition;case_2019_venezuela_oil_sanctions;case_2019_cosco_shipping_sanctions_tanker_market;case_2024_ukraine_drone_attacks_russian_refineries,ranked_second_order,1,"{""evidence_level"": ""historical_supported"", ""evidence_rank"": 3, ""retrieval_support"": 0.264583, ""supporting_case_count"": 4, ""supporting_case_count_saturated"": 3, ""symbol"": ""dht""}"
validation_v3,v3_20250110_us_russia_oil_sanctions,U.S. sanctions Russian oil producers and shadow-fleet vessels,FRO,Frontline plc,oil_shipping,Stock,direct_exposure,historical_supported,0.82,case_2018_iran_oil_sanctions_reimposition;case_2019_venezuela_oil_sanctions;case_2019_cosco_shipping_sanctions_tanker_market;case_2024_ukraine_drone_attacks_russian_refineries,ranked_second_order,2,"{""evidence_level"": ""historical_supported"", ""evidence_rank"": 3, ""retrieval_support"": 0.264583, ""supporting_case_count"": 4, ""supporting_case_count_saturated"": 3, ""symbol"": ""fro""}"
validation_v3,v3_20250110_us_russia_oil_sanctions,U.S. sanctions Russian oil producers and shadow-fleet vessels,CB,Chubb Limited,marine_insurance,Stock,related_exposure,sector_proxy,0.64,case_2023_arctic_lng_russian_energy_shipping_sanctions;case_2018_iran_oil_sanctions_reimposition;case_2018_iran_swift_restrictions;case_2019_cosco_shipping_sanctions_tanker_market,ranked_second_order,3,"{""evidence_level"": ""sector_proxy"", ""evidence_rank"": 2, ""retrieval_support"": 0.45625, ""supporting_case_count"": 4, ""supporting_case_count_saturated"": 3, ""symbol"": ""cb""}"
validation_v3,v3_20250110_us_russia_oil_sanctions,U.S. sanctions Russian oil producers and shadow-fleet vessels,TRV,The Travelers Companies Inc,marine_insurance,Stock,related_exposure,sector_proxy,0.64,case_2023_arctic_lng_russian_energy_shipping_sanctions;case_2018_iran_oil_sanctions_reimposition;case_2018_iran_swift_restrictions;case_2019_cosco_shipping_sanctions_tanker_market,ranked_second_order,4,"{""evidence_level"": ""sector_proxy"", ""evidence_rank"": 2, ""retrieval_support"": 0.45625, ""supporting_case_count"": 4, ""supporting_case_count_saturated"": 3, ""symbol"": ""trv""}"
validation_v3,v3_20250110_us_russia_oil_sanctions,U.S. sanctions Russian oil producers and shadow-fleet vessels,EUFN,iShares MSCI Europe Financials ETF,financial_sanctions,ETF,broad_proxy,sector_proxy,0.64,case_2023_arctic_lng_russian_energy_shipping_sanctions;case_2018_iran_oil_sanctions_reimposition;case_2019_venezuela_oil_sanctions;case_2014_crimea_financial_sanctions;case_2018_iran_swift_restrictions;case_2022_russia_swift_financial_sanctions;case_2019_cosco_shipping_sanctions_tanker_market,ranked_second_order,5,"{""evidence_level"": ""sector_proxy"", ""evidence_rank"": 2, ""retrieval_support"": 0.364456, ""supporting_case_count"": 7, ""supporting_case_count_saturated"": 3, ""symbol"": ""eufn""}"
validation_v3,v3_20250110_us_russia_oil_sanctions,U.S. sanctions Russian oil producers and shadow-fleet vessels,MA,Mastercard Incorporated,payment_networks,Stock,direct_exposure,sector_proxy,0.64,case_2023_arctic_lng_russian_energy_shipping_sanctions;case_2018_iran_oil_sanctions_reimposition;case_2019_venezuela_oil_sanctions;case_2014_crimea_financial_sanctions;case_2018_iran_swift_restrictions;case_2022_russia_swift_financial_sanctions;case_2019_cosco_shipping_sanctions_tanker_market,ranked_second_order,6,"{""evidence_level"": ""sector_proxy"", ""evidence_rank"": 2, ""retrieval_support"": 0.364456, ""supporting_case_count"": 7, ""supporting_case_count_saturated"": 3, ""symbol"": ""ma""}"
validation_v3,v3_20250110_us_russia_oil_sanctions,U.S. sanctions Russian oil producers and shadow-fleet vessels,V,Visa Inc,payment_networks,Stock,direct_exposure,sector_proxy,0.64,case_2023_arctic_lng_russian_energy_shipping_sanctions;case_2018_iran_oil_sanctions_reimposition;case_2019_venezuela_oil_sanctions;case_2014_crimea_financial_sanctions;case_2018_iran_swift_restrictions;case_2022_russia_swift_financial_sanctions;case_2019_cosco_shipping_sanctions_tanker_market,ranked_second_order,7,"{""evidence_level"": ""sector_proxy"", ""evidence_rank"": 2, ""retrieval_support"": 0.364456, ""supporting_case_count"": 7, ""supporting_case_count_saturated"": 3, ""symbol"": ""v""}"
validation_v3,v3_20250110_us_russia_oil_sanctions,U.S. sanctions Russian oil producers and shadow-fleet vessels,XLF,Financial Select Sector SPDR Fund,financial_sanctions,ETF,broad_proxy,sector_proxy,0.64,case_2023_arctic_lng_russian_energy_shipping_sanctions;case_2018_iran_oil_sanctions_reimposition;case_2019_venezuela_oil_sanctions;case_2014_crimea_financial_sanctions;case_2018_iran_swift_restrictions;case_2022_russia_swift_financial_sanctions;case_2019_cosco_shipping_sanctions_tanker_market,ranked_second_order,8,"{""evidence_level"": ""sector_proxy"", ""evidence_rank"": 2, ""retrieval_support"": 0.364456, ""supporting_case_count"": 7, ""supporting_case_count_saturated"": 3, ""symbol"": ""xlf""}"
validation_v3,v3_20250110_us_russia_oil_sanctions,U.S. sanctions Russian oil producers and shadow-fleet vessels,CHRW,C H Robinson Worldwide Inc,customs,Stock,related_exposure,sector_proxy,0.64,case_2014_crimea_financial_sanctions;case_2018_iran_swift_restrictions;case_2022_russia_swift_financial_sanctions;case_2019_cosco_shipping_sanctions_tanker_market;case_2022_russia_aviation_supply_chain_sanctions,ranked_second_order,9,"{""evidence_level"": ""sector_proxy"", ""evidence_rank"": 2, ""retrieval_support"": 0.165794, ""supporting_case_count"": 5, ""supporting_case_count_saturated"": 3, ""symbol"": ""chrw""}"
validation_v3,v3_20250110_us_russia_oil_sanctions,U.S. sanctions Russian oil producers and shadow-fleet vessels,DHL.DE,DHL Group,trade_lanes,Stock,related_exposure,sector_proxy,0.64,case_2014_crimea_financial_sanctions;case_2018_iran_swift_restrictions;case_2022_russia_swift_financial_sanctions;case_2019_cosco_shipping_sanctions_tanker_market;case_2022_russia_aviation_supply_chain_sanctions,ranked_second_order,10,"{""evidence_level"": ""sector_proxy"", ""evidence_rank"": 2, ""retrieval_support"": 0.165794, ""supporting_case_count"": 5, ""supporting_case_count_saturated"": 3, ""symbol"": ""dhl.de""}"
validation_v3,v3_20250110_us_russia_oil_sanctions,U.S. sanctions Russian oil producers and shadow-fleet vessels,DSGX,The Descartes Systems Group Inc,customs,Stock,direct_exposure,sector_proxy,0.64,case_2014_crimea_financial_sanctions;case_2018_iran_swift_restrictions;case_2022_russia_swift_financial_sanctions;case_2019_cosco_shipping_sanctions_tanker_market;case_2022_russia_aviation_supply_chain_sanctions,ranked_second_order,11,"{""evidence_level"": ""sector_proxy"", ""evidence_rank"": 2, ""retrieval_support"": 0.165794, ""supporting_case_count"": 5, ""supporting_case_count_saturated"": 3, ""symbol"": ""dsgx""}"
validation_v3,v3_20250110_us_russia_oil_sanctions,U.S. sanctions Russian oil producers and shadow-fleet vessels,EXPD,Expeditors International of Washington Inc,trade_lanes,Stock,related_exposure,sector_proxy,0.64,case_2014_crimea_financial_sanctions;case_2018_iran_swift_restrictions;case_2022_russia_swift_financial_sanctions;case_2019_cosco_shipping_sanctions_tanker_market;case_2022_russia_aviation_supply_chain_sanctions,ranked_second_order,12,"{""evidence_level"": ""sector_proxy"", ""evidence_rank"": 2, ""retrieval_support"": 0.165794, ""supporting_case_count"": 5, ""supporting_case_count_saturated"": 3, ""symbol"": ""expd""}"
validation_v3,v3_20250110_us_russia_oil_sanctions,U.S. sanctions Russian oil producers and shadow-fleet vessels,DAL,Delta Air Lines Inc,aviation,Stock,direct_exposure,sector_proxy,0.64,case_2022_russia_aviation_supply_chain_sanctions;case_2024_ukraine_drone_attacks_russian_refineries,ranked_second_order,13,"{""evidence_level"": ""sector_proxy"", ""evidence_rank"": 2, ""retrieval_support"": 0.105556, ""supporting_case_count"": 2, ""supporting_case_count_saturated"": 2, ""symbol"": ""dal""}"
validation_v3,v3_20250110_us_russia_oil_sanctions,U.S. sanctions Russian oil producers and shadow-fleet vessels,JETS,U S Global Jets ETF,aviation,ETF,broad_proxy,sector_proxy,0.64,case_2022_russia_aviation_supply_chain_sanctions;case_2024_ukraine_drone_attacks_russian_refineries,ranked_second_order,14,"{""evidence_level"": ""sector_proxy"", ""evidence_rank"": 2, ""retrieval_support"": 0.105556, ""supporting_case_count"": 2, ""supporting_case_count_saturated"": 2, ""symbol"": ""jets""}"
validation_v3,v3_20250224_eu_16th_russia_sanctions,EU adopts 16th Russia sanctions package targeting shadow fleet and military suppliers,DHT,DHT Holdings Inc,oil_shipping,Stock,direct_exposure,historical_supported,0.82,case_2018_iran_oil_sanctions_reimposition;case_2019_cosco_shipping_sanctions_tanker_market;case_2019_venezuela_oil_sanctions;case_2022_turkey_strait_tanker_insurance_backlog,ranked_second_order,1,"{""evidence_level"": ""historical_supported"", ""evidence_rank"": 3, ""retrieval_support"": 0.167361, ""supporting_case_count"": 4, ""supporting_case_count_saturated"": 3, ""symbol"": ""dht""}"
validation_v3,v3_20250224_eu_16th_russia_sanctions,EU adopts 16th Russia sanctions package targeting shadow fleet and military suppliers,FRO,Frontline plc,oil_shipping,Stock,direct_exposure,historical_supported,0.82,case_2018_iran_oil_sanctions_reimposition;case_2019_cosco_shipping_sanctions_tanker_market;case_2019_venezuela_oil_sanctions;case_2022_turkey_strait_tanker_insurance_backlog,ranked_second_order,2,"{""evidence_level"": ""historical_supported"", ""evidence_rank"": 3, ""retrieval_support"": 0.167361, ""supporting_case_count"": 4, ""supporting_case_count_saturated"": 3, ""symbol"": ""fro""}"
validation_v3,v3_20250224_eu_16th_russia_sanctions,EU adopts 16th Russia sanctions package targeting shadow fleet and military suppliers,MA,Mastercard Incorporated,payment_networks,Stock,direct_exposure,sector_proxy,0.64,case_2023_arctic_lng_russian_energy_shipping_sanctions;case_2014_crimea_financial_sanctions;case_2018_iran_oil_sanctions_reimposition;case_2022_russia_swift_financial_sanctions;case_2018_iran_swift_restrictions;case_2019_cosco_shipping_sanctions_tanker_market;case_2019_venezuela_oil_sanctions,ranked_second_order,3,"{""evidence_level"": ""sector_proxy"", ""evidence_rank"": 2, ""retrieval_support"": 0.344615, ""supporting_case_count"": 7, ""supporting_case_count_saturated"": 3, ""symbol"": ""ma""}"
validation_v3,v3_20250224_eu_16th_russia_sanctions,EU adopts 16th Russia sanctions package targeting shadow fleet and military suppliers,V,Visa Inc,payment_networks,Stock,direct_exposure,sector_proxy,0.64,case_2023_arctic_lng_russian_energy_shipping_sanctions;case_2014_crimea_financial_sanctions;case_2018_iran_oil_sanctions_reimposition;case_2022_russia_swift_financial_sanctions;case_2018_iran_swift_restrictions;case_2019_cosco_shipping_sanctions_tanker_market;case_2019_venezuela_oil_sanctions,ranked_second_order,4,"{""evidence_level"": ""sector_proxy"", ""evidence_rank"": 2, ""retrieval_support"": 0.344615, ""supporting_case_count"": 7, ""supporting_case_count_saturated"": 3, ""symbol"": ""v""}"
validation_v3,v3_20250224_eu_16th_russia_sanctions,EU adopts 16th Russia sanctions package targeting shadow fleet and military suppliers,CB,Chubb Limited,marine_insurance,Stock,related_exposure,sector_proxy,0.64,case_2023_arctic_lng_russian_energy_shipping_sanctions;case_2018_iran_oil_sanctions_reimposition;case_2018_iran_swift_restrictions;case_2019_cosco_shipping_sanctions_tanker_market;case_2022_turkey_strait_tanker_insurance_backlog,ranked_second_order,5,"{""evidence_level"": ""sector_proxy"", ""evidence_rank"": 2, ""retrieval_support"": 0.340238, ""supporting_case_count"": 5, ""supporting_case_count_saturated"": 3, ""symbol"": ""cb""}"
validation_v3,v3_20250224_eu_16th_russia_sanctions,EU adopts 16th Russia sanctions package targeting shadow fleet and military suppliers,TRV,The Travelers Companies Inc,marine_insurance,Stock,related_exposure,sector_proxy,0.64,case_2023_arctic_lng_russian_energy_shipping_sanctions;case_2018_iran_oil_sanctions_reimposition;case_2018_iran_swift_restrictions;case_2019_cosco_shipping_sanctions_tanker_market;case_2022_turkey_strait_tanker_insurance_backlog,ranked_second_order,6,"{""evidence_level"": ""sector_proxy"", ""evidence_rank"": 2, ""retrieval_support"": 0.340238, ""supporting_case_count"": 5, ""supporting_case_count_saturated"": 3, ""symbol"": ""trv""}"
validation_v3,v3_20250224_eu_16th_russia_sanctions,EU adopts 16th Russia sanctions package targeting shadow fleet and military suppliers,EUFN,iShares MSCI Europe Financials ETF,financial_sanctions,ETF,broad_proxy,sector_proxy,0.64,case_2023_arctic_lng_russian_energy_shipping_sanctions;case_2014_crimea_financial_sanctions;case_2018_iran_oil_sanctions_reimposition;case_2022_russia_swift_financial_sanctions;case_2018_iran_swift_restrictions;case_2019_cosco_shipping_sanctions_tanker_market;case_2019_venezuela_oil_sanctions;case_2022_turkey_strait_tanker_insurance_backlog,ranked_second_order,7,"{""evidence_level"": ""sector_proxy"", ""evidence_rank"": 2, ""retrieval_support"": 0.314038, ""supporting_case_count"": 8, ""supporting_case_count_saturated"": 3, ""symbol"": ""eufn""}"
validation_v3,v3_20250224_eu_16th_russia_sanctions,EU adopts 16th Russia sanctions package targeting shadow fleet and military suppliers,XLF,Financial Select Sector SPDR Fund,financial_sanctions,ETF,broad_proxy,sector_proxy,0.64,case_2023_arctic_lng_russian_energy_shipping_sanctions;case_2014_crimea_financial_sanctions;case_2018_iran_oil_sanctions_reimposition;case_2022_russia_swift_financial_sanctions;case_2018_iran_swift_restrictions;case_2019_cosco_shipping_sanctions_tanker_market;case_2019_venezuela_oil_sanctions;case_2022_turkey_strait_tanker_insurance_backlog,ranked_second_order,8,"{""evidence_level"": ""sector_proxy"", ""evidence_rank"": 2, ""retrieval_support"": 0.314038, ""supporting_case_count"": 8, ""supporting_case_count_saturated"": 3, ""symbol"": ""xlf""}"
validation_v3,v3_20250224_eu_16th_russia_sanctions,EU adopts 16th Russia sanctions package targeting shadow fleet and military suppliers,DHL.DE,DHL Group,trade_lanes,Stock,related_exposure,sector_proxy,0.64,case_2014_crimea_financial_sanctions;case_2022_russia_swift_financial_sanctions;case_2022_russia_aviation_supply_chain_sanctions;case_2018_iran_swift_restrictions;case_2019_cosco_shipping_sanctions_tanker_market,ranked_second_order,9,"{""evidence_level"": ""sector_proxy"", ""evidence_rank"": 2, ""retrieval_support"": 0.226905, ""supporting_case_count"": 5, ""supporting_case_count_saturated"": 3, ""symbol"": ""dhl.de""}"
validation_v3,v3_20250224_eu_16th_russia_sanctions,EU adopts 16th Russia sanctions package targeting shadow fleet and military suppliers,EXPD,Expeditors International of Washington Inc,trade_lanes,Stock,related_exposure,sector_proxy,0.64,case_2014_crimea_financial_sanctions;case_2022_russia_swift_financial_sanctions;case_2022_russia_aviation_supply_chain_sanctions;case_2018_iran_swift_restrictions;case_2019_cosco_shipping_sanctions_tanker_market,ranked_second_order,10,"{""evidence_level"": ""sector_proxy"", ""evidence_rank"": 2, ""retrieval_support"": 0.226905, ""supporting_case_count"": 5, ""supporting_case_count_saturated"": 3, ""symbol"": ""expd""}"
validation_v3,v3_20250224_eu_16th_russia_sanctions,EU adopts 16th Russia sanctions package targeting shadow fleet and military suppliers,CHRW,C H Robinson Worldwide Inc,customs,Stock,related_exposure,sector_proxy,0.64,case_2014_crimea_financial_sanctions;case_2022_russia_swift_financial_sanctions;case_2022_russia_aviation_supply_chain_sanctions;case_2018_iran_swift_restrictions;case_2019_cosco_shipping_sanctions_tanker_market;case_2022_turkey_strait_tanker_insurance_backlog,ranked_second_order,11,"{""evidence_level"": ""sector_proxy"", ""evidence_rank"": 2, ""retrieval_support"": 0.205754, ""supporting_case_count"": 6, ""supporting_case_count_saturated"": 3, ""symbol"": ""chrw""}"
validation_v3,v3_20250224_eu_16th_russia_sanctions,EU adopts 16th Russia sanctions package targeting shadow fleet and military suppliers,DSGX,The Descartes Systems Group Inc,customs,Stock,direct_exposure,sector_proxy,0.64,case_2014_crimea_financial_sanctions;case_2022_russia_swift_financial_sanctions;case_2022_russia_aviation_supply_chain_sanctions;case_2018_iran_swift_restrictions;case_2019_cosco_shipping_sanctions_tanker_market;case_2022_turkey_strait_tanker_insurance_backlog,ranked_second_order,12,"{""evidence_level"": ""sector_proxy"", ""evidence_rank"": 2, ""retrieval_support"": 0.205754, ""supporting_case_count"": 6, ""supporting_case_count_saturated"": 3, ""symbol"": ""dsgx""}"
validation_v3,v3_20250224_eu_16th_russia_sanctions,EU adopts 16th Russia sanctions package targeting shadow fleet and military suppliers,BOAT,SonicShares Global Shipping ETF,maritime_chokepoint,ETF,broad_proxy,sector_proxy,0.64,case_2023_arctic_lng_russian_energy_shipping_sanctions;case_2022_turkey_strait_tanker_insurance_backlog,ranked_second_order,13,"{""evidence_level"": ""sector_proxy"", ""evidence_rank"": 2, ""retrieval_support"": 0.55, ""supporting_case_count"": 2, ""supporting_case_count_saturated"": 2, ""symbol"": ""boat""}"
validation_v3,v3_20250224_eu_16th_russia_sanctions,EU adopts 16th Russia sanctions package targeting shadow fleet and military suppliers,MATX,Matson Inc,maritime_chokepoint,Stock,related_exposure,sector_proxy,0.64,case_2023_arctic_lng_russian_energy_shipping_sanctions;case_2022_turkey_strait_tanker_insurance_backlog,ranked_second_order,14,"{""evidence_level"": ""sector_proxy"", ""evidence_rank"": 2, ""retrieval_support"": 0.55, ""supporting_case_count"": 2, ""supporting_case_count_saturated"": 2, ""symbol"": ""matx""}"
validation_v3,v3_20250224_eu_16th_russia_sanctions,EU adopts 16th Russia sanctions package targeting shadow fleet and military suppliers,JBHT,J B Hunt Transport Services Inc,logistics,Stock,direct_exposure,sector_proxy,0.64,case_2019_cosco_shipping_sanctions_tanker_market;case_2022_turkey_strait_tanker_insurance_backlog,ranked_second_order,15,"{""evidence_level"": ""sector_proxy"", ""evidence_rank"": 2, ""retrieval_support"": 0.1125, ""supporting_case_count"": 2, ""supporting_case_count_saturated"": 2, ""symbol"": ""jbht""}"
validation_v3,v3_20250224_eu_16th_russia_sanctions,EU adopts 16th Russia sanctions package targeting shadow fleet and military suppliers,KNIN.SW,Kuehne + Nagel International AG,logistics,Stock,direct_exposure,sector_proxy,0.64,case_2019_cosco_shipping_sanctions_tanker_market;case_2022_turkey_strait_tanker_insurance_backlog,ranked_second_order,16,"{""evidence_level"": ""sector_proxy"", ""evidence_rank"": 2, ""retrieval_support"": 0.1125, ""supporting_case_count"": 2, ""supporting_case_count_saturated"": 2, ""symbol"": ""knin.sw""}"
validation_v3,v3_20250201_canada_mexico_china_tariffs,"U.S. imposes tariffs on imports from Canada, Mexico and China",ALB,Albemarle Corporation,battery_materials,Stock,direct_exposure,sector_proxy,0.64,case_2024_ev_tariff_escalation_china;case_2023_panama_cobre_mine_closure;case_2023_china_graphite_battery_export_controls,ranked_second_order,1,"{""evidence_level"": ""sector_proxy"", ""evidence_rank"": 2, ""retrieval_support"": 0.269841, ""supporting_case_count"": 3, ""supporting_case_count_saturated"": 3, ""symbol"": ""alb""}"
validation_v3,v3_20250201_canada_mexico_china_tariffs,"U.S. imposes tariffs on imports from Canada, Mexico and China",LIT,Global X Lithium & Battery Tech ETF,battery_materials,ETF,broad_proxy,sector_proxy,0.64,case_2024_ev_tariff_escalation_china;case_2023_panama_cobre_mine_closure;case_2023_china_graphite_battery_export_controls,ranked_second_order,2,"{""evidence_level"": ""sector_proxy"", ""evidence_rank"": 2, ""retrieval_support"": 0.269841, ""supporting_case_count"": 3, ""supporting_case_count_saturated"": 3, ""symbol"": ""lit""}"
validation_v3,v3_20250201_canada_mexico_china_tariffs,"U.S. imposes tariffs on imports from Canada, Mexico and China",PICK,iShares MSCI Global Metals & Mining Producers ETF,critical_minerals,ETF,broad_proxy,sector_proxy,0.64,case_2024_ev_tariff_escalation_china;case_2021_xinjiang_forced_labor_import_restrictions;case_2023_eu_carbon_border_adjustment_mechanism;case_2023_panama_cobre_mine_closure;case_2023_china_graphite_battery_export_controls,ranked_second_order,3,"{""evidence_level"": ""sector_proxy"", ""evidence_rank"": 2, ""retrieval_support"": 0.268571, ""supporting_case_count"": 5, ""supporting_case_count_saturated"": 3, ""symbol"": ""pick""}"
validation_v3,v3_20250201_canada_mexico_china_tariffs,"U.S. imposes tariffs on imports from Canada, Mexico and China",REMX,VanEck Rare Earth and Strategic Metals ETF,critical_minerals,ETF,broad_proxy,sector_proxy,0.64,case_2024_ev_tariff_escalation_china;case_2021_xinjiang_forced_labor_import_restrictions;case_2023_eu_carbon_border_adjustment_mechanism;case_2023_panama_cobre_mine_closure;case_2023_china_graphite_battery_export_controls,ranked_second_order,4,"{""evidence_level"": ""sector_proxy"", ""evidence_rank"": 2, ""retrieval_support"": 0.268571, ""supporting_case_count"": 5, ""supporting_case_count_saturated"": 3, ""symbol"": ""remx""}"
validation_v3,v3_20250201_canada_mexico_china_tariffs,"U.S. imposes tariffs on imports from Canada, Mexico and China",0144.HK,China Merchants Port Holdings Company Limited,ports,Stock,direct_exposure,sector_proxy,0.64,case_2023_mexico_nearshoring_cross_border_policy_risk;case_2023_panama_cobre_mine_closure,ranked_second_order,5,"{""evidence_level"": ""sector_proxy"", ""evidence_rank"": 2, ""retrieval_support"": 0.208333, ""supporting_case_count"": 2, ""supporting_case_count_saturated"": 2, ""symbol"": ""0144.hk""}"
validation_v3,v3_20250201_canada_mexico_china_tariffs,"U.S. imposes tariffs on imports from Canada, Mexico and China",1199.HK,COSCO SHIPPING Ports Limited,ports,Stock,direct_exposure,sector_proxy,0.64,case_2023_mexico_nearshoring_cross_border_policy_risk;case_2023_panama_cobre_mine_closure,ranked_second_order,6,"{""evidence_level"": ""sector_proxy"", ""evidence_rank"": 2, ""retrieval_support"": 0.208333, ""supporting_case_count"": 2, ""supporting_case_count_saturated"": 2, ""symbol"": ""1199.hk""}"
validation_v3,v3_20250201_canada_mexico_china_tariffs,"U.S. imposes tariffs on imports from Canada, Mexico and China",CF,CF Industries Holdings Inc,fertilizer,Stock,direct_exposure,sector_proxy,0.64,case_2023_eu_carbon_border_adjustment_mechanism;case_2022_russia_fertilizer_export_restrictions,ranked_second_order,7,"{""evidence_level"": ""sector_proxy"", ""evidence_rank"": 2, ""retrieval_support"": 0.1625, ""supporting_case_count"": 2, ""supporting_case_count_saturated"": 2, ""symbol"": ""cf""}"
validation_v3,v3_20250201_canada_mexico_china_tariffs,"U.S. imposes tariffs on imports from Canada, Mexico and China",NTR,Nutrien Ltd,fertilizer,Stock,direct_exposure,sector_proxy,0.64,case_2023_eu_carbon_border_adjustment_mechanism;case_2022_russia_fertilizer_export_restrictions,ranked_second_order,8,"{""evidence_level"": ""sector_proxy"", ""evidence_rank"": 2, ""retrieval_support"": 0.1625, ""supporting_case_count"": 2, ""supporting_case_count_saturated"": 2, ""symbol"": ""ntr""}"
validation_v3,v3_20250201_canada_mexico_china_tariffs,"U.S. imposes tariffs on imports from Canada, Mexico and China",XLE,Energy Select Sector SPDR Fund,energy,ETF,broad_proxy,sector_proxy,0.64,case_2023_eu_carbon_border_adjustment_mechanism;case_2022_russia_fertilizer_export_restrictions,ranked_second_order,9,"{""evidence_level"": ""sector_proxy"", ""evidence_rank"": 2, ""retrieval_support"": 0.1625, ""supporting_case_count"": 2, ""supporting_case_count_saturated"": 2, ""symbol"": ""xle""}"
validation_v3,v3_20250201_canada_mexico_china_tariffs,"U.S. imposes tariffs on imports from Canada, Mexico and China",XOM,Exxon Mobil Corporation,energy,Stock,related_exposure,sector_proxy,0.64,case_2023_eu_carbon_border_adjustment_mechanism;case_2022_russia_fertilizer_export_restrictions,ranked_second_order,10,"{""evidence_level"": ""sector_proxy"", ""evidence_rank"": 2, ""retrieval_support"": 0.1625, ""supporting_case_count"": 2, ""supporting_case_count_saturated"": 2, ""symbol"": ""xom""}"
