alpha,asset_type,baseline_type,beta,car,direction,event_date,event_headline,event_id,event_type,event_window_abnormal_returns,hit,linkage_rationale,linkage_tier,missing_data_reason,node,selection_rationale,source,standardized_car,supporting_notes,symbol,t0_date,transmission_order
5.437204409207541e-05,Stock,node_only_direct_mapping,1.281127898795816,0.062041987003264874,positive,2025-04-04,China imposes rare-earth export controls after U.S. tariff escalation,v3_20250404_china_rare_earth_export_controls,critical_minerals_export_controls,"{'date': '2025-04-03', 'asset_return': -0.032112334378288754, 'benchmark_return': -0.04928069685329273, 'expected_return': -0.06308050356676041, 'abnormal_return': 0.03096816918847166};{'date': '2025-04-04', 'asset_return': -0.047978562818178916, 'benchmark_return': -0.05854299254528794, 'expected_return': -0.07494668898467179, 'abnormal_return': 0.02696812616649287};{'date': '2025-04-07', 'asset_return': 0.001878133473014465, 'benchmark_return': -0.0017811884523963872, 'expected_return': -0.0022275581752858793, 'abnormal_return': 0.004105691648300344}",True,Core operations or products are directly tied to the customs node: Logistics software provider with customs and trade compliance exposure,direct_exposure,,customs,node_only_direct_mapping,node_only,2.8067513042925123,t0_date=2025-04-04;alpha=5.437204409207541e-05;beta=1.281127898795816;ar_std=0.012762070455837287;standardized_car=2.8067513042925123;significance_threshold=1.96;method=market_model;hit_rule=abs_standardized_car,DSGX,2025-04-04,
-0.00041515163052915503,Stock,node_only_direct_mapping,0.5986808244999638,-0.07130541407796481,negative,2025-04-04,China imposes rare-earth export controls after U.S. tariff escalation,v3_20250404_china_rare_earth_export_controls,critical_minerals_export_controls,"{'date': '2025-04-03', 'asset_return': -0.07829216053427557, 'benchmark_return': -0.04928069685329273, 'expected_return': -0.029918559854591218, 'abnormal_return': -0.04837360067968435};{'date': '2025-04-04', 'asset_return': -0.04041370162966362, 'benchmark_return': -0.05854299254528794, 'expected_return': -0.03546371867623738, 'abnormal_return': -0.004949982953426246};{'date': '2025-04-07', 'asset_return': -0.019463345446653846, 'benchmark_return': -0.0017811884523963872, 'expected_return': -0.0014815150017996387, 'abnormal_return': -0.017981830444854206}",True,"Freight brokerage and logistics services are affected by customs flows, but customs is one operating component within broader logistics activity.",related_exposure,,customs,node_only_direct_mapping,node_only,-2.731211715402172,t0_date=2025-04-04;alpha=-0.00041515163052915503;beta=0.5986808244999638;ar_std=0.015073236461468784;standardized_car=-2.731211715402172;significance_threshold=1.96;method=market_model;hit_rule=abs_standardized_car,CHRW,2025-04-04,
0.0014445822051155938,Stock,node_only_direct_mapping,0.5905253308658887,-0.043863737817328295,negative,2025-04-04,China imposes rare-earth export controls after U.S. tariff escalation,v3_20250404_china_rare_earth_export_controls,critical_minerals_export_controls,"{'date': '2025-04-03', 'asset_return': -0.049798301177332305, 'benchmark_return': -0.04928069685329273, 'expected_return': -0.02765691760947665, 'abnormal_return': -0.022141383567855655};{'date': '2025-04-04', 'asset_return': -0.039311662462634955, 'benchmark_return': -0.05854299254528794, 'expected_return': -0.033126537837569824, 'abnormal_return': -0.006185124625065132};{'date': '2025-04-07', 'asset_return': -0.015144484319477791, 'benchmark_return': -0.0017811884523963872, 'expected_return': 0.000392745304929717, 'abnormal_return': -0.015537229624407508}",False,Business has meaningful but diversified or indirect economic linkage to the manufacturing_inputs node: Equipment manufacturer exposed to agriculture and industrial input cycles,related_exposure,,manufacturing_inputs,node_only_direct_mapping,node_only,-1.508608185620125,t0_date=2025-04-04;alpha=0.0014445822051155938;beta=0.5905253308658887;ar_std=0.016786824490208987;standardized_car=-1.508608185620125;significance_threshold=1.96;method=market_model;hit_rule=abs_standardized_car,DE,2025-04-04,
-0.0007805964575380479,Stock,node_only_direct_mapping,1.0559591178343382,-0.053938895140044865,negative,2025-04-04,China imposes rare-earth export controls after U.S. tariff escalation,v3_20250404_china_rare_earth_export_controls,critical_minerals_export_controls,"{'date': '2025-04-03', 'asset_return': -0.08635628425604047, 'benchmark_return': -0.04928069685329273, 'expected_return': -0.05281899763300248, 'abnormal_return': -0.03353728662303799};{'date': '2025-04-04', 'asset_return': -0.05782304461589849, 'benchmark_return': -0.05854299254528794, 'expected_return': -0.06259960322104254, 'abnormal_return': 0.004776558605144046};{'date': '2025-04-07', 'asset_return': -0.02783962576657817, 'benchmark_return': -0.0017811884523963872, 'expected_return': -0.002661458644427247, 'abnormal_return': -0.025178167122150923}",True,Business has meaningful but diversified or indirect economic linkage to the manufacturing_inputs node: Heavy equipment manufacturer exposed to construction mining and infrastructure inputs,related_exposure,,manufacturing_inputs,node_only_direct_mapping,node_only,-2.141250535073152,t0_date=2025-04-04;alpha=-0.0007805964575380479;beta=1.0559591178343382;ar_std=0.014543667412478662;standardized_car=-2.141250535073152;significance_threshold=1.96;method=market_model;hit_rule=abs_standardized_car,CAT,2025-04-04,
0.000645504607871306,ETF,node_only_direct_mapping,0.5168863814868739,-0.07713980410583983,negative,2025-04-04,China imposes rare-earth export controls after U.S. tariff escalation,v3_20250404_china_rare_earth_export_controls,critical_minerals_export_controls,"{'date': '2025-04-03', 'asset_return': -0.03618162488534915, 'benchmark_return': -0.04928069685329273, 'expected_return': -0.024827016465778746, 'abnormal_return': -0.011354608419570405};{'date': '2025-04-04', 'asset_return': -0.07720982700798384, 'benchmark_return': -0.05854299254528794, 'expected_return': -0.029614570970275613, 'abnormal_return': -0.04759525603770823};{'date': '2025-04-07', 'asset_return': -0.018465107094595257, 'benchmark_return': -0.0017811884523963872, 'expected_return': -0.00027516744603406763, 'abnormal_return': -0.01818993964856119}",True,"Ticker is an ETF, fund, or basket used as broad proxy exposure for the critical_minerals node: Basket exposure to rare earth and strategic metals producers used in critical supply chains",broad_proxy,,critical_minerals,node_only_direct_mapping,node_only,-2.2556942761898653,t0_date=2025-04-04;alpha=0.000645504607871306;beta=0.5168863814868739;ar_std=0.019744114765840235;standardized_car=-2.2556942761898653;significance_threshold=1.96;method=market_model;hit_rule=abs_standardized_car,REMX,2025-04-04,
-0.000612568978025134,ETF,node_only_direct_mapping,0.6897278012576422,-0.06472960765201952,negative,2025-04-04,China imposes rare-earth export controls after U.S. tariff escalation,v3_20250404_china_rare_earth_export_controls,critical_minerals_export_controls,"{'date': '2025-04-03', 'asset_return': -0.054939033728180875, 'benchmark_return': -0.04928069685329273, 'expected_return': -0.034602835663091136, 'abnormal_return': -0.02033619806508974};{'date': '2025-04-04', 'asset_return': -0.08338219422851789, 'benchmark_return': -0.05854299254528794, 'expected_return': -0.04099129850532913, 'abnormal_return': -0.042390895723188764};{'date': '2025-04-07', 'asset_return': -0.003843618036662999, 'benchmark_return': -0.0017811884523963872, 'expected_return': -0.0018411041729219967, 'abnormal_return': -0.0020025138637410024}",True,"Ticker is an ETF, fund, or basket used as broad proxy exposure for the critical_minerals node: Broad metals and mining producer ETF with critical materials exposure",broad_proxy,,critical_minerals,node_only_direct_mapping,node_only,-2.8714948985655466,t0_date=2025-04-04;alpha=-0.000612568978025134;beta=0.6897278012576422;ar_std=0.013014704090577112;standardized_car=-2.8714948985655466;significance_threshold=1.96;method=market_model;hit_rule=abs_standardized_car,PICK,2025-04-04,
0.00467473666625281,Stock,node_only_direct_mapping,1.7724165910235934,0.13614679739416316,positive,2025-04-04,China imposes rare-earth export controls after U.S. tariff escalation,v3_20250404_china_rare_earth_export_controls,critical_minerals_export_controls,"{'date': '2025-04-03', 'asset_return': -0.013513519660170559, 'benchmark_return': -0.04928069685329273, 'expected_return': -0.0826711880537274, 'abnormal_return': 0.06915766839355685};{'date': '2025-04-04', 'asset_return': -0.0709105660967777, 'benchmark_return': -0.05854299254528794, 'expected_return': -0.09908783460918608, 'abnormal_return': 0.02817726851240837};{'date': '2025-04-07', 'asset_return': 0.04032958918968377, 'benchmark_return': -0.0017811884523963872, 'expected_return': 0.0015177287014858155, 'abnormal_return': 0.03881186048819795}",True,Core operations or products are directly tied to the rare_earths node: Rare earth mining and processing company exposed to magnet materials supply chains,direct_exposure,,rare_earths,node_only_direct_mapping,node_only,2.133835707796017,t0_date=2025-04-04;alpha=0.00467473666625281;beta=1.7724165910235934;ar_std=0.03683713316711433;standardized_car=2.133835707796017;significance_threshold=1.96;method=market_model;hit_rule=abs_standardized_car,MP,2025-04-04,
-0.0007303846618631258,ADR,node_only_direct_mapping,0.4820615477766979,0.108169088217198,positive,2025-04-04,China imposes rare-earth export controls after U.S. tariff escalation,v3_20250404_china_rare_earth_export_controls,critical_minerals_export_controls,"{'date': '2025-04-03', 'asset_return': 0.009174302896359121, 'benchmark_return': -0.04928069685329273, 'expected_return': -0.024486713662475665, 'abnormal_return': 0.033661016558834786};{'date': '2025-04-04', 'asset_return': -0.013636350336153957, 'benchmark_return': -0.05854299254528794, 'expected_return': -0.02895171025972432, 'abnormal_return': 0.015315359923570363};{'date': '2025-04-07', 'asset_return': 0.057603684610685546, 'benchmark_return': -0.0017811884523963872, 'expected_return': -0.0015890271241073093, 'abnormal_return': 0.059192711734792854}",True,Core operations or products are directly tied to the rare_earths node: Rare earth producer with exposure to non-China rare earth supply chains,direct_exposure,,rare_earths,node_only_direct_mapping,node_only,2.8005378382269526,t0_date=2025-04-04;alpha=-0.0007303846618631258;beta=0.4820615477766979;ar_std=0.022299806611338006;standardized_car=2.8005378382269526;significance_threshold=1.96;method=market_model;hit_rule=abs_standardized_car,LYSDY,2025-04-04,
0.0022620620941694552,Stock,node_only_direct_mapping,0.8394147797880632,-0.02376856285008983,negative,2025-04-04,China imposes rare-earth export controls after U.S. tariff escalation,v3_20250404_china_rare_earth_export_controls,critical_minerals_export_controls,"{'date': '2025-04-03', 'asset_return': -0.05090496997406446, 'benchmark_return': -0.04928069685329273, 'expected_return': -0.03910488320273956, 'abnormal_return': -0.011800086771324901};{'date': '2025-04-04', 'asset_return': -0.06317047157031119, 'benchmark_return': -0.05854299254528794, 'expected_return': -0.046879791101367654, 'abnormal_return': -0.01629068046894354};{'date': '2025-04-07', 'asset_return': 0.005089110571818711, 'benchmark_return': -0.0017811884523963872, 'expected_return': 0.0007669061816401007, 'abnormal_return': 0.00432220439017861}",False,"Specialty materials operations are exposed to engineered and rare-earth material supply chains, but the bundled gallium, germanium, and graphite node is narrower than the company's broader materials business.",related_exposure,,gallium_germanium_graphite,node_only_direct_mapping,node_only,-0.489422150432491,t0_date=2025-04-04;alpha=0.0022620620941694552;beta=0.8394147797880632;ar_std=0.028038751714901736;standardized_car=-0.489422150432491;significance_threshold=1.96;method=market_model;hit_rule=abs_standardized_car,NEO.TO,2025-04-04,
0.004601749636344444,Stock,node_only_direct_mapping,-0.5328667744680601,-0.18649572140999562,negative,2025-04-04,China imposes rare-earth export controls after U.S. tariff escalation,v3_20250404_china_rare_earth_export_controls,critical_minerals_export_controls,"{'date': '2025-04-03', 'asset_return': 0.0, 'benchmark_return': -0.04928069685329273, 'expected_return': 0.03086179561209682, 'abnormal_return': -0.03086179561209682};{'date': '2025-04-04', 'asset_return': -0.06666667108182589, 'benchmark_return': -0.05854299254528794, 'expected_return': 0.03579736524165972, 'abnormal_return': -0.10246403632348561};{'date': '2025-04-07', 'asset_return': -0.04761900369272054, 'benchmark_return': -0.0017811884523963872, 'expected_return': 0.005550885781692662, 'abnormal_return': -0.0531698894744132}",False,"Graphite production links the company to part of this node, but the bundled gallium, germanium, and graphite node is only partly specific to its core operations.",related_exposure,,gallium_germanium_graphite,node_only_direct_mapping,node_only,-1.814184289439609,t0_date=2025-04-04;alpha=0.004601749636344444;beta=-0.5328667744680601;ar_std=0.05935083639823279;standardized_car=-1.814184289439609;significance_threshold=1.96;method=market_model;hit_rule=abs_standardized_car,SYR.AX,2025-04-04,
0.0009108896681677701,Stock,node_only_direct_mapping,1.1253559934695834,0.008655785311703093,positive,2025-02-25,U.S. launches Section 232 investigation into copper import dependence,v3_20250225_copper_import_investigation,critical_minerals_trade_restriction,"{'date': '2025-02-24', 'asset_return': -0.009296512827332903, 'benchmark_return': -0.004550509402292402, 'expected_return': -0.004210053361041676, 'abnormal_return': -0.005086459466291228};{'date': '2025-02-25', 'asset_return': 0.0027068069783178217, 'benchmark_return': -0.004973286374205688, 'expected_return': -0.004685827960285213, 'abnormal_return': 0.007392634938603035};{'date': '2025-02-26', 'asset_return': 0.007828694034771821, 'benchmark_return': 0.0005049020314549235, 'expected_return': 0.0014790841953805365, 'abnormal_return': 0.006349609839391285}",False,Core operations or products are directly tied to the customs node: Logistics software provider with customs and trade compliance exposure,direct_exposure,,customs,node_only_direct_mapping,node_only,0.46467361484096553,t0_date=2025-02-25;alpha=0.0009108896681677701;beta=1.1253559934695834;ar_std=0.010754688495643885;standardized_car=0.46467361484096553;significance_threshold=1.96;method=market_model;hit_rule=abs_standardized_car,DSGX,2025-02-25,
-0.0001317758290793446,Stock,node_only_direct_mapping,0.5646869319840777,-0.021438860755907042,negative,2025-02-25,U.S. launches Section 232 investigation into copper import dependence,v3_20250225_copper_import_investigation,critical_minerals_trade_restriction,"{'date': '2025-02-24', 'asset_return': -0.0019825690802022233, 'benchmark_return': -0.004550509402292402, 'expected_return': -0.0027013890224245403, 'abnormal_return': 0.000718819942222317};{'date': '2025-02-25', 'asset_return': -0.0189710410610634, 'benchmark_return': -0.004973286374205688, 'expected_return': -0.002940125653607772, 'abnormal_return': -0.016030915407455625};{'date': '2025-02-26', 'asset_return': -0.0059734295406582705, 'benchmark_return': 0.0005049020314549235, 'expected_return': 0.00015333575001546444, 'abnormal_return': -0.006126765290673735}",False,"Freight brokerage and logistics services are affected by customs flows, but customs is one operating component within broader logistics activity.",related_exposure,,customs,node_only_direct_mapping,node_only,-0.8804334678345489,t0_date=2025-02-25;alpha=-0.0001317758290793446;beta=0.5646869319840777;ar_std=0.014058679594478863;standardized_car=-0.8804334678345489;significance_threshold=1.96;method=market_model;hit_rule=abs_standardized_car,CHRW,2025-02-25,
0.0016368896721154769,Stock,node_only_direct_mapping,0.5451370129253422,-0.023403989624357965,negative,2025-02-25,U.S. launches Section 232 investigation into copper import dependence,v3_20250225_copper_import_investigation,critical_minerals_trade_restriction,"{'date': '2025-02-24', 'asset_return': -0.011082050879008043, 'benchmark_return': -0.004550509402292402, 'expected_return': -0.0008437614307388874, 'abnormal_return': -0.010238289448269156};{'date': '2025-02-25', 'asset_return': 0.006273899215748058, 'benchmark_return': -0.004973286374205688, 'expected_return': -0.0010742328063413176, 'abnormal_return': 0.007348132022089376};{'date': '2025-02-26', 'asset_return': -0.018601701740815435, 'benchmark_return': 0.0005049020314549235, 'expected_return': 0.0019121304573627511, 'abnormal_return': -0.020513832198178185}",False,Business has meaningful but diversified or indirect economic linkage to the manufacturing_inputs node: Equipment manufacturer exposed to agriculture and industrial input cycles,related_exposure,,manufacturing_inputs,node_only_direct_mapping,node_only,-0.9009059204080575,t0_date=2025-02-25;alpha=0.0016368896721154769;beta=0.5451370129253422;ar_std=0.014998569110983311;standardized_car=-0.9009059204080575;significance_threshold=1.96;method=market_model;hit_rule=abs_standardized_car,DE,2025-02-25,
-0.00040355900406085414,Stock,node_only_direct_mapping,1.2477264755912025,0.01996260872001682,positive,2025-02-25,U.S. launches Section 232 investigation into copper import dependence,v3_20250225_copper_import_investigation,critical_minerals_trade_restriction,"{'date': '2025-02-24', 'asset_return': -0.003293608509080781, 'benchmark_return': -0.004550509402292402, 'expected_return': -0.006081350062727783, 'abnormal_return': 0.002787741553647002};{'date': '2025-02-25', 'asset_return': 0.010149780129634411, 'benchmark_return': -0.004973286374205688, 'expected_return': -0.0066088600838542675, 'abnormal_return': 0.01675864021348868};{'date': '2025-02-26', 'asset_return': 0.0006426475810463739, 'benchmark_return': 0.0005049020314549235, 'expected_return': 0.00022642062816523604, 'abnormal_return': 0.00041622695288113783}",False,Business has meaningful but diversified or indirect economic linkage to the manufacturing_inputs node: Heavy equipment manufacturer exposed to construction mining and infrastructure inputs,related_exposure,,manufacturing_inputs,node_only_direct_mapping,node_only,0.7808526852200293,t0_date=2025-02-25;alpha=-0.00040355900406085414;beta=1.2477264755912025;ar_std=0.014760040832774036;standardized_car=0.7808526852200293;significance_threshold=1.96;method=market_model;hit_rule=abs_standardized_car,CAT,2025-02-25,
0.00027738400610167595,ETF,node_only_direct_mapping,0.8671891844990455,-0.009323813260975516,negative,2025-02-25,U.S. launches Section 232 investigation into copper import dependence,v3_20250225_copper_import_investigation,critical_minerals_trade_restriction,"{'date': '2025-02-24', 'asset_return': -0.009701671116571164, 'benchmark_return': -0.004550509402292402, 'expected_return': -0.0036687685315275114, 'abnormal_return': -0.006032902585043653};{'date': '2025-02-25', 'asset_return': -0.0068577389943682565, 'benchmark_return': -0.004973286374205688, 'expected_return': -0.004035396149025969, 'abnormal_return': -0.0028223428453422877};{'date': '2025-02-26', 'asset_return': 0.00024666175642140686, 'benchmark_return': 0.0005049020314549235, 'expected_return': 0.0007152295870109825, 'abnormal_return': -0.00046856783058957566}",False,"Ticker is an ETF, fund, or basket used as broad proxy exposure for the critical_minerals node: Basket exposure to rare earth and strategic metals producers used in critical supply chains",broad_proxy,,critical_minerals,node_only_direct_mapping,node_only,-0.24945045238958974,t0_date=2025-02-25;alpha=0.00027738400610167595;beta=0.8671891844990455;ar_std=0.02157986102863716;standardized_car=-0.24945045238958974;significance_threshold=1.96;method=market_model;hit_rule=abs_standardized_car,REMX,2025-02-25,
-0.0007173198579194927,ETF,node_only_direct_mapping,0.9306003653414521,0.0004858716946243961,positive,2025-02-25,U.S. launches Section 232 investigation into copper import dependence,v3_20250225_copper_import_investigation,critical_minerals_trade_restriction,"{'date': '2025-02-24', 'asset_return': -0.006241421112271217, 'benchmark_return': -0.004550509402292402, 'expected_return': -0.004952025570182515, 'abnormal_return': -0.0012893955420887025};{'date': '2025-02-25', 'asset_return': -0.004915363255914351, 'benchmark_return': -0.004973286374205688, 'expected_return': -0.005345461974702971, 'abnormal_return': 0.00043009871878862006};{'date': '2025-02-26', 'asset_return': 0.001097710674938579, 'benchmark_return': 0.0005049020314549235, 'expected_return': -0.0002474578429858996, 'abnormal_return': 0.0013451685179244786}",False,"Ticker is an ETF, fund, or basket used as broad proxy exposure for the critical_minerals node: Broad metals and mining producer ETF with critical materials exposure",broad_proxy,,critical_minerals,node_only_direct_mapping,node_only,0.021570098548938994,t0_date=2025-02-25;alpha=-0.0007173198579194927;beta=0.9306003653414521;ar_std=0.013004954661962501;standardized_car=0.021570098548938994;significance_threshold=1.96;method=market_model;hit_rule=abs_standardized_car,PICK,2025-02-25,
0.0055437249209722705,Stock,node_only_direct_mapping,1.4716600304540508,-0.024933755796669434,negative,2025-02-25,U.S. launches Section 232 investigation into copper import dependence,v3_20250225_copper_import_investigation,critical_minerals_trade_restriction,"{'date': '2025-02-24', 'asset_return': -0.0012345177052978107, 'benchmark_return': -0.004550509402292402, 'expected_return': -0.0011530778845868107, 'abnormal_return': -8.143982071100002e-05};{'date': '2025-02-25', 'asset_return': -0.029254263635342004, 'benchmark_return': -0.004973286374205688, 'expected_return': -0.001775261855947988, 'abnormal_return': -0.027479001779394018};{'date': '2025-02-26', 'asset_return': 0.00891345486339512, 'benchmark_return': 0.0005049020314549235, 'expected_return': 0.006286769059959535, 'abnormal_return': 0.0026266858034355856}",False,Core operations or products are directly tied to the rare_earths node: Rare earth mining and processing company exposed to magnet materials supply chains,direct_exposure,,rare_earths,node_only_direct_mapping,node_only,-0.3859427807674741,t0_date=2025-02-25;alpha=0.0055437249209722705;beta=1.4716600304540508;ar_std=0.03729959812304045;standardized_car=-0.3859427807674741;significance_threshold=1.96;method=market_model;hit_rule=abs_standardized_car,MP,2025-02-25,
0.00035140218847760365,ADR,node_only_direct_mapping,0.6821656613627247,-0.02474985667683055,negative,2025-02-25,U.S. launches Section 232 investigation into copper import dependence,v3_20250225_copper_import_investigation,critical_minerals_trade_restriction,"{'date': '2025-02-24', 'asset_return': -0.006880781855428064, 'benchmark_return': -0.004550509402292402, 'expected_return': -0.00275279906747449, 'abnormal_return': -0.0041279827879535744};{'date': '2025-02-25', 'asset_return': 0.004618933320764462, 'benchmark_return': -0.004973286374205688, 'expected_return': -0.003041203000128647, 'abnormal_return': 0.007660136320893109};{'date': '2025-02-26', 'asset_return': -0.02758618119308165, 'benchmark_return': 0.0005049020314549235, 'expected_return': 0.0006958290166884347, 'abnormal_return': -0.028282010209770083}",False,Core operations or products are directly tied to the rare_earths node: Rare earth producer with exposure to non-China rare earth supply chains,direct_exposure,,rare_earths,node_only_direct_mapping,node_only,-0.6231245583543594,t0_date=2025-02-25;alpha=0.00035140218847760365;beta=0.6821656613627247;ar_std=0.02293174971711947;standardized_car=-0.6231245583543594;significance_threshold=1.96;method=market_model;hit_rule=abs_standardized_car,LYSDY,2025-02-25,
0.000984775677695723,Stock,node_only_direct_mapping,0.7978607792979087,0.012073266443137769,positive,2025-02-25,U.S. launches Section 232 investigation into copper import dependence,v3_20250225_copper_import_investigation,critical_minerals_trade_restriction,"{'date': '2025-02-24', 'asset_return': -0.00845415683249795, 'benchmark_return': -0.004550509402292402, 'expected_return': -0.002645897300219753, 'abnormal_return': -0.005808259532278197};{'date': '2025-02-25', 'asset_return': -0.014616271467021269, 'benchmark_return': -0.004973286374205688, 'expected_return': -0.002983214464499698, 'abnormal_return': -0.011633057002521572};{'date': '2025-02-26', 'asset_return': 0.030902200183918982, 'benchmark_return': 0.0005049020314549235, 'expected_return': 0.0013876172059814453, 'abnormal_return': 0.029514582977937538}",False,"Specialty materials operations are exposed to engineered and rare-earth material supply chains, but the bundled gallium, germanium, and graphite node is narrower than the company's broader materials business.",related_exposure,,gallium_germanium_graphite,node_only_direct_mapping,node_only,0.29345980744696065,t0_date=2025-02-25;alpha=0.000984775677695723;beta=0.7978607792979087;ar_std=0.023752839244275393;standardized_car=0.29345980744696065;significance_threshold=1.96;method=market_model;hit_rule=abs_standardized_car,NEO.TO,2025-02-25,
0.004131931296122703,Stock,node_only_direct_mapping,-0.5392756768972566,-0.0793342960055805,negative,2025-02-25,U.S. launches Section 232 investigation into copper import dependence,v3_20250225_copper_import_investigation,critical_minerals_trade_restriction,"{'date': '2025-02-24', 'asset_return': -0.020408204226431526, 'benchmark_return': -0.004550509402292402, 'expected_return': 0.006585910334271269, 'abnormal_return': -0.026994114560702796};{'date': '2025-02-25', 'asset_return': 0.0, 'benchmark_return': -0.004973286374205688, 'expected_return': 0.006813903671976379, 'abnormal_return': -0.006813903671976379};{'date': '2025-02-26', 'asset_return': -0.04166662786155828, 'benchmark_return': 0.0005049020314549235, 'expected_return': 0.003859649911343049, 'abnormal_return': -0.04552627777290133}",False,"Graphite production links the company to part of this node, but the bundled gallium, germanium, and graphite node is only partly specific to its core operations.",related_exposure,,gallium_germanium_graphite,node_only_direct_mapping,node_only,-0.7361827595782283,t0_date=2025-02-25;alpha=0.004131931296122703;beta=-0.5392756768972566;ar_std=0.062217807411074216;standardized_car=-0.7361827595782283;significance_threshold=1.96;method=market_model;hit_rule=abs_standardized_car,SYR.AX,2025-02-25,
0.0001777137112669267,Stock,node_only_direct_mapping,0.14854775563520212,0.033622273489457455,positive,2024-06-24,EU sanctions package bans Russian LNG transshipment services through EU territory,v3_20240624_eu_russian_lng_transshipment_ban,energy_sanctions,"{'date': '2024-06-21', 'asset_return': 0.015908418002154923, 'benchmark_return': -0.0013407223559952497, 'expected_return': -2.144758564610812e-05, 'abnormal_return': 0.01592986558780103};{'date': '2024-06-24', 'asset_return': 0.01238158622597152, 'benchmark_return': -0.0032505104166534737, 'expected_return': -0.0003051423157957925, 'abnormal_return': 0.012686728541767311};{'date': '2024-06-25', 'asset_return': 0.005755431000994626, 'benchmark_return': 0.0038508688831582205, 'expected_return': 0.0007497516411055177, 'abnormal_return': 0.005005679359889109}",False,Core operations or products are directly tied to the lng_shipping node: LNG carrier owner exposed to seaborne LNG transportation,direct_exposure,,lng_shipping,node_only_direct_mapping,node_only,1.4616978966766994,t0_date=2024-06-24;alpha=0.0001777137112669267;beta=0.14854775563520212;ar_std=0.01328032878342372;standardized_car=1.4616978966766994;significance_threshold=1.96;method=market_model;hit_rule=abs_standardized_car,FLNG,2024-06-24,
-0.0005346146509490347,Stock,node_only_direct_mapping,0.09985132979974454,0.03704053229151162,positive,2024-06-24,EU sanctions package bans Russian LNG transshipment services through EU territory,v3_20240624_eu_russian_lng_transshipment_ban,energy_sanctions,"{'date': '2024-06-21', 'asset_return': 0.00603929173181128, 'benchmark_return': -0.0013407223559952497, 'expected_return': -0.0006684875610874068, 'abnormal_return': 0.006707779292898688};{'date': '2024-06-24', 'asset_return': 0.006305933688396825, 'benchmark_return': -0.0032505104166534737, 'expected_return': -0.0008591824385798057, 'abnormal_return': 0.0071651161269766315};{'date': '2024-06-25', 'asset_return': 0.023017536599555077, 'benchmark_return': 0.0038508688831582205, 'expected_return': -0.0001501002720812293, 'abnormal_return': 0.023167636871636307}",False,"LNG export and liquefaction operations are tied to global LNG trade, but seaborne LNG shipping is a downstream transport linkage rather than the company's primary operating activity.",related_exposure,,lng_shipping,node_only_direct_mapping,node_only,1.94895202687032,t0_date=2024-06-24;alpha=-0.0005346146509490347;beta=0.09985132979974454;ar_std=0.01097274894127202;standardized_car=1.94895202687032;significance_threshold=1.96;method=market_model;hit_rule=abs_standardized_car,LNG,2024-06-24,
0.0004185288431296306,ETF,node_only_direct_mapping,0.4579770887533283,0.02083841566831659,positive,2024-06-24,EU sanctions package bans Russian LNG transshipment services through EU territory,v3_20240624_eu_russian_lng_transshipment_ban,energy_sanctions,"{'date': '2024-06-21', 'asset_return': -0.005760435156649812, 'benchmark_return': -0.0013407223559952497, 'expected_return': -0.00019549127829557734, 'abnormal_return': -0.005564943878354235};{'date': '2024-06-24', 'asset_return': 0.025214761259192864, 'benchmark_return': -0.0032505104166534737, 'expected_return': -0.0010701304544516955, 'abnormal_return': 0.026284891713644558};{'date': '2024-06-25', 'asset_return': 0.0023006063964354784, 'benchmark_return': 0.0038508688831582205, 'expected_return': 0.0021821385634092135, 'abnormal_return': 0.00011846783302626486}",False,"Ticker is an ETF, fund, or basket used as broad proxy exposure for the energy node: Broad ETF exposure to US energy companies",broad_proxy,,energy,node_only_direct_mapping,node_only,1.1996979753497052,t0_date=2024-06-24;alpha=0.0004185288431296306;beta=0.4579770887533283;ar_std=0.010028411435870691;standardized_car=1.1996979753497052;significance_threshold=1.96;method=market_model;hit_rule=abs_standardized_car,XLE,2024-06-24,
0.0009610191939971728,Stock,node_only_direct_mapping,0.2922736589383798,0.021072681086856573,positive,2024-06-24,EU sanctions package bans Russian LNG transshipment services through EU territory,v3_20240624_eu_russian_lng_transshipment_ban,energy_sanctions,"{'date': '2024-06-21', 'asset_return': -0.00877034752268746, 'benchmark_return': -0.0013407223559952497, 'expected_return': 0.0005691613653899562, 'abnormal_return': -0.009339508888077417};{'date': '2024-06-24', 'asset_return': 0.029703822385523493, 'benchmark_return': -0.0032505104166534737, 'expected_return': 1.0980621104544593e-05, 'abnormal_return': 0.02969284176441895};{'date': '2024-06-25', 'asset_return': 0.0028058749430848184, 'benchmark_return': 0.0038508688831582205, 'expected_return': 0.0020865267325697783, 'abnormal_return': 0.0007193482105150402}",False,Business has meaningful but diversified or indirect economic linkage to the energy node: Integrated energy producer with upstream and downstream exposure,related_exposure,,energy,node_only_direct_mapping,node_only,1.0728787973164209,t0_date=2024-06-24;alpha=0.0009610191939971728;beta=0.2922736589383798;ar_std=0.011339881194851877;standardized_car=1.0728787973164209;significance_threshold=1.96;method=market_model;hit_rule=abs_standardized_car,XOM,2024-06-24,
0.001108726194960408,Stock,node_only_direct_mapping,0.8179598758268646,0.006219687415799308,positive,2024-06-24,EU sanctions package bans Russian LNG transshipment services through EU territory,v3_20240624_eu_russian_lng_transshipment_ban,energy_sanctions,"{'date': '2024-06-21', 'asset_return': -0.014822665140693636, 'benchmark_return': -0.0013407223559952497, 'expected_return': 1.2069103132232323e-05, 'abnormal_return': -0.014834734243825868};{'date': '2024-06-24', 'asset_return': 0.003461909024206067, 'benchmark_return': -0.0032505104166534737, 'expected_return': -0.0015500609018193972, 'abnormal_return': 0.0050119699260254644};{'date': '2024-06-25', 'asset_return': 0.020301034162053755, 'benchmark_return': 0.0038508688831582205, 'expected_return': 0.004258582428454043, 'abnormal_return': 0.01604245173359971}",False,Core operations or products are directly tied to the refining node: Refiner exposed to crude supply and refined product margins,direct_exposure,,refining,node_only_direct_mapping,node_only,0.21727875065660207,t0_date=2024-06-24;alpha=0.001108726194960408;beta=0.8179598758268646;ar_std=0.016526872475727514;standardized_car=0.21727875065660207;significance_threshold=1.96;method=market_model;hit_rule=abs_standardized_car,VLO,2024-06-24,
0.000973195109902038,Stock,node_only_direct_mapping,0.6573563645556508,0.006407999690859059,positive,2024-06-24,EU sanctions package bans Russian LNG transshipment services through EU territory,v3_20240624_eu_russian_lng_transshipment_ban,energy_sanctions,"{'date': '2024-06-21', 'asset_return': -0.005700666823807765, 'benchmark_return': -0.0013407223559952497, 'expected_return': 9.186273608651364e-05, 'abnormal_return': -0.005792529559894279};{'date': '2024-06-24', 'asset_return': 0.007644590460342382, 'benchmark_return': -0.0032505104166534737, 'expected_return': -0.0011635486005395633, 'abnormal_return': 0.008808139060881945};{'date': '2024-06-25', 'asset_return': 0.006896978469186799, 'benchmark_return': 0.0038508688831582205, 'expected_return': 0.0035045882793154053, 'abnormal_return': 0.0033923901898713932}",False,Core operations or products are directly tied to the refining node: Refining and midstream operator exposed to fuel markets,direct_exposure,,refining,node_only_direct_mapping,node_only,0.20687850324229168,t0_date=2024-06-24;alpha=0.000973195109902038;beta=0.6573563645556508;ar_std=0.017883251708136896;standardized_car=0.20687850324229168;significance_threshold=1.96;method=market_model;hit_rule=abs_standardized_car,MPC,2024-06-24,
4.111885077096542e-05,Stock,node_only_direct_mapping,0.6639654228187147,-0.018751287570826905,negative,2024-06-24,EU sanctions package bans Russian LNG transshipment services through EU territory,v3_20240624_eu_russian_lng_transshipment_ban,energy_sanctions,"{'date': '2024-06-21', 'asset_return': -0.004058086469920674, 'benchmark_return': -0.0013407223559952497, 'expected_return': -0.0008490744352099239, 'abnormal_return': -0.0032090120347107506};{'date': '2024-06-24', 'asset_return': 0.01166868862471837, 'benchmark_return': -0.0032505104166534737, 'expected_return': -0.0021171076723989946, 'abnormal_return': 0.013785796297117365};{'date': '2024-06-25', 'asset_return': -0.026730109196236973, 'benchmark_return': 0.0038508688831582205, 'expected_return': 0.002597962636996545, 'abnormal_return': -0.029328071833233518}",False,Core operations or products are directly tied to the petrochemicals node: Commodity chemicals producer exposed to petrochemical feedstocks,direct_exposure,,petrochemicals,node_only_direct_mapping,node_only,-1.0215570531173874,t0_date=2024-06-24;alpha=4.111885077096542e-05;beta=0.6639654228187147;ar_std=0.010597607733833513;standardized_car=-1.0215570531173874;significance_threshold=1.96;method=market_model;hit_rule=abs_standardized_car,DOW,2024-06-24,
-5.769013579622289e-05,Stock,node_only_direct_mapping,0.523336418770117,0.005587089299211957,positive,2024-06-24,EU sanctions package bans Russian LNG transshipment services through EU territory,v3_20240624_eu_russian_lng_transshipment_ban,energy_sanctions,"{'date': '2024-06-21', 'asset_return': 0.0016832983281118707, 'benchmark_return': -0.0013407223559952497, 'expected_return': -0.0007593389721478108, 'abnormal_return': 0.002442637300259682};{'date': '2024-06-24', 'asset_return': 0.02426217403565012, 'benchmark_return': -0.0032505104166534737, 'expected_return': -0.0017588006164226129, 'abnormal_return': 0.02602097465207273};{'date': '2024-06-25', 'asset_return': -0.020918912858451377, 'benchmark_return': 0.0038508688831582205, 'expected_return': 0.0019576097946690805, 'abnormal_return': -0.022876522653120457}",False,Core operations or products are directly tied to the petrochemicals node: Petrochemical producer exposed to olefins polymers and feedstock costs,direct_exposure,,petrochemicals,node_only_direct_mapping,node_only,0.31298815030145777,t0_date=2024-06-24;alpha=-5.769013579622289e-05;beta=0.523336418770117;ar_std=0.01030616497071735;standardized_car=0.31298815030145777;significance_threshold=1.96;method=market_model;hit_rule=abs_standardized_car,LYB,2024-06-24,
-0.0008472323953712282,Stock,node_only_direct_mapping,0.7145715955677332,-0.028599550240793314,negative,2024-06-24,EU sanctions package bans Russian LNG transshipment services through EU territory,v3_20240624_eu_russian_lng_transshipment_ban,energy_sanctions,"{'date': '2024-06-21', 'asset_return': -0.017010485870768366, 'benchmark_return': -0.0013407223559952497, 'expected_return': -0.001805274508508084, 'abnormal_return': -0.015205211362260282};{'date': '2024-06-24', 'asset_return': 0.008345804760609754, 'benchmark_return': -0.0032505104166534737, 'expected_return': -0.0031699548102088384, 'abnormal_return': 0.011515759570818592};{'date': '2024-06-25', 'asset_return': -0.023005609322562348, 'benchmark_return': 0.0038508688831582205, 'expected_return': 0.0019044891267892762, 'abnormal_return': -0.024910098449351624}",False,Business has meaningful but diversified or indirect economic linkage to the manufacturing_inputs node: Equipment manufacturer exposed to agriculture and industrial input cycles,related_exposure,,manufacturing_inputs,node_only_direct_mapping,node_only,-1.3567904332575969,t0_date=2024-06-24;alpha=-0.0008472323953712282;beta=0.7145715955677332;ar_std=0.012169866197080804;standardized_car=-1.3567904332575969;significance_threshold=1.96;method=market_model;hit_rule=abs_standardized_car,DE,2024-06-24,
0.00040959092666910667,Stock,node_only_direct_mapping,1.3142228515264118,-0.005465203521468762,negative,2024-06-24,EU sanctions package bans Russian LNG transshipment services through EU territory,v3_20240624_eu_russian_lng_transshipment_ban,energy_sanctions,"{'date': '2024-06-21', 'asset_return': -0.003919471156713428, 'benchmark_return': -0.0013407223559952497, 'expected_return': -0.0013524170311321794, 'abnormal_return': -0.0025670541255812486};{'date': '2024-06-24', 'asset_return': 0.006588652802282713, 'benchmark_return': -0.0032505104166534737, 'expected_return': -0.003862304142021527, 'abnormal_return': 0.01045095694430424};{'date': '2024-06-25', 'asset_return': -0.00787861552904412, 'benchmark_return': 0.0038508688831582205, 'expected_return': 0.005470490811147632, 'abnormal_return': -0.013349106340191753}",False,Business has meaningful but diversified or indirect economic linkage to the manufacturing_inputs node: Heavy equipment manufacturer exposed to construction mining and infrastructure inputs,related_exposure,,manufacturing_inputs,node_only_direct_mapping,node_only,-0.23581092995738795,t0_date=2024-06-24;alpha=0.00040959092666910667;beta=1.3142228515264118;ar_std=0.013380790809256651;standardized_car=-0.23581092995738795;significance_threshold=1.96;method=market_model;hit_rule=abs_standardized_car,CAT,2024-06-24,
0.0010622908009515054,ETF,node_only_direct_mapping,0.28098318901948416,-0.005558996461258706,negative,2024-03-06,Houthi anti-ship missile strikes M/V True Confidence in Gulf of Aden,v3_20240306_true_confidence_attack,maritime_security_disruption,"{'date': '2024-03-05', 'asset_return': 0.0, 'benchmark_return': -0.009994253002292397, 'expected_return': -0.0017459262795001664, 'abnormal_return': 0.0017459262795001664};{'date': '2024-03-06', 'asset_return': -0.0012901873285897647, 'benchmark_return': 0.0050673158530389895, 'expected_return': 0.0024861213691073887, 'abnormal_return': -0.0037763086976971534};{'date': '2024-03-07', 'asset_return': 0.000322825623261469, 'benchmark_return': 0.009926390525727413, 'expected_return': 0.0038514396663231875, 'abnormal_return': -0.0035286140430617185}",False,"Ticker is an ETF, fund, or basket used as broad proxy exposure for the maritime_chokepoint node: Basket exposure to global shipping companies sensitive to maritime route disruptions",broad_proxy,,maritime_chokepoint,node_only_direct_mapping,node_only,-0.25525670010916773,t0_date=2024-03-06;alpha=0.0010622908009515054;beta=0.28098318901948416;ar_std=0.012573570456561035;standardized_car=-0.25525670010916773;significance_threshold=1.96;method=market_model;hit_rule=abs_standardized_car,BOAT,2024-03-06,
0.0013670979788567954,Stock,node_only_direct_mapping,1.032519602960272,-0.014394201188421118,negative,2024-03-06,Houthi anti-ship missile strikes M/V True Confidence in Gulf of Aden,v3_20240306_true_confidence_attack,maritime_security_disruption,"{'date': '2024-03-05', 'asset_return': -0.023928245952804295, 'benchmark_return': -0.009994253002292397, 'expected_return': -0.008952164162954655, 'abnormal_return': -0.01497608178984964};{'date': '2024-03-06', 'asset_return': 0.016469420164458404, 'benchmark_return': 0.0050673158530389895, 'expected_return': 0.006599200931510904, 'abnormal_return': 0.0098702192329475};{'date': '2024-03-07', 'asset_return': 0.002327952151790491, 'benchmark_return': 0.009926390525727413, 'expected_return': 0.011616290783309469, 'abnormal_return': -0.009288338631518978}",False,"Ocean transportation and logistics operations are materially route-dependent, but maritime chokepoints are route constraints rather than Matson's core node-specific business activity.",related_exposure,,maritime_chokepoint,node_only_direct_mapping,node_only,-0.49122756885999375,t0_date=2024-03-06;alpha=0.0013670979788567954;beta=1.032519602960272;ar_std=0.016917812553132912;standardized_car=-0.49122756885999375;significance_threshold=1.96;method=market_model;hit_rule=abs_standardized_car,MATX,2024-03-06,
0.000729942044020949,Stock,node_only_direct_mapping,0.22404467900606656,0.021104336370951694,positive,2024-03-06,Houthi anti-ship missile strikes M/V True Confidence in Gulf of Aden,v3_20240306_true_confidence_attack,maritime_security_disruption,"{'date': '2024-03-05', 'asset_return': -0.0018637989298557756, 'benchmark_return': -0.009994253002292397, 'expected_return': -0.001509217161783068, 'abnormal_return': -0.0003545817680727075};{'date': '2024-03-06', 'asset_return': 0.025998244289679784, 'benchmark_return': 0.0050673158530389895, 'expected_return': 0.001865247197737422, 'abnormal_return': 0.024132997091942363};{'date': '2024-03-07', 'asset_return': 0.00027981807012844584, 'benchmark_return': 0.009926390525727413, 'expected_return': 0.0029538970230464077, 'abnormal_return': -0.002674078952917962}",False,Core operations or products are directly tied to the container_shipping node: Containership owner with exposure to container vessel demand and charter markets,direct_exposure,,container_shipping,node_only_direct_mapping,node_only,0.8654870071705909,t0_date=2024-03-06;alpha=0.000729942044020949;beta=0.22404467900606656;ar_std=0.014078309880896617;standardized_car=0.8654870071705909;significance_threshold=1.96;method=market_model;hit_rule=abs_standardized_car,DAC,2024-03-06,
-0.001272528654242324,Stock,node_only_direct_mapping,-0.4594785964194358,-0.004472398709088259,negative,2024-03-06,Houthi anti-ship missile strikes M/V True Confidence in Gulf of Aden,v3_20240306_true_confidence_attack,maritime_security_disruption,"{'date': '2024-03-05', 'asset_return': -0.02987887598703065, 'benchmark_return': -0.009994253002292397, 'expected_return': 0.0033196166875117186, 'abnormal_return': -0.03319849267454237};{'date': '2024-03-06', 'asset_return': 0.01055353592904451, 'benchmark_return': 0.0050673158530389895, 'expected_return': -0.0036008518300106344, 'abnormal_return': 0.014154387759055146};{'date': '2024-03-07', 'asset_return': 0.008738213565884223, 'benchmark_return': 0.009926390525727413, 'expected_return': -0.005833492640514741, 'abnormal_return': 0.014571706206398964}",False,Core operations or products are directly tied to the container_shipping node: Global container shipping and integrated logistics operator,direct_exposure,,container_shipping,node_only_direct_mapping,node_only,-0.08518596176705324,t0_date=2024-03-06;alpha=-0.001272528654242324;beta=-0.4594785964194358;ar_std=0.030311808953645193;standardized_car=-0.08518596176705324;significance_threshold=1.96;method=market_model;hit_rule=abs_standardized_car,MAERSK-B.CO,2024-03-06,
-0.0015727105039926583,Stock,node_only_direct_mapping,1.184261038590876,0.012820441899579321,positive,2024-03-06,Houthi anti-ship missile strikes M/V True Confidence in Gulf of Aden,v3_20240306_true_confidence_attack,maritime_security_disruption,"{'date': '2024-03-05', 'asset_return': 0.007902199834765478, 'benchmark_return': -0.009994253002292397, 'expected_return': -0.013408514944427434, 'abnormal_return': 0.021310714779192913};{'date': '2024-03-06', 'asset_return': -0.0012865343697857634, 'benchmark_return': 0.0050673158530389895, 'expected_return': 0.004428314230995306, 'abnormal_return': -0.00571484860078107};{'date': '2024-03-07', 'asset_return': 0.0074073027706313965, 'benchmark_return': 0.009926390525727413, 'expected_return': 0.01018272704946392, 'abnormal_return': -0.0027754242788325233}",False,"Parcel and freight networks are materially affected by freight-route disruption, but freight routes are a broad network condition rather than a specific primary revenue activity.",related_exposure,,freight_routes,node_only_direct_mapping,node_only,0.504660762569757,t0_date=2024-03-06;alpha=-0.0015727105039926583;beta=1.184261038590876;ar_std=0.014667051870966388;standardized_car=0.504660762569757;significance_threshold=1.96;method=market_model;hit_rule=abs_standardized_car,FDX,2024-03-06,
-0.0018705723659900558,Stock,node_only_direct_mapping,1.0624264825866647,0.01894013503405275,positive,2024-03-06,Houthi anti-ship missile strikes M/V True Confidence in Gulf of Aden,v3_20240306_true_confidence_attack,maritime_security_disruption,"{'date': '2024-03-05', 'asset_return': -0.006308019131088249, 'benchmark_return': -0.009994253002292397, 'expected_return': -0.01248873142929678, 'abnormal_return': 0.0061807122982085305};{'date': '2024-03-06', 'asset_return': 0.019310646657149544, 'benchmark_return': 0.0050673158530389895, 'expected_return': 0.0035130781919098016, 'abnormal_return': 0.01579756846523974};{'date': '2024-03-07', 'asset_return': 0.005637342075644591, 'benchmark_return': 0.009926390525727413, 'expected_return': 0.008675487805040114, 'abnormal_return': -0.003038145729395522}",False,"Parcel and freight networks are materially affected by freight-route disruption, but freight routes are a broad cross-modal operating condition rather than a specific core business activity.",related_exposure,,freight_routes,node_only_direct_mapping,node_only,0.7852147472524781,t0_date=2024-03-06;alpha=-0.0018705723659900558;beta=1.0624264825866647;ar_std=0.013926243869795973;standardized_car=0.7852147472524781;significance_threshold=1.96;method=market_model;hit_rule=abs_standardized_car,UPS,2024-03-06,
0.0016140689888423736,Stock,node_only_direct_mapping,0.35696302702453286,-0.0043284920655292675,negative,2024-03-06,Houthi anti-ship missile strikes M/V True Confidence in Gulf of Aden,v3_20240306_true_confidence_attack,maritime_security_disruption,"{'date': '2024-03-05', 'asset_return': 0.0044309091818457436, 'benchmark_return': -0.009994253002292397, 'expected_return': -0.001953509815704946, 'abnormal_return': 0.006384418997550689};{'date': '2024-03-06', 'asset_return': 0.004772231440163921, 'benchmark_return': 0.0050673158530389895, 'expected_return': 0.0034229133946325745, 'abnormal_return': 0.0013493180455313464};{'date': '2024-03-07', 'asset_return': -0.006904805710277628, 'benchmark_return': 0.009926390525727413, 'expected_return': 0.005157423398333675, 'abnormal_return': -0.012062229108611303}",False,Business has meaningful but diversified or indirect economic linkage to the marine_insurance node: Commercial insurer with marine and specialty insurance exposure,related_exposure,,marine_insurance,node_only_direct_mapping,node_only,-0.2749989324176272,t0_date=2024-03-06;alpha=0.0016140689888423736;beta=0.35696302702453286;ar_std=0.009087511857767107;standardized_car=-0.2749989324176272;significance_threshold=1.96;method=market_model;hit_rule=abs_standardized_car,CB,2024-03-06,
0.002370312057298852,Stock,node_only_direct_mapping,0.3461264662382341,-0.002769755765202133,negative,2024-03-06,Houthi anti-ship missile strikes M/V True Confidence in Gulf of Aden,v3_20240306_true_confidence_attack,maritime_security_disruption,"{'date': '2024-03-05', 'asset_return': 0.000273784034591662, 'benchmark_return': -0.009994253002292397, 'expected_return': -0.001088963417075477, 'abnormal_return': 0.0013627474516671391};{'date': '2024-03-06', 'asset_return': 0.006799590474836359, 'benchmark_return': 0.0050673158530389895, 'expected_return': 0.00412424418682422, 'abnormal_return': 0.0026753462880121388};{'date': '2024-03-07', 'asset_return': -0.0010017509724118412, 'benchmark_return': 0.009926390525727413, 'expected_return': 0.005806098532469569, 'abnormal_return': -0.0068078495048814105}",False,Business has meaningful but diversified or indirect economic linkage to the marine_insurance node: Property casualty insurer with commercial insurance exposure,related_exposure,,marine_insurance,node_only_direct_mapping,node_only,-0.14404835307376807,t0_date=2024-03-06;alpha=0.002370312057298852;beta=0.3461264662382341;ar_std=0.011101267057250216;standardized_car=-0.14404835307376807;significance_threshold=1.96;method=market_model;hit_rule=abs_standardized_car,TRV,2024-03-06,
0.002901466648336986,Stock,node_only_direct_mapping,-0.09993836626636482,0.03325085309728702,positive,2024-03-06,Houthi anti-ship missile strikes M/V True Confidence in Gulf of Aden,v3_20240306_true_confidence_attack,maritime_security_disruption,"{'date': '2024-03-05', 'asset_return': 0.035017694273038025, 'benchmark_return': -0.009994253002292397, 'expected_return': 0.0039002759654388, 'abnormal_return': 0.031117418307599225};{'date': '2024-03-06', 'asset_return': -0.0017132587757074935, 'benchmark_return': 0.0050673158530389895, 'expected_return': 0.002395047380628619, 'abnormal_return': -0.004108306156336112};{'date': '2024-03-07', 'asset_return': 0.008151180342297781, 'benchmark_return': 0.009926390525727413, 'expected_return': 0.0019094393962738663, 'abnormal_return': 0.0062417409460239145}",False,Core operations or products are directly tied to the oil_shipping node: Crude tanker operator exposed to oil shipping routes and tanker rates,direct_exposure,,oil_shipping,node_only_direct_mapping,node_only,0.790908949008848,t0_date=2024-03-06;alpha=0.002901466648336986;beta=-0.09993836626636482;ar_std=0.024272565142373425;standardized_car=0.790908949008848;significance_threshold=1.96;method=market_model;hit_rule=abs_standardized_car,FRO,2024-03-06,
0.0015823783653032863,Stock,node_only_direct_mapping,0.08385778641760527,0.0059904925593635226,positive,2024-03-06,Houthi anti-ship missile strikes M/V True Confidence in Gulf of Aden,v3_20240306_true_confidence_attack,maritime_security_disruption,"{'date': '2024-03-05', 'asset_return': 0.02187767122627271, 'benchmark_return': -0.009994253002292397, 'expected_return': 0.0007442824316335402, 'abnormal_return': 0.02113338879463917};{'date': '2024-03-06', 'asset_return': -0.008920751891232759, 'benchmark_return': 0.0050673158530389895, 'expected_return': 0.002007312255817975, 'abnormal_return': -0.010928064147050734};{'date': '2024-03-07', 'asset_return': -0.0018000485863174376, 'benchmark_return': 0.009926390525727413, 'expected_return': 0.0024147835019074763, 'abnormal_return': -0.0042148320882249134}",False,Core operations or products are directly tied to the oil_shipping node: Crude oil tanker company exposed to VLCC market conditions,direct_exposure,,oil_shipping,node_only_direct_mapping,node_only,0.16015554621036276,t0_date=2024-03-06;alpha=0.0015823783653032863;beta=0.08385778641760527;ar_std=0.02159533387113629;standardized_car=0.16015554621036276;significance_threshold=1.96;method=market_model;hit_rule=abs_standardized_car,DHT,2024-03-06,
-0.0011325710002435523,Stock,node_only_direct_mapping,0.2394741109437097,0.02379447934142171,positive,2024-03-06,Houthi anti-ship missile strikes M/V True Confidence in Gulf of Aden,v3_20240306_true_confidence_attack,maritime_security_disruption,"{'date': '2024-03-05', 'asset_return': 0.003219205034973749, 'benchmark_return': -0.009994253002292397, 'expected_return': -0.0035259358525140255, 'abnormal_return': 0.006745140887487774};{'date': '2024-03-06', 'asset_return': 0.006418157441235861, 'benchmark_return': 0.0050673158530389895, 'expected_return': 8.091995853392567e-05, 'abnormal_return': 0.006337237482701936};{'date': '2024-03-07', 'asset_return': 0.011956643517017085, 'benchmark_return': 0.009926390525727413, 'expected_return': 0.0012445425457850833, 'abnormal_return': 0.010712100971232002}",False,Core operations or products are directly tied to the lng_shipping node: LNG carrier owner exposed to seaborne LNG transportation,direct_exposure,,lng_shipping,node_only_direct_mapping,node_only,1.002761436828574,t0_date=2024-03-06;alpha=-0.0011325710002435523;beta=0.2394741109437097;ar_std=0.013699917595998796;standardized_car=1.002761436828574;significance_threshold=1.96;method=market_model;hit_rule=abs_standardized_car,FLNG,2024-03-06,
-0.00024781490871711545,Stock,node_only_direct_mapping,0.4581285536703479,0.0045748404759275154,positive,2024-03-06,Houthi anti-ship missile strikes M/V True Confidence in Gulf of Aden,v3_20240306_true_confidence_attack,maritime_security_disruption,"{'date': '2024-03-05', 'asset_return': 0.0015657428329465262, 'benchmark_return': -0.009994253002292397, 'expected_return': -0.004826467581672863, 'abnormal_return': 0.006392210414619389};{'date': '2024-03-06', 'asset_return': 0.0012377948842621223, 'benchmark_return': 0.0050673158530389895, 'expected_return': 0.002073667174026462, 'abnormal_return': -0.0008358722897643398};{'date': '2024-03-07', 'asset_return': 0.0033182503770738947, 'benchmark_return': 0.009926390525727413, 'expected_return': 0.004299748026001428, 'abnormal_return': -0.0009814976489275337}",False,"LNG export and liquefaction operations are tied to global LNG trade, but seaborne LNG shipping is a downstream transport linkage rather than the company's primary operating activity.",related_exposure,,lng_shipping,node_only_direct_mapping,node_only,0.20386728012359503,t0_date=2024-03-06;alpha=-0.00024781490871711545;beta=0.4581285536703479;ar_std=0.012955906306667068;standardized_car=0.20386728012359503;significance_threshold=1.96;method=market_model;hit_rule=abs_standardized_car,LNG,2024-03-06,
0.0007454739327746701,Stock,node_only_direct_mapping,0.20285827873496784,-0.011014207672867073,negative,2024-03-06,Houthi anti-ship missile strikes M/V True Confidence in Gulf of Aden,v3_20240306_true_confidence_attack,maritime_security_disruption,"{'date': '2024-03-05', 'asset_return': -0.01952966544277046, 'benchmark_return': -0.009994253002292397, 'expected_return': -0.0012819430285121503, 'abnormal_return': -0.01824772241425831};{'date': '2024-03-06', 'asset_return': 0.00934970287513015, 'benchmark_return': 0.0050673158530389895, 'expected_return': 0.0017734209045285748, 'abnormal_return': 0.0075762819706015755};{'date': '2024-03-07', 'asset_return': 0.0024163571996644873, 'benchmark_return': 0.009926390525727413, 'expected_return': 0.0027591244288748254, 'abnormal_return': -0.0003427672292103381}",False,Core operations or products are directly tied to the logistics node: Global freight forwarding and logistics company,direct_exposure,,logistics,node_only_direct_mapping,node_only,-0.47680286231641955,t0_date=2024-03-06;alpha=0.0007454739327746701;beta=0.20285827873496784;ar_std=0.013336865751909436;standardized_car=-0.47680286231641955;significance_threshold=1.96;method=market_model;hit_rule=abs_standardized_car,KNIN.SW,2024-03-06,
-0.00041538604695332855,Stock,node_only_direct_mapping,1.231693969015856,-0.0002071276180960202,negative,2024-03-06,Houthi anti-ship missile strikes M/V True Confidence in Gulf of Aden,v3_20240306_true_confidence_attack,maritime_security_disruption,"{'date': '2024-03-05', 'asset_return': -0.006307271701650907, 'benchmark_return': -0.009994253002292397, 'expected_return': -0.012725247194695486, 'abnormal_return': 0.0064179754930445785};{'date': '2024-03-06', 'asset_return': -0.0013491974759949343, 'benchmark_return': 0.0050673158530389895, 'expected_return': 0.005825996328333232, 'abnormal_return': -0.007175193804328166};{'date': '2024-03-07', 'asset_return': 0.012360979990868826, 'benchmark_return': 0.009926390525727413, 'expected_return': 0.011810889297681258, 'abnormal_return': 0.0005500906931875677}",False,Core operations or products are directly tied to the logistics node: Intermodal and trucking logistics provider exposed to freight demand,direct_exposure,,logistics,node_only_direct_mapping,node_only,-0.008313007836478125,t0_date=2024-03-06;alpha=-0.00041538604695332855;beta=1.231693969015856;ar_std=0.014385308953949757;standardized_car=-0.008313007836478125;significance_threshold=1.96;method=market_model;hit_rule=abs_standardized_car,JBHT,2024-03-06,
-0.0014591212863600267,ETF,node_only_direct_mapping,0.6630407018876519,0.0024336352422773596,positive,2024-12-03,U.S. sanctions Iranian shadow-fleet petroleum transport entities and vessels,v3_20241203_iran_shadow_fleet_sanctions,sanctions_energy_shipping,"{'date': '2024-12-02', 'asset_return': 0.0014975678225719324, 'benchmark_return': 0.0017923271897524184, 'expected_return': -0.0002707354084542607, 'abnormal_return': 0.0017683032310261931};{'date': '2024-12-03', 'asset_return': 0.010695490404950325, 'benchmark_return': 0.0004637390430815014, 'expected_return': -0.00115164342574256, 'abnormal_return': 0.011847133830692885};{'date': '2024-12-04', 'asset_return': -0.008523696438660133, 'benchmark_return': 0.006209613761900323, 'expected_return': 0.002658105380781586, 'abnormal_return': -0.01118180181944172}",False,"Ticker is an ETF, fund, or basket used as broad proxy exposure for the maritime_chokepoint node: Basket exposure to global shipping companies sensitive to maritime route disruptions",broad_proxy,,maritime_chokepoint,node_only_direct_mapping,node_only,0.09214319589371105,t0_date=2024-12-03;alpha=-0.0014591212863600267;beta=0.6630407018876519;ar_std=0.015248656708835642;standardized_car=0.09214319589371105;significance_threshold=1.96;method=market_model;hit_rule=abs_standardized_car,BOAT,2024-12-03,
0.00168881814008749,Stock,node_only_direct_mapping,0.49588777224204983,-0.01148545391011721,negative,2024-12-03,U.S. sanctions Iranian shadow-fleet petroleum transport entities and vessels,v3_20241203_iran_shadow_fleet_sanctions,sanctions_energy_shipping,"{'date': '2024-12-02', 'asset_return': 0.019192999974777747, 'benchmark_return': 0.0017923271897524184, 'expected_return': 0.0025776112773426706, 'abnormal_return': 0.016615388697435077};{'date': '2024-12-03', 'asset_return': -0.025621492257249523, 'benchmark_return': 0.0004637390430815014, 'expected_return': 0.0019187806610628357, 'abnormal_return': -0.027540272918312358};{'date': '2024-12-04', 'asset_return': 0.0042075199857198875, 'benchmark_return': 0.006209613761900323, 'expected_return': 0.004768089674959816, 'abnormal_return': -0.0005605696892399285}",False,"Ocean transportation and logistics operations are materially route-dependent, but maritime chokepoints are route constraints rather than Matson's core node-specific business activity.",related_exposure,,maritime_chokepoint,node_only_direct_mapping,node_only,-0.2867870150770245,t0_date=2024-12-03;alpha=0.00168881814008749;beta=0.49588777224204983;ar_std=0.023122141373765618;standardized_car=-0.2867870150770245;significance_threshold=1.96;method=market_model;hit_rule=abs_standardized_car,MATX,2024-12-03,
0.0006474376806422127,Stock,node_only_direct_mapping,0.2668556154870946,-0.018503431273935285,negative,2024-12-03,U.S. sanctions Iranian shadow-fleet petroleum transport entities and vessels,v3_20241203_iran_shadow_fleet_sanctions,sanctions_energy_shipping,"{'date': '2024-12-02', 'asset_return': 0.004086789947630676, 'benchmark_return': 0.0017923271897524184, 'expected_return': 0.001125730256017849, 'abnormal_return': 0.0029610596916128267};{'date': '2024-12-03', 'asset_return': -0.012624585428250845, 'benchmark_return': 0.0004637390430815014, 'expected_return': 0.000771189048409123, 'abnormal_return': -0.013395774476659968};{'date': '2024-12-04', 'asset_return': -0.005764208505876889, 'benchmark_return': 0.006209613761900323, 'expected_return': 0.002304507983011256, 'abnormal_return': -0.008068716488888145}",False,Business has meaningful but diversified or indirect economic linkage to the marine_insurance node: Commercial insurer with marine and specialty insurance exposure,related_exposure,,marine_insurance,node_only_direct_mapping,node_only,-0.9637493848316198,t0_date=2024-12-03;alpha=0.0006474376806422127;beta=0.2668556154870946;ar_std=0.011084791539249322;standardized_car=-0.9637493848316198;significance_threshold=1.96;method=market_model;hit_rule=abs_standardized_car,CB,2024-12-03,
0.00161778114192141,Stock,node_only_direct_mapping,0.4561820624408913,-0.024739506591843676,negative,2024-12-03,U.S. sanctions Iranian shadow-fleet petroleum transport entities and vessels,v3_20241203_iran_shadow_fleet_sanctions,sanctions_energy_shipping,"{'date': '2024-12-02', 'asset_return': -0.009509606178253027, 'benchmark_return': 0.0017923271897524184, 'expected_return': 0.002435408655911555, 'abnormal_return': -0.011945014834164581};{'date': '2024-12-03', 'asset_return': -0.011081144632907214, 'benchmark_return': 0.0004637390430815014, 'expected_return': 0.0018293305750286947, 'abnormal_return': -0.01291047520793591};{'date': '2024-12-04', 'asset_return': 0.004566479005043256, 'benchmark_return': 0.006209613761900323, 'expected_return': 0.004450495554786441, 'abnormal_return': 0.00011598345025681453}",False,Business has meaningful but diversified or indirect economic linkage to the marine_insurance node: Property casualty insurer with commercial insurance exposure,related_exposure,,marine_insurance,node_only_direct_mapping,node_only,-0.8806328467934134,t0_date=2024-12-03;alpha=0.00161778114192141;beta=0.4561820624408913;ar_std=0.016219427701826553;standardized_car=-0.8806328467934134;significance_threshold=1.96;method=market_model;hit_rule=abs_standardized_car,TRV,2024-12-03,
-0.0032897168834804358,Stock,node_only_direct_mapping,1.0296212397910565,0.006113931734359798,positive,2024-12-03,U.S. sanctions Iranian shadow-fleet petroleum transport entities and vessels,v3_20241203_iran_shadow_fleet_sanctions,sanctions_energy_shipping,"{'date': '2024-12-02', 'asset_return': -0.029048205486870593, 'benchmark_return': 0.0017923271897524184, 'expected_return': -0.0014442987402563305, 'abnormal_return': -0.02760390674661426};{'date': '2024-12-03', 'asset_return': 0.08784224703209431, 'benchmark_return': 0.0004637390430815014, 'expected_return': -0.002812241315003342, 'abnormal_return': 0.09065448834709765};{'date': '2024-12-04', 'asset_return': -0.0538328165294526, 'benchmark_return': 0.006209613761900323, 'expected_return': 0.003103833336670981, 'abnormal_return': -0.05693664986612358}",False,Core operations or products are directly tied to the oil_shipping node: Crude tanker operator exposed to oil shipping routes and tanker rates,direct_exposure,,oil_shipping,node_only_direct_mapping,node_only,0.14984288897736583,t0_date=2024-12-03;alpha=-0.0032897168834804358;beta=1.0296212397910565;ar_std=0.023557208198066865;standardized_car=0.14984288897736583;significance_threshold=1.96;method=market_model;hit_rule=abs_standardized_car,FRO,2024-12-03,
-0.0014040909253296612,Stock,node_only_direct_mapping,0.8197265670157925,0.029271545860799594,positive,2024-12-03,U.S. sanctions Iranian shadow-fleet petroleum transport entities and vessels,v3_20241203_iran_shadow_fleet_sanctions,sanctions_energy_shipping,"{'date': '2024-12-02', 'asset_return': -0.004246403815015398, 'benchmark_return': 0.0017923271897524184, 'expected_return': 6.512728889515162e-05, 'abnormal_return': -0.00431153110391055};{'date': '2024-12-03', 'asset_return': 0.0554369981190419, 'benchmark_return': 0.0004637390430815014, 'expected_return': -0.0010239517115532733, 'abnormal_return': 0.05646094983059517};{'date': '2024-12-04', 'asset_return': -0.019191778419678118, 'benchmark_return': 0.006209613761900323, 'expected_return': 0.0036860944462069117, 'abnormal_return': -0.02287787286588503}",False,Core operations or products are directly tied to the oil_shipping node: Crude oil tanker company exposed to VLCC market conditions,direct_exposure,,oil_shipping,node_only_direct_mapping,node_only,0.8622000452888429,t0_date=2024-12-03;alpha=-0.0014040909253296612;beta=0.8197265670157925;ar_std=0.019600944090263334;standardized_car=0.8622000452888429;significance_threshold=1.96;method=market_model;hit_rule=abs_standardized_car,DHT,2024-12-03,
-0.0010226505381332332,Stock,node_only_direct_mapping,0.742150059200962,-0.02929021027850089,negative,2024-12-03,U.S. sanctions Iranian shadow-fleet petroleum transport entities and vessels,v3_20241203_iran_shadow_fleet_sanctions,sanctions_energy_shipping,"{'date': '2024-12-02', 'asset_return': -0.024440825602971006, 'benchmark_return': 0.0017923271897524184, 'expected_return': 0.0003075251918490179, 'abnormal_return': -0.024748350794820025};{'date': '2024-12-03', 'asset_return': 0.007218852485280314, 'benchmark_return': 0.0004637390430815014, 'expected_return': -0.0006784865798564995, 'abnormal_return': 0.007897339065136812};{'date': '2024-12-04', 'asset_return': -0.008853383865941478, 'benchmark_return': 0.006209613761900323, 'expected_return': 0.0035858146828761997, 'abnormal_return': -0.012439198548817677}",False,Core operations or products are directly tied to the lng_shipping node: LNG carrier owner exposed to seaborne LNG transportation,direct_exposure,,lng_shipping,node_only_direct_mapping,node_only,-1.1434226363676068,t0_date=2024-12-03;alpha=-0.0010226505381332332;beta=0.742150059200962;ar_std=0.014789553968106413;standardized_car=-1.1434226363676068;significance_threshold=1.96;method=market_model;hit_rule=abs_standardized_car,FLNG,2024-12-03,
0.0025124009611187555,Stock,node_only_direct_mapping,0.26069744735397815,-0.011012093710003832,negative,2024-12-03,U.S. sanctions Iranian shadow-fleet petroleum transport entities and vessels,v3_20241203_iran_shadow_fleet_sanctions,sanctions_energy_shipping,"{'date': '2024-12-02', 'asset_return': -0.0064281646520446545, 'benchmark_return': 0.0017923271897524184, 'expected_return': 0.00297965608431034, 'abnormal_return': -0.009407820736354995};{'date': '2024-12-03', 'asset_return': 0.002426122717126722, 'benchmark_return': 0.0004637390430815014, 'expected_return': 0.002633296545888479, 'abnormal_return': -0.0002071738287617573};{'date': '2024-12-04', 'asset_return': 0.0027341322730132234, 'benchmark_return': 0.006209613761900323, 'expected_return': 0.004131231417900304, 'abnormal_return': -0.0013970991448870804}",False,"LNG export and liquefaction operations are tied to global LNG trade, but seaborne LNG shipping is a downstream transport linkage rather than the company's primary operating activity.",related_exposure,,lng_shipping,node_only_direct_mapping,node_only,-0.49176050919016895,t0_date=2024-12-03;alpha=0.0025124009611187555;beta=0.26069744735397815;ar_std=0.012928722719687636;standardized_car=-0.49176050919016895;significance_threshold=1.96;method=market_model;hit_rule=abs_standardized_car,LNG,2024-12-03,
0.00010035853362889945,ETF,node_only_direct_mapping,0.45338983225920265,-0.038942098779813625,negative,2024-12-03,U.S. sanctions Iranian shadow-fleet petroleum transport entities and vessels,v3_20241203_iran_shadow_fleet_sanctions,sanctions_energy_shipping,"{'date': '2024-12-02', 'asset_return': -0.010572707815835858, 'benchmark_return': 0.0017923271897524184, 'expected_return': 0.0009129814575443566, 'abnormal_return': -0.011485689273380215};{'date': '2024-12-03', 'asset_return': -0.00010565363787029547, 'benchmark_return': 0.0004637390430815014, 'expected_return': 0.0003106131005836645, 'abnormal_return': -0.00041626673845395997};{'date': '2024-12-04', 'asset_return': -0.024124408492448124, 'benchmark_return': 0.006209613761900323, 'expected_return': 0.002915734275531323, 'abnormal_return': -0.027040142767979447}",False,"Ticker is an ETF, fund, or basket used as broad proxy exposure for the energy node: Broad ETF exposure to US energy companies",broad_proxy,,energy,node_only_direct_mapping,node_only,-1.9313403646234517,t0_date=2024-12-03;alpha=0.00010035853362889945;beta=0.45338983225920265;ar_std=0.011641257866900064;standardized_car=-1.9313403646234517;significance_threshold=1.96;method=market_model;hit_rule=abs_standardized_car,XLE,2024-12-03,
0.0004110896576410259,Stock,node_only_direct_mapping,0.20221819579827727,-0.03421449238303907,negative,2024-12-03,U.S. sanctions Iranian shadow-fleet petroleum transport entities and vessels,v3_20241203_iran_shadow_fleet_sanctions,sanctions_energy_shipping,"{'date': '2024-12-02', 'asset_return': -0.000932568938950884, 'benchmark_return': 0.0017923271897524184, 'expected_return': 0.0007735308282329565, 'abnormal_return': -0.0017060997671838405};{'date': '2024-12-03', 'asset_return': -0.0015273226762658743, 'benchmark_return': 0.0004637390430815014, 'expected_return': 0.0005048661302541866, 'abnormal_return': -0.0020321888065200607};{'date': '2024-12-04', 'asset_return': -0.02880941726015851, 'benchmark_return': 0.006209613761900323, 'expected_return': 0.0016667865491766627, 'abnormal_return': -0.030476203809335172}",False,Business has meaningful but diversified or indirect economic linkage to the energy node: Integrated energy producer with upstream and downstream exposure,related_exposure,,energy,node_only_direct_mapping,node_only,-1.509417836037286,t0_date=2024-12-03;alpha=0.0004110896576410259;beta=0.20221819579827727;ar_std=0.01308699679831135;standardized_car=-1.509417836037286;significance_threshold=1.96;method=market_model;hit_rule=abs_standardized_car,XOM,2024-12-03,
-0.001162373136832536,Stock,node_only_direct_mapping,0.44752257363008024,-0.036465107683412615,negative,2024-12-03,U.S. sanctions Iranian shadow-fleet petroleum transport entities and vessels,v3_20241203_iran_shadow_fleet_sanctions,sanctions_energy_shipping,"{'date': '2024-12-02', 'asset_return': 0.007621433726233917, 'benchmark_return': 0.0017923271897524184, 'expected_return': -0.00036026626008736444, 'abnormal_return': 0.007981699986321282};{'date': '2024-12-03', 'asset_return': -0.01905250474360809, 'benchmark_return': 0.0004637390430815014, 'expected_return': -0.0009548394467799518, 'abnormal_return': -0.018097665296828137};{'date': '2024-12-04', 'asset_return': -0.024732573177763895, 'benchmark_return': 0.006209613761900323, 'expected_return': 0.0016165691951418612, 'abnormal_return': -0.026349142372905757}",False,Core operations or products are directly tied to the refining node: Refiner exposed to crude supply and refined product margins,direct_exposure,,refining,node_only_direct_mapping,node_only,-1.057950073945742,t0_date=2024-12-03;alpha=-0.001162373136832536;beta=0.44752257363008024;ar_std=0.01989993692096164;standardized_car=-1.057950073945742;significance_threshold=1.96;method=market_model;hit_rule=abs_standardized_car,VLO,2024-12-03,
-0.0011844995021581524,Stock,node_only_direct_mapping,0.486229822516925,-0.03742633433703864,negative,2024-12-03,U.S. sanctions Iranian shadow-fleet petroleum transport entities and vessels,v3_20241203_iran_shadow_fleet_sanctions,sanctions_energy_shipping,"{'date': '2024-12-02', 'asset_return': 0.008069245115337464, 'benchmark_return': 0.0017923271897524184, 'expected_return': -0.00031301657079257504, 'abnormal_return': 0.00838226168613004};{'date': '2024-12-03', 'asset_return': -0.012197614998294082, 'benchmark_return': 0.0004637390430815014, 'expected_return': -0.0009590157495464654, 'abnormal_return': -0.011238599248747616};{'date': '2024-12-04', 'asset_return': -0.032735196879231765, 'benchmark_return': 0.006209613761900323, 'expected_return': 0.0018347998951892968, 'abnormal_return': -0.03456999677442106}",False,Core operations or products are directly tied to the refining node: Refining and midstream operator exposed to fuel markets,direct_exposure,,refining,node_only_direct_mapping,node_only,-1.175116154496822,t0_date=2024-12-03;alpha=-0.0011844995021581524;beta=0.486229822516925;ar_std=0.01838805816904343;standardized_car=-1.175116154496822;significance_threshold=1.96;method=market_model;hit_rule=abs_standardized_car,MPC,2024-12-03,
0.0014352524788323153,Stock,node_only_direct_mapping,-0.04987354386722117,-0.020302403460069444,negative,2024-12-03,U.S. sanctions Iranian shadow-fleet petroleum transport entities and vessels,v3_20241203_iran_shadow_fleet_sanctions,sanctions_energy_shipping,"{'date': '2024-12-02', 'asset_return': -0.010967078522500895, 'benchmark_return': 0.0017923271897524184, 'expected_return': 0.0013458627701097847, 'abnormal_return': -0.01231294129261068};{'date': '2024-12-03', 'asset_return': -0.006418870229720208, 'benchmark_return': 0.0004637390430815014, 'expected_return': 0.001412124169324247, 'abnormal_return': -0.007830994399044455};{'date': '2024-12-04', 'asset_return': 0.0009670892660653685, 'benchmark_return': 0.006209613761900323, 'expected_return': 0.0011255570344796792, 'abnormal_return': -0.00015846776841431072}",False,Core operations or products are directly tied to the defense node: Defense contractor exposed to government security and defense spending priorities,direct_exposure,,defense,node_only_direct_mapping,node_only,-0.97099849962023,t0_date=2024-12-03;alpha=0.0014352524788323153;beta=-0.04987354386722117;ar_std=0.012071695381045338;standardized_car=-0.97099849962023;significance_threshold=1.96;method=market_model;hit_rule=abs_standardized_car,LMT,2024-12-03,
0.0002453184358277191,ETF,node_only_direct_mapping,0.8237778902386378,-0.009661736224909182,negative,2024-12-03,U.S. sanctions Iranian shadow-fleet petroleum transport entities and vessels,v3_20241203_iran_shadow_fleet_sanctions,sanctions_energy_shipping,"{'date': '2024-12-02', 'asset_return': -0.014141599582152775, 'benchmark_return': 0.0017923271897524184, 'expected_return': 0.0017217979468193128, 'abnormal_return': -0.01586339752897209};{'date': '2024-12-03', 'asset_return': 0.0002608283482004037, 'benchmark_return': 0.0004637390430815014, 'expected_return': 0.0006273364063586831, 'abnormal_return': -0.0003665080581582794};{'date': '2024-12-04', 'asset_return': 0.011928830322023964, 'benchmark_return': 0.006209613761900323, 'expected_return': 0.005360660959802778, 'abnormal_return': 0.006568169362221187}",False,"Ticker is an ETF, fund, or basket used as broad proxy exposure for the defense node: ETF exposure to US aerospace and defense companies",broad_proxy,,defense,node_only_direct_mapping,node_only,-0.6081688194811744,t0_date=2024-12-03;alpha=0.0002453184358277191;beta=0.8237778902386378;ar_std=0.009172134169997754;standardized_car=-0.6081688194811744;significance_threshold=1.96;method=market_model;hit_rule=abs_standardized_car,ITA,2024-12-03,
-0.0010495143699106241,Stock,node_only_direct_mapping,0.17686933349565162,-0.03437469343920714,negative,2024-02-23,U.S. sanctions Sovcomflot and tankers tied to Russian oil shipping,v3_20240223_sovcomflot_sanctions,shipping_sanctions,"{'date': '2024-02-22', 'asset_return': -0.020970842345286234, 'benchmark_return': 0.02069561746932158, 'expected_return': 0.0026109056981692483, 'abnormal_return': -0.023581748043455482};{'date': '2024-02-23', 'asset_return': 0.003966643970008121, 'benchmark_return': 0.0006895340549972762, 'expected_return': -0.0009275569411807019, 'abnormal_return': 0.004894200911188824};{'date': '2024-02-26', 'asset_return': -0.017384436756509025, 'benchmark_return': -0.003662455592811087, 'expected_return': -0.0016972904495685427, 'abnormal_return': -0.015687146306940482}",False,Core operations or products are directly tied to the lng_shipping node: LNG carrier owner exposed to seaborne LNG transportation,direct_exposure,,lng_shipping,node_only_direct_mapping,node_only,-1.4696707218793896,t0_date=2024-02-23;alpha=-0.0010495143699106241;beta=0.17686933349565162;ar_std=0.013503867373133813;standardized_car=-1.4696707218793896;significance_threshold=1.96;method=market_model;hit_rule=abs_standardized_car,FLNG,2024-02-23,
-0.0004763849959844596,Stock,node_only_direct_mapping,0.48854404748695757,-0.06597554442104943,negative,2024-02-23,U.S. sanctions Sovcomflot and tankers tied to Russian oil shipping,v3_20240223_sovcomflot_sanctions,shipping_sanctions,"{'date': '2024-02-22', 'asset_return': -0.041692044432843134, 'benchmark_return': 0.02069561746932158, 'expected_return': 0.009634335727719691, 'abnormal_return': -0.051326380160562825};{'date': '2024-02-23', 'asset_return': 0.00031728765736183107, 'benchmark_return': 0.0006895340549972762, 'expected_return': -0.00013951723787599595, 'abnormal_return': 0.000456804895237827};{'date': '2024-02-26', 'asset_return': -0.01737162503076206, 'benchmark_return': -0.003662455592811087, 'expected_return': -0.0022656558750376327, 'abnormal_return': -0.015105969155724428}",True,"LNG export and liquefaction operations are tied to global LNG trade, but seaborne LNG shipping is a downstream transport linkage rather than the company's primary operating activity.",related_exposure,,lng_shipping,node_only_direct_mapping,node_only,-2.917556643828069,t0_date=2024-02-23;alpha=-0.0004763849959844596;beta=0.48854404748695757;ar_std=0.013055787078548903;standardized_car=-2.917556643828069;significance_threshold=1.96;method=market_model;hit_rule=abs_standardized_car,LNG,2024-02-23,
-0.00047416287811712397,ETF,node_only_direct_mapping,0.414172290342532,-0.007278345849721788,negative,2024-02-23,U.S. sanctions Sovcomflot and tankers tied to Russian oil shipping,v3_20240223_sovcomflot_sanctions,shipping_sanctions,"{'date': '2024-02-22', 'asset_return': 0.0017366015668129897, 'benchmark_return': 0.02069561746932158, 'expected_return': 0.00809738840920471, 'abnormal_return': -0.006360786842391721};{'date': '2024-02-23', 'asset_return': -0.00658735953045575, 'benchmark_return': 0.0006895340549972762, 'expected_return': -0.00018857697928972866, 'abnormal_return': -0.006398782551166021};{'date': '2024-02-26', 'asset_return': 0.003490173044566447, 'benchmark_return': -0.003662455592811087, 'expected_return': -0.0019910504992695075, 'abnormal_return': 0.005481223543835954}",False,"Ticker is an ETF, fund, or basket used as broad proxy exposure for the energy node: Broad ETF exposure to US energy companies",broad_proxy,,energy,node_only_direct_mapping,node_only,-0.3571549546845899,t0_date=2024-02-23;alpha=-0.00047416287811712397;beta=0.414172290342532;ar_std=0.01176563528091909;standardized_car=-0.3571549546845899;significance_threshold=1.96;method=market_model;hit_rule=abs_standardized_car,XLE,2024-02-23,
-0.00026766808607247243,Stock,node_only_direct_mapping,0.22372901945693574,-0.008854163648869078,negative,2024-02-23,U.S. sanctions Sovcomflot and tankers tied to Russian oil shipping,v3_20240223_sovcomflot_sanctions,shipping_sanctions,"{'date': '2024-02-22', 'asset_return': -0.0008583793862988465, 'benchmark_return': 0.02069561746932158, 'expected_return': 0.004362542117394674, 'abnormal_return': -0.005220921503693521};{'date': '2024-02-23', 'asset_return': -0.00878199608481689, 'benchmark_return': 0.0006895340549972762, 'expected_return': -0.00011339930806576705, 'abnormal_return': -0.008668596776751122};{'date': '2024-02-26', 'asset_return': 0.003948288946918899, 'benchmark_return': -0.003662455592811087, 'expected_return': -0.0010870656846566672, 'abnormal_return': 0.005035354631575566}",False,Business has meaningful but diversified or indirect economic linkage to the energy node: Integrated energy producer with upstream and downstream exposure,related_exposure,,energy,node_only_direct_mapping,node_only,-0.37085417402813275,t0_date=2024-02-23;alpha=-0.00026766808607247243;beta=0.22372901945693574;ar_std=0.013784269192924798;standardized_car=-0.37085417402813275;significance_threshold=1.96;method=market_model;hit_rule=abs_standardized_car,XOM,2024-02-23,
0.0003029517967731116,Stock,node_only_direct_mapping,0.5600950649076304,0.04600974515090635,positive,2024-02-23,U.S. sanctions Sovcomflot and tankers tied to Russian oil shipping,v3_20240223_sovcomflot_sanctions,shipping_sanctions,"{'date': '2024-02-22', 'asset_return': 0.01917609015528976, 'benchmark_return': 0.02069561746932158, 'expected_return': 0.011894465006556273, 'abnormal_return': 0.007281625148733487};{'date': '2024-02-23', 'asset_return': 0.01287737619987972, 'benchmark_return': 0.0006895340549972762, 'expected_return': 0.0006891564180628326, 'abnormal_return': 0.012188219781816887};{'date': '2024-02-26', 'asset_return': 0.024791528714152244, 'benchmark_return': -0.003662455592811087, 'expected_return': -0.001748371506203728, 'abnormal_return': 0.02653990022035597}",False,Core operations or products are directly tied to the refining node: Refiner exposed to crude supply and refined product margins,direct_exposure,,refining,node_only_direct_mapping,node_only,1.597314568317531,t0_date=2024-02-23;alpha=0.0003029517967731116;beta=0.5600950649076304;ar_std=0.0166302488408415;standardized_car=1.597314568317531;significance_threshold=1.96;method=market_model;hit_rule=abs_standardized_car,VLO,2024-02-23,
0.0011472676249748397,Stock,node_only_direct_mapping,0.48439225260021496,0.025987011296290503,positive,2024-02-23,U.S. sanctions Sovcomflot and tankers tied to Russian oil shipping,v3_20240223_sovcomflot_sanctions,shipping_sanctions,"{'date': '2024-02-22', 'asset_return': 0.010237840171181789, 'benchmark_return': 0.02069561746932158, 'expected_return': 0.01117206438989188, 'abnormal_return': -0.0009342242187100908};{'date': '2024-02-23', 'asset_return': 0.01067063544035518, 'benchmark_return': 0.0006895340549972762, 'expected_return': 0.0014812725791195308, 'abnormal_return': 0.00918936286123565};{'date': '2024-02-26', 'asset_return': 0.017105075164089767, 'benchmark_return': -0.003662455592811087, 'expected_return': -0.0006267974896751783, 'abnormal_return': 0.017731872653764944}",False,Core operations or products are directly tied to the refining node: Refining and midstream operator exposed to fuel markets,direct_exposure,,refining,node_only_direct_mapping,node_only,0.9148790763388385,t0_date=2024-02-23;alpha=0.0011472676249748397;beta=0.48439225260021496;ar_std=0.01639955307250941;standardized_car=0.9148790763388385;significance_threshold=1.96;method=market_model;hit_rule=abs_standardized_car,MPC,2024-02-23,
-0.0006045526839356395,Stock,node_only_direct_mapping,0.8747724011147464,-0.007915962603101543,negative,2024-02-23,U.S. sanctions Sovcomflot and tankers tied to Russian oil shipping,v3_20240223_sovcomflot_sanctions,shipping_sanctions,"{'date': '2024-02-22', 'asset_return': 0.004484346545288398, 'benchmark_return': 0.02069561746932158, 'expected_return': 0.017499402302255093, 'abnormal_return': -0.013015055756966695};{'date': '2024-02-23', 'asset_return': 0.006964160550588794, 'benchmark_return': 0.0006895340549972762, 'expected_return': -1.3673229952846548e-06, 'abnormal_return': 0.006965527873584078};{'date': '2024-02-26', 'asset_return': -0.005674802476554053, 'benchmark_return': -0.003662455592811087, 'expected_return': -0.003808367756835126, 'abnormal_return': -0.001866434719718927}",False,Core operations or products are directly tied to the petrochemicals node: Commodity chemicals producer exposed to petrochemical feedstocks,direct_exposure,,petrochemicals,node_only_direct_mapping,node_only,-0.43297980954356474,t0_date=2024-02-23;alpha=-0.0006045526839356395;beta=0.8747724011147464;ar_std=0.010555418610889853;standardized_car=-0.43297980954356474;significance_threshold=1.96;method=market_model;hit_rule=abs_standardized_car,DOW,2024-02-23,
-0.0005615285029790015,Stock,node_only_direct_mapping,0.6619604580228599,0.00473510522907463,positive,2024-02-23,U.S. sanctions Sovcomflot and tankers tied to Russian oil shipping,v3_20240223_sovcomflot_sanctions,shipping_sanctions,"{'date': '2024-02-22', 'asset_return': 0.009344969596405628, 'benchmark_return': 0.02069561746932158, 'expected_return': 0.013138151916079012, 'abnormal_return': -0.003793182319673384};{'date': '2024-02-23', 'asset_return': 0.009970389784217382, 'benchmark_return': 0.0006895340549972762, 'expected_return': -0.00010508422411064473, 'abnormal_return': 0.010075474008328027};{'date': '2024-02-26', 'asset_return': -0.004533115744264626, 'benchmark_return': -0.003662455592811087, 'expected_return': -0.0029859292846846136, 'abnormal_return': -0.0015471864595800128}",False,Core operations or products are directly tied to the petrochemicals node: Petrochemical producer exposed to olefins polymers and feedstock costs,direct_exposure,,petrochemicals,node_only_direct_mapping,node_only,0.2682010122096176,t0_date=2024-02-23;alpha=-0.0005615285029790015;beta=0.6619604580228599;ar_std=0.01019315421714657;standardized_car=0.2682010122096176;significance_threshold=1.96;method=market_model;hit_rule=abs_standardized_car,LYB,2024-02-23,
-0.0017562706213019696,Stock,node_only_direct_mapping,1.019340513306505,0.0038860593555926455,positive,2024-02-23,U.S. sanctions Sovcomflot and tankers tied to Russian oil shipping,v3_20240223_sovcomflot_sanctions,shipping_sanctions,"{'date': '2024-02-22', 'asset_return': -0.001427387241533462, 'benchmark_return': 0.02069561746932158, 'expected_return': 0.019339610713071363, 'abnormal_return': -0.020766997954604825};{'date': '2024-02-23', 'asset_return': 0.02208639080861774, 'benchmark_return': 0.0006895340549972762, 'expected_return': -0.0010534006237387303, 'abnormal_return': 0.02313979143235647};{'date': '2024-02-26', 'asset_return': -0.003976294107399303, 'benchmark_return': -0.003662455592811087, 'expected_return': -0.005489559985240303, 'abnormal_return': 0.0015132658778410002}",False,Business has meaningful but diversified or indirect economic linkage to the manufacturing_inputs node: Equipment manufacturer exposed to agriculture and industrial input cycles,related_exposure,,manufacturing_inputs,node_only_direct_mapping,node_only,0.17492368953118792,t0_date=2024-02-23;alpha=-0.0017562706213019696;beta=1.019340513306505;ar_std=0.012826263961453048;standardized_car=0.17492368953118792;significance_threshold=1.96;method=market_model;hit_rule=abs_standardized_car,DE,2024-02-23,
8.137161600202205e-05,Stock,node_only_direct_mapping,1.2874227179955369,0.00273611814346008,positive,2024-02-23,U.S. sanctions Sovcomflot and tankers tied to Russian oil shipping,v3_20240223_sovcomflot_sanctions,shipping_sanctions,"{'date': '2024-02-22', 'asset_return': 0.015608124884082475, 'benchmark_return': 0.02069561746932158, 'expected_return': 0.026725379708951925, 'abnormal_return': -0.01111725482486945};{'date': '2024-02-23', 'asset_return': 0.00555750417201839, 'benchmark_return': 0.0006895340549972762, 'expected_return': 0.0009690934232370993, 'abnormal_return': 0.0045884107487812915};{'date': '2024-02-26', 'asset_return': 0.0046312053017154575, 'benchmark_return': -0.003662455592811087, 'expected_return': -0.004633756917832782, 'abnormal_return': 0.009264962219548239}",False,Business has meaningful but diversified or indirect economic linkage to the manufacturing_inputs node: Heavy equipment manufacturer exposed to construction mining and infrastructure inputs,related_exposure,,manufacturing_inputs,node_only_direct_mapping,node_only,0.1209870312002039,t0_date=2024-02-23;alpha=8.137161600202205e-05;beta=1.2874227179955369;ar_std=0.013056759315362338;standardized_car=0.1209870312002039;significance_threshold=1.96;method=market_model;hit_rule=abs_standardized_car,CAT,2024-02-23,
8.956076422678522e-05,Stock,node_only_direct_mapping,0.9628353771380865,0.010737586871361596,positive,2024-09-13,USTR finalizes China Section 301 tariff modifications after four-year review,v3_20240913_ustr_section301_tariffs_final,trade_policy_and_tariffs,"{'date': '2024-09-12', 'asset_return': 0.009170524076890452, 'benchmark_return': 0.008423348989226254, 'expected_return': 0.008199859165034165, 'abnormal_return': 0.0009706649118562862};{'date': '2024-09-13', 'asset_return': 0.003165178179153294, 'benchmark_return': 0.005222783247845975, 'expected_return': 0.005118241242377045, 'abnormal_return': -0.0019530630632237506};{'date': '2024-09-16', 'asset_return': 0.013231583223997978, 'benchmark_return': 0.0014769268670506985, 'expected_return': 0.0015115982012689172, 'abnormal_return': 0.01171998502272906}",False,Core operations or products are directly tied to the customs node: Logistics software provider with customs and trade compliance exposure,direct_exposure,,customs,node_only_direct_mapping,node_only,0.5274455565834297,t0_date=2024-09-13;alpha=8.956076422678522e-05;beta=0.9628353771380865;ar_std=0.01175353284002311;standardized_car=0.5274455565834297;significance_threshold=1.96;method=market_model;hit_rule=abs_standardized_car,DSGX,2024-09-13,
0.003076523094937955,Stock,node_only_direct_mapping,0.13570986001806531,-0.008846179753001848,negative,2024-09-13,USTR finalizes China Section 301 tariff modifications after four-year review,v3_20240913_ustr_section301_tariffs_final,trade_policy_and_tariffs,"{'date': '2024-09-12', 'asset_return': -0.006095853372521498, 'benchmark_return': 0.008423348989226254, 'expected_return': 0.0042196546071491614, 'abnormal_return': -0.010315507979670659};{'date': '2024-09-13', 'asset_return': 0.006133240708579457, 'benchmark_return': 0.005222783247845975, 'expected_return': 0.0037853062784078285, 'abnormal_return': 0.0023479344301716287};{'date': '2024-09-16', 'asset_return': 0.002398350429819507, 'benchmark_return': 0.0014769268670506985, 'expected_return': 0.003276956633322325, 'abnormal_return': -0.000878606203502818}",False,"Freight brokerage and logistics services are affected by customs flows, but customs is one operating component within broader logistics activity.",related_exposure,,customs,node_only_direct_mapping,node_only,-0.23302980020392838,t0_date=2024-09-13;alpha=0.003076523094937955;beta=0.13570986001806531;ar_std=0.021917129299454014;standardized_car=-0.23302980020392838;significance_threshold=1.96;method=market_model;hit_rule=abs_standardized_car,CHRW,2024-09-13,
-0.00021214966987373292,Stock,node_only_direct_mapping,0.6965528339185506,0.005804907741527697,positive,2024-09-13,USTR finalizes China Section 301 tariff modifications after four-year review,v3_20240913_ustr_section301_tariffs_final,trade_policy_and_tariffs,"{'date': '2024-09-12', 'asset_return': -0.004091756234481103, 'benchmark_return': 0.008423348989226254, 'expected_return': 0.005655157939656773, 'abnormal_return': -0.009746914174137877};{'date': '2024-09-13', 'asset_return': 0.01984487813646485, 'benchmark_return': 0.005222783247845975, 'expected_return': 0.0034257948023557125, 'abnormal_return': 0.016419083334109137};{'date': '2024-09-16', 'asset_return': -5.065349358268634e-05, 'benchmark_return': 0.0014769268670506985, 'expected_return': 0.0008166079248608776, 'abnormal_return': -0.0008672614184435639}",False,Business has meaningful but diversified or indirect economic linkage to the manufacturing_inputs node: Equipment manufacturer exposed to agriculture and industrial input cycles,related_exposure,,manufacturing_inputs,node_only_direct_mapping,node_only,0.24345505999208833,t0_date=2024-09-13;alpha=-0.00021214966987373292;beta=0.6965528339185506;ar_std=0.013766257506830512;standardized_car=0.24345505999208833;significance_threshold=1.96;method=market_model;hit_rule=abs_standardized_car,DE,2024-09-13,
-0.0003628921484844512,Stock,node_only_direct_mapping,1.0923263536043628,0.0227891446835767,positive,2024-09-13,USTR finalizes China Section 301 tariff modifications after four-year review,v3_20240913_ustr_section301_tariffs_final,trade_policy_and_tariffs,"{'date': '2024-09-12', 'asset_return': 0.013671758102264064, 'benchmark_return': 0.008423348989226254, 'expected_return': 0.008838153938054058, 'abnormal_return': 0.004833604164210007};{'date': '2024-09-13', 'asset_return': 0.01687380258923965, 'benchmark_return': 0.005222783247845975, 'expected_return': 0.005342091632301093, 'abnormal_return': 0.011531710956938557};{'date': '2024-09-16', 'asset_return': 0.00767422355316949, 'benchmark_return': 0.0014769268670506985, 'expected_return': 0.001250393990741354, 'abnormal_return': 0.006423829562428136}",False,Business has meaningful but diversified or indirect economic linkage to the manufacturing_inputs node: Heavy equipment manufacturer exposed to construction mining and infrastructure inputs,related_exposure,,manufacturing_inputs,node_only_direct_mapping,node_only,0.9953925397503179,t0_date=2024-09-13;alpha=-0.0003628921484844512;beta=1.0923263536043628;ar_std=0.013218221246629686;standardized_car=0.9953925397503179;significance_threshold=1.96;method=market_model;hit_rule=abs_standardized_car,CAT,2024-09-13,
-0.0027485972487087066,ETF,node_only_direct_mapping,1.1541283526334838,-0.009160557274105282,negative,2024-09-13,USTR finalizes China Section 301 tariff modifications after four-year review,v3_20240913_ustr_section301_tariffs_final,trade_policy_and_tariffs,"{'date': '2024-09-12', 'asset_return': 0.002048121839543171, 'benchmark_return': 0.008423348989226254, 'expected_return': 0.006973028643883911, 'abnormal_return': -0.00492490680434074};{'date': '2024-09-13', 'asset_return': -0.007664834854540947, 'benchmark_return': 0.005222783247845975, 'expected_return': 0.003279164977289524, 'abnormal_return': -0.010943999831830472};{'date': '2024-09-16', 'asset_return': 0.005664315285386579, 'benchmark_return': 0.0014769268670506985, 'expected_return': -0.0010440340766793516, 'abnormal_return': 0.00670834936206593}",False,"Ticker is an ETF, fund, or basket used as broad proxy exposure for the critical_minerals node: Basket exposure to rare earth and strategic metals producers used in critical supply chains",broad_proxy,,critical_minerals,node_only_direct_mapping,node_only,-0.3100574630486359,t0_date=2024-09-13;alpha=-0.0027485972487087066;beta=1.1541283526334838;ar_std=0.017057645238173335;standardized_car=-0.3100574630486359;significance_threshold=1.96;method=market_model;hit_rule=abs_standardized_car,REMX,2024-09-13,
-0.0007839492181802157,ETF,node_only_direct_mapping,0.8847451445408052,0.03302562185192727,positive,2024-09-13,USTR finalizes China Section 301 tariff modifications after four-year review,v3_20240913_ustr_section301_tariffs_final,trade_policy_and_tariffs,"{'date': '2024-09-12', 'asset_return': 0.018683929480028283, 'benchmark_return': 0.008423348989226254, 'expected_return': 0.006668567900810411, 'abnormal_return': 0.012015361579217872};{'date': '2024-09-13', 'asset_return': 0.016214965492135525, 'benchmark_return': 0.005222783247845975, 'expected_return': 0.0038368829013405675, 'abnormal_return': 0.012378082590794957};{'date': '2024-09-16', 'asset_return': 0.009154932338199195, 'benchmark_return': 0.0014769268670506985, 'expected_return': 0.0005227546562847533, 'abnormal_return': 0.008632177681914443}",False,"Ticker is an ETF, fund, or basket used as broad proxy exposure for the critical_minerals node: Broad metals and mining producer ETF with critical materials exposure",broad_proxy,,critical_minerals,node_only_direct_mapping,node_only,1.7798260300981055,t0_date=2024-09-13;alpha=-0.0007839492181802157;beta=0.8847451445408052;ar_std=0.010713042367019428;standardized_car=1.7798260300981055;significance_threshold=1.96;method=market_model;hit_rule=abs_standardized_car,PICK,2024-09-13,
-0.0021682253477381553,Stock,node_only_direct_mapping,1.8663999236742583,-0.009391157199356528,negative,2024-09-13,USTR finalizes China Section 301 tariff modifications after four-year review,v3_20240913_ustr_section301_tariffs_final,trade_policy_and_tariffs,"{'date': '2024-09-12', 'asset_return': -0.0036127305045956515, 'benchmark_return': 0.008423348989226254, 'expected_return': 0.013553112562835366, 'abnormal_return': -0.01716584306743102};{'date': '2024-09-13', 'asset_return': 0.0007251797613849753, 'benchmark_return': 0.005222783247845975, 'expected_return': 0.007579576907408767, 'abnormal_return': -0.006854397146023792};{'date': '2024-09-16', 'asset_return': 0.015217393858296013, 'benchmark_return': 0.0014769268670506985, 'expected_return': 0.0005883108441977298, 'abnormal_return': 0.014629083014098283}",False,Core operations or products are directly tied to the rare_earths node: Rare earth mining and processing company exposed to magnet materials supply chains,direct_exposure,,rare_earths,node_only_direct_mapping,node_only,-0.16635920464760073,t0_date=2024-09-13;alpha=-0.0021682253477381553;beta=1.8663999236742583;ar_std=0.03259204772309412;standardized_car=-0.16635920464760073;significance_threshold=1.96;method=market_model;hit_rule=abs_standardized_car,MP,2024-09-13,
0.0011094614531421702,ADR,node_only_direct_mapping,0.6649580171263009,-0.015320086454440943,negative,2024-09-13,USTR finalizes China Section 301 tariff modifications after four-year review,v3_20240913_ustr_section301_tariffs_final,trade_policy_and_tariffs,"{'date': '2024-09-12', 'asset_return': 0.01742917669859989, 'benchmark_return': 0.008423348989226254, 'expected_return': 0.00671063489458089, 'abnormal_return': 0.010718541804019};{'date': '2024-09-13', 'asset_return': -0.01070667878329945, 'benchmark_return': 0.005222783247845975, 'expected_return': 0.004582393045510291, 'abnormal_return': -0.015289071828809741};{'date': '2024-09-16', 'asset_return': -0.00865800061555344, 'benchmark_return': 0.0014769268670506985, 'expected_return': 0.0020915558140967624, 'abnormal_return': -0.010749556429650203}",False,Core operations or products are directly tied to the rare_earths node: Rare earth producer with exposure to non-China rare earth supply chains,direct_exposure,,rare_earths,node_only_direct_mapping,node_only,-0.4283021143835526,t0_date=2024-09-13;alpha=0.0011094614531421702;beta=0.6649580171263009;ar_std=0.020651441450879472;standardized_car=-0.4283021143835526;significance_threshold=1.96;method=market_model;hit_rule=abs_standardized_car,LYSDY,2024-09-13,
-1.4110429624409638e-05,Stock,node_only_direct_mapping,1.3198986615663326,-0.028850463614439888,negative,2024-09-13,USTR finalizes China Section 301 tariff modifications after four-year review,v3_20240913_ustr_section301_tariffs_final,trade_policy_and_tariffs,"{'date': '2024-09-12', 'asset_return': 0.003831380489953018, 'benchmark_return': 0.008423348989226254, 'expected_return': 0.011103856627161443, 'abnormal_return': -0.007272476137208425};{'date': '2024-09-13', 'asset_return': -0.006361304935501466, 'benchmark_return': 0.005222783247845975, 'expected_return': 0.006879434188858557, 'abnormal_return': -0.013240739124360024};{'date': '2024-09-16', 'asset_return': -0.006401964987444275, 'benchmark_return': 0.0014769268670506985, 'expected_return': 0.001935283365427164, 'abnormal_return': -0.008337248352871439}",False,"Specialty materials operations are exposed to engineered and rare-earth material supply chains, but the bundled gallium, germanium, and graphite node is narrower than the company's broader materials business.",related_exposure,,gallium_germanium_graphite,node_only_direct_mapping,node_only,-0.6090938755223433,t0_date=2024-09-13;alpha=-1.4110429624409638e-05;beta=1.3198986615663326;ar_std=0.027346889541054586;standardized_car=-0.6090938755223433;significance_threshold=1.96;method=market_model;hit_rule=abs_standardized_car,NEO.TO,2024-09-13,
-0.007283298477206956,Stock,node_only_direct_mapping,-0.03833799911466865,0.1479346862498973,positive,2024-09-13,USTR finalizes China Section 301 tariff modifications after four-year review,v3_20240913_ustr_section301_tariffs_final,trade_policy_and_tariffs,"{'date': '2024-09-12', 'asset_return': 0.12499995343387194, 'benchmark_return': 0.008423348989226254, 'expected_return': -0.007606232823298457, 'abnormal_return': 0.13260618625717038};{'date': '2024-09-13', 'asset_return': -0.02222220161814681, 'benchmark_return': 0.005222783247845975, 'expected_return': -0.0074835295367389814, 'abnormal_return': -0.014738672081407826};{'date': '2024-09-16', 'asset_return': 0.02272725117600638, 'benchmark_return': 0.0014769268670506985, 'expected_return': -0.007339920898128376, 'abnormal_return': 0.030067172074134757}",True,"Graphite production links the company to part of this node, but the bundled gallium, germanium, and graphite node is only partly specific to its core operations.",related_exposure,,gallium_germanium_graphite,node_only_direct_mapping,node_only,2.037379879605739,t0_date=2024-09-13;alpha=-0.007283298477206956;beta=-0.03833799911466865;ar_std=0.041921554141090805;standardized_car=2.037379879605739;significance_threshold=1.96;method=market_model;hit_rule=abs_standardized_car,SYR.AX,2024-09-13,
-0.001258339221591654,Stock,node_only_direct_mapping,0.923799212348462,0.0011970365076952654,positive,2025-07-30,U.S. imposes Section 232 tariffs on copper products,v3_20250730_copper_tariffs,critical_minerals_trade_restriction,"{'date': '2025-07-29', 'asset_return': -0.0022473814187845553, 'benchmark_return': -0.0026376616892719307, 'expected_return': -0.003695009012582777, 'abnormal_return': 0.0014476275937982215};{'date': '2025-07-30', 'asset_return': 0.001970897029169194, 'benchmark_return': -0.0012593696215839056, 'expected_return': -0.0024217438860664464, 'abnormal_return': 0.0043926409152356405};{'date': '2025-07-31', 'asset_return': -0.00936680385903288, 'benchmark_return': -0.003751066887460741, 'expected_return': -0.004723571857694283, 'abnormal_return': -0.0046432320013385965}",False,Core operations or products are directly tied to the customs node: Logistics software provider with customs and trade compliance exposure,direct_exposure,,customs,node_only_direct_mapping,node_only,0.040106423901735064,t0_date=2025-07-30;alpha=-0.001258339221591654;beta=0.923799212348462;ar_std=0.017231886633447085;standardized_car=0.040106423901735064;significance_threshold=1.96;method=market_model;hit_rule=abs_standardized_car,DSGX,2025-07-30,
-0.0006502966975902301,Stock,node_only_direct_mapping,0.736337178668439,0.15033942393348707,positive,2025-07-30,U.S. imposes Section 232 tariffs on copper products,v3_20250730_copper_tariffs,critical_minerals_trade_restriction,"{'date': '2025-07-29', 'asset_return': -0.016750358770443508, 'benchmark_return': -0.0026376616892719307, 'expected_return': -0.002592505064150552, 'abnormal_return': -0.014157853706292956};{'date': '2025-07-30', 'asset_return': -0.021445056052826095, 'benchmark_return': -0.0012593696215839056, 'expected_return': -0.001577617371648063, 'abnormal_return': -0.019867438681178032};{'date': '2025-07-31', 'asset_return': 0.18095236961445837, 'benchmark_return': -0.003751066887460741, 'expected_return': -0.0034123467064996753, 'abnormal_return': 0.18436471632095805}",True,"Freight brokerage and logistics services are affected by customs flows, but customs is one operating component within broader logistics activity.",related_exposure,,customs,node_only_direct_mapping,node_only,5.6157714726161645,t0_date=2025-07-30;alpha=-0.0006502966975902301;beta=0.736337178668439;ar_std=0.015456203533399134;standardized_car=5.6157714726161645;significance_threshold=1.96;method=market_model;hit_rule=abs_standardized_car,CHRW,2025-07-30,
0.0006255698319651663,Stock,node_only_direct_mapping,0.8007642109043109,0.031521364352544275,positive,2025-07-30,U.S. imposes Section 232 tariffs on copper products,v3_20250730_copper_tariffs,critical_minerals_trade_restriction,"{'date': '2025-07-29', 'asset_return': 0.0038193439305713728, 'benchmark_return': -0.0026376616892719307, 'expected_return': -0.001486575249277203, 'abnormal_return': 0.005305919179848576};{'date': '2025-07-30', 'asset_return': -0.009034092275946981, 'benchmark_return': -0.0012593696215839056, 'expected_return': -0.00038288828929933043, 'abnormal_return': -0.00865120398664765};{'date': '2025-07-31', 'asset_return': 0.03248849887512173, 'benchmark_return': -0.003751066887460741, 'expected_return': -0.0023781502842216235, 'abnormal_return': 0.03486664915934335}",False,Business has meaningful but diversified or indirect economic linkage to the manufacturing_inputs node: Equipment manufacturer exposed to agriculture and industrial input cycles,related_exposure,,manufacturing_inputs,node_only_direct_mapping,node_only,1.2820386783532918,t0_date=2025-07-30;alpha=0.0006255698319651663;beta=0.8007642109043109;ar_std=0.014195256743377788;standardized_car=1.2820386783532918;significance_threshold=1.96;method=market_model;hit_rule=abs_standardized_car,DE,2025-07-30,
5.183335228109124e-05,Stock,node_only_direct_mapping,1.0834423179125472,0.01990309150105901,positive,2025-07-30,U.S. imposes Section 232 tariffs on copper products,v3_20250730_copper_tariffs,critical_minerals_trade_restriction,"{'date': '2025-07-29', 'asset_return': -0.006675312460526328, 'benchmark_return': -0.0026376616892719307, 'expected_return': -0.0028059209422128142, 'abnormal_return': -0.003869391518313514};{'date': '2025-07-30', 'asset_return': 0.00946394646316917, 'benchmark_return': -0.0012593696215839056, 'expected_return': -0.001312620989636423, 'abnormal_return': 0.010776567452805594};{'date': '2025-07-31', 'asset_return': 0.008983684315652551, 'benchmark_return': -0.003751066887460741, 'expected_return': -0.0040122312509143785, 'abnormal_return': 0.012995915566566929}",False,Business has meaningful but diversified or indirect economic linkage to the manufacturing_inputs node: Heavy equipment manufacturer exposed to construction mining and infrastructure inputs,related_exposure,,manufacturing_inputs,node_only_direct_mapping,node_only,1.0029967655377758,t0_date=2025-07-30;alpha=5.183335228109124e-05;beta=1.0834423179125472;ar_std=0.011456722125799705;standardized_car=1.0029967655377758;significance_threshold=1.96;method=market_model;hit_rule=abs_standardized_car,CAT,2025-07-30,
0.0007558917730452118,ETF,node_only_direct_mapping,0.930501779643366,-0.07519229848752221,negative,2025-07-30,U.S. imposes Section 232 tariffs on copper products,v3_20250730_copper_tariffs,critical_minerals_trade_restriction,"{'date': '2025-07-29', 'asset_return': -0.02416641671065456, 'benchmark_return': -0.0026376616892719307, 'expected_return': -0.0016984571229194468, 'abnormal_return': -0.022467959587735113};{'date': '2025-07-30', 'asset_return': -0.02956418690600282, 'benchmark_return': -0.0012593696215839056, 'expected_return': -0.00041595390106740477, 'abnormal_return': -0.029148233004935416};{'date': '2025-07-31', 'asset_return': -0.02631058853614998, 'benchmark_return': -0.003751066887460741, 'expected_return': -0.0027344826412983095, 'abnormal_return': -0.023576105894851672}",True,"Ticker is an ETF, fund, or basket used as broad proxy exposure for the critical_minerals node: Basket exposure to rare earth and strategic metals producers used in critical supply chains",broad_proxy,,critical_minerals,node_only_direct_mapping,node_only,-2.3642861565928515,t0_date=2025-07-30;alpha=0.0007558917730452118;beta=0.930501779643366;ar_std=0.018361691816238795;standardized_car=-2.3642861565928515;significance_threshold=1.96;method=market_model;hit_rule=abs_standardized_car,REMX,2025-07-30,
0.00038852301466531675,ETF,node_only_direct_mapping,0.9027457388673902,-0.026277946713497577,negative,2025-07-30,U.S. imposes Section 232 tariffs on copper products,v3_20250730_copper_tariffs,critical_minerals_trade_restriction,"{'date': '2025-07-29', 'asset_return': -0.004036332015688537, 'benchmark_return': -0.0026376616892719307, 'expected_return': -0.0019926148358986808, 'abnormal_return': -0.0020437171797898566};{'date': '2025-07-30', 'asset_return': -0.022796319490345884, 'benchmark_return': -0.0012593696215839056, 'expected_return': -0.0007483675448785917, 'abnormal_return': -0.02204795194546729};{'date': '2025-07-31', 'asset_return': -0.005184014222436861, 'benchmark_return': -0.003751066887460741, 'expected_return': -0.0029977366341964315, 'abnormal_return': -0.00218627758824043}",False,"Ticker is an ETF, fund, or basket used as broad proxy exposure for the critical_minerals node: Broad metals and mining producer ETF with critical materials exposure",broad_proxy,,critical_minerals,node_only_direct_mapping,node_only,-1.261426048019636,t0_date=2025-07-30;alpha=0.00038852301466531675;beta=0.9027457388673902;ar_std=0.01202732386302546;standardized_car=-1.261426048019636;significance_threshold=1.96;method=market_model;hit_rule=abs_standardized_car,PICK,2025-07-30,
0.010387616416309446,Stock,node_only_direct_mapping,0.8798584493849746,-0.06401373525254087,negative,2025-07-30,U.S. imposes Section 232 tariffs on copper products,v3_20250730_copper_tariffs,critical_minerals_trade_restriction,"{'date': '2025-07-29', 'asset_return': -0.06005306897777063, 'benchmark_return': -0.0026376616892719307, 'expected_return': 0.008066847492384493, 'abnormal_return': -0.06811991647015513};{'date': '2025-07-30', 'asset_return': 0.00979090887855305, 'benchmark_return': -0.0012593696215839056, 'expected_return': 0.009279549413860088, 'abnormal_return': 0.0005113594646929624};{'date': '2025-07-31', 'asset_return': 0.010682030274090204, 'benchmark_return': -0.003751066887460741, 'expected_return': 0.007087208521168915, 'abnormal_return': 0.0035948217529212893}",False,Core operations or products are directly tied to the rare_earths node: Rare earth mining and processing company exposed to magnet materials supply chains,direct_exposure,,rare_earths,node_only_direct_mapping,node_only,-0.5266019600407132,t0_date=2025-07-30;alpha=0.010387616416309446;beta=0.8798584493849746;ar_std=0.07018269980808757;standardized_car=-0.5266019600407132;significance_threshold=1.96;method=market_model;hit_rule=abs_standardized_car,MP,2025-07-30,
0.004359924966191656,ADR,node_only_direct_mapping,0.4819492369926536,-0.03921288337568865,negative,2025-07-30,U.S. imposes Section 232 tariffs on copper products,v3_20250730_copper_tariffs,critical_minerals_trade_restriction,"{'date': '2025-07-29', 'asset_return': 0.0028288515475118903, 'benchmark_return': -0.0026376616892719307, 'expected_return': 0.003088705927602295, 'abnormal_return': -0.0002598543800904048};{'date': '2025-07-30', 'asset_return': -0.023977443248981323, 'benchmark_return': -0.0012593696215839056, 'expected_return': 0.0037529727379775656, 'abnormal_return': -0.027730415986958887};{'date': '2025-07-31', 'asset_return': -0.008670511866767816, 'benchmark_return': -0.003751066887460741, 'expected_return': 0.0025521011418715434, 'abnormal_return': -0.01122261300863936}",False,Core operations or products are directly tied to the rare_earths node: Rare earth producer with exposure to non-China rare earth supply chains,direct_exposure,,rare_earths,node_only_direct_mapping,node_only,-0.6724009893412588,t0_date=2025-07-30;alpha=0.004359924966191656;beta=0.4819492369926536;ar_std=0.033669743399448136;standardized_car=-0.6724009893412588;significance_threshold=1.96;method=market_model;hit_rule=abs_standardized_car,LYSDY,2025-07-30,
0.006309662192833981,Stock,node_only_direct_mapping,1.018000794899698,-0.0696315604507189,negative,2025-07-30,U.S. imposes Section 232 tariffs on copper products,v3_20250730_copper_tariffs,critical_minerals_trade_restriction,"{'date': '2025-07-29', 'asset_return': -0.04131238378531066, 'benchmark_return': -0.0026376616892719307, 'expected_return': 0.0036245204964786754, 'abnormal_return': -0.044936904281789335};{'date': '2025-07-30', 'asset_return': -0.011406747581815702, 'benchmark_return': -0.0012593696215839056, 'expected_return': 0.005027622916989033, 'abnormal_return': -0.016434370498804734};{'date': '2025-07-31', 'asset_return': -0.005769212550447822, 'benchmark_return': -0.003751066887460741, 'expected_return': 0.0024910731196770104, 'abnormal_return': -0.008260285670124833}",False,"Specialty materials operations are exposed to engineered and rare-earth material supply chains, but the bundled gallium, germanium, and graphite node is narrower than the company's broader materials business.",related_exposure,,gallium_germanium_graphite,node_only_direct_mapping,node_only,-1.1633500863405584,t0_date=2025-07-30;alpha=0.006309662192833981;beta=1.018000794899698;ar_std=0.03455692370022106;standardized_car=-1.1633500863405584;significance_threshold=1.96;method=market_model;hit_rule=abs_standardized_car,NEO.TO,2025-07-30,
0.0025185828954145443,Stock,node_only_direct_mapping,0.08010828728467916,0.006390130303208619,positive,2025-07-30,U.S. imposes Section 232 tariffs on copper products,v3_20250730_copper_tariffs,critical_minerals_trade_restriction,"{'date': '2025-07-29', 'asset_return': 0.01333320294180007, 'benchmark_return': -0.0026376616892719307, 'expected_return': 0.0023072843350505565, 'abnormal_return': 0.011025918606749514};{'date': '2025-07-30', 'asset_return': 0.0, 'benchmark_return': -0.0012593696215839056, 'expected_return': 0.002417696951971103, 'abnormal_return': -0.002417696951971103};{'date': '2025-07-31', 'asset_return': 0.0, 'benchmark_return': -0.003751066887460741, 'expected_return': 0.002218091351569792, 'abnormal_return': -0.002218091351569792}",False,"Graphite production links the company to part of this node, but the bundled gallium, germanium, and graphite node is only partly specific to its core operations.",related_exposure,,gallium_germanium_graphite,node_only_direct_mapping,node_only,0.07865068345764259,t0_date=2025-07-30;alpha=0.0025185828954145443;beta=0.08010828728467916;ar_std=0.04690796428617408;standardized_car=0.07865068345764259;significance_threshold=1.96;method=market_model;hit_rule=abs_standardized_car,SYR.AX,2025-07-30,
0.00034835423220607375,ETF,node_only_direct_mapping,0.7559846763466628,-0.014649301573320169,negative,2024-08-21,MV Sounion oil tanker attacked in the Red Sea,v3_20240821_sounion_tanker_attack,maritime_security_disruption,"{'date': '2024-08-20', 'asset_return': -0.018502033994750144, 'benchmark_return': -0.0016261720245489553, 'expected_return': -0.0008810068994565656, 'abnormal_return': -0.01762102709529358};{'date': '2024-08-21', 'asset_return': 0.005984245242815156, 'benchmark_return': 0.00343645955089511, 'expected_return': 0.0029462649935679116, 'abnormal_return': 0.0030379802492472444};{'date': '2024-08-22', 'asset_return': -0.005651257038859603, 'benchmark_return': -0.007848514301196041, 'expected_return': -0.00558500231158577, 'abnormal_return': -6.625472727383314e-05}",False,"Ticker is an ETF, fund, or basket used as broad proxy exposure for the maritime_chokepoint node: Basket exposure to global shipping companies sensitive to maritime route disruptions",broad_proxy,,maritime_chokepoint,node_only_direct_mapping,node_only,-0.6400588527603166,t0_date=2024-08-21;alpha=0.00034835423220607375;beta=0.7559846763466628;ar_std=0.013214063316711284;standardized_car=-0.6400588527603166;significance_threshold=1.96;method=market_model;hit_rule=abs_standardized_car,BOAT,2024-08-21,
0.0003742327304576959,Stock,node_only_direct_mapping,0.7832149541907568,-0.020322811395631538,negative,2024-08-21,MV Sounion oil tanker attacked in the Red Sea,v3_20240821_sounion_tanker_attack,maritime_security_disruption,"{'date': '2024-08-20', 'asset_return': -0.03664725159629134, 'benchmark_return': -0.0016261720245489553, 'expected_return': -0.0008994095172557044, 'abnormal_return': -0.035747842079035634};{'date': '2024-08-21', 'asset_return': 0.021541510449780032, 'benchmark_return': 0.00343645955089511, 'expected_return': 0.0030657192401903986, 'abnormal_return': 0.018475791209589636};{'date': '2024-08-22', 'asset_return': -0.0088236015646046, 'benchmark_return': -0.007848514301196041, 'expected_return': -0.005772841038419061, 'abnormal_return': -0.0030507605261855383}",False,"Ocean transportation and logistics operations are materially route-dependent, but maritime chokepoints are route constraints rather than Matson's core node-specific business activity.",related_exposure,,maritime_chokepoint,node_only_direct_mapping,node_only,-0.6495383927456486,t0_date=2024-08-21;alpha=0.0003742327304576959;beta=0.7832149541907568;ar_std=0.018064183366220992;standardized_car=-0.6495383927456486;significance_threshold=1.96;method=market_model;hit_rule=abs_standardized_car,MATX,2024-08-21,
0.0005436765370243805,Stock,node_only_direct_mapping,0.5989332229000458,-0.019737983786835705,negative,2024-08-21,MV Sounion oil tanker attacked in the Red Sea,v3_20240821_sounion_tanker_attack,maritime_security_disruption,"{'date': '2024-08-20', 'asset_return': -0.0038355964277286825, 'benchmark_return': -0.0016261720245489553, 'expected_return': -0.0004302919146286177, 'abnormal_return': -0.0034053045131000647};{'date': '2024-08-21', 'asset_return': -0.009024165716392196, 'benchmark_return': 0.00343645955089511, 'expected_return': 0.002601886331207633, 'abnormal_return': -0.011626052047599828};{'date': '2024-08-22', 'asset_return': -0.008863686654503877, 'benchmark_return': -0.007848514301196041, 'expected_return': -0.004157059428368065, 'abnormal_return': -0.004706627226135812}",False,Core operations or products are directly tied to the container_shipping node: Containership owner with exposure to container vessel demand and charter markets,direct_exposure,,container_shipping,node_only_direct_mapping,node_only,-0.7810854504573268,t0_date=2024-08-21;alpha=0.0005436765370243805;beta=0.5989332229000458;ar_std=0.014589607636293628;standardized_car=-0.7810854504573268;significance_threshold=1.96;method=market_model;hit_rule=abs_standardized_car,DAC,2024-08-21,
-0.0008668531308117134,Stock,node_only_direct_mapping,0.5110135714589652,-0.012165106708496291,negative,2024-08-21,MV Sounion oil tanker attacked in the Red Sea,v3_20240821_sounion_tanker_attack,maritime_security_disruption,"{'date': '2024-08-20', 'asset_return': -0.014272525304904415, 'benchmark_return': -0.0016261720245489553, 'expected_return': -0.001697849104883131, 'abnormal_return': -0.012574676200021284};{'date': '2024-08-21', 'asset_return': -0.014479179764487315, 'benchmark_return': 0.00343645955089511, 'expected_return': 0.0008892243374654684, 'abnormal_return': -0.015368404101952783};{'date': '2024-08-22', 'asset_return': 0.01090042313896511, 'benchmark_return': -0.007848514301196041, 'expected_return': -0.004877550454512667, 'abnormal_return': 0.015777973593477775}",False,Core operations or products are directly tied to the container_shipping node: Global container shipping and integrated logistics operator,direct_exposure,,container_shipping,node_only_direct_mapping,node_only,-0.25463047359930924,t0_date=2024-08-21;alpha=-0.0008668531308117134;beta=0.5110135714589652;ar_std=0.027583217097271698;standardized_car=-0.25463047359930924;significance_threshold=1.96;method=market_model;hit_rule=abs_standardized_car,MAERSK-B.CO,2024-08-21,
0.0013554492004059933,Stock,node_only_direct_mapping,0.5348829463047815,0.01937861652226409,positive,2024-08-21,MV Sounion oil tanker attacked in the Red Sea,v3_20240821_sounion_tanker_attack,maritime_security_disruption,"{'date': '2024-08-20', 'asset_return': 6.935986792888649e-05, 'benchmark_return': -0.0016261720245489553, 'expected_return': 0.00048563751671683666, 'abnormal_return': -0.0004162776487879502};{'date': '2024-08-21', 'asset_return': 0.010678148143360211, 'benchmark_return': 0.00343645955089511, 'expected_return': 0.0031935528098459764, 'abnormal_return': 0.007484595333514235};{'date': '2024-08-22', 'asset_return': 0.009467711584404848, 'benchmark_return': -0.007848514301196041, 'expected_return': -0.0028425872531329583, 'abnormal_return': 0.012310298837537806}",False,"Parcel and freight networks are materially affected by freight-route disruption, but freight routes are a broad network condition rather than a specific primary revenue activity.",related_exposure,,freight_routes,node_only_direct_mapping,node_only,0.5810277576192191,t0_date=2024-08-21;alpha=0.0013554492004059933;beta=0.5348829463047815;ar_std=0.019255963796800234;standardized_car=0.5810277576192191;significance_threshold=1.96;method=market_model;hit_rule=abs_standardized_car,FDX,2024-08-21,
-0.0012647245878445407,Stock,node_only_direct_mapping,0.5953652270565173,-0.009045350665872889,negative,2024-08-21,MV Sounion oil tanker attacked in the Red Sea,v3_20240821_sounion_tanker_attack,maritime_security_disruption,"{'date': '2024-08-20', 'asset_return': -0.0005428262882621882, 'benchmark_return': -0.0016261720245489553, 'expected_return': -0.002232890864473086, 'abnormal_return': 0.0016900645762108978};{'date': '2024-08-21', 'asset_return': -0.007603959653332271, 'benchmark_return': 0.00343645955089511, 'expected_return': 0.0007812239329446642, 'abnormal_return': -0.008385183586276934};{'date': '2024-08-22', 'asset_return': -0.008287688742639299, 'benchmark_return': -0.007848514301196041, 'expected_return': -0.005937457086832445, 'abnormal_return': -0.0023502316558068536}",False,"Parcel and freight networks are materially affected by freight-route disruption, but freight routes are a broad cross-modal operating condition rather than a specific core business activity.",related_exposure,,freight_routes,node_only_direct_mapping,node_only,-0.29587872358168804,t0_date=2024-08-21;alpha=-0.0012647245878445407;beta=0.5953652270565173;ar_std=0.017650257438718668;standardized_car=-0.29587872358168804;significance_threshold=1.96;method=market_model;hit_rule=abs_standardized_car,UPS,2024-08-21,
0.0006424507246069236,Stock,node_only_direct_mapping,0.19080682638636545,-0.005059889074957276,negative,2024-08-21,MV Sounion oil tanker attacked in the Red Sea,v3_20240821_sounion_tanker_attack,maritime_security_disruption,"{'date': '2024-08-20', 'asset_return': -0.007298421666229515, 'benchmark_return': -0.0016261720245489553, 'expected_return': 0.0003321660014444467, 'abnormal_return': -0.007630587667673962};{'date': '2024-08-21', 'asset_return': 0.00014692954973916095, 'benchmark_return': 0.00343645955089511, 'expected_return': 0.0012981506655183343, 'abnormal_return': -0.0011512211157791734};{'date': '2024-08-22', 'asset_return': 0.0028668203274435644, 'benchmark_return': -0.007848514301196041, 'expected_return': -0.0008550993810522958, 'abnormal_return': 0.0037219197084958603}",False,Business has meaningful but diversified or indirect economic linkage to the marine_insurance node: Commercial insurer with marine and specialty insurance exposure,related_exposure,,marine_insurance,node_only_direct_mapping,node_only,-0.2489714141666447,t0_date=2024-08-21;alpha=0.0006424507246069236;beta=0.19080682638636545;ar_std=0.011733589292869138;standardized_car=-0.2489714141666447;significance_threshold=1.96;method=market_model;hit_rule=abs_standardized_car,CB,2024-08-21,
-0.00022036266606650584,Stock,node_only_direct_mapping,0.3114997495291958,-0.002400177796348709,negative,2024-08-21,MV Sounion oil tanker attacked in the Red Sea,v3_20240821_sounion_tanker_attack,maritime_security_disruption,"{'date': '2024-08-20', 'asset_return': -0.00881473886310935, 'benchmark_return': -0.0016261720245489553, 'expected_return': -0.0007269148444048907, 'abnormal_return': -0.00808782401870446};{'date': '2024-08-21', 'asset_return': -0.0004608685887511621, 'benchmark_return': 0.00343645955089511, 'expected_return': 0.0008500936233045336, 'abnormal_return': -0.0013109622120556956};{'date': '2024-08-22', 'asset_return': 0.004333435529346064, 'benchmark_return': -0.007848514301196041, 'expected_return': -0.0026651729050653837, 'abnormal_return': 0.006998608434411448}",False,Business has meaningful but diversified or indirect economic linkage to the marine_insurance node: Property casualty insurer with commercial insurance exposure,related_exposure,,marine_insurance,node_only_direct_mapping,node_only,-0.09648797346351573,t0_date=2024-08-21;alpha=-0.00022036266606650584;beta=0.3114997495291958;ar_std=0.014361824039644387;standardized_car=-0.09648797346351573;significance_threshold=1.96;method=market_model;hit_rule=abs_standardized_car,TRV,2024-08-21,
8.41434029262567e-05,Stock,node_only_direct_mapping,0.9637805543479239,-0.045161398997685266,negative,2024-08-21,MV Sounion oil tanker attacked in the Red Sea,v3_20240821_sounion_tanker_attack,maritime_security_disruption,"{'date': '2024-08-20', 'asset_return': -0.02705923977087632, 'benchmark_return': -0.0016261720245489553, 'expected_return': -0.0014831295723586211, 'abnormal_return': -0.025576110198517698};{'date': '2024-08-21', 'asset_return': 0.002044893999049391, 'benchmark_return': 0.00343645955089511, 'expected_return': 0.0033961362938821635, 'abnormal_return': -0.0013512422948327727};{'date': '2024-08-22', 'asset_return': -0.025714148565422867, 'benchmark_return': -0.007848514301196041, 'expected_return': -0.007480102061088072, 'abnormal_return': -0.018234046504334796}",False,Core operations or products are directly tied to the oil_shipping node: Crude tanker operator exposed to oil shipping routes and tanker rates,direct_exposure,,oil_shipping,node_only_direct_mapping,node_only,-1.2522115595973986,t0_date=2024-08-21;alpha=8.41434029262567e-05;beta=0.9637805543479239;ar_std=0.02082231685888348;standardized_car=-1.2522115595973986;significance_threshold=1.96;method=market_model;hit_rule=abs_standardized_car,FRO,2024-08-21,
-7.241350254599252e-05,Stock,node_only_direct_mapping,0.6383405212118961,-0.03710339388709025,negative,2024-08-21,MV Sounion oil tanker attacked in the Red Sea,v3_20240821_sounion_tanker_attack,maritime_security_disruption,"{'date': '2024-08-20', 'asset_return': -0.016814138427951764, 'benchmark_return': -0.0016261720245489553, 'expected_return': -0.001110465000276777, 'abnormal_return': -0.015703673427674987};{'date': '2024-08-21', 'asset_return': -0.0027002614465543306, 'benchmark_return': 0.00343645955089511, 'expected_return': 0.0021212178782959905, 'abnormal_return': -0.004821479324850321};{'date': '2024-08-22', 'asset_return': -0.021660679346875433, 'benchmark_return': -0.007848514301196041, 'expected_return': -0.005082438212310494, 'abnormal_return': -0.01657824113456494}",False,Core operations or products are directly tied to the oil_shipping node: Crude oil tanker company exposed to VLCC market conditions,direct_exposure,,oil_shipping,node_only_direct_mapping,node_only,-1.3225705314647762,t0_date=2024-08-21;alpha=-7.241350254599252e-05;beta=0.6383405212118961;ar_std=0.0161969845380082;standardized_car=-1.3225705314647762;significance_threshold=1.96;method=market_model;hit_rule=abs_standardized_car,DHT,2024-08-21,
6.292769852978832e-05,Stock,node_only_direct_mapping,0.5592520170262859,-0.0225254745341796,negative,2024-08-21,MV Sounion oil tanker attacked in the Red Sea,v3_20240821_sounion_tanker_attack,maritime_security_disruption,"{'date': '2024-08-20', 'asset_return': -0.01976581398147903, 'benchmark_return': -0.0016261720245489553, 'expected_return': -0.0008465122862309338, 'abnormal_return': -0.018919301695248095};{'date': '2024-08-21', 'asset_return': 0.002987322298268147, 'benchmark_return': 0.00343645955089511, 'expected_return': 0.001984774633797123, 'abnormal_return': 0.0010025476644710237};{'date': '2024-08-22', 'asset_return': -0.008935090258476275, 'benchmark_return': -0.007848514301196041, 'expected_return': -0.004326369755073748, 'abnormal_return': -0.0046087205034025264}",False,Core operations or products are directly tied to the lng_shipping node: LNG carrier owner exposed to seaborne LNG transportation,direct_exposure,,lng_shipping,node_only_direct_mapping,node_only,-1.021155661008139,t0_date=2024-08-21;alpha=6.292769852978832e-05;beta=0.5592520170262859;ar_std=0.012735657532460174;standardized_car=-1.021155661008139;significance_threshold=1.96;method=market_model;hit_rule=abs_standardized_car,FLNG,2024-08-21,
0.0010040188239926718,Stock,node_only_direct_mapping,0.1923691002026404,-0.024413243973673872,negative,2024-08-21,MV Sounion oil tanker attacked in the Red Sea,v3_20240821_sounion_tanker_attack,maritime_security_disruption,"{'date': '2024-08-20', 'asset_return': -0.016228494859875986, 'benchmark_return': -0.0016261720245489553, 'expected_return': 0.0006911935748554832, 'abnormal_return': -0.01691968843473147};{'date': '2024-08-21', 'asset_return': -0.006664262107360042, 'benchmark_return': 0.00343645955089511, 'expected_return': 0.0016650874556811339, 'abnormal_return': -0.008329349563041176};{'date': '2024-08-22', 'asset_return': 0.0003300012140428077, 'benchmark_return': -0.007848514301196041, 'expected_return': -0.0005057928100559656, 'abnormal_return': 0.0008357940240987733}",False,"LNG export and liquefaction operations are tied to global LNG trade, but seaborne LNG shipping is a downstream transport linkage rather than the company's primary operating activity.",related_exposure,,lng_shipping,node_only_direct_mapping,node_only,-1.1379419362661096,t0_date=2024-08-21;alpha=0.0010040188239926718;beta=0.1923691002026404;ar_std=0.012386390316400538;standardized_car=-1.1379419362661096;significance_threshold=1.96;method=market_model;hit_rule=abs_standardized_car,LNG,2024-08-21,
-0.0009295211975081977,Stock,node_only_direct_mapping,0.24272667279153792,0.006997738462205418,positive,2024-08-21,MV Sounion oil tanker attacked in the Red Sea,v3_20240821_sounion_tanker_attack,maritime_security_disruption,"{'date': '2024-08-20', 'asset_return': -0.003488418598951215, 'benchmark_return': -0.0016261720245489553, 'expected_return': -0.0013242365224136448, 'abnormal_return': -0.0021641820765375703};{'date': '2024-08-21', 'asset_return': -0.0011668767542225567, 'benchmark_return': 0.00343645955089511, 'expected_return': -9.540080453672493e-05, 'abnormal_return': -0.0010714759496858318};{'date': '2024-08-22', 'asset_return': 0.007398831528234506, 'benchmark_return': -0.007848514301196041, 'expected_return': -0.002834564960194315, 'abnormal_return': 0.01023339648842882}",False,Core operations or products are directly tied to the logistics node: Global freight forwarding and logistics company,direct_exposure,,logistics,node_only_direct_mapping,node_only,0.21626297379198386,t0_date=2024-08-21;alpha=-0.0009295211975081977;beta=0.24272667279153792;ar_std=0.01868163613045929;standardized_car=0.21626297379198386;significance_threshold=1.96;method=market_model;hit_rule=abs_standardized_car,KNIN.SW,2024-08-21,
-0.0025722290176024305,Stock,node_only_direct_mapping,0.9177527967197083,0.0024257196807242493,positive,2024-08-21,MV Sounion oil tanker attacked in the Red Sea,v3_20240821_sounion_tanker_attack,maritime_security_disruption,"{'date': '2024-08-20', 'asset_return': -0.017679862994259943, 'benchmark_return': -0.0016261720245489553, 'expected_return': -0.004064652941079584, 'abnormal_return': -0.013615210053180359};{'date': '2024-08-21', 'asset_return': 0.018927113403976792, 'benchmark_return': 0.00343645955089511, 'expected_return': 0.0005815913460457097, 'abnormal_return': 0.018345522057931083};{'date': '2024-08-22', 'asset_return': -0.0120798172916462, 'benchmark_return': -0.007848514301196041, 'expected_return': -0.009775224967619725, 'abnormal_return': -0.002304592324026475}",False,Core operations or products are directly tied to the logistics node: Intermodal and trucking logistics provider exposed to freight demand,direct_exposure,,logistics,node_only_direct_mapping,node_only,0.08521942805800006,t0_date=2024-08-21;alpha=-0.0025722290176024305;beta=0.9177527967197083;ar_std=0.016433927597959818;standardized_car=0.08521942805800006;significance_threshold=1.96;method=market_model;hit_rule=abs_standardized_car,JBHT,2024-08-21,
-0.0017601667236338053,Stock,node_only_direct_mapping,0.6871810481108087,0.06424191842473537,positive,2025-01-10,U.S. sanctions Russian oil producers and shadow-fleet vessels,v3_20250110_us_russia_oil_sanctions,sanctions_energy_shipping,"{'date': '2025-01-08', 'asset_return': 0.006972899819628564, 'benchmark_return': 0.0014608004313110268, 'expected_return': -0.0007563323521647726, 'abnormal_return': 0.0077292321717933364};{'date': '2025-01-10', 'asset_return': 0.05743394794324641, 'benchmark_return': -0.015267324294868434, 'expected_return': -0.01225158263442911, 'abnormal_return': 0.06968553057767551};{'date': '2025-01-13', 'asset_return': -0.013867625582298593, 'benchmark_return': 0.001550370850589733, 'expected_return': -0.0006947812575651066, 'abnormal_return': -0.013172844324733486}",True,Core operations or products are directly tied to the lng_shipping node: LNG carrier owner exposed to seaborne LNG transportation,direct_exposure,,lng_shipping,node_only_direct_mapping,node_only,2.226254193564805,t0_date=2025-01-10;alpha=-0.0017601667236338053;beta=0.6871810481108087;ar_std=0.01666031174831306;standardized_car=2.226254193564805;significance_threshold=1.96;method=market_model;hit_rule=abs_standardized_car,FLNG,2025-01-10,
0.0014077827490782797,Stock,node_only_direct_mapping,0.3600361747467276,0.026576172555541042,positive,2025-01-10,U.S. sanctions Russian oil producers and shadow-fleet vessels,v3_20250110_us_russia_oil_sanctions,sanctions_energy_shipping,"{'date': '2025-01-08', 'asset_return': 0.007516486499212105, 'benchmark_return': 0.0014608004313110268, 'expected_return': 0.0019337237484358715, 'abnormal_return': 0.0055827627507762335};{'date': '2025-01-10', 'asset_return': 0.00013318970653863893, 'benchmark_return': -0.015267324294868434, 'expected_return': -0.004089006288663932, 'abnormal_return': 0.004222195995202571};{'date': '2025-01-13', 'asset_return': 0.018737186149125673, 'benchmark_return': 0.001550370850589733, 'expected_return': 0.0019659723395634376, 'abnormal_return': 0.016771213809562237}",False,"LNG export and liquefaction operations are tied to global LNG trade, but seaborne LNG shipping is a downstream transport linkage rather than the company's primary operating activity.",related_exposure,,lng_shipping,node_only_direct_mapping,node_only,1.189740880093016,t0_date=2025-01-10;alpha=0.0014077827490782797;beta=0.3600361747467276;ar_std=0.012896724518511933;standardized_car=1.189740880093016;significance_threshold=1.96;method=market_model;hit_rule=abs_standardized_car,LNG,2025-01-10,
-0.0008401147219259191,ETF,node_only_direct_mapping,0.5022367779788914,0.0348319988036431,positive,2025-01-10,U.S. sanctions Russian oil producers and shadow-fleet vessels,v3_20250110_us_russia_oil_sanctions,sanctions_energy_shipping,"{'date': '2025-01-08', 'asset_return': 0.0010234356772040876, 'benchmark_return': 0.0014608004313110268, 'expected_return': -0.00010644702003409414, 'abnormal_return': 0.0011298826972381817};{'date': '2025-01-10', 'asset_return': 0.004089557309961078, 'benchmark_return': -0.015267324294868434, 'expected_return': -0.008507926484139491, 'abnormal_return': 0.01259748379410057};{'date': '2025-01-13', 'asset_return': 0.021043170851051007, 'benchmark_return': 0.001550370850589733, 'expected_return': -6.146146125333833e-05, 'abnormal_return': 0.021104632312304347}",False,"Ticker is an ETF, fund, or basket used as broad proxy exposure for the energy node: Broad ETF exposure to US energy companies",broad_proxy,,energy,node_only_direct_mapping,node_only,1.751432846026456,t0_date=2025-01-10;alpha=-0.0008401147219259191;beta=0.5022367779788914;ar_std=0.011482178109952092;standardized_car=1.751432846026456;significance_threshold=1.96;method=market_model;hit_rule=abs_standardized_car,XLE,2025-01-10,
-0.000573651599184135,Stock,node_only_direct_mapping,0.2044778066071349,0.00965609391492487,positive,2025-01-10,U.S. sanctions Russian oil producers and shadow-fleet vessels,v3_20250110_us_russia_oil_sanctions,sanctions_energy_shipping,"{'date': '2025-01-08', 'asset_return': -0.016735395614556503, 'benchmark_return': 0.0014608004313110268, 'expected_return': -0.00027495033109889964, 'abnormal_return': -0.016460445283457602};{'date': '2025-01-10', 'asset_return': -0.0036474183274112226, 'benchmark_return': -0.015267324294868434, 'expected_return': -0.0036954805837586552, 'abnormal_return': 4.806225634743262e-05};{'date': '2025-01-13', 'asset_return': 0.02581184177380713, 'benchmark_return': 0.001550370850589733, 'expected_return': -0.0002566351682279084, 'abnormal_return': 0.02606847694203504}",False,Business has meaningful but diversified or indirect economic linkage to the energy node: Integrated energy producer with upstream and downstream exposure,related_exposure,,energy,node_only_direct_mapping,node_only,0.4363007058945102,t0_date=2025-01-10;alpha=-0.000573651599184135;beta=0.2044778066071349;ar_std=0.012777766218994164;standardized_car=0.4363007058945102;significance_threshold=1.96;method=market_model;hit_rule=abs_standardized_car,XOM,2025-01-10,
-0.0024063164376204103,Stock,node_only_direct_mapping,0.4163138153249677,0.08641710556522186,positive,2025-01-10,U.S. sanctions Russian oil producers and shadow-fleet vessels,v3_20250110_us_russia_oil_sanctions,sanctions_energy_shipping,"{'date': '2025-01-08', 'asset_return': 0.00967815757467072, 'benchmark_return': 0.0014608004313110268, 'expected_return': -0.0017981650366329584, 'abnormal_return': 0.011476322611303678};{'date': '2025-01-10', 'asset_return': 0.015656260290518365, 'benchmark_return': -0.015267324294868434, 'expected_return': -0.00876231446462066, 'abnormal_return': 0.024418574755139026};{'date': '2025-01-13', 'asset_return': 0.04876133256513637, 'benchmark_return': 0.001550370850589733, 'expected_return': -0.001760875633642783, 'abnormal_return': 0.05052220819877916}",True,Core operations or products are directly tied to the refining node: Refiner exposed to crude supply and refined product margins,direct_exposure,,refining,node_only_direct_mapping,node_only,2.594204638299012,t0_date=2025-01-10;alpha=-0.0024063164376204103;beta=0.4163138153249677;ar_std=0.01923246085682097;standardized_car=2.594204638299012;significance_threshold=1.96;method=market_model;hit_rule=abs_standardized_car,VLO,2025-01-10,
-0.002249861286979534,Stock,node_only_direct_mapping,0.5026296068387229,0.048707462720755365,positive,2025-01-10,U.S. sanctions Russian oil producers and shadow-fleet vessels,v3_20250110_us_russia_oil_sanctions,sanctions_energy_shipping,"{'date': '2025-01-08', 'asset_return': 0.004729567237599763, 'benchmark_return': 0.0014608004313110268, 'expected_return': -0.0015156197405198357, 'abnormal_return': 0.006245186978119599};{'date': '2025-01-10', 'asset_return': -0.0004213334235479982, 'benchmark_return': -0.015267324294868434, 'expected_return': -0.009923670494788537, 'abnormal_return': 0.009502337071240539};{'date': '2025-01-13', 'asset_return': 0.031489339675501826, 'benchmark_return': 0.001550370850589733, 'expected_return': -0.0014705989958934001, 'abnormal_return': 0.032959938671395225}",False,Core operations or products are directly tied to the refining node: Refining and midstream operator exposed to fuel markets,direct_exposure,,refining,node_only_direct_mapping,node_only,1.4805898524480223,t0_date=2025-01-10;alpha=-0.002249861286979534;beta=0.5026296068387229;ar_std=0.018993286133141992;standardized_car=1.4805898524480223;significance_threshold=1.96;method=market_model;hit_rule=abs_standardized_car,MPC,2025-01-10,
-0.0024508908233293776,Stock,node_only_direct_mapping,0.6236543616279727,0.022161165464948104,positive,2025-01-10,U.S. sanctions Russian oil producers and shadow-fleet vessels,v3_20250110_us_russia_oil_sanctions,sanctions_energy_shipping,"{'date': '2025-01-08', 'asset_return': -0.012433362131986425, 'benchmark_return': 0.0014608004313110268, 'expected_return': -0.001539856262874232, 'abnormal_return': -0.010893505869112193};{'date': '2025-01-10', 'asset_return': -0.010791232509859805, 'benchmark_return': -0.015267324294868434, 'expected_return': -0.011972424210212789, 'abnormal_return': 0.0011811917003529838};{'date': '2025-01-13', 'asset_return': 0.030389484353489093, 'benchmark_return': 0.001550370850589733, 'expected_return': -0.0014839952802182207, 'abnormal_return': 0.03187347963370731}",False,Core operations or products are directly tied to the petrochemicals node: Commodity chemicals producer exposed to petrochemical feedstocks,direct_exposure,,petrochemicals,node_only_direct_mapping,node_only,0.9762282043576146,t0_date=2025-01-10;alpha=-0.0024508908233293776;beta=0.6236543616279727;ar_std=0.01310631550044483;standardized_car=0.9762282043576146;significance_threshold=1.96;method=market_model;hit_rule=abs_standardized_car,DOW,2025-01-10,
-0.0022032968927148747,Stock,node_only_direct_mapping,0.5724464085457807,0.03115987356230736,positive,2025-01-10,U.S. sanctions Russian oil producers and shadow-fleet vessels,v3_20250110_us_russia_oil_sanctions,sanctions_energy_shipping,"{'date': '2025-01-08', 'asset_return': -0.011772804429734829, 'benchmark_return': 0.0014608004313110268, 'expected_return': -0.00136706693220875, 'abnormal_return': -0.01040573749752608};{'date': '2025-01-10', 'asset_return': -0.007531014703471173, 'benchmark_return': -0.015267324294868434, 'expected_return': -0.010943021853416052, 'abnormal_return': 0.0034120071499448793};{'date': '2025-01-13', 'asset_return': 0.036837811242507845, 'benchmark_return': 0.001550370850589733, 'expected_return': -0.001315792667380715, 'abnormal_return': 0.03815360390988856}",False,Core operations or products are directly tied to the petrochemicals node: Petrochemical producer exposed to olefins polymers and feedstock costs,direct_exposure,,petrochemicals,node_only_direct_mapping,node_only,1.593368658644605,t0_date=2025-01-10;alpha=-0.0022032968927148747;beta=0.5724464085457807;ar_std=0.011290645947822359;standardized_car=1.593368658644605;significance_threshold=1.96;method=market_model;hit_rule=abs_standardized_car,LYB,2025-01-10,
0.0011187926929532106,Stock,node_only_direct_mapping,0.625290771957429,0.0451380322613502,positive,2025-01-10,U.S. sanctions Russian oil producers and shadow-fleet vessels,v3_20250110_us_russia_oil_sanctions,sanctions_energy_shipping,"{'date': '2025-01-08', 'asset_return': -0.007912389943241949, 'benchmark_return': 0.0014608004313110268, 'expected_return': 0.002032217722323428, 'abnormal_return': -0.009944607665565377};{'date': '2025-01-10', 'asset_return': -0.0034877380640506717, 'benchmark_return': -0.015267324294868434, 'expected_return': -0.008427724301109482, 'abnormal_return': 0.0049399862370588105};{'date': '2025-01-13', 'asset_return': 0.052230878968795524, 'benchmark_return': 0.001550370850589733, 'expected_return': 0.0020882252789387605, 'abnormal_return': 0.050142653689856764}",False,Business has meaningful but diversified or indirect economic linkage to the manufacturing_inputs node: Equipment manufacturer exposed to agriculture and industrial input cycles,related_exposure,,manufacturing_inputs,node_only_direct_mapping,node_only,1.6675096452628122,t0_date=2025-01-10;alpha=0.0011187926929532106;beta=0.625290771957429;ar_std=0.015628368418026888;standardized_car=1.6675096452628122;significance_threshold=1.96;method=market_model;hit_rule=abs_standardized_car,DE,2025-01-10,
9.665657805515035e-05,Stock,node_only_direct_mapping,1.2424109253902071,0.01449462762931588,positive,2025-01-10,U.S. sanctions Russian oil producers and shadow-fleet vessels,v3_20250110_us_russia_oil_sanctions,sanctions_energy_shipping,"{'date': '2025-01-08', 'asset_return': -0.005316717410828509, 'benchmark_return': 0.0014608004313110268, 'expected_return': 0.0019115709937306967, 'abnormal_return': -0.007228288404559205};{'date': '2025-01-10', 'asset_return': -0.027889366164344898, 'benchmark_return': -0.015267324294868434, 'expected_return': -0.018871633927364732, 'abnormal_return': -0.009017732236980165};{'date': '2025-01-13', 'asset_return': 0.032763502532089595, 'benchmark_return': 0.001550370850589733, 'expected_return': 0.002022854261234343, 'abnormal_return': 0.03074064827085525}",False,Business has meaningful but diversified or indirect economic linkage to the manufacturing_inputs node: Heavy equipment manufacturer exposed to construction mining and infrastructure inputs,related_exposure,,manufacturing_inputs,node_only_direct_mapping,node_only,0.5843815978800456,t0_date=2025-01-10;alpha=9.665657805515035e-05;beta=1.2424109253902071;ar_std=0.014320227046757015;standardized_car=0.5843815978800456;significance_threshold=1.96;method=market_model;hit_rule=abs_standardized_car,CAT,2025-01-10,
9.155591184089938e-05,Stock,node_only_direct_mapping,0.2978386882467077,0.009168364571565077,positive,2025-02-24,EU adopts 16th Russia sanctions package targeting shadow fleet and military suppliers,v3_20250224_eu_16th_russia_sanctions,sanctions_energy_shipping,"{'date': '2025-02-21', 'asset_return': 0.017015553949978113, 'benchmark_return': -0.017103904429360828, 'expected_return': -0.005002648547296982, 'abnormal_return': 0.022018202497275097};{'date': '2025-02-24', 'asset_return': -0.008579900438094867, 'benchmark_return': -0.004550509402292402, 'expected_return': -0.0012637618393921794, 'abnormal_return': -0.007316138598702688};{'date': '2025-02-25', 'asset_return': -0.006923380505135079, 'benchmark_return': -0.004973286374205688, 'expected_return': -0.0013896811781277476, 'abnormal_return': -0.005533699327007332}",False,Core operations or products are directly tied to the lng_shipping node: LNG carrier owner exposed to seaborne LNG transportation,direct_exposure,,lng_shipping,node_only_direct_mapping,node_only,0.27259402938263816,t0_date=2025-02-24;alpha=9.155591184089938e-05;beta=0.2978386882467077;ar_std=0.0194184654939433;standardized_car=0.27259402938263816;significance_threshold=1.96;method=market_model;hit_rule=abs_standardized_car,FLNG,2025-02-24,
0.0013244436413206427,Stock,node_only_direct_mapping,0.25177200740636596,-0.045909545954132255,negative,2025-02-24,EU adopts 16th Russia sanctions package targeting shadow fleet and military suppliers,v3_20250224_eu_16th_russia_sanctions,sanctions_energy_shipping,"{'date': '2025-02-21', 'asset_return': -0.025383318491496, 'benchmark_return': -0.017103904429360828, 'expected_return': -0.0029818407113461677, 'abnormal_return': -0.02240147778014983};{'date': '2025-02-24', 'asset_return': -0.006239879064728782, 'benchmark_return': -0.004550509402292402, 'expected_return': 0.00017875275438394215, 'abnormal_return': -0.006418631819112724};{'date': '2025-02-25', 'asset_return': -0.017017127007389554, 'benchmark_return': -0.004973286374205688, 'expected_return': 7.230934748014926e-05, 'abnormal_return': -0.017089436354869703}",False,"LNG export and liquefaction operations are tied to global LNG trade, but seaborne LNG shipping is a downstream transport linkage rather than the company's primary operating activity.",related_exposure,,lng_shipping,node_only_direct_mapping,node_only,-1.6062847601701626,t0_date=2025-02-24;alpha=0.0013244436413206427;beta=0.25177200740636596;ar_std=0.016501363501813863;standardized_car=-1.6062847601701626;significance_threshold=1.96;method=market_model;hit_rule=abs_standardized_car,LNG,2025-02-24,
-0.0003023764060763701,ETF,node_only_direct_mapping,0.4673163899402187,-0.02161679540470587,negative,2025-02-24,EU adopts 16th Russia sanctions package targeting shadow fleet and military suppliers,v3_20250224_eu_16th_russia_sanctions,sanctions_energy_shipping,"{'date': '2025-02-21', 'asset_return': -0.02078406403884281, 'benchmark_return': -0.017103904429360828, 'expected_return': -0.008295311277887789, 'abnormal_return': -0.01248875276095502};{'date': '2025-02-24', 'asset_return': 0.00022002004881049864, 'benchmark_return': -0.004550509402292402, 'expected_return': -0.0024289040323446777, 'abnormal_return': 0.0026489240811551763};{'date': '2025-02-25', 'asset_return': -0.01440344136551508, 'benchmark_return': -0.004973286374205688, 'expected_return': -0.0026264746406090517, 'abnormal_return': -0.011776966724906027}",False,"Ticker is an ETF, fund, or basket used as broad proxy exposure for the energy node: Broad ETF exposure to US energy companies",broad_proxy,,energy,node_only_direct_mapping,node_only,-1.084099608153831,t0_date=2025-02-24;alpha=-0.0003023764060763701;beta=0.4673163899402187;ar_std=0.011512284066938853;standardized_car=-1.084099608153831;significance_threshold=1.96;method=market_model;hit_rule=abs_standardized_car,XLE,2025-02-24,
-0.0007416439009273075,Stock,node_only_direct_mapping,0.25132523619479197,-0.011379652159051571,negative,2025-02-24,EU adopts 16th Russia sanctions package targeting shadow fleet and military suppliers,v3_20250224_eu_16th_russia_sanctions,sanctions_energy_shipping,"{'date': '2025-02-21', 'asset_return': -0.011696390556059089, 'benchmark_return': -0.017103904429360828, 'expected_return': -0.005040286721489567, 'abnormal_return': -0.006656103834569522};{'date': '2025-02-24', 'asset_return': 0.0052397881374210975, 'benchmark_return': -0.004550509402292402, 'expected_return': -0.0018853017512650671, 'abnormal_return': 0.007125089888686165};{'date': '2025-02-25', 'asset_return': -0.013840194486757107, 'benchmark_return': -0.004973286374205688, 'expected_return': -0.0019915562735888922, 'abnormal_return': -0.011848638213168214}",False,Business has meaningful but diversified or indirect economic linkage to the energy node: Integrated energy producer with upstream and downstream exposure,related_exposure,,energy,node_only_direct_mapping,node_only,-0.5141820136578167,t0_date=2025-02-24;alpha=-0.0007416439009273075;beta=0.25132523619479197;ar_std=0.01277766445110434;standardized_car=-0.5141820136578167;significance_threshold=1.96;method=market_model;hit_rule=abs_standardized_car,XOM,2025-02-24,
-0.0009155794481507544,Stock,node_only_direct_mapping,0.4157983912896226,-0.025795132729282518,negative,2025-02-24,EU adopts 16th Russia sanctions package targeting shadow fleet and military suppliers,v3_20250224_eu_16th_russia_sanctions,sanctions_energy_shipping,"{'date': '2025-02-21', 'asset_return': -0.031622820726095346, 'benchmark_return': -0.017103904429360828, 'expected_return': -0.008027355394650437, 'abnormal_return': -0.02359546533144491};{'date': '2025-02-24', 'asset_return': 0.0023749140037265803, 'benchmark_return': -0.004550509402292402, 'expected_return': -0.002807673937172237, 'abnormal_return': 0.005182587940898818};{'date': '2025-02-25', 'asset_return': -0.010365719260704509, 'benchmark_return': -0.004973286374205688, 'expected_return': -0.0029834639219680796, 'abnormal_return': -0.007382255338736429}",False,Core operations or products are directly tied to the refining node: Refiner exposed to crude supply and refined product margins,direct_exposure,,refining,node_only_direct_mapping,node_only,-0.7500994215321165,t0_date=2025-02-24;alpha=-0.0009155794481507544;beta=0.4157983912896226;ar_std=0.019854470484211316;standardized_car=-0.7500994215321165;significance_threshold=1.96;method=market_model;hit_rule=abs_standardized_car,VLO,2025-02-24,
-0.0015666892855416982,Stock,node_only_direct_mapping,0.4312330741750011,-0.03302176264061589,negative,2025-02-24,EU adopts 16th Russia sanctions package targeting shadow fleet and military suppliers,v3_20250224_eu_16th_russia_sanctions,sanctions_energy_shipping,"{'date': '2025-02-21', 'asset_return': -0.028622072685276168, 'benchmark_return': -0.017103904429360828, 'expected_return': -0.008942458573010386, 'abnormal_return': -0.01967961411226578};{'date': '2025-02-24', 'asset_return': -0.006764614083101805, 'benchmark_return': -0.004550509402292402, 'expected_return': -0.0035290194441544975, 'abnormal_return': -0.003235594638947308};{'date': '2025-02-25', 'asset_return': -0.013817888746845863, 'benchmark_return': -0.004973286374205688, 'expected_return': -0.003711334857443062, 'abnormal_return': -0.010106553889402802}",False,Core operations or products are directly tied to the refining node: Refining and midstream operator exposed to fuel markets,direct_exposure,,refining,node_only_direct_mapping,node_only,-0.9808919734369199,t0_date=2025-02-24;alpha=-0.0015666892855416982;beta=0.4312330741750011;ar_std=0.019436517033444324;standardized_car=-0.9808919734369199;significance_threshold=1.96;method=market_model;hit_rule=abs_standardized_car,MPC,2025-02-24,
-0.00270968846993999,Stock,node_only_direct_mapping,0.5355372479117043,0.013335278703823604,positive,2025-02-24,EU adopts 16th Russia sanctions package targeting shadow fleet and military suppliers,v3_20250224_eu_16th_russia_sanctions,sanctions_energy_shipping,"{'date': '2025-02-21', 'asset_return': -0.0020206769553595683, 'benchmark_return': -0.017103904429360828, 'expected_return': -0.011869466376584696, 'abnormal_return': 0.009848789421225128};{'date': '2025-02-24', 'asset_return': -0.011642683220058347, 'benchmark_return': -0.004550509402292402, 'expected_return': -0.005146655751839998, 'abnormal_return': -0.006496027468218349};{'date': '2025-02-25', 'asset_return': 0.0046094481829579426, 'benchmark_return': -0.004973286374205688, 'expected_return': -0.005373068567858883, 'abnormal_return': 0.009982516750816826}",False,Core operations or products are directly tied to the petrochemicals node: Commodity chemicals producer exposed to petrochemical feedstocks,direct_exposure,,petrochemicals,node_only_direct_mapping,node_only,0.5105850501680048,t0_date=2025-02-24;alpha=-0.00270968846993999;beta=0.5355372479117043;ar_std=0.015079028943048554;standardized_car=0.5105850501680048;significance_threshold=1.96;method=market_model;hit_rule=abs_standardized_car,DOW,2025-02-24,
-0.001973694687231442,Stock,node_only_direct_mapping,0.4556271568302748,0.01836513324431832,positive,2025-02-24,EU adopts 16th Russia sanctions package targeting shadow fleet and military suppliers,v3_20250224_eu_16th_russia_sanctions,sanctions_energy_shipping,"{'date': '2025-02-21', 'asset_return': -0.008374996452068295, 'benchmark_return': -0.017103904429360828, 'expected_return': -0.00976669803307786, 'abnormal_return': 0.0013917015810095655};{'date': '2025-02-24', 'asset_return': 0.004547631911340888, 'benchmark_return': -0.004550509402292402, 'expected_return': -0.004047030348327363, 'abnormal_return': 0.008594662259668252};{'date': '2025-02-25', 'asset_return': 0.004139110385626976, 'benchmark_return': -0.004973286374205688, 'expected_return': -0.004239659018013526, 'abnormal_return': 0.008378769403640502}",False,Core operations or products are directly tied to the petrochemicals node: Petrochemical producer exposed to olefins polymers and feedstock costs,direct_exposure,,petrochemicals,node_only_direct_mapping,node_only,0.9172576750278446,t0_date=2025-02-24;alpha=-0.001973694687231442;beta=0.4556271568302748;ar_std=0.0115595812506978;standardized_car=0.9172576750278446;significance_threshold=1.96;method=market_model;hit_rule=abs_standardized_car,LYB,2025-02-24,
0.0019336959730040877,Stock,node_only_direct_mapping,0.6506144063980914,-0.005003555351895954,negative,2025-02-24,EU adopts 16th Russia sanctions package targeting shadow fleet and military suppliers,v3_20250224_eu_16th_russia_sanctions,sanctions_energy_shipping,"{'date': '2025-02-21', 'asset_return': -0.011718681132804942, 'benchmark_return': -0.017103904429360828, 'expected_return': -0.009194350654394194, 'abnormal_return': -0.0025243304784107485};{'date': '2025-02-24', 'asset_return': -0.011082050879008043, 'benchmark_return': -0.004550509402292402, 'expected_return': -0.001026931000577317, 'abnormal_return': -0.010055119878430725};{'date': '2025-02-25', 'asset_return': 0.006273899215748058, 'benchmark_return': -0.004973286374205688, 'expected_return': -0.0013019957891974622, 'abnormal_return': 0.00757589500494552}",False,Business has meaningful but diversified or indirect economic linkage to the manufacturing_inputs node: Equipment manufacturer exposed to agriculture and industrial input cycles,related_exposure,,manufacturing_inputs,node_only_direct_mapping,node_only,-0.18413539403645893,t0_date=2025-02-24;alpha=0.0019336959730040877;beta=0.6506144063980914;ar_std=0.01568847773367426;standardized_car=-0.18413539403645893;significance_threshold=1.96;method=market_model;hit_rule=abs_standardized_car,DE,2025-02-24,
-0.0003105526607172425,Stock,node_only_direct_mapping,1.2612897459489323,0.015281047875621089,positive,2025-02-24,EU adopts 16th Russia sanctions package targeting shadow fleet and military suppliers,v3_20250224_eu_16th_russia_sanctions,sanctions_energy_shipping,"{'date': '2025-02-21', 'asset_return': -0.026092026954936398, 'benchmark_return': -0.017103904429360828, 'expected_return': -0.02188353193316058, 'abnormal_return': -0.004208495021775817};{'date': '2025-02-24', 'asset_return': -0.003293608509080781, 'benchmark_return': -0.004550509402292402, 'expected_return': -0.006050063508672854, 'abnormal_return': 0.0027564549995920734};{'date': '2025-02-25', 'asset_return': 0.010149780129634411, 'benchmark_return': -0.004973286374205688, 'expected_return': -0.0065833077681704205, 'abnormal_return': 0.01673308789780483}",False,Business has meaningful but diversified or indirect economic linkage to the manufacturing_inputs node: Heavy equipment manufacturer exposed to construction mining and infrastructure inputs,related_exposure,,manufacturing_inputs,node_only_direct_mapping,node_only,0.5987872760562695,t0_date=2025-02-24;alpha=-0.0003105526607172425;beta=1.2612897459489323;ar_std=0.014733975582440937;standardized_car=0.5987872760562695;significance_threshold=1.96;method=market_model;hit_rule=abs_standardized_car,CAT,2025-02-24,
-0.001203231446380738,Stock,node_only_direct_mapping,0.31177118273196697,-0.00570855692943633,negative,2025-02-01,"U.S. imposes tariffs on imports from Canada, Mexico and China",v3_20250201_canada_mexico_china_tariffs,trade_policy_and_tariffs,"{'date': '2025-01-31', 'asset_return': -0.0014067937066761793, 'benchmark_return': -0.005321911081975883, 'expected_return': -0.0028624499588027212, 'abnormal_return': 0.001455656252126542};{'date': '2025-02-03', 'asset_return': -0.024652205542910588, 'benchmark_return': -0.006729655863189077, 'expected_return': -0.0033013442142263124, 'abnormal_return': -0.021350861328684276};{'date': '2025-02-04', 'asset_return': 0.015074860704716642, 'benchmark_return': 0.006708265932884538, 'expected_return': 0.000888212557595236, 'abnormal_return': 0.014186648147121405}",False,"Freight forwarding participates in global trade-lane activity, but trade_lanes is a broad route and flow condition across diversified logistics services.",related_exposure,,trade_lanes,node_only_direct_mapping,node_only,-0.2983624802868509,t0_date=2025-02-03;alpha=-0.001203231446380738;beta=0.31177118273196697;ar_std=0.011046418694219507;standardized_car=-0.2983624802868509;significance_threshold=1.96;method=market_model;hit_rule=abs_standardized_car,EXPD,2025-02-03,
-0.0014286339003402872,Stock,node_only_direct_mapping,0.39174598042287534,-0.013356796303390183,negative,2025-02-01,"U.S. imposes tariffs on imports from Canada, Mexico and China",v3_20250201_canada_mexico_china_tariffs,trade_policy_and_tariffs,"{'date': '2025-01-31', 'asset_return': -0.007130610038659779, 'benchmark_return': -0.005321911081975883, 'expected_return': -0.0035134711748722952, 'abnormal_return': -0.003617138863787484};{'date': '2025-02-03', 'asset_return': -0.01493831697580239, 'benchmark_return': -0.006729655863189077, 'expected_return': -0.004064949534373844, 'abnormal_return': -0.010873367441428547};{'date': '2025-02-04', 'asset_return': 0.0023330123163007865, 'benchmark_return': 0.006708265932884538, 'expected_return': 0.0011993023144749408, 'abnormal_return': 0.0011337100018258457}",False,"Global logistics operations participate in trade lanes, but trade_lanes is a broad cross-border flow condition rather than a specific core node business.",related_exposure,,trade_lanes,node_only_direct_mapping,node_only,-0.5461110253396528,t0_date=2025-02-03;alpha=-0.0014286339003402872;beta=0.39174598042287534;ar_std=0.014120846464282853;standardized_car=-0.5461110253396528;significance_threshold=1.96;method=market_model;hit_rule=abs_standardized_car,DHL.DE,2025-02-03,
0.0004038662443925332,Stock,node_only_direct_mapping,0.9957947216793809,-0.009593021572992431,negative,2025-02-01,"U.S. imposes tariffs on imports from Canada, Mexico and China",v3_20250201_canada_mexico_china_tariffs,trade_policy_and_tariffs,"{'date': '2025-01-31', 'asset_return': -0.013877041257643441, 'benchmark_return': -0.005321911081975883, 'expected_return': -0.004895664720286054, 'abnormal_return': -0.008981376537357387};{'date': '2025-02-03', 'asset_return': -0.001381366309073595, 'benchmark_return': -0.006729655863189077, 'expected_return': -0.0062974895428898475, 'abnormal_return': 0.0049161232338162525};{'date': '2025-02-04', 'asset_return': 0.0015561537825292682, 'benchmark_return': 0.006708265932884538, 'expected_return': 0.007083922051980564, 'abnormal_return': -0.005527768269451296}",False,Core operations or products are directly tied to the customs node: Logistics software provider with customs and trade compliance exposure,direct_exposure,,customs,node_only_direct_mapping,node_only,-0.5080027157944605,t0_date=2025-02-03;alpha=0.0004038662443925332;beta=0.9957947216793809;ar_std=0.010902566886571478;standardized_car=-0.5080027157944605;significance_threshold=1.96;method=market_model;hit_rule=abs_standardized_car,DSGX,2025-02-03,
0.0012224884832873685,Stock,node_only_direct_mapping,0.2706124697259073,-0.018209655198195167,negative,2025-02-01,"U.S. imposes tariffs on imports from Canada, Mexico and China",v3_20250201_canada_mexico_china_tariffs,trade_policy_and_tariffs,"{'date': '2025-01-31', 'asset_return': -0.009458398716506222, 'benchmark_return': -0.005321911081975883, 'expected_return': -0.00021768701826780073, 'abnormal_return': -0.00924071169823842};{'date': '2025-02-03', 'asset_return': -0.01397111469551171, 'benchmark_return': -0.006729655863189077, 'expected_return': -0.00059864031025566, 'abnormal_return': -0.01337247438525605};{'date': '2025-02-04', 'asset_return': 0.007441359780262724, 'benchmark_return': 0.006708265932884538, 'expected_return': 0.0030378288949634213, 'abnormal_return': 0.004403530885299303}",False,"Freight brokerage and logistics services are affected by customs flows, but customs is one operating component within broader logistics activity.",related_exposure,,customs,node_only_direct_mapping,node_only,-0.5675173893032397,t0_date=2025-02-03;alpha=0.0012224884832873685;beta=0.2706124697259073;ar_std=0.01852515804570472;standardized_car=-0.5675173893032397;significance_threshold=1.96;method=market_model;hit_rule=abs_standardized_car,CHRW,2025-02-03,
0.0009753502380283308,Stock,node_only_direct_mapping,0.7188440170350081,-0.015009959290490371,negative,2025-02-01,"U.S. imposes tariffs on imports from Canada, Mexico and China",v3_20250201_canada_mexico_china_tariffs,trade_policy_and_tariffs,"{'date': '2025-01-31', 'asset_return': -0.007146033536308383, 'benchmark_return': -0.005321911081975883, 'expected_return': -0.0028502737024423395, 'abnormal_return': -0.004295759833866044};{'date': '2025-02-03', 'asset_return': -0.01995544670813909, 'benchmark_return': -0.006729655863189077, 'expected_return': -0.0038622226159297003, 'abnormal_return': -0.01609322409220939};{'date': '2025-02-04', 'asset_return': 0.011176571704147209, 'benchmark_return': 0.006708265932884538, 'expected_return': 0.005797547068562149, 'abnormal_return': 0.00537902463558506}",False,Business has meaningful but diversified or indirect economic linkage to the manufacturing_inputs node: Equipment manufacturer exposed to agriculture and industrial input cycles,related_exposure,,manufacturing_inputs,node_only_direct_mapping,node_only,-0.5535483118413413,t0_date=2025-02-03;alpha=0.0009753502380283308;beta=0.7188440170350081;ar_std=0.015655370726473827;standardized_car=-0.5535483118413413;significance_threshold=1.96;method=market_model;hit_rule=abs_standardized_car,DE,2025-02-03,
-5.259219714209535e-05,Stock,node_only_direct_mapping,1.2376496455606896,-0.028189328217141894,negative,2025-02-01,"U.S. imposes tariffs on imports from Canada, Mexico and China",v3_20250201_canada_mexico_china_tariffs,trade_policy_and_tariffs,"{'date': '2025-01-31', 'asset_return': -0.009440636666791291, 'benchmark_return': -0.005321911081975883, 'expected_return': -0.006639253561455052, 'abnormal_return': -0.002801383105336239};{'date': '2025-02-03', 'asset_return': -0.026626136534454448, 'benchmark_return': -0.006729655863189077, 'expected_return': -0.008381548390963472, 'abnormal_return': -0.018244588143490975};{'date': '2025-02-04', 'asset_return': 0.0011065337887046223, 'benchmark_return': 0.006708265932884538, 'expected_return': 0.008249890757019302, 'abnormal_return': -0.00714335696831468}",False,Business has meaningful but diversified or indirect economic linkage to the manufacturing_inputs node: Heavy equipment manufacturer exposed to construction mining and infrastructure inputs,related_exposure,,manufacturing_inputs,node_only_direct_mapping,node_only,-1.178005184094592,t0_date=2025-02-03;alpha=-5.259219714209535e-05;beta=1.2376496455606896;ar_std=0.013815827344554981;standardized_car=-1.178005184094592;significance_threshold=1.96;method=market_model;hit_rule=abs_standardized_car,CAT,2025-02-03,
-0.0018374911754174424,Stock,node_only_direct_mapping,0.35707028372222743,-0.07529385475407141,negative,2025-02-01,"U.S. imposes tariffs on imports from Canada, Mexico and China",v3_20250201_canada_mexico_china_tariffs,trade_policy_and_tariffs,"{'date': '2025-01-31', 'asset_return': -0.008515459700469297, 'benchmark_return': -0.005321911081975883, 'expected_return': -0.0037377874754030375, 'abnormal_return': -0.004777672225066259};{'date': '2025-02-03', 'asset_return': -0.023618912360749755, 'benchmark_return': -0.006729655863189077, 'expected_return': -0.0042404513038393175, 'abnormal_return': -0.019378461056910438};{'date': '2025-02-04', 'asset_return': -0.05057989022757292, 'benchmark_return': 0.006708265932884538, 'expected_return': 0.0005578312445217925, 'abnormal_return': -0.051137721472094715}",True,"ADM materially participates in agriculture, but agriculture is a broad sector node spanning diversified processing, merchandising, and supply-chain operations.",related_exposure,,agriculture,node_only_direct_mapping,node_only,-3.228763397595117,t0_date=2025-02-03;alpha=-0.0018374911754174424;beta=0.35707028372222743;ar_std=0.01346364597138527;standardized_car=-3.228763397595117;significance_threshold=1.96;method=market_model;hit_rule=abs_standardized_car,ADM,2025-02-03,
-0.0006705975733746247,ETF,node_only_direct_mapping,0.5202162678751224,-0.014392566575007011,negative,2025-02-01,"U.S. imposes tariffs on imports from Canada, Mexico and China",v3_20250201_canada_mexico_china_tariffs,trade_policy_and_tariffs,"{'date': '2025-01-31', 'asset_return': -0.012405405881485976, 'benchmark_return': -0.005321911081975883, 'expected_return': -0.0034391422944033733, 'abnormal_return': -0.008966263587082603};{'date': '2025-02-03', 'asset_return': -0.016171041024947486, 'benchmark_return': -0.006729655863189077, 'expected_return': -0.0041714740306067815, 'abnormal_return': -0.011999566994340703};{'date': '2025-02-04', 'asset_return': 0.009392415500560691, 'benchmark_return': 0.006708265932884538, 'expected_return': 0.002819151494144396, 'abnormal_return': 0.006573264006416295}",False,"Ticker is an ETF, fund, or basket used as broad proxy exposure for the agriculture node: Basket exposure to agribusiness equipment inputs and food supply chains",broad_proxy,,agriculture,node_only_direct_mapping,node_only,-1.0658137196670325,t0_date=2025-02-03;alpha=-0.0006705975733746247;beta=0.5202162678751224;ar_std=0.007796439502585752;standardized_car=-1.0658137196670325;significance_threshold=1.96;method=market_model;hit_rule=abs_standardized_car,MOO,2025-02-03,
-0.002073784020964857,Stock,node_only_direct_mapping,0.2716913808030027,-0.0290436262939128,negative,2025-02-01,"U.S. imposes tariffs on imports from Canada, Mexico and China",v3_20250201_canada_mexico_china_tariffs,trade_policy_and_tariffs,"{'date': '2025-01-31', 'asset_return': -0.007648101487551795, 'benchmark_return': -0.005321911081975883, 'expected_return': -0.0035197013913376867, 'abnormal_return': -0.004128400096214109};{'date': '2025-02-03', 'asset_return': -0.02119467453533297, 'benchmark_return': -0.006729655863189077, 'expected_return': -0.0039021735147637205, 'abnormal_return': -0.01729250102056925};{'date': '2025-02-04', 'asset_return': -0.007873931163995151, 'benchmark_return': 0.006708265932884538, 'expected_return': -0.0002512059868657137, 'abnormal_return': -0.007622725177129438}",False,Core operations or products are directly tied to the logistics node: Global freight forwarding and logistics company,direct_exposure,,logistics,node_only_direct_mapping,node_only,-1.4000679958820863,t0_date=2025-02-03;alpha=-0.002073784020964857;beta=0.2716913808030027;ar_std=0.011976807918153197;standardized_car=-1.4000679958820863;significance_threshold=1.96;method=market_model;hit_rule=abs_standardized_car,KNIN.SW,2025-02-03,
-0.0005706701866306274,Stock,node_only_direct_mapping,0.8757685345577696,-0.018865101696826536,negative,2025-02-01,"U.S. imposes tariffs on imports from Canada, Mexico and China",v3_20250201_canada_mexico_china_tariffs,trade_policy_and_tariffs,"{'date': '2025-01-31', 'asset_return': -0.012344324986598876, 'benchmark_return': -0.005321911081975883, 'expected_return': -0.0052314324559394, 'abnormal_return': -0.0071128925306594756};{'date': '2025-02-03', 'asset_return': -0.022894482743703315, 'benchmark_return': -0.006729655863189077, 'expected_return': -0.006464291040013827, 'abnormal_return': -0.01643019170368949};{'date': '2025-02-04', 'asset_return': 0.009982200576357902, 'benchmark_return': 0.006708265932884538, 'expected_return': 0.005304218038835474, 'abnormal_return': 0.004677982537522428}",False,Core operations or products are directly tied to the logistics node: Intermodal and trucking logistics provider exposed to freight demand,direct_exposure,,logistics,node_only_direct_mapping,node_only,-0.7183052553367802,t0_date=2025-02-03;alpha=-0.0005706701866306274;beta=0.8757685345577696;ar_std=0.015163151685206338;standardized_car=-0.7183052553367802;significance_threshold=1.96;method=market_model;hit_rule=abs_standardized_car,JBHT,2025-02-03,
