evaluated,hit_rate,hits,max_abs_SCAR,mean_abs_SCAR,median_abs_SCAR,run_id,scope,skipped
185,0.11891891891891893,22,6.691101557193222,0.9540265350251605,0.6941747337012587,0,all,1
131,0.06870229007633588,9,5.379663780555674,0.8808512613503447,0.6469102300243715,0,first_order,1
54,0.07407407407407407,4,3.0203453616877467,0.8603700998244842,0.7073771781356071,0,second_order,0
185,0.08648648648648649,16,4.255759867545777,0.8541235729523815,0.6277787234527006,1,all,1
132,0.09090909090909091,12,7.402504941276007,0.8908047292384716,0.6302964399186914,1,first_order,0
53,0.1320754716981132,7,4.255759867545777,1.044387321466505,0.9127454019583745,1,second_order,1
185,0.0972972972972973,18,5.164087683548203,0.8880448562938296,0.7258874944079705,2,all,1
132,0.07575757575757576,10,5.185106371957386,0.8233030927291632,0.5747150191710233,2,first_order,0
54,0.07407407407407407,4,2.6765087628827327,0.8638403778789825,0.7325504347243472,2,second_order,0
186,0.07526881720430108,14,6.107143258536974,0.8396454336347643,0.6018035396489931,3,all,0
132,0.08333333333333333,11,5.263562138717859,0.8590736968960082,0.6434639331113682,3,first_order,0
54,0.037037037037037035,2,2.262851964485877,0.8006700028675553,0.7090193291451716,3,second_order,0
185,0.10810810810810811,20,7.402504941276007,0.9556023315777552,0.7271535680304384,4,all,1
132,0.10606060606060606,14,5.799280119074019,0.9458054692260447,0.6413149617246581,4,first_order,0
53,0.1320754716981132,7,3.863592381570207,0.903048172073956,0.6641446718579378,4,second_order,1
185,0.11351351351351352,21,5.293386789610306,0.9086625391947268,0.6182894606018712,5,all,1
132,0.10606060606060606,14,5.799280119074019,0.8326908557311069,0.6189049725827328,5,first_order,0
54,0.05555555555555555,3,3.5062365470376697,0.8698145828923215,0.7438639567783597,5,second_order,0
186,0.10215053763440861,19,4.840509145429005,0.8987064277012324,0.7481159308640725,6,all,0
132,0.11363636363636363,15,5.263562138717859,0.9972677203891193,0.7506587968296283,6,first_order,0
54,0.09259259259259259,5,5.164087683548203,0.8828452610972403,0.6479617480381794,6,second_order,0
186,0.12903225806451613,24,6.107143258536974,0.9353607034701086,0.6411612347403961,7,all,0
132,0.09848484848484848,13,5.379663780555674,0.9304212558006255,0.6860402730071415,7,first_order,0
54,0.05555555555555555,3,6.107143258536974,0.9478672434840274,0.6453203433060087,7,second_order,0
184,0.08152173913043478,15,4.824738588056284,0.87131048136231,0.6858773401493041,8,all,2
132,0.09090909090909091,12,6.691101557193222,0.8800529706253523,0.664392663293806,8,first_order,0
54,0.05555555555555555,3,3.31680671442054,0.6839992944546119,0.5202370874832015,8,second_order,0
185,0.08108108108108109,15,6.107143258536974,0.8493760891142251,0.6469102300243715,9,all,1
132,0.11363636363636363,15,5.293386789610306,0.900917799268072,0.6259002263137201,9,first_order,0
53,0.1320754716981132,7,4.182276018096301,1.0580815442000164,0.9173431887577475,9,second_order,1
184,0.08695652173913043,16,4.182276018096301,0.8893653229347582,0.6670859332867578,10,all,2
132,0.11363636363636363,15,5.293386789610306,0.9534850155408529,0.7459478751135054,10,first_order,0
54,0.07407407407407407,4,4.255759867545777,0.8703409825597069,0.6793336257395397,10,second_order,0
185,0.10270270270270271,19,4.824738588056284,0.903976936023533,0.7258874944079705,11,all,1
132,0.07575757575757576,10,6.691101557193222,0.8115109398073236,0.5452627123992206,11,first_order,0
54,0.1111111111111111,6,5.6157714726161645,1.0849033151843106,0.7502262178085901,11,second_order,0
185,0.11351351351351352,21,6.107143258536974,0.9329556507958142,0.659677293414314,12,all,1
131,0.11450381679389313,15,7.402504941276007,0.9241593073981228,0.6050596726912554,12,first_order,1
53,0.16981132075471697,9,5.263562138717859,1.1342552006292645,0.9172576750278446,12,second_order,1
184,0.10326086956521739,19,5.185106371957386,0.9096247182236491,0.7265205312192045,13,all,2
132,0.09848484848484848,13,5.164087683548203,0.8949591794201037,0.7345754996501217,13,first_order,0
54,0.07407407407407407,4,5.263562138717859,0.8759820109683073,0.6558873904773777,13,second_order,0
185,0.13513513513513514,25,5.379663780555674,0.9679438514058397,0.6834958800693878,14,all,1
132,0.12878787878787878,17,5.185106371957386,0.9295171063271331,0.5954323724116488,14,first_order,0
54,0.05555555555555555,3,2.2908078685667674,0.7500294437391414,0.5296037471287813,14,second_order,0
186,0.07526881720430108,14,6.691101557193222,0.8594499734652632,0.6117238915386043,15,all,0
131,0.11450381679389313,15,7.402504941276007,0.9388199917317416,0.6246219015352161,15,first_order,1
54,0.1111111111111111,6,3.6769103605760836,0.9350112342826019,0.7278651034434755,15,second_order,0
185,0.08108108108108109,15,6.107143258536974,0.8534490979569612,0.5864071903269055,16,all,1
131,0.08396946564885496,11,5.293386789610306,0.9015668377613372,0.737788801052602,16,first_order,1
53,0.07547169811320754,4,3.863592381570207,0.9242301714890879,0.8082821481198705,16,second_order,1
186,0.12903225806451613,24,7.402504941276007,1.0028193748437373,0.6240256774674762,17,all,0
132,0.13636363636363635,18,5.293386789610306,0.9598124651550903,0.6197429779770802,17,first_order,0
54,0.07407407407407407,4,4.255759867545777,0.9112545653235347,0.7378680512354291,17,second_order,0
185,0.10810810810810811,20,5.799280119074019,0.9689140909425065,0.7329804417329422,18,all,1
132,0.08333333333333333,11,4.751979074252413,0.8721085611281171,0.6829467760496103,18,first_order,0
54,0.14814814814814814,8,5.6157714726161645,1.1091042494667935,0.8457379292781365,18,second_order,0
186,0.0913978494623656,17,5.263562138717859,0.9205944815638792,0.7052126981357466,19,all,0
132,0.09848484848484848,13,6.107143258536974,0.8408104844027166,0.5952433084737938,19,first_order,0
53,0.09433962264150944,5,6.691101557193222,0.9818871462363339,0.598109566984205,19,second_order,1
185,0.11351351351351352,21,5.799280119074019,0.9316589563053496,0.6223801592538857,20,all,1
132,0.12121212121212122,16,5.799280119074019,0.9634308553342716,0.7291786329562128,20,first_order,0
54,0.12962962962962962,7,2.3642861565928515,0.8189685113983661,0.6672907161907291,20,second_order,0
186,0.0913978494623656,17,6.107143258536974,0.9023403302710838,0.673884891448889,21,all,0
132,0.1590909090909091,21,5.293386789610306,1.1065888344161299,0.7855610754155288,21,first_order,0
54,0.1111111111111111,6,3.928708631946251,0.8390659245586853,0.4298418981737959,21,second_order,0
186,0.10752688172043011,20,7.402504941276007,0.9328689648643976,0.6760027289118453,22,all,0
132,0.08333333333333333,11,7.402504941276007,0.9525527042948878,0.6855483341550819,22,first_order,0
54,0.05555555555555555,3,2.8714948985655466,0.7643100394760812,0.5917165023052324,22,second_order,0
185,0.0972972972972973,18,5.293386789610306,0.8423114684322178,0.5460595159835859,23,all,1
131,0.11450381679389313,15,4.840509145429005,0.9130924850877041,0.6176893513103209,23,first_order,1
53,0.1320754716981132,7,4.840509145429005,0.9792271404580623,0.7952499632605499,23,second_order,1
186,0.10215053763440861,19,4.646173456637406,0.9175830869332822,0.6943486566612002,24,all,0
131,0.06870229007633588,9,7.402504941276007,0.8543847213303197,0.5948820295492689,24,first_order,1
54,0.09259259259259259,5,5.379663780555674,0.9738695129025299,0.7062258131718554,24,second_order,0
186,0.10215053763440861,19,4.456760860548637,0.8874575391233593,0.7029808169414911,25,all,0
130,0.07692307692307693,10,5.164087683548203,0.7991678926523387,0.5866290731850841,25,first_order,2
54,0.09259259259259259,5,2.731211715402172,0.8885362864827524,0.6367851703543314,25,second_order,0
186,0.10215053763440861,19,5.379663780555674,0.9384398940469817,0.7379856722844127,26,all,0
131,0.10687022900763359,14,5.185106371957386,0.8868944980907997,0.6335053960107315,26,first_order,1
54,0.07407407407407407,4,4.255759867545777,0.8366009799956727,0.5704707727664274,26,second_order,0
185,0.10270270270270271,19,6.107143258536974,0.8957009717433428,0.6646406547296743,27,all,1
131,0.07633587786259542,10,4.751979074252413,0.8500757241457112,0.6876007882407759,27,first_order,1
54,0.12962962962962962,7,3.863592381570207,1.0173474844855648,0.8577278833640033,27,second_order,0
184,0.10869565217391304,20,5.185106371957386,0.9431086034295442,0.7023089864332938,28,all,2
132,0.11363636363636363,15,7.402504941276007,0.938702827014737,0.7312036978819871,28,first_order,0
53,0.1509433962264151,8,2.6807289449508125,1.0828337581806378,0.9495605322712521,28,second_order,1
185,0.11351351351351352,21,5.379663780555674,0.9171589475239449,0.6930003783211475,29,all,1
131,0.12213740458015267,16,7.402504941276007,0.9600584985940661,0.7568665735677531,29,first_order,1
54,0.037037037037037035,2,6.107143258536974,0.8151282172518812,0.608764964889647,29,second_order,0
185,0.10270270270270271,19,7.402504941276007,0.9511710907051413,0.6426561196993434,30,all,1
132,0.06060606060606061,8,6.107143258536974,0.8725176524728935,0.6218162881961808,30,first_order,0
54,0.05555555555555555,3,4.526698006705169,0.7885453989930461,0.5027167710380019,30,second_order,0
186,0.06451612903225806,12,5.164087683548203,0.8065653697851639,0.6684722874997506,31,all,0
132,0.10606060606060606,14,5.379663780555674,0.9101972454747522,0.6073419638160966,31,first_order,0
54,0.14814814814814814,8,2.632020741636344,0.8539447443330818,0.520391986849265,31,second_order,0
184,0.09239130434782608,17,5.379663780555674,0.8671353105957146,0.6243715011606763,32,all,2
132,0.10606060606060606,14,5.263562138717859,0.975628009183141,0.7602254085084268,32,first_order,0
53,0.1509433962264151,8,4.456760860548637,1.1598446664763,0.9276839822262982,32,second_order,1
186,0.12365591397849462,23,5.263562138717859,0.9561695976184807,0.6844638895340572,33,all,0
131,0.08396946564885496,11,6.691101557193222,0.8555999488804258,0.627220993322199,33,first_order,1
54,0.05555555555555555,3,4.318129007165164,0.7989794986506998,0.5904374571132411,33,second_order,0
185,0.10810810810810811,20,6.107143258536974,0.909770191920948,0.6834958800693878,34,all,1
132,0.09848484848484848,13,5.379663780555674,0.8368041702991107,0.6229131289170944,34,first_order,0
53,0.05660377358490566,3,4.255759867545777,0.8934997703025161,0.6694770190393332,34,second_order,1
185,0.0918918918918919,17,5.293386789610306,0.8095229869652003,0.54553663944886,35,all,1
132,0.07575757575757576,10,7.402504941276007,0.8613176675556656,0.5818066800261328,35,first_order,0
54,0.018518518518518517,1,3.928708631946251,0.7536074392023367,0.534999965930391,35,second_order,0
185,0.11891891891891893,22,6.107143258536974,0.983338910350158,0.7329804417329422,36,all,1
132,0.10606060606060606,14,4.824738588056284,0.9265089826717569,0.7423168965529525,36,first_order,0
53,0.05660377358490566,3,2.616648797139487,0.770289958696618,0.5246720636035639,36,second_order,1
186,0.11827956989247312,22,5.799280119074019,0.9419082152230063,0.7199096096352345,37,all,0
132,0.13636363636363635,18,5.799280119074019,0.9513737881559595,0.7602254085084268,37,first_order,0
54,0.12962962962962962,7,2.6765087628827327,0.8486724526226999,0.6198535680896358,37,second_order,0
186,0.10752688172043011,20,4.840509145429005,0.9528337603816402,0.7320920698074647,38,all,0
131,0.09923664122137404,13,6.107143258536974,0.9625701200705735,0.7345474702873649,38,first_order,1
54,0.1111111111111111,6,4.318129007165164,0.935925511568374,0.7154738398697018,38,second_order,0
186,0.08602150537634409,16,5.379663780555674,0.8377567200234163,0.5972818728806715,39,all,0
131,0.07633587786259542,10,4.840509145429005,0.7793826925021256,0.5614613354824616,39,first_order,1
53,0.05660377358490566,3,2.470560470967866,0.7896767239759848,0.7094231369018614,39,second_order,1
186,0.0967741935483871,18,6.691101557193222,0.8879522261646992,0.628688864960445,40,all,0
132,0.12878787878787878,17,5.799280119074019,0.9543450778239607,0.7208265341067029,40,first_order,0
53,0.07547169811320754,4,6.107143258536974,0.9578126390084648,0.744017617896637,40,second_order,1
186,0.0913978494623656,17,7.402504941276007,0.8467154063003123,0.6235442594908557,41,all,0
131,0.08396946564885496,11,4.824738588056284,0.8468661754760051,0.6240217291747396,41,first_order,1
54,0.07407407407407407,4,5.185106371957386,0.9544776843408977,0.9302657381629703,41,second_order,0
186,0.08602150537634409,16,7.402504941276007,0.82356461353978,0.5923173382165667,42,all,0
132,0.09090909090909091,12,4.182276018096301,0.8478245868056802,0.6761207214852251,42,first_order,0
53,0.09433962264150944,5,5.6157714726161645,0.9509703899441766,0.6241211007861365,42,second_order,1
186,0.11290322580645161,21,7.402504941276007,0.8883944286251881,0.6240256774674762,43,all,0
132,0.09090909090909091,12,4.751979074252413,0.8425613507151477,0.6050033447634438,43,first_order,0
53,0.05660377358490566,3,3.1110512172487033,0.8514152890534471,0.7766160158891702,43,second_order,1
186,0.10752688172043011,20,7.402504941276007,0.8680254804707416,0.6237255912872379,44,all,0
132,0.10606060606060606,14,5.379663780555674,0.9497008588883786,0.6648867603238441,44,first_order,0
53,0.1509433962264151,8,6.107143258536974,1.1352106508340454,0.7766160158891702,44,second_order,1
186,0.07526881720430108,14,4.824738588056284,0.8423091340175113,0.6216484895296243,45,all,0
132,0.12121212121212122,16,7.402504941276007,0.9460214410700616,0.6380807578550375,45,first_order,0
53,0.07547169811320754,4,3.928708631946251,0.8750783177510195,0.689820711327864,45,second_order,1
185,0.11891891891891893,22,5.263562138717859,0.9311549573941936,0.6641446718579378,46,all,1
131,0.07633587786259542,10,5.799280119074019,0.9491071077170485,0.737788801052602,46,first_order,1
54,0.1111111111111111,6,3.28939812699989,0.867840922566007,0.7563231853223353,46,second_order,0
186,0.0967741935483871,18,5.293386789610306,0.925427928242293,0.681825876370296,47,all,0
131,0.10687022900763359,14,6.107143258536974,0.9351747752343422,0.659677293414314,47,first_order,1
53,0.09433962264150944,5,3.0203453616877467,0.9285733299086506,0.6400588527603166,47,second_order,1
185,0.11351351351351352,21,6.691101557193222,0.9225080272795997,0.6426561196993434,48,all,1
132,0.06818181818181818,9,6.691101557193222,0.8991866394391363,0.6305673620994254,48,first_order,0
53,0.03773584905660377,2,5.6157714726161645,0.8203723377718307,0.6124702570880387,48,second_order,1
185,0.07027027027027027,13,6.107143258536974,0.8653903025531089,0.6491245274385845,49,all,1
132,0.09848484848484848,13,5.379663780555674,0.9373888475837293,0.664441401799724,49,first_order,0
54,0.07407407407407407,4,3.928708631946251,0.9204970322092134,0.7623348018220739,49,second_order,0
186,0.12365591397849462,23,5.263562138717859,0.9366078352881801,0.6189049725827328,50,all,0
132,0.09848484848484848,13,7.402504941276007,0.9132692713726193,0.6263565123795563,50,first_order,0
53,0.1509433962264151,8,3.6769103605760836,1.0057914330668547,0.8712477463241897,50,second_order,1
185,0.10810810810810811,20,5.379663780555674,0.9439489786683604,0.7329804417329422,51,all,1
131,0.10687022900763359,14,6.107143258536974,0.9373491737216826,0.7569106466976233,51,first_order,1
54,0.037037037037037035,2,6.107143258536974,0.8363410807616704,0.6161688913737755,51,second_order,0
186,0.11290322580645161,21,7.402504941276007,0.9562839989182678,0.6650632916522371,52,all,0
132,0.14393939393939395,19,6.107143258536974,1.0326150487306451,0.7389517163511197,52,first_order,0
54,0.05555555555555555,3,3.31680671442054,0.8179090309563823,0.7078541028679173,52,second_order,0
185,0.12432432432432433,23,4.646173456637406,0.9607496012384382,0.7467592975456562,53,all,1
132,0.11363636363636363,15,7.402504941276007,0.9042409560237258,0.6003178115625482,53,first_order,0
54,0.12962962962962962,7,5.6157714726161645,0.9554234211264917,0.5288532539854889,53,second_order,0
185,0.11351351351351352,21,6.107143258536974,0.9301824747184962,0.7042871243384402,54,all,1
132,0.09090909090909091,12,6.107143258536974,0.9001596597343341,0.5648338004473554,54,first_order,0
54,0.14814814814814814,8,2.6807289449508125,1.0020812890941193,1.0010238172225294,54,second_order,0
186,0.12903225806451613,24,5.293386789610306,0.9694196835491933,0.6532937617193428,55,all,0
131,0.0916030534351145,12,4.929663571963915,0.8521561847860234,0.7144995001829675,55,first_order,1
54,0.05555555555555555,3,3.6769103605760836,0.9843775395143463,0.9005368390875012,55,second_order,0
186,0.0913978494623656,17,6.107143258536974,0.8297743903044825,0.5525804314018955,56,all,0
132,0.10606060606060606,14,7.402504941276007,0.923652718473822,0.6807008461912061,56,first_order,0
54,0.018518518518518517,1,3.31680671442054,0.7816152340590214,0.7000766824879882,56,second_order,0
186,0.08064516129032258,15,6.691101557193222,0.9108229576014737,0.7071231533716583,57,all,0
132,0.06818181818181818,9,7.402504941276007,0.8223183911192473,0.6231158340896723,57,first_order,0
53,0.09433962264150944,5,5.379663780555674,1.0018326169913525,0.7361827595782283,57,second_order,1
185,0.07027027027027027,13,7.402504941276007,0.8911418755879634,0.6333560007461502,58,all,1
132,0.08333333333333333,11,5.263562138717859,0.8682782871172386,0.6380060602227469,58,first_order,0
54,0.05555555555555555,3,3.8037556900222493,0.8274105674939554,0.699218116358173,58,second_order,0
186,0.07526881720430108,14,6.691101557193222,0.9018918334073072,0.7300036424921319,59,all,0
131,0.12213740458015267,16,7.402504941276007,0.938342273647155,0.6182894606018712,59,first_order,1
54,0.16666666666666666,9,6.107143258536974,1.0209696091577878,0.6320899767732265,59,second_order,0
185,0.0918918918918919,17,5.379663780555674,0.9163283858580125,0.6646406547296743,60,all,1
132,0.12121212121212122,16,4.751979074252413,0.9406145927732142,0.6728801599093064,60,first_order,0
53,0.07547169811320754,4,2.731211715402172,0.8476329431117318,0.6945225796211416,60,second_order,1
186,0.08064516129032258,15,6.107143258536974,0.8355064959656688,0.6129851552040035,61,all,0
131,0.06870229007633588,9,4.824738588056284,0.8561689504789392,0.6277787234527006,61,first_order,1
54,0.018518518518518517,1,2.2556942761898653,0.7561581854690892,0.6103195382846065,61,second_order,0
186,0.08064516129032258,15,4.840509145429005,0.8683713108499161,0.6275078012719666,62,all,0
132,0.12121212121212122,16,4.318129007165164,0.9063942430129888,0.6992309290198495,62,first_order,0
54,0.07407407407407407,4,2.597125685326188,0.7973921376871032,0.6159953708258166,62,second_order,0
184,0.08695652173913043,16,5.799280119074019,0.8446183810914089,0.5864596622543237,63,all,2
131,0.1297709923664122,17,5.293386789610306,0.964872448336357,0.744017617896637,63,first_order,1
54,0.16666666666666666,9,4.255759867545777,1.055856704888274,0.9430519403877322,63,second_order,0
186,0.13978494623655913,26,4.318129007165164,0.9330915485391356,0.6887107497843199,64,all,0
131,0.12213740458015267,16,6.107143258536974,0.9190075237202686,0.7568665735677531,64,first_order,1
54,0.1111111111111111,6,5.293386789610306,0.9366911499247708,0.7349525561523038,64,second_order,0
186,0.10752688172043011,20,5.799280119074019,0.8572298604867423,0.5972520170072635,65,all,0
132,0.14393939393939395,19,5.164087683548203,0.9815972071598698,0.6950757799280056,65,first_order,0
54,0.07407407407407407,4,5.263562138717859,0.9197496373406303,0.6666281763894666,65,second_order,0
185,0.10810810810810811,20,7.402504941276007,0.9832816470347372,0.737788801052602,66,all,1
132,0.10606060606060606,14,7.402504941276007,0.8727541221479178,0.6240256774674762,66,first_order,0
54,0.16666666666666666,9,5.185106371957386,1.0190268394394217,0.7198421808924924,66,second_order,0
186,0.11290322580645161,21,6.691101557193222,0.9348844022512142,0.6731136139380437,67,all,0
132,0.09090909090909091,12,5.263562138717859,0.8666236925340769,0.5954323724116488,67,first_order,0
54,0.05555555555555555,3,5.6157714726161645,0.8755497014280456,0.6806134451172448,67,second_order,0
186,0.13440860215053763,25,5.293386789610306,1.0066941135924883,0.7468991150175501,68,all,0
132,0.10606060606060606,14,7.402504941276007,0.9777550250856694,0.7380649224672398,68,first_order,0
54,0.05555555555555555,3,3.928708631946251,0.8255472198478523,0.7310351269930995,68,second_order,0
186,0.11827956989247312,22,5.185106371957386,0.9054038817869084,0.6219943132228244,69,all,0
132,0.10606060606060606,14,7.402504941276007,0.9138537122703451,0.6208555402425302,69,first_order,0
54,0.12962962962962962,7,4.255759867545777,0.9325987718391893,0.504251330754811,69,second_order,0
186,0.0967741935483871,18,5.379663780555674,0.8889654307237437,0.6092074661331216,70,all,0
132,0.10606060606060606,14,7.402504941276007,0.9844054512144431,0.7163921766926366,70,first_order,0
54,0.16666666666666666,9,4.646173456637406,1.1146920534677207,0.8673417579906064,70,second_order,0
186,0.06989247311827956,13,5.799280119074019,0.8705632928501336,0.658983009359609,71,all,0
131,0.13740458015267176,18,4.456760860548637,0.9916287357376685,0.6876007882407759,71,first_order,1
54,0.12962962962962962,7,5.263562138717859,1.0941113141868852,0.7541436469677945,71,second_order,0
186,0.10215053763440861,19,5.379663780555674,0.9893665897756354,0.7457938511355182,72,all,0
131,0.12213740458015267,16,7.402504941276007,0.9583407479245131,0.7568665735677531,72,first_order,1
54,0.05555555555555555,3,2.6765087628827327,0.8077132213181463,0.6858773401493041,72,second_order,0
185,0.11351351351351352,21,5.185106371957386,0.9703174039104683,0.7401146316496374,73,all,1
132,0.08333333333333333,11,6.691101557193222,0.8636682383849216,0.6919977225145614,73,first_order,0
54,0.1111111111111111,6,3.6769103605760836,0.890125714264411,0.7369187757471378,73,second_order,0
186,0.11290322580645161,21,7.402504941276007,0.8930165636953925,0.5881747886966913,74,all,0
132,0.12121212121212122,16,6.107143258536974,0.9094356639825214,0.7337639560101535,74,first_order,0
54,0.1111111111111111,6,5.6157714726161645,0.9614343797471507,0.7409824596574466,74,second_order,0
185,0.10270270270270271,19,7.402504941276007,0.9535483995913205,0.7401146316496374,75,all,1
131,0.10687022900763359,14,5.799280119074019,0.8544817284041285,0.6190106748571454,75,first_order,1
54,0.1111111111111111,6,6.107143258536974,1.040228987394268,0.8739695700782044,75,second_order,0
186,0.11290322580645161,21,5.293386789610306,0.9136194001592663,0.7184172416184109,76,all,0
132,0.15151515151515152,20,5.799280119074019,1.0732244992717324,0.7739569532674739,76,first_order,0
54,0.14814814814814814,8,4.840509145429005,0.9317286913006956,0.762873515172198,76,second_order,0
185,0.10810810810810811,20,6.107143258536974,0.9382870018341803,0.7271535680304384,77,all,1
130,0.1,13,5.293386789610306,0.8543150452924938,0.5611393347607112,77,first_order,2
54,0.09259259259259259,5,5.799280119074019,0.9622319500756048,0.7551322317051741,77,second_order,0
186,0.0967741935483871,18,6.107143258536974,0.8642511685233101,0.6411612347403961,78,all,0
131,0.16793893129770993,22,5.799280119074019,1.0811136792985767,0.6426561196993434,78,first_order,1
54,0.09259259259259259,5,7.402504941276007,0.9220204499852431,0.64135748622983,78,second_order,0
185,0.10270270270270271,19,6.691101557193222,0.9131607713559193,0.6277787234527006,79,all,1
132,0.08333333333333333,11,7.402504941276007,0.9163426024791648,0.630642059731716,79,first_order,0
54,0.09259259259259259,5,4.824738588056284,0.9821055520616195,0.8655540100024343,79,second_order,0
186,0.0967741935483871,18,5.799280119074019,0.8834708147246388,0.663317182018577,80,all,0
132,0.12878787878787878,17,5.293386789610306,0.9668447052859819,0.6256710470541678,80,first_order,0
54,0.09259259259259259,5,4.255759867545777,0.8699553928101266,0.71083807382579,80,second_order,0
186,0.10215053763440861,19,5.799280119074019,0.9652676820000216,0.7390309665339467,81,all,0
132,0.09848484848484848,13,5.164087683548203,0.9006307693548357,0.6023250956776128,81,first_order,0
54,0.037037037037037035,2,2.597125685326188,0.748967348318528,0.7432829406196595,81,second_order,0
185,0.0918918918918919,17,5.263562138717859,0.8952287058086854,0.6619937093074799,82,all,1
132,0.09848484848484848,13,7.402504941276007,0.9659661473308583,0.7177454111102137,82,first_order,0
53,0.09433962264150944,5,2.6765087628827327,0.8937748592523657,0.7642696760389518,82,second_order,1
185,0.0972972972972973,18,5.379663780555674,0.9498581259584423,0.6945225796211416,83,all,1
132,0.09090909090909091,12,5.185106371957386,0.8443068935004162,0.6437280084335073,83,first_order,0
54,0.1111111111111111,6,6.691101557193222,0.9503314044751708,0.5854850723428482,83,second_order,0
184,0.10869565217391304,20,5.185106371957386,0.9383160507109857,0.7320920698074647,84,all,2
131,0.1297709923664122,17,5.799280119074019,1.0063416589917236,0.8082821481198705,84,first_order,1
54,0.07407407407407407,4,4.182276018096301,0.9405771975662545,0.761533632739426,84,second_order,0
186,0.0913978494623656,17,5.185106371957386,0.844388034829477,0.5574259937886489,85,all,0
131,0.11450381679389313,15,5.379663780555674,0.9772930864906001,0.7451364526813546,85,first_order,1
53,0.07547169811320754,4,2.731211715402172,0.8607721914088795,0.7466839834638372,85,second_order,1
186,0.10752688172043011,20,5.185106371957386,0.8951084664434966,0.7049589548466375,86,all,0
132,0.09090909090909091,12,6.107143258536974,0.9329131030429272,0.71083807382579,86,first_order,0
54,0.05555555555555555,3,2.597125685326188,0.7588194760111372,0.6151119427673156,86,second_order,0
185,0.10270270270270271,19,5.379663780555674,0.895332442992744,0.6234294533997362,87,all,1
131,0.10687022900763359,14,6.107143258536974,0.9578232227735564,0.6246219015352161,87,first_order,1
54,0.14814814814814814,8,4.318129007165164,0.8766966396792979,0.569530460105194,87,second_order,0
184,0.11413043478260869,21,5.293386789610306,0.9313336316479536,0.7157203461844392,88,all,2
132,0.10606060606060606,14,4.824738588056284,0.9607404380920492,0.6477495526591057,88,first_order,0
54,0.07407407407407407,4,3.928708631946251,0.8292438562399024,0.6743412868607302,88,second_order,0
186,0.10215053763440861,19,5.263562138717859,0.9236252637503256,0.6838632618204441,89,all,0
131,0.10687022900763359,14,7.402504941276007,0.8641137810330827,0.6182894606018712,89,first_order,1
54,0.05555555555555555,3,4.182276018096301,0.8453262388853472,0.7019728582615015,89,second_order,0
186,0.10215053763440861,19,5.293386789610306,0.9113971794661319,0.6622077125779121,90,all,0
132,0.07575757575757576,10,4.751979074252413,0.7728261448667211,0.5952433084737938,90,first_order,0
54,0.1111111111111111,6,5.164087683548203,1.0342428715037597,0.7445967357764335,90,second_order,0
185,0.13513513513513514,25,5.263562138717859,1.0323797732552011,0.7642696760389518,91,all,1
132,0.13636363636363635,18,5.293386789610306,0.9342469097498821,0.6303631946664653,91,first_order,0
54,0.07407407407407407,4,3.863592381570207,0.7860149566497048,0.6128116346560446,91,second_order,0
185,0.08108108108108109,15,6.691101557193222,0.9034919295444744,0.689820711327864,92,all,1
131,0.11450381679389313,15,7.402504941276007,0.9929721485723912,0.6333560007461502,92,first_order,1
54,0.07407407407407407,4,6.107143258536974,0.8846350036225076,0.6259214474287076,92,second_order,0
185,0.10810810810810811,20,7.402504941276007,0.9166161676264898,0.6469102300243715,93,all,1
132,0.12878787878787878,17,4.751979074252413,0.9466403453632743,0.7478607864752211,93,first_order,0
54,0.037037037037037035,2,4.182276018096301,0.7719162646293837,0.6259293903132244,93,second_order,0
186,0.11290322580645161,21,7.402504941276007,0.9757070244797955,0.7465676165267594,94,all,0
132,0.08333333333333333,11,5.164087683548203,0.8400260643136472,0.6262003124939584,94,first_order,0
54,0.1111111111111111,6,4.840509145429005,1.100937569513415,0.8123939453358009,94,second_order,0
186,0.05913978494623656,11,6.107143258536974,0.8256780661854421,0.6761207214852251,95,all,0
132,0.11363636363636363,15,4.929663571963915,0.8934332529095579,0.6637834722745322,95,first_order,0
54,0.05555555555555555,3,5.6157714726161645,0.9737741209728887,0.7902967847407432,95,second_order,0
185,0.0918918918918919,17,7.402504941276007,0.9174557222241024,0.659677293414314,96,all,1
132,0.07575757575757576,10,5.164087683548203,0.8037763575629079,0.5943559026234444,96,first_order,0
54,0.12962962962962962,7,4.255759867545777,0.8774078076072277,0.6366228141123604,96,second_order,0
185,0.10270270270270271,19,5.293386789610306,0.8532675773150254,0.598169278731021,97,all,1
132,0.11363636363636363,15,5.185106371957386,0.9143554787538816,0.6259002263137201,97,first_order,0
54,0.18518518518518517,10,4.255759867545777,1.0724517463240242,0.8620994016267776,97,second_order,0
185,0.08648648648648649,16,4.182276018096301,0.8022791201756687,0.54553663944886,98,all,1
132,0.11363636363636363,15,7.402504941276007,0.963227633052562,0.6465166470802322,98,first_order,0
53,0.1509433962264151,8,5.6157714726161645,1.0701122978009556,0.8684123021117394,98,second_order,1
186,0.10215053763440861,19,6.107143258536974,0.936968492262318,0.7210379626955211,99,all,0
132,0.12121212121212122,16,5.185106371957386,0.9476173849504653,0.7320920698074647,99,first_order,0
53,0.1509433962264151,8,3.928708631946251,0.9758366749235285,0.6646406547296743,99,second_order,1
185,0.06486486486486487,12,6.107143258536974,0.8235043196677442,0.598169278731021,100,all,1
132,0.06818181818181818,9,5.799280119074019,0.8038223088589501,0.5728828927867204,100,first_order,0
53,0.09433962264150944,5,4.318129007165164,0.9447232378677342,0.6674675559601679,100,second_order,1
185,0.0918918918918919,17,5.263562138717859,0.8907353690736272,0.6782927638584447,101,all,1
132,0.11363636363636363,15,5.185106371957386,0.92663539747608,0.71083807382579,101,first_order,0
54,0.14814814814814814,8,2.701013147093827,0.9233444879681859,0.6836757553704351,101,second_order,0
185,0.10270270270270271,19,6.107143258536974,0.8934380197315608,0.627220993322199,102,all,1
132,0.15151515151515152,20,5.185106371957386,1.0310339469459961,0.764926179332331,102,first_order,0
54,0.09259259259259259,5,3.863592381570207,0.8419568803307612,0.5644237533474505,102,second_order,0
185,0.10270270270270271,19,5.379663780555674,0.9557033948413532,0.6876007882407759,103,all,1
132,0.14393939393939395,19,5.185106371957386,1.051926169602985,0.7056366027956935,103,first_order,0
53,0.09433962264150944,5,5.164087683548203,0.8915254960718649,0.7258874944079705,103,second_order,1
185,0.08108108108108109,15,5.799280119074019,0.8697174971535409,0.6674675559601679,104,all,1
132,0.09848484848484848,13,5.185106371957386,0.9127715395706895,0.7373310509685012,104,first_order,0
54,0.09259259259259259,5,3.1110512172487033,0.813498294672299,0.7090193291451716,104,second_order,0
186,0.0913978494623656,17,5.293386789610306,0.849759723290246,0.6118960680294079,105,all,0
132,0.07575757575757576,10,5.164087683548203,0.8498761496958137,0.6411612347403961,105,first_order,0
54,0.1111111111111111,6,5.263562138717859,0.8711517711907036,0.6198457122884273,105,second_order,0
185,0.07027027027027027,13,6.691101557193222,0.8334640647173867,0.6277787234527006,106,all,1
132,0.09090909090909091,12,6.691101557193222,0.8758162001567122,0.6259214474287076,106,first_order,0
54,0.16666666666666666,9,6.107143258536974,1.0175812970337306,0.7869306941614187,106,second_order,0
186,0.12365591397849462,23,4.840509145429005,0.8598541228679077,0.6401331153852609,107,all,0
131,0.0916030534351145,12,5.263562138717859,0.8758937971454946,0.6545437460280915,107,first_order,1
54,0.07407407407407407,4,4.840509145429005,0.8983374000617759,0.591470474479581,107,second_order,0
185,0.10810810810810811,20,5.799280119074019,0.9707627582537632,0.7497806121384633,108,all,1
132,0.10606060606060606,14,5.379663780555674,0.9710493568276198,0.7643130174885335,108,first_order,0
54,0.018518518518518517,1,4.182276018096301,0.837439027020007,0.7558036175918926,108,second_order,0
185,0.10270270270270271,19,5.164087683548203,0.8853110202493885,0.659677293414314,109,all,1
132,0.09848484848484848,13,5.263562138717859,0.9223659281333377,0.7210379626955211,109,first_order,0
54,0.18518518518518517,10,7.402504941276007,1.227993214592909,0.702628178506385,109,second_order,0
186,0.0967741935483871,18,7.402504941276007,0.9553047993226024,0.6808943219639163,110,all,0
132,0.07575757575757576,10,3.928708631946251,0.8488491408394443,0.7356591647658123,110,first_order,0
54,0.12962962962962962,7,5.263562138717859,1.118014933076849,0.791048971843785,110,second_order,0
184,0.09782608695652174,18,5.185106371957386,0.8183916093032966,0.5705081701051993,111,all,2
132,0.09848484848484848,13,6.691101557193222,0.8705501212334483,0.5797854512333334,111,first_order,0
54,0.07407407407407407,4,6.107143258536974,0.8876062979189433,0.7426157686388261,111,second_order,0
185,0.0972972972972973,18,5.263562138717859,0.8161844221539913,0.6246219015352161,112,all,1
132,0.07575757575757576,10,4.182276018096301,0.8474010664688435,0.6882481291952676,112,first_order,0
54,0.14814814814814814,8,5.6157714726161645,1.075350800638854,0.7975022251728812,112,second_order,0
186,0.10752688172043011,20,6.107143258536974,0.8432797674044532,0.6023250956776128,113,all,0
132,0.12878787878787878,17,6.691101557193222,0.929923465857552,0.5943559026234444,113,first_order,0
54,0.07407407407407407,4,2.6765087628827327,0.7346923118799689,0.4997342535613386,113,second_order,0
186,0.08602150537634409,16,5.164087683548203,0.922685220434337,0.7380649224672398,114,all,0
132,0.10606060606060606,14,4.456760860548637,0.9287986512232133,0.6253252233609676,114,first_order,0
54,0.09259259259259259,5,4.456760860548637,0.9270156590988357,0.7270338682384517,114,second_order,0
185,0.0918918918918919,17,5.263562138717859,0.8952646356069446,0.7379473014182562,115,all,1
132,0.11363636363636363,15,4.824738588056284,0.9591630515264,0.7488487098621462,115,first_order,0
54,0.1111111111111111,6,5.185106371957386,1.0174491827321148,0.6566250823638001,115,second_order,0
186,0.11827956989247312,22,7.402504941276007,0.934463955308434,0.6380060602227469,116,all,0
132,0.12878787878787878,17,6.691101557193222,0.9008208185706778,0.6156378187445535,116,first_order,0
54,0.14814814814814814,8,3.1110512172487033,0.9585064597431309,0.7236059689772317,116,second_order,0
186,0.11290322580645161,21,6.107143258536974,0.8929104214583555,0.6470140647613203,117,all,0
132,0.11363636363636363,15,5.164087683548203,0.9557365804896162,0.7373310509685012,117,first_order,0
54,0.12962962962962962,7,4.255759867545777,1.006599752160489,0.7686589574433991,117,second_order,0
186,0.11290322580645161,21,7.402504941276007,0.9158597205372642,0.648017378731478,118,all,0
132,0.09848484848484848,13,4.840509145429005,0.8204984231663401,0.617554202952677,118,first_order,0
54,0.07407407407407407,4,2.616648797139487,0.9183213749662565,0.8727293491347912,118,second_order,0
185,0.0972972972972973,18,6.691101557193222,0.9418234030720019,0.6623059646875202,119,all,1
132,0.12121212121212122,16,4.646173456637406,0.932572539056604,0.7131091714680589,119,first_order,0
54,0.07407407407407407,4,3.863592381570207,0.874390810923755,0.7860133485526285,119,second_order,0
185,0.10270270270270271,19,7.402504941276007,0.9140571618531439,0.627220993322199,120,all,1
132,0.12121212121212122,16,4.751979074252413,0.8612110947545336,0.621944627417126,120,first_order,0
54,0.1111111111111111,6,7.402504941276007,1.0944286161162715,0.6919617746066398,120,second_order,0
185,0.10810810810810811,20,4.929663571963915,0.9204328591470587,0.6779058123130243,121,all,1
132,0.07575757575757576,10,5.293386789610306,0.8906951444436808,0.6888353068853232,121,first_order,0
54,0.09259259259259259,5,2.4089395821813335,0.7573661602272769,0.557893864998731,121,second_order,0
186,0.06989247311827956,13,4.929663571963915,0.7856175024118174,0.6380807578550375,122,all,0
131,0.08396946564885496,11,5.799280119074019,0.7994357193729302,0.6246219015352161,122,first_order,1
54,0.12962962962962962,7,4.255759867545777,0.9694614395054179,0.6230808187544057,122,second_order,0
185,0.10270270270270271,19,5.799280119074019,0.9043430671086395,0.6198675256595123,123,all,1
131,0.07633587786259542,10,6.107143258536974,0.9069463078117513,0.6945225796211416,123,first_order,1
54,0.12962962962962962,7,5.263562138717859,0.9019426372755764,0.6159953708258166,123,second_order,0
186,0.06451612903225806,12,7.402504941276007,0.8614437898111412,0.6272289362067158,124,all,0
132,0.12878787878787878,17,5.263562138717859,0.9703215203423625,0.7300036424921319,124,first_order,0
54,0.18518518518518517,10,4.318129007165164,1.0759457822320448,0.7791466578059534,124,second_order,0
185,0.06486486486486487,12,6.691101557193222,0.8516525655035986,0.6646406547296743,125,all,1
131,0.0916030534351145,12,4.255759867545777,0.8966672270110934,0.7345474702873649,125,first_order,1
54,0.07407407407407407,4,4.526698006705169,0.9915357683380767,0.8674192028629428,125,second_order,0
186,0.10752688172043011,20,5.293386789610306,0.9205439274674383,0.630642059731716,126,all,0
132,0.09848484848484848,13,6.107143258536974,0.9494893212298634,0.7565458938377626,126,first_order,0
54,0.037037037037037035,2,4.182276018096301,0.7986235882170523,0.6140181725703433,126,second_order,0
186,0.08064516129032258,15,6.691101557193222,0.8609510255145335,0.6384516254456425,127,all,0
132,0.11363636363636363,15,5.379663780555674,0.875291086976319,0.6214749689816653,127,first_order,0
53,0.05660377358490566,3,6.107143258536974,0.9420371842685346,0.6930003783211475,127,second_order,1
186,0.11290322580645161,21,6.107143258536974,0.8721287366593629,0.6275078012719666,128,all,0
132,0.13636363636363635,18,5.799280119074019,1.0084026537049708,0.7208265341067029,128,first_order,0
54,0.05555555555555555,3,5.293386789610306,0.7740033714827473,0.5275374980577663,128,second_order,0
186,0.08602150537634409,16,5.379663780555674,0.8688325287393369,0.6479056803491259,129,all,0
131,0.11450381679389313,15,5.185106371957386,0.8817340627466896,0.5806019862920806,129,first_order,1
54,0.05555555555555555,3,3.928708631946251,0.8120737832843142,0.6546705979457292,129,second_order,0
186,0.11290322580645161,21,5.263562138717859,0.8587233157149863,0.6232506300200111,130,all,0
131,0.0916030534351145,12,5.293386789610306,0.9691750294863818,0.7907567179373657,130,first_order,1
53,0.09433962264150944,5,3.863592381570207,0.8909736664438954,0.6241211007861365,130,second_order,1
186,0.12903225806451613,24,6.691101557193222,0.9431064775509282,0.623501030394551,131,all,0
131,0.11450381679389313,15,5.185106371957386,0.9350611150152345,0.627220993322199,131,first_order,1
54,0.07407407407407407,4,3.1110512172487033,0.8050216048785016,0.6870772904885449,131,second_order,0
185,0.08108108108108109,15,3.863592381570207,0.7997736901202438,0.6182894606018712,132,all,1
130,0.12307692307692308,16,5.164087683548203,0.9381178480217823,0.7345754996501217,132,first_order,2
54,0.12962962962962962,7,5.6157714726161645,0.9826920970664327,0.6854530953170859,132,second_order,0
186,0.0967741935483871,18,4.929663571963915,0.8554016623940432,0.6146446011957609,133,all,0
131,0.08396946564885496,11,6.107143258536974,0.8238821983903692,0.598109566984205,133,first_order,1
54,0.09259259259259259,5,5.263562138717859,0.8667538097245486,0.6658061139090529,133,second_order,0
186,0.11290322580645161,21,6.691101557193222,0.966508203446052,0.6630691905827089,134,all,0
132,0.12878787878787878,17,4.840509145429005,0.9070162854578638,0.6422722313433245,134,first_order,0
54,0.07407407407407407,4,4.840509145429005,0.903731577821436,0.6378181877206712,134,second_order,0
186,0.0913978494623656,17,5.263562138717859,0.9191708047098044,0.6882481291952676,135,all,0
132,0.10606060606060606,14,5.164087683548203,0.929442228503412,0.7420661247731373,135,first_order,0
54,0.09259259259259259,5,3.6769103605760836,0.9596719028123645,0.8893282615198004,135,second_order,0
185,0.10810810810810811,20,5.263562138717859,0.9021131094901531,0.737788801052602,136,all,1
131,0.11450381679389313,15,7.402504941276007,0.9318105778991336,0.6834958800693878,136,first_order,1
54,0.12962962962962962,7,5.6157714726161645,1.0764198504171507,0.8776715256098115,136,second_order,0
186,0.0913978494623656,17,4.318129007165164,0.8274477653963419,0.6284674247052339,137,all,0
132,0.14393939393939395,19,5.379663780555674,0.9329720990368395,0.6187784384849166,137,first_order,0
54,0.1111111111111111,6,3.1110512172487033,0.7890418028931505,0.5214865685306846,137,second_order,0
185,0.0918918918918919,17,5.799280119074019,0.8948836945783197,0.659677293414314,138,all,1
132,0.12878787878787878,17,6.107143258536974,0.9469138695836903,0.6687915528636692,138,first_order,0
54,0.12962962962962962,7,5.185106371957386,1.1450043856237275,0.9123728172081493,138,second_order,0
186,0.11290322580645161,21,4.840509145429005,0.9152017605170124,0.7320920698074647,139,all,0
132,0.12121212121212122,16,6.691101557193222,0.9979606623867662,0.6974267140746444,139,first_order,0
53,0.07547169811320754,4,5.6157714726161645,0.8875312970192838,0.6176893513103209,139,second_order,1
186,0.10215053763440861,19,7.402504941276007,0.9028107752391881,0.6465166470802322,140,all,0
132,0.09848484848484848,13,4.824738588056284,0.89057142489917,0.6866411257685305,140,first_order,0
54,0.07407407407407407,4,2.701013147093827,0.7900810865273493,0.6809950677906548,140,second_order,0
185,0.12432432432432433,23,6.107143258536974,0.9463156555019236,0.6426561196993434,141,all,1
131,0.09923664122137404,13,5.263562138717859,0.9237877360099381,0.6941747337012587,141,first_order,1
54,0.07407407407407407,4,5.185106371957386,0.8677142933087252,0.5836392442429462,141,second_order,0
185,0.13513513513513514,25,6.107143258536974,0.9789724412708667,0.6834958800693878,142,all,1
132,0.09090909090909091,12,5.293386789610306,0.8081057703601243,0.5528882827804565,142,first_order,0
54,0.12962962962962962,7,4.751979074252413,1.0078405225803546,0.7862759120794112,142,second_order,0
186,0.13978494623655913,26,4.929663571963915,0.982358388202381,0.6981081548146288,143,all,0
132,0.13636363636363635,18,5.799280119074019,1.0606702894871058,0.7819089840902769,143,first_order,0
54,0.12962962962962962,7,4.255759867545777,0.8773601849244729,0.5038482845212472,143,second_order,0
185,0.11351351351351352,21,6.691101557193222,0.916211236981545,0.6945225796211416,144,all,1
132,0.08333333333333333,11,5.293386789610306,0.8657413829269338,0.732875584084676,144,first_order,0
53,0.09433962264150944,5,3.1110512172487033,0.9735148248893829,0.8684123021117394,144,second_order,1
184,0.10326086956521739,19,6.107143258536974,0.9205457923569967,0.6692142729124667,145,all,2
132,0.07575757575757576,10,5.185106371957386,0.8082984515894626,0.566842602049574,145,first_order,0
53,0.11320754716981132,6,3.6769103605760836,0.9111203436601152,0.737788801052602,145,second_order,1
185,0.11891891891891893,22,5.185106371957386,0.8546326867814534,0.5722238686166866,146,all,1
132,0.11363636363636363,15,4.456760860548637,0.8649488036902996,0.6447831748618575,146,first_order,0
54,0.1111111111111111,6,4.318129007165164,0.964806123914229,0.8120638521236128,146,second_order,0
185,0.08108108108108109,15,6.107143258536974,0.8735403495633352,0.6641446718579378,147,all,1
132,0.07575757575757576,10,4.824738588056284,0.870500475737807,0.6595922003788829,147,first_order,0
54,0.07407407407407407,4,2.625491388708993,0.8421463601464105,0.7409032094746195,147,second_order,0
185,0.10270270270270271,19,5.799280119074019,0.8894048770364968,0.6426561196993434,148,all,1
132,0.11363636363636363,15,7.402504941276007,1.0029303834613537,0.7365475366912898,148,first_order,0
54,0.1111111111111111,6,4.255759867545777,0.9253394917497487,0.6568998024180046,148,second_order,0
186,0.10215053763440861,19,7.402504941276007,0.9979131945679665,0.699315581837991,149,all,0
132,0.12121212121212122,16,5.293386789610306,0.9286224998376557,0.6248005762880424,149,first_order,0
54,0.14814814814814814,8,2.8067513042925123,0.9725166420050962,0.7472062655425125,149,second_order,0
185,0.0972972972972973,18,7.402504941276007,0.9621258719087765,0.7512461701346108,150,all,1
132,0.07575757575757576,10,4.929663571963915,0.8267119896871475,0.6289889511406832,150,first_order,0
54,0.05555555555555555,3,2.2425568258911834,0.7587032489844228,0.6658061139090529,150,second_order,0
185,0.07567567567567568,14,5.379663780555674,0.8819160501276943,0.659677293414314,151,all,1
132,0.11363636363636363,15,6.691101557193222,0.9099942178054821,0.5794677646741235,151,first_order,0
54,0.1111111111111111,6,5.6157714726161645,0.9548654360497384,0.7547982288110562,151,second_order,0
186,0.0913978494623656,17,6.107143258536974,0.8615032293703926,0.5935996838829178,152,all,0
132,0.10606060606060606,14,6.691101557193222,0.8929597146311445,0.5519444140011465,152,first_order,0
54,0.09259259259259259,5,6.107143258536974,0.8983990228353144,0.5051189535475716,152,second_order,0
186,0.11290322580645161,21,7.402504941276007,0.8981091418404681,0.660835501360897,153,all,0
132,0.11363636363636363,15,5.379663780555674,0.9112208423254818,0.7320920698074647,153,first_order,0
54,0.12962962962962962,7,5.293386789610306,0.8879802746986346,0.4920715269945707,153,second_order,0
185,0.05945945945945946,11,6.107143258536974,0.8327571214838041,0.6246219015352161,154,all,1
131,0.11450381679389313,15,5.799280119074019,0.9757119447804085,0.689820711327864,154,first_order,1
54,0.12962962962962962,7,5.185106371957386,0.9403158300215719,0.6672907161907291,154,second_order,0
184,0.10869565217391304,20,6.107143258536974,0.9752755903349297,0.7489041368853507,155,all,2
132,0.12121212121212122,16,5.185106371957386,1.0027303346634566,0.7605502188803561,155,first_order,0
54,0.14814814814814814,8,2.6765087628827327,0.9579484669451764,0.6858773401493041,155,second_order,0
185,0.0918918918918919,17,6.107143258536974,0.8960311632932793,0.6605227335119092,156,all,1
132,0.08333333333333333,11,6.691101557193222,0.9601455261807775,0.7176553156549159,156,first_order,0
53,0.1509433962264151,8,5.263562138717859,1.0087653574256312,0.7466839834638372,156,second_order,1
186,0.10215053763440861,19,7.402504941276007,0.9406031749993571,0.695943956289608,157,all,0
131,0.11450381679389313,15,7.402504941276007,0.9491347526201706,0.5923173382165667,157,first_order,1
54,0.1111111111111111,6,2.731211715402172,0.8446765983772713,0.6219943132228244,157,second_order,0
184,0.10869565217391304,20,6.691101557193222,0.9698765732786513,0.7265205312192045,158,all,2
132,0.13636363636363635,18,5.263562138717859,1.0198588234229862,0.78593298957486,158,first_order,0
54,0.09259259259259259,5,3.28939812699989,0.8550864574663634,0.6743412868607302,158,second_order,0
186,0.12903225806451613,24,5.263562138717859,0.8863752112219574,0.6637834722745322,159,all,0
132,0.12121212121212122,16,5.379663780555674,0.9990051416162816,0.7391485875829303,159,first_order,0
53,0.09433962264150944,5,3.6769103605760836,0.8239182503963887,0.6090938755223433,159,second_order,1
186,0.12365591397849462,23,4.929663571963915,0.9168903065461361,0.664441401799724,160,all,0
132,0.10606060606060606,14,5.185106371957386,0.9208987032043857,0.7093933122607039,160,first_order,0
54,0.037037037037037035,2,7.402504941276007,0.7058154256675827,0.5286041910040828,160,second_order,0
185,0.13513513513513514,25,6.107143258536974,0.9914326449045197,0.6876007882407759,161,all,1
132,0.09090909090909091,12,4.318129007165164,0.8127741208851016,0.5994387237074721,161,first_order,0
54,0.07407407407407407,4,6.107143258536974,0.8741382086924202,0.6641593637615928,161,second_order,0
185,0.08648648648648649,16,5.164087683548203,0.8484803304488939,0.6469102300243715,162,all,1
131,0.07633587786259542,10,7.402504941276007,0.900570323723373,0.6605227335119092,162,first_order,1
54,0.07407407407407407,4,5.185106371957386,0.8392827035488047,0.5915844369681575,162,second_order,0
185,0.10270270270270271,19,5.379663780555674,0.8991975476418053,0.6674675559601679,163,all,1
132,0.11363636363636363,15,7.402504941276007,1.0391608875657596,0.7927149969911336,163,first_order,0
54,0.09259259259259259,5,3.454617599785624,0.8600457643377325,0.6118960680294079,163,second_order,0
186,0.10752688172043011,20,5.379663780555674,0.8657243640400433,0.6216484895296243,164,all,0
132,0.07575757575757576,10,7.402504941276007,0.9280612190007977,0.664392663293806,164,first_order,0
54,0.18518518518518517,10,4.318129007165164,1.1076498601966267,0.8934978405319385,164,second_order,0
185,0.10270270270270271,19,6.691101557193222,0.9104252345117674,0.6469102300243715,165,all,1
132,0.12121212121212122,16,5.293386789610306,0.7943514802657222,0.5341732035883955,165,first_order,0
54,0.09259259259259259,5,5.185106371957386,0.881195935120809,0.6558873904773777,165,second_order,0
186,0.10215053763440861,19,5.263562138717859,0.863874121033399,0.6615497830527202,166,all,0
132,0.07575757575757576,10,6.691101557193222,0.8962425988352204,0.7285455961449788,166,first_order,0
54,0.12962962962962962,7,5.185106371957386,1.0275612652285793,0.6715865867418509,166,second_order,0
185,0.07567567567567568,14,5.799280119074019,0.8127889335595514,0.6246219015352161,167,all,1
132,0.06818181818181818,9,4.526698006705169,0.8357109730883167,0.6640314637104003,167,first_order,0
53,0.05660377358490566,3,4.318129007165164,0.946078316240194,0.8082821481198705,167,second_order,1
185,0.08108108108108109,15,6.107143258536974,0.8828719616763759,0.7086155213884819,168,all,1
132,0.08333333333333333,11,4.929663571963915,0.885470665326955,0.6668108454486354,168,first_order,0
54,0.1111111111111111,6,2.9156882695534767,0.9572144634211277,0.7300670048816903,168,second_order,0
186,0.11290322580645161,21,6.107143258536974,0.9307025225414999,0.673884891448889,169,all,0
131,0.10687022900763359,14,5.379663780555674,0.9534167785748326,0.6647381317415102,169,first_order,1
54,0.05555555555555555,3,4.646173456637406,0.8958885828759452,0.7406224409235167,169,second_order,0
186,0.0913978494623656,17,5.263562138717859,0.8057753174097976,0.5983284867954679,170,all,0
131,0.09923664122137404,13,6.691101557193222,1.011585490841285,0.7379473014182562,170,first_order,1
53,0.07547169811320754,4,4.840509145429005,0.9478801338868288,0.8158455561273551,170,second_order,1
186,0.11290322580645161,21,5.379663780555674,0.9174922893163386,0.7203134173919243,171,all,0
132,0.11363636363636363,15,6.107143258536974,1.005288713987538,0.7535953111506097,171,first_order,0
54,0.09259259259259259,5,2.917556643828069,0.9898239606624157,0.8041948022265706,171,second_order,0
185,0.08648648648648649,16,5.799280119074019,0.8748206913438205,0.6674675559601679,172,all,1
131,0.06870229007633588,9,6.691101557193222,0.8444742153253987,0.6623059646875202,172,first_order,1
53,0.03773584905660377,2,2.8714948985655466,0.6906649865644132,0.5105741201460087,172,second_order,1
186,0.10752688172043011,20,6.107143258536974,0.9381458712852017,0.6811277759926536,173,all,0
132,0.07575757575757576,10,7.402504941276007,0.9176743607157373,0.6934154307223762,173,first_order,0
54,0.05555555555555555,3,3.0203453616877467,0.8293998199095802,0.7438639567783597,173,second_order,0
185,0.0972972972972973,18,6.691101557193222,0.9619273635767925,0.7312036978819871,174,all,1
132,0.09090909090909091,12,5.185106371957386,0.8678690589373915,0.6386833223623174,174,first_order,0
53,0.11320754716981132,6,2.625491388708993,0.7844968672304015,0.598169278731021,174,second_order,1
185,0.10810810810810811,20,5.293386789610306,0.922011715011015,0.6246219015352161,175,all,1
131,0.09923664122137404,13,5.185106371957386,0.8922218030600916,0.6834958800693878,175,first_order,1
54,0.12962962962962962,7,5.6157714726161645,1.1065806794033388,0.8060298661718033,175,second_order,0
185,0.08108108108108109,15,5.293386789610306,0.8832298275032562,0.6674675559601679,176,all,1
132,0.12878787878787878,17,7.402504941276007,0.9441852005500697,0.5545243738582486,176,first_order,0
54,0.1111111111111111,6,2.625491388708993,0.8469632422938771,0.650962848754213,176,second_order,0
186,0.08602150537634409,16,7.402504941276007,0.8750952815289178,0.620488701385111,177,all,0
132,0.13636363636363635,18,5.185106371957386,0.9926394368188018,0.658983009359609,177,first_order,0
53,0.09433962264150944,5,7.402504941276007,0.9600018541652355,0.591115666393898,177,second_order,1
186,0.08602150537634409,16,5.185106371957386,0.8619969044552512,0.660835501360897,178,all,0
131,0.09923664122137404,13,6.691101557193222,0.903363015820707,0.6195204845635944,178,first_order,1
54,0.1111111111111111,6,5.185106371957386,0.9771125282848667,0.8893678528563219,178,second_order,0
184,0.09239130434782608,17,6.691101557193222,0.8167771974715263,0.611460865025989,179,all,2
131,0.07633587786259542,10,5.799280119074019,0.8340697486317448,0.526316281278952,179,first_order,1
53,0.07547169811320754,4,5.379663780555674,0.9610295144289736,0.9328438144724895,179,second_order,1
185,0.10810810810810811,20,7.402504941276007,0.9633967762226295,0.6491245274385845,180,all,1
132,0.11363636363636363,15,7.402504941276007,0.9356493374115423,0.6645771562268237,180,first_order,0
54,0.09259259259259259,5,6.107143258536974,1.0303085085859807,0.7476318940156239,180,second_order,0
185,0.10270270270270271,19,5.799280119074019,0.8762743687123633,0.6674675559601679,181,all,1
131,0.13740458015267176,18,4.646173456637406,0.9289514534506736,0.6634222726911264,181,first_order,1
54,0.18518518518518517,10,4.824738588056284,0.991439858542706,0.6122900786274249,181,second_order,0
185,0.10810810810810811,20,5.185106371957386,0.9511001259906697,0.7258874944079705,182,all,1
132,0.09090909090909091,12,5.185106371957386,0.8676855610094141,0.6683626578396802,182,first_order,0
54,0.09259259259259259,5,5.263562138717859,0.8755157822241679,0.7409032094746195,182,second_order,0
185,0.08108108108108109,15,7.402504941276007,0.9000617429768187,0.6694770190393332,183,all,1
132,0.06818181818181818,9,5.293386789610306,0.8240070431592103,0.6206954170555156,183,first_order,0
54,0.07407407407407407,4,5.185106371957386,0.9856397748920419,0.7978348975287393,183,second_order,0
185,0.10810810810810811,20,6.691101557193222,0.913531558769978,0.6694770190393332,184,all,1
130,0.13846153846153847,18,5.164087683548203,0.9570942421963522,0.7291786329562128,184,first_order,2
54,0.18518518518518517,10,3.863592381570207,1.0951560234991813,0.8732719839373198,184,second_order,0
186,0.10215053763440861,19,5.263562138717859,0.944059185497151,0.7285455961449788,185,all,0
132,0.11363636363636363,15,5.379663780555674,1.0689272815268083,0.7647128308165276,185,first_order,0
54,0.07407407407407407,4,3.928708631946251,0.9046069939103379,0.6796488651835986,185,second_order,0
185,0.11891891891891893,22,6.107143258536974,0.9645446777995459,0.7042871243384402,186,all,1
132,0.09848484848484848,13,5.799280119074019,0.9126019320728904,0.7119613185424145,186,first_order,0
54,0.07407407407407407,4,2.597125685326188,0.7630257014785593,0.6034780477687219,186,second_order,0
185,0.0918918918918919,17,5.185106371957386,0.9131985285634643,0.6646406547296743,187,all,1
132,0.10606060606060606,14,5.799280119074019,0.8720356106317166,0.6507269880262315,187,first_order,0
54,0.07407407407407407,4,4.318129007165164,0.864352058635351,0.6153623431418555,187,second_order,0
186,0.08602150537634409,16,5.293386789610306,0.825854580889488,0.59375506671211,188,all,0
132,0.09090909090909091,12,6.691101557193222,0.8578488586179729,0.616066244145737,188,first_order,0
54,0.12962962962962962,7,2.667247633129512,0.9360722882529218,0.837066619149842,188,second_order,0
186,0.12365591397849462,23,4.929663571963915,0.9184178636537514,0.6357660657797939,189,all,0
132,0.06818181818181818,9,4.840509145429005,0.9032626885843229,0.6827533002769001,189,first_order,0
53,0.09433962264150944,5,4.456760860548637,0.8260473969162854,0.5722238686166866,189,second_order,1
186,0.08602150537634409,16,7.402504941276007,0.8647893401360731,0.6809950677906548,190,all,0
132,0.12121212121212122,16,4.751979074252413,0.9888894522670436,0.7511978508781452,190,first_order,0
54,0.05555555555555555,3,5.293386789610306,0.8826801232476758,0.7111633514580624,190,second_order,0
185,0.10270270270270271,19,6.107143258536974,0.9153630938942491,0.6333560007461502,191,all,1
132,0.09090909090909091,12,5.293386789610306,0.91788386382853,0.7601070641027803,191,first_order,0
54,0.07407407407407407,4,4.255759867545777,0.9706908640329678,0.8759402965588015,191,second_order,0
185,0.0972972972972973,18,7.402504941276007,0.8954247840785565,0.6272368790912327,192,all,1
131,0.06870229007633588,9,7.402504941276007,0.9048499043683889,0.7288035871022768,192,first_order,1
54,0.07407407407407407,4,2.8714948985655466,0.7233032933892655,0.6089885463218587,192,second_order,0
186,0.11290322580645161,21,5.799280119074019,0.947714524256792,0.6652030550468797,193,all,0
131,0.11450381679389313,15,6.691101557193222,1.0062231285255725,0.7312036978819871,193,first_order,1
54,0.14814814814814814,8,5.6157714726161645,1.1282322791562704,0.7946837992885987,193,second_order,0
186,0.08064516129032258,15,4.255759867545777,0.8636190628284967,0.6910616839309587,194,all,0
132,0.11363636363636363,15,5.799280119074019,0.9601133393453629,0.6646893932355922,194,first_order,0
54,0.1111111111111111,6,2.6812454117980167,0.8008168261979474,0.6288741020353188,194,second_order,0
184,0.08695652173913043,16,6.691101557193222,0.8351034744604559,0.6272289362067158,195,all,2
132,0.09848484848484848,13,4.751979074252413,0.891526011123675,0.6780992880857345,195,first_order,0
54,0.09259259259259259,5,5.263562138717859,0.9406541009531496,0.7616499996765037,195,second_order,0
185,0.12432432432432433,23,6.691101557193222,0.9607654118085612,0.6491245274385845,196,all,1
132,0.09848484848484848,13,6.691101557193222,1.0206078938663812,0.7915946142008637,196,first_order,0
54,0.07407407407407407,4,5.6157714726161645,0.9361549145142665,0.7310480075108018,196,second_order,0
186,0.11827956989247312,22,6.107143258536974,0.9383931963548036,0.6994048519797909,197,all,0
131,0.10687022900763359,14,7.402504941276007,0.8687193497224717,0.744017617896637,197,first_order,1
54,0.1111111111111111,6,6.107143258536974,1.0392015661730716,0.5946126166890515,197,second_order,0
185,0.11351351351351352,21,5.379663780555674,0.930547571541532,0.6491245274385845,198,all,1
132,0.09090909090909091,12,5.293386789610306,0.9405017787227278,0.6290636487729738,198,first_order,0
54,0.1111111111111111,6,5.6157714726161645,1.0393450754142202,0.7916911355639646,198,second_order,0
186,0.0967741935483871,18,5.799280119074019,0.8887001109448014,0.6808943219639163,199,all,0
130,0.08461538461538462,11,7.402504941276007,0.8413486652874385,0.6216523485273467,199,first_order,2
54,0.1111111111111111,6,5.164087683548203,0.9832370816512359,0.7758575964636594,199,second_order,0
186,0.0967741935483871,18,6.691101557193222,0.9220267225753891,0.747458532409909,200,all,0
132,0.15151515151515152,20,6.691101557193222,1.0595398574929167,0.7163921766926366,200,first_order,0
54,0.1111111111111111,6,2.667247633129512,0.8915602744300128,0.7050531280774819,200,second_order,0
185,0.10810810810810811,20,5.379663780555674,0.881273121309054,0.6061027847484948,201,all,1
132,0.06818181818181818,9,7.402504941276007,0.8091012548133251,0.6456828325900684,201,first_order,0
54,0.07407407407407407,4,4.751979074252413,0.8511778410362938,0.6473442746411835,201,second_order,0
184,0.125,23,5.263562138717859,0.9388926019289213,0.6728801599093064,202,all,2
132,0.07575757575757576,10,5.164087683548203,0.9155965821144428,0.7320920698074647,202,first_order,0
54,0.09259259259259259,5,3.863592381570207,0.8843644511900377,0.6248085191725592,202,second_order,0
186,0.10215053763440861,19,5.799280119074019,0.9153223641261702,0.6458903235689639,203,all,0
132,0.13636363636363635,18,4.255759867545777,0.9555114015228339,0.7657014155539072,203,first_order,0
54,0.12962962962962962,7,2.701013147093827,0.9377101536353671,0.7312486794612939,203,second_order,0
185,0.08648648648648649,16,7.402504941276007,0.8619807995568491,0.6061027847484948,204,all,1
131,0.08396946564885496,11,6.691101557193222,0.9112992755526164,0.6623059646875202,204,first_order,1
54,0.09259259259259259,5,3.454617599785624,0.8000080665722484,0.5956382482897955,204,second_order,0
185,0.08108108108108109,15,5.293386789610306,0.8716015411095399,0.6619937093074799,205,all,1
132,0.09848484848484848,13,4.751979074252413,0.9328934000027364,0.7424923640400893,205,first_order,0
54,0.14814814814814814,8,4.318129007165164,1.0610064237284156,0.8813493539803764,205,second_order,0
184,0.10869565217391304,20,6.107143258536974,0.9346376927245693,0.6684722874997506,206,all,2
132,0.08333333333333333,11,3.863592381570207,0.762293652175678,0.5525804314018955,206,first_order,0
54,0.1111111111111111,6,5.164087683548203,0.9267029524703071,0.6436675408098401,206,second_order,0
186,0.08602150537634409,16,6.691101557193222,0.7960113534594468,0.5917165023052324,207,all,0
132,0.07575757575757576,10,4.456760860548637,0.8684489667065107,0.6214749689816653,207,first_order,0
54,0.1111111111111111,6,5.185106371957386,1.02452279683089,0.6890092298452647,207,second_order,0
186,0.10752688172043011,20,5.799280119074019,0.92219743167541,0.6595922003788829,208,all,0
132,0.08333333333333333,11,6.691101557193222,0.8151973373178178,0.663317182018577,208,first_order,0
54,0.05555555555555555,3,2.4607286684518708,0.7863903735725203,0.6310883021314689,208,second_order,0
185,0.0972972972972973,18,5.799280119074019,0.9747633461617519,0.7466839834638372,209,all,1
131,0.09923664122137404,13,4.646173456637406,0.8059782484843947,0.5864071903269055,209,first_order,1
54,0.07407407407407407,4,2.470560470967866,0.7710517905714722,0.6082383136832952,209,second_order,0
185,0.0918918918918919,17,4.840509145429005,0.8208951826909539,0.5899423870664772,210,all,1
131,0.10687022900763359,14,4.824738588056284,0.8539104775743692,0.6545437460280915,210,first_order,1
54,0.1111111111111111,6,4.824738588056284,0.9539675824193874,0.7368464064704066,210,second_order,0
184,0.13043478260869565,24,7.402504941276007,0.9921152858969413,0.6760027289118453,211,all,2
132,0.08333333333333333,11,3.62448141830845,0.765169723851335,0.59375506671211,211,first_order,0
54,0.1111111111111111,6,7.402504941276007,1.0678227668440647,0.7291980667634725,211,second_order,0
184,0.08152173913043478,15,5.263562138717859,0.9176224808919538,0.6921716454745028,212,all,2
132,0.11363636363636363,15,4.824738588056284,0.8757210044777223,0.6964595084856247,212,first_order,0
54,0.037037037037037035,2,3.1110512172487033,0.8921683477042318,0.7871895315064956,212,second_order,0
184,0.10869565217391304,20,6.691101557193222,0.9558515027275719,0.6434570862527733,213,all,2
131,0.07633587786259542,10,6.691101557193222,0.7094447119405839,0.47943108401917395,213,first_order,1
54,0.07407407407407407,4,5.263562138717859,0.8084563441657027,0.6235522023753726,213,second_order,0
185,0.08648648648648649,16,4.824738588056284,0.8730786921352283,0.6779058123130243,214,all,1
132,0.09848484848484848,13,7.402504941276007,0.9190711074917269,0.5924122083078731,214,first_order,0
53,0.1320754716981132,7,5.6157714726161645,1.0226066395430176,0.6400588527603166,214,second_order,1
186,0.10215053763440861,19,6.691101557193222,0.9291036236801158,0.6658061139090529,215,all,0
131,0.0916030534351145,12,4.824738588056284,0.8559403514516837,0.5614613354824616,215,first_order,1
54,0.12962962962962962,7,4.318129007165164,1.0551318833525851,0.8643714493583364,215,second_order,0
185,0.11351351351351352,21,5.799280119074019,0.9810281396561324,0.8179138333462223,216,all,1
132,0.07575757575757576,10,6.107143258536974,0.8693460705116981,0.6072725598968172,216,first_order,0
53,0.07547169811320754,4,2.6807289449508125,0.8155687226436013,0.6930003783211475,216,second_order,1
186,0.11290322580645161,21,6.107143258536974,0.9173826537824983,0.6511667065568287,217,all,0
131,0.12213740458015267,16,6.691101557193222,0.9423961969197802,0.6234294533997362,217,first_order,1
53,0.1509433962264151,8,4.255759867545777,0.8873714603587934,0.6646406547296743,217,second_order,1
185,0.10270270270270271,19,6.107143258536974,0.9277317393108083,0.6641446718579378,218,all,1
132,0.14393939393939395,19,5.164087683548203,0.9569713451706875,0.7312036978819871,218,first_order,0
54,0.05555555555555555,3,2.8714948985655466,0.7563534675423248,0.5887614283604017,218,second_order,0
186,0.11290322580645161,21,7.402504941276007,0.9459364549197057,0.7075269611283481,219,all,0
132,0.08333333333333333,11,6.691101557193222,0.9296835343521184,0.7363650069017941,219,first_order,0
54,0.1111111111111111,6,3.62448141830845,0.9085824539212388,0.7474069374930046,219,second_order,0
185,0.11351351351351352,21,5.293386789610306,0.8999438631959821,0.6246219015352161,220,all,1
132,0.11363636363636363,15,4.929663571963915,0.9150643547904463,0.5725058125657743,220,first_order,0
54,0.05555555555555555,3,5.263562138717859,0.8498727639744273,0.7804624220789685,220,second_order,0
185,0.08648648648648649,16,7.402504941276007,0.8955589290387199,0.6845379018635227,221,all,1
132,0.14393939393939395,19,4.929663571963915,0.9404439556250079,0.6994048519797909,221,first_order,0
54,0.1111111111111111,6,6.107143258536974,1.0191217962359054,0.7186337830356913,221,second_order,0
186,0.07526881720430108,14,6.107143258536974,0.8954215833513368,0.6646893932355922,222,all,0
132,0.13636363636363635,18,5.799280119074019,1.077415685339752,0.7819053915847458,222,first_order,0
53,0.07547169811320754,4,4.840509145429005,0.9444041619279558,0.8622000452888429,222,second_order,1
185,0.11891891891891893,22,5.293386789610306,0.9659396258567398,0.7271535680304384,223,all,1
131,0.09923664122137404,13,6.691101557193222,0.9204913669881684,0.7271535680304384,223,first_order,1
54,0.1111111111111111,6,4.646173456637406,0.8366392713433298,0.4981700160298811,223,second_order,0
185,0.11351351351351352,21,7.402504941276007,0.8997362177987659,0.6241211007861365,224,all,1
132,0.07575757575757576,10,4.751979074252413,0.7991914240770115,0.6196940051115534,224,first_order,0
54,0.09259259259259259,5,5.6157714726161645,0.9081695323388613,0.6386833223623174,224,second_order,0
185,0.08108108108108109,15,4.824738588056284,0.8132672573206794,0.6124702570880387,225,all,1
131,0.11450381679389313,15,6.107143258536974,0.9263477653797018,0.7312036978819871,225,first_order,1
54,0.07407407407407407,4,5.6157714726161645,0.8583744555352214,0.5994466151320621,225,second_order,0
185,0.0918918918918919,17,6.691101557193222,0.8441278339556563,0.6195204845635944,226,all,1
132,0.07575757575757576,10,5.185106371957386,0.896147093065683,0.7570838213291106,226,first_order,0
53,0.20754716981132076,11,4.929663571963915,1.1154963141709244,0.886128466247915,226,second_order,1
186,0.11290322580645161,21,6.107143258536974,0.9483237068687342,0.6712187178581912,227,all,0
132,0.10606060606060606,14,5.263562138717859,0.9044446269413651,0.5436922600290065,227,first_order,0
54,0.05555555555555555,3,5.293386789610306,0.8615918322878798,0.6456907754745853,227,second_order,0
185,0.11891891891891893,22,6.691101557193222,0.8947689253368493,0.6240217291747396,228,all,1
131,0.08396946564885496,11,4.929663571963915,0.8726861822653738,0.7312036978819871,228,first_order,1
54,0.07407407407407407,4,4.182276018096301,0.9401937450936346,0.8543364678463317,228,second_order,0
186,0.07526881720430108,14,6.107143258536974,0.8606661225395598,0.6211238424566989,229,all,0
131,0.06870229007633588,9,5.164087683548203,0.861945809989454,0.6834958800693878,229,first_order,1
54,0.09259259259259259,5,4.255759867545777,1.0257355345489252,0.8807279499284464,229,second_order,0
186,0.11827956989247312,22,6.691101557193222,0.9583431347733088,0.6190784931306917,230,all,0
132,0.07575757575757576,10,5.799280119074019,0.8724438184796246,0.6252333328105257,230,first_order,0
54,0.1111111111111111,6,5.185106371957386,0.8938404331358509,0.5367300248573167,230,second_order,0
186,0.11290322580645161,21,5.379663780555674,0.912987524719864,0.6654244912356428,231,all,0
132,0.12121212121212122,16,6.691101557193222,0.9973842210667293,0.7353846213927722,231,first_order,0
53,0.07547169811320754,4,4.255759867545777,0.8926134922977418,0.6081688194811744,231,second_order,1
186,0.08602150537634409,16,5.263562138717859,0.8537262698996672,0.6211042133659727,232,all,0
132,0.10606060606060606,14,5.185106371957386,0.9018795876750979,0.665721221177429,232,first_order,0
53,0.11320754716981132,6,5.263562138717859,1.006917735994031,0.8269170414611605,232,second_order,1
185,0.11891891891891893,22,5.799280119074019,0.9380609429347478,0.6545437460280915,233,all,1
132,0.10606060606060606,14,6.691101557193222,0.9304428979414333,0.6214749689816653,233,first_order,0
53,0.1320754716981132,7,5.185106371957386,0.9820811345475533,0.7361827595782283,233,second_order,1
185,0.12432432432432433,23,6.107143258536974,0.9526446393123223,0.6647381317415102,234,all,1
132,0.06060606060606061,8,5.185106371957386,0.7951837997599923,0.5604158227307867,234,first_order,0
54,0.09259259259259259,5,3.1110512172487033,0.8381883757990578,0.6024450304023821,234,second_order,0
186,0.08602150537634409,16,5.263562138717859,0.896844964960816,0.7285455961449788,235,all,0
132,0.10606060606060606,14,3.928708631946251,0.8197157789157152,0.607464256143844,235,first_order,0
54,0.09259259259259259,5,4.526698006705169,0.8075761916741291,0.5649591186644528,235,second_order,0
185,0.08108108108108109,15,5.379663780555674,0.8291492366020541,0.6272368790912327,236,all,1
131,0.09923664122137404,13,5.379663780555674,0.9117136152396265,0.5864071903269055,236,first_order,1
54,0.1111111111111111,6,5.6157714726161645,1.0296425088682393,0.8130508684067544,236,second_order,0
185,0.0918918918918919,17,4.824738588056284,0.8610595791204044,0.6182894606018712,237,all,1
132,0.09848484848484848,13,5.799280119074019,0.8785586462837659,0.6305673620994254,237,first_order,0
54,0.12962962962962962,7,2.731211715402172,0.8912578088779528,0.796036513527632,237,second_order,0
185,0.11351351351351352,21,6.107143258536974,0.9025396767330012,0.6834958800693878,238,all,1
131,0.08396946564885496,11,7.402504941276007,0.864642729306476,0.5985474066067309,238,first_order,1
53,0.07547169811320754,4,5.185106371957386,0.9267052214950036,0.7042871243384402,238,second_order,1
186,0.10752688172043011,20,4.751979074252413,0.942014005932268,0.7388274737358345,239,all,0
132,0.07575757575757576,10,6.107143258536974,0.7969426239130551,0.5226826250475995,239,first_order,0
54,0.16666666666666666,9,4.255759867545777,0.9708508436780359,0.5972880049040399,239,second_order,0
185,0.0918918918918919,17,7.402504941276007,0.8818779769132905,0.5923173382165667,240,all,1
132,0.08333333333333333,11,5.185106371957386,0.8194435195722208,0.5423376612954446,240,first_order,0
54,0.09259259259259259,5,5.185106371957386,0.9924720901194206,0.6728448190575756,240,second_order,0
186,0.11290322580645161,21,7.402504941276007,0.9622257951469483,0.6562734000648555,241,all,0
132,0.11363636363636363,15,5.263562138717859,0.9763221201390665,0.7608106076304362,241,first_order,0
54,0.07407407407407407,4,2.917556643828069,0.836106097886227,0.7158092030687064,241,second_order,0
185,0.0972972972972973,18,6.107143258536974,0.8505767845460779,0.6646406547296743,242,all,1
132,0.11363636363636363,15,6.691101557193222,1.0093416787678802,0.7333754442602665,242,first_order,0
54,0.12962962962962962,7,5.164087683548203,1.0603367187755344,0.6488250339343347,242,second_order,0
185,0.10810810810810811,20,6.691101557193222,0.9257551316333411,0.6426561196993434,243,all,1
131,0.10687022900763359,14,5.799280119074019,0.901466425721773,0.5534484473568743,243,first_order,1
54,0.1111111111111111,6,5.6157714726161645,1.0046676371155319,0.7002239988465551,243,second_order,0
186,0.10215053763440861,19,6.691101557193222,0.8526280487410702,0.5160028599230806,244,all,0
132,0.08333333333333333,11,5.293386789610306,0.910058726305352,0.673639040827545,244,first_order,0
53,0.03773584905660377,2,3.928708631946251,0.7430733598512493,0.5864071903269055,244,second_order,1
185,0.10810810810810811,20,5.379663780555674,0.869851727558878,0.6182894606018712,245,all,1
131,0.09923664122137404,13,7.402504941276007,0.9542580511511228,0.7258874944079705,245,first_order,1
54,0.05555555555555555,3,4.255759867545777,0.8410076262287157,0.7078541028679173,245,second_order,0
186,0.0967741935483871,18,6.691101557193222,0.9359015575826077,0.6670588368845037,246,all,0
131,0.11450381679389313,15,5.799280119074019,0.8745027796752411,0.5864071903269055,246,first_order,1
54,0.07407407407407407,4,6.107143258536974,0.8674056450776891,0.5738573870745105,246,second_order,0
184,0.09239130434782608,17,5.185106371957386,0.8558482580260053,0.6256293041329861,247,all,2
131,0.0916030534351145,12,7.402504941276007,0.8585097165349961,0.5407573038991678,247,first_order,1
53,0.11320754716981132,6,4.318129007165164,0.9108340860834526,0.7329804417329422,247,second_order,1
185,0.12972972972972974,24,6.107143258536974,0.9766557545540837,0.737788801052602,248,all,1
132,0.09090909090909091,12,6.691101557193222,0.8283381490579087,0.5373466883001532,248,first_order,0
54,0.12962962962962962,7,4.318129007165164,1.005392545070047,0.7830337162362537,248,second_order,0
185,0.11891891891891893,22,7.402504941276007,0.9777329222964679,0.7329804417329422,249,all,1
132,0.07575757575757576,10,6.691101557193222,0.8702771969681399,0.6230586977840435,249,first_order,0
54,0.1111111111111111,6,5.263562138717859,0.9953256745876914,0.6443039936920667,249,second_order,0
186,0.10215053763440861,19,6.107143258536974,0.922467665842147,0.6840168909664552,250,all,0
132,0.12121212121212122,16,7.402504941276007,0.9231243523908996,0.6648867603238441,250,first_order,0
54,0.1111111111111111,6,4.255759867545777,0.9469554657248468,0.804747131689422,250,second_order,0
185,0.08648648648648649,16,5.263562138717859,0.8396276391338462,0.6234294533997362,251,all,1
132,0.09848484848484848,13,5.379663780555674,0.8791302957078717,0.6571105197212028,251,first_order,0
53,0.11320754716981132,6,5.6157714726161645,1.0142606413183237,0.6176893513103209,251,second_order,1
186,0.10215053763440861,19,6.107143258536974,0.9441830474311022,0.7068551306201508,252,all,0
132,0.09848484848484848,13,5.164087683548203,0.8715640655965088,0.6240256774674762,252,first_order,0
53,0.1320754716981132,7,6.107143258536974,1.0787957076825485,0.6930003783211475,252,second_order,1
185,0.07027027027027027,13,5.164087683548203,0.7956299700722063,0.6545437460280915,253,all,1
131,0.08396946564885496,11,4.929663571963915,0.8115670754012412,0.6277787234527006,253,first_order,1
53,0.11320754716981132,6,4.255759867545777,0.9129082883130827,0.6234294533997362,253,second_order,1
186,0.10752688172043011,20,6.107143258536974,0.9936509373905111,0.7452344337431593,254,all,0
131,0.07633587786259542,10,3.863592381570207,0.7978217848081764,0.6272368790912327,254,first_order,1
53,0.1320754716981132,7,6.107143258536974,1.0018746082668024,0.6426561196993434,254,second_order,1
186,0.0967741935483871,18,5.263562138717859,0.8479206508513359,0.6128116346560446,255,all,0
132,0.09090909090909091,12,5.799280119074019,0.8695795176845453,0.6253252233609676,255,first_order,0
54,0.12962962962962962,7,4.182276018096301,0.8859529829734242,0.5829438979359428,255,second_order,0
186,0.07526881720430108,14,5.263562138717859,0.883494487248044,0.6275078012719666,256,all,0
132,0.09090909090909091,12,5.379663780555674,0.9127229148903745,0.6349385565107712,256,first_order,0
54,0.05555555555555555,3,2.2425568258911834,0.7894347348300886,0.6092865209182667,256,second_order,0
186,0.10215053763440861,19,6.107143258536974,0.9211866361164559,0.6903005832809617,257,all,0
131,0.0916030534351145,12,5.185106371957386,0.8437446287313919,0.6333560007461502,257,first_order,1
54,0.12962962962962962,7,5.799280119074019,0.9550548289068337,0.7078541028679173,257,second_order,0
186,0.0913978494623656,17,5.164087683548203,0.9153219935397412,0.6814153328609838,258,all,0
131,0.08396946564885496,11,4.824738588056284,0.9449754971632256,0.7511242903068642,258,first_order,1
53,0.05660377358490566,3,5.263562138717859,0.8345154338105022,0.5687924715937118,258,second_order,1
184,0.09782608695652174,18,4.824738588056284,0.9081117803969361,0.7420661247731373,259,all,2
132,0.09848484848484848,13,5.799280119074019,0.867816701679612,0.6253252233609676,259,first_order,0
54,0.14814814814814814,8,4.840509145429005,0.9837396316570278,0.6235522023753726,259,second_order,0
185,0.10270270270270271,19,6.691101557193222,0.8712523122124524,0.6195204845635944,260,all,1
132,0.08333333333333333,11,5.263562138717859,0.9111720172602641,0.6258227306740107,260,first_order,0
53,0.07547169811320754,4,6.691101557193222,0.9451156255991696,0.7042871243384402,260,second_order,1
184,0.07608695652173914,14,5.799280119074019,0.8333552069636009,0.6689850286363794,261,all,2
132,0.12121212121212122,16,4.840509145429005,0.9462056444271946,0.7639310930118905,261,first_order,0
54,0.14814814814814814,8,5.185106371957386,1.075209348778086,0.7726775632481393,261,second_order,0
186,0.0967741935483871,18,5.263562138717859,0.8711977874340944,0.6187784384849166,262,all,0
132,0.09090909090909091,12,6.691101557193222,0.9247734609701913,0.6736914156761787,262,first_order,0
54,0.12962962962962962,7,4.255759867545777,0.9393120603725303,0.7972352208752786,262,second_order,0
186,0.11290322580645161,21,6.107143258536974,0.9053647892211194,0.6712732335213493,263,all,0
132,0.10606060606060606,14,6.691101557193222,0.9937132393345404,0.7681062375913486,263,first_order,0
54,0.1111111111111111,6,4.318129007165164,0.9584406448908152,0.737610657889312,263,second_order,0
184,0.08152173913043478,15,6.107143258536974,0.8853713323178057,0.6118960680294079,264,all,2
132,0.06818181818181818,9,5.263562138717859,0.7753790921522712,0.5485577996930633,264,first_order,0
54,0.05555555555555555,3,2.667247633129512,0.7268249550989616,0.5984484215202373,264,second_order,0
185,0.10270270270270271,19,5.799280119074019,0.8836124454803435,0.6930003783211475,265,all,1
132,0.12878787878787878,17,6.107143258536974,0.9743616214945451,0.7465676165267594,265,first_order,0
54,0.12962962962962962,7,4.255759867545777,0.9506173147399593,0.7708860007416369,265,second_order,0
185,0.10270270270270271,19,6.107143258536974,0.9506018729837564,0.7094231369018614,266,all,1
132,0.10606060606060606,14,5.185106371957386,0.9180224957553286,0.7363650069017941,266,first_order,0
52,0.09615384615384616,5,3.6769103605760836,0.8207669148845356,0.6969805193826921,266,second_order,2
185,0.10810810810810811,20,6.107143258536974,0.9084583059621882,0.6782927638584447,267,all,1
131,0.08396946564885496,11,6.107143258536974,0.9585475881934785,0.7467592975456562,267,first_order,1
53,0.16981132075471697,9,5.185106371957386,1.1369813703235052,0.8622000452888429,267,second_order,1
186,0.0967741935483871,18,6.107143258536974,0.9112833500054682,0.6914105448245058,268,all,0
132,0.09090909090909091,12,5.379663780555674,0.7944933413168569,0.6190784931306917,268,first_order,0
54,0.07407407407407407,4,2.701013147093827,0.9018289377625245,0.8857936462417428,268,second_order,0
186,0.10215053763440861,19,4.526698006705169,0.8915808269778286,0.6780992880857345,269,all,0
132,0.12878787878787878,17,5.799280119074019,0.9837399847956226,0.7540784084161171,269,first_order,0
54,0.07407407407407407,4,2.2500433291018513,0.7293838020114511,0.5105970687343411,269,second_order,0
184,0.11413043478260869,21,4.840509145429005,0.9186117197489306,0.6994048519797909,270,all,2
132,0.08333333333333333,11,5.379663780555674,0.8738187504946454,0.663317182018577,270,first_order,0
54,0.07407407407407407,4,2.597125685326188,0.8920072432602016,0.7759391439099976,270,second_order,0
185,0.08648648648648649,16,6.691101557193222,0.899282366189818,0.5899423870664772,271,all,1
132,0.12878787878787878,17,7.402504941276007,0.9721223212620898,0.677007460451428,271,first_order,0
54,0.09259259259259259,5,6.107143258536974,0.903453920424151,0.6206017631530372,271,second_order,0
184,0.10869565217391304,20,6.691101557193222,0.9284368322950051,0.678644133644016,272,all,2
132,0.08333333333333333,11,7.402504941276007,0.8731944149869132,0.6145407009329975,272,first_order,0
54,0.09259259259259259,5,2.2997338138465095,0.8520567295318071,0.7804772523345878,272,second_order,0
184,0.08152173913043478,15,4.929663571963915,0.917857533291667,0.7379856722844127,273,all,2
131,0.1297709923664122,17,5.799280119074019,0.9583897967765751,0.6190106748571454,273,first_order,1
54,0.1111111111111111,6,4.824738588056284,1.0248621788924184,0.7946837992885987,273,second_order,0
185,0.10810810810810811,20,5.799280119074019,0.9140807366725086,0.616818945303483,274,all,1
131,0.09923664122137404,13,5.379663780555674,0.8984616133888138,0.6782927638584447,274,first_order,1
53,0.11320754716981132,6,3.928708631946251,0.9363656455034552,0.7094231369018614,274,second_order,1
185,0.12972972972972974,24,6.691101557193222,0.9925975468533188,0.6694770190393332,275,all,1
132,0.09090909090909091,12,3.928708631946251,0.8821102996166553,0.6705328183017198,275,first_order,0
54,0.07407407407407407,4,5.6157714726161645,0.9320897786224442,0.6196940051115534,275,second_order,0
185,0.07567567567567568,14,6.107143258536974,0.869309771689665,0.627220993322199,276,all,1
132,0.14393939393939395,19,6.691101557193222,1.0479377360861521,0.8114467139889336,276,first_order,0
54,0.1111111111111111,6,4.824738588056284,0.855774231997525,0.6436675408098401,276,second_order,0
185,0.0918918918918919,17,6.107143258536974,0.889845913083798,0.6941747337012587,277,all,1
132,0.09848484848484848,13,5.185106371957386,0.8781425284683608,0.6459308240259367,277,first_order,0
54,0.07407407407407407,4,3.445153682116516,0.8248600448176138,0.6091538803099319,277,second_order,0
186,0.0967741935483871,18,5.185106371957386,0.8933448171371634,0.6243218153549779,278,all,0
132,0.12121212121212122,16,6.691101557193222,0.9422140735397762,0.6713219720272672,278,first_order,0
54,0.09259259259259259,5,4.840509145429005,0.9611708995515647,0.6558873904773777,278,second_order,0
185,0.07567567567567568,14,5.263562138717859,0.8940659841767019,0.6945225796211416,279,all,1
131,0.13740458015267176,18,6.691101557193222,1.02739783246415,0.737788801052602,279,first_order,1
53,0.09433962264150944,5,2.667247633129512,0.7876334255658953,0.5687924715937118,279,second_order,1
185,0.08108108108108109,15,5.293386789610306,0.8259379517608801,0.5534484473568743,280,all,1
132,0.12878787878787878,17,5.263562138717859,0.9546641226335103,0.7126892157916229,280,first_order,0
53,0.1509433962264151,8,3.928708631946251,0.9321436553484103,0.6845379018635227,280,second_order,1
185,0.0918918918918919,17,6.691101557193222,0.8799273005411267,0.6694770190393332,281,all,1
132,0.09090909090909091,12,7.402504941276007,0.8416129362977239,0.5823572582722324,281,first_order,0
54,0.05555555555555555,3,2.597125685326188,0.8321887857906353,0.7145915689496879,281,second_order,0
186,0.0967741935483871,18,6.107143258536974,0.91210127590362,0.7049589548466375,282,all,0
132,0.09848484848484848,13,6.691101557193222,0.9505562922532097,0.6713219720272672,282,first_order,0
54,0.05555555555555555,3,2.701013147093827,0.790185531349321,0.5964957982667369,282,second_order,0
186,0.0913978494623656,17,5.263562138717859,0.8838884787696423,0.6614143490997146,283,all,0
131,0.09923664122137404,13,4.182276018096301,0.8831242833435197,0.6469102300243715,283,first_order,1
53,0.1509433962264151,8,5.6157714726161645,1.0566473193690835,0.8082821481198705,283,second_order,1
186,0.06451612903225806,12,6.691101557193222,0.7909696065395451,0.5858588263429894,284,all,0
132,0.12121212121212122,16,7.402504941276007,0.9528119890965392,0.6887107497843199,284,first_order,0
53,0.09433962264150944,5,3.1273523871075204,0.977012159129015,0.7379473014182562,284,second_order,1
185,0.10810810810810811,20,6.691101557193222,0.943750747162353,0.744017617896637,285,all,1
132,0.10606060606060606,14,5.293386789610306,0.9560351458112029,0.6741183454776263,285,first_order,0
54,0.1111111111111111,6,2.625491388708993,0.8757700019252762,0.7482322978011502,285,second_order,0
186,0.07526881720430108,14,5.379663780555674,0.8800040290319354,0.6908877609710173,286,all,0
131,0.06870229007633588,9,4.646173456637406,0.8839463607462757,0.7466839834638372,286,first_order,1
54,0.12962962962962962,7,3.928708631946251,0.8707777944966658,0.7157203461844392,286,second_order,0
186,0.11827956989247312,22,7.402504941276007,0.9259383522281003,0.6647306326338239,287,all,0
131,0.11450381679389313,15,7.402504941276007,0.9553357858257455,0.6782927638584447,287,first_order,1
54,0.1111111111111111,6,3.1273523871075204,0.903697505985196,0.7482753355608991,287,second_order,0
185,0.11351351351351352,21,5.263562138717859,0.9563456793206567,0.6694770190393332,288,all,1
132,0.11363636363636363,15,7.402504941276007,0.9459786402858128,0.6701058885002722,288,first_order,0
54,0.07407407407407407,4,3.928708631946251,0.7587697781851039,0.45235888197000307,288,second_order,0
185,0.08648648648648649,16,5.799280119074019,0.8406291031991929,0.5864071903269055,289,all,1
132,0.12121212121212122,16,6.107143258536974,0.9981562623582626,0.6864076717397931,289,first_order,0
54,0.1111111111111111,6,5.185106371957386,1.0092397619615003,0.654058890802302,289,second_order,0
184,0.08152173913043478,15,4.840509145429005,0.8157772517423496,0.617989405956096,290,all,2
131,0.09923664122137404,13,6.107143258536974,1.0023760721468058,0.7451364526813546,290,first_order,1
54,0.09259259259259259,5,4.318129007165164,0.9777432370977561,0.8267688227164394,290,second_order,0
185,0.0972972972972973,18,7.402504941276007,0.8965793483795867,0.6176893513103209,291,all,1
132,0.09848484848484848,13,5.799280119074019,0.9120782280587504,0.7316755286948209,291,first_order,0
54,0.07407407407407407,4,2.3208538053965904,0.8266697043310268,0.5930437151552372,291,second_order,0
186,0.15053763440860216,28,4.929663571963915,0.9692077890227696,0.71083807382579,292,all,0
131,0.09923664122137404,13,6.107143258536974,0.9409694596173476,0.6623059646875202,292,first_order,1
54,0.09259259259259259,5,5.6157714726161645,0.9648880402311371,0.8550573133436309,292,second_order,0
186,0.10752688172043011,20,5.185106371957386,0.9835968278731306,0.7725920104045869,293,all,0
132,0.10606060606060606,14,5.379663780555674,0.8417026916833613,0.5227439101331081,293,first_order,0
54,0.07407407407407407,4,2.597125685326188,0.8031098203875093,0.6035347700241982,293,second_order,0
186,0.11827956989247312,22,6.107143258536974,0.9344676228095887,0.7131091714680589,294,all,0
132,0.11363636363636363,15,6.691101557193222,0.9512915353542015,0.7379856722844127,294,first_order,0
54,0.14814814814814814,8,5.293386789610306,1.1390705499776037,0.8786132514508751,294,second_order,0
186,0.0913978494623656,17,5.263562138717859,0.8786070479019497,0.6858773401493041,295,all,0
132,0.14393939393939395,19,6.107143258536974,1.0150614924801125,0.6640802022163184,295,first_order,0
54,0.07407407407407407,4,2.9156882695534767,0.818735101227998,0.6168858930466208,295,second_order,0
185,0.11351351351351352,21,7.402504941276007,0.9773499959999102,0.6333560007461502,296,all,1
131,0.11450381679389313,15,5.293386789610306,0.9656477427840596,0.7312036978819871,296,first_order,1
54,0.1111111111111111,6,5.263562138717859,1.081654777588251,0.8267688227164394,296,second_order,0
185,0.08648648648648649,16,6.691101557193222,0.8873670737479911,0.6195204845635944,297,all,1
131,0.0916030534351145,12,7.402504941276007,0.8606007317017087,0.5207534336449081,297,first_order,1
53,0.1509433962264151,8,3.31680671442054,1.0337458753828725,0.7379473014182562,297,second_order,1
186,0.0967741935483871,18,5.799280119074019,0.904711135340085,0.648017378731478,298,all,0
132,0.07575757575757576,10,6.691101557193222,0.8924558375909559,0.6441507284823049,298,first_order,0
53,0.07547169811320754,4,2.240905121333392,0.8443045854999335,0.8227719611529523,298,second_order,1
186,0.10752688172043011,20,6.107143258536974,0.9100075910156183,0.6751000953413677,299,all,0
132,0.08333333333333333,11,4.646173456637406,0.9165955619213266,0.7365475366912898,299,first_order,0
54,0.05555555555555555,3,3.928708631946251,0.8013751187494139,0.6143953634584228,299,second_order,0
186,0.10215053763440861,19,5.185106371957386,0.8544123202847267,0.6197534437359169,300,all,0
132,0.09848484848484848,13,5.799280119074019,0.9033867801873285,0.6741183454776263,300,first_order,0
54,0.018518518518518517,1,2.2997338138465095,0.7822499273866077,0.6138446520223844,300,second_order,0
186,0.053763440860215055,10,5.799280119074019,0.8769299912570614,0.6225340507111183,301,all,0
132,0.11363636363636363,15,4.824738588056284,0.8587156433249192,0.617254148306902,301,first_order,0
54,0.05555555555555555,3,3.31680671442054,0.9287426573548578,0.8358589588884469,301,second_order,0
185,0.12432432432432433,23,4.456760860548637,0.935901977030678,0.7086155213884819,302,all,1
132,0.13636363636363635,18,5.293386789610306,0.9987755515812846,0.7468991150175501,302,first_order,0
54,0.09259259259259259,5,3.454617599785624,0.8098395972541063,0.5174988851602345,302,second_order,0
186,0.10752688172043011,20,6.107143258536974,0.918776971159857,0.673884891448889,303,all,0
132,0.11363636363636363,15,4.751979074252413,0.9115266868421459,0.7466052735676689,303,first_order,0
54,0.1111111111111111,6,6.107143258536974,1.0024481929260263,0.7203134173919243,303,second_order,0
186,0.08064516129032258,15,5.263562138717859,0.8433347428408441,0.6908877609710173,304,all,0
132,0.12878787878787878,17,6.107143258536974,0.9445287603473874,0.6194391002583288,304,first_order,0
54,0.14814814814814814,8,6.107143258536974,0.9361857926770857,0.779931587011996,304,second_order,0
185,0.0918918918918919,17,7.402504941276007,0.8301925047693486,0.5722238686166866,305,all,1
132,0.10606060606060606,14,4.526698006705169,0.8130867333156122,0.5757790071705396,305,first_order,0
54,0.07407407407407407,4,3.863592381570207,0.7855271260728502,0.619423064408293,305,second_order,0
186,0.11827956989247312,22,5.799280119074019,0.901311737776846,0.624071414980438,306,all,0
131,0.061068702290076333,8,3.445153682116516,0.8109253262193273,0.7042871243384402,306,first_order,1
54,0.05555555555555555,3,2.3642861565928515,0.8159016921850727,0.6865491706575013,306,second_order,0
186,0.10752688172043011,20,4.929663571963915,0.940045313431973,0.6808943219639163,307,all,0
132,0.09090909090909091,12,5.799280119074019,0.8952059735802836,0.6437280084335073,307,first_order,0
52,0.09615384615384616,5,4.824738588056284,0.8554658953230247,0.6660541053449212,307,second_order,2
186,0.08602150537634409,16,5.379663780555674,0.9137540676320597,0.6684722874997506,308,all,0
132,0.10606060606060606,14,5.263562138717859,0.9126995545063123,0.6238231245561064,308,first_order,0
53,0.07547169811320754,4,2.917556643828069,0.868305813718462,0.8158455561273551,308,second_order,1
185,0.0918918918918919,17,5.799280119074019,0.9250928557642255,0.7056307853548347,309,all,1
132,0.13636363636363635,18,5.164087683548203,0.8978985534363607,0.591129862641522,309,first_order,0
54,0.1111111111111111,6,5.6157714726161645,0.9346658814727776,0.6278680800000179,309,second_order,0
185,0.08648648648648649,16,4.456760860548637,0.8504210256302615,0.659677293414314,310,all,1
132,0.08333333333333333,11,5.185106371957386,0.8267993391566759,0.5519444140011465,310,first_order,0
54,0.12962962962962962,7,3.31680671442054,0.9831362882935464,0.7944490531753416,310,second_order,0
186,0.08064516129032258,15,4.526698006705169,0.8073482469564193,0.6055088318473848,311,all,0
132,0.12121212121212122,16,4.751979074252413,0.890161994240187,0.6860693450521493,311,first_order,0
54,0.09259259259259259,5,5.263562138717859,0.8726681883866262,0.5655720056758096,311,second_order,0
186,0.10215053763440861,19,6.691101557193222,0.9759948742305886,0.706451322863461,312,all,0
132,0.12878787878787878,17,5.799280119074019,0.9821075020863012,0.6380060602227469,312,first_order,0
54,0.07407407407407407,4,3.62448141830845,0.8698819850385373,0.6721075976389184,312,second_order,0
186,0.0967741935483871,18,4.751979074252413,0.8695094974466546,0.6305673620994254,313,all,0
132,0.09090909090909091,12,6.107143258536974,0.8719215057590101,0.561632842854473,313,first_order,0
54,0.18518518518518517,10,4.318129007165164,1.1183860251177091,0.9250935016151185,313,second_order,0
185,0.07567567567567568,14,5.799280119074019,0.8245238228715333,0.6634222726911264,314,all,1
132,0.09848484848484848,13,7.402504941276007,0.8732143887782634,0.5469727949637676,314,first_order,0
52,0.07692307692307693,4,3.1273523871075204,0.7914214314138973,0.6016144757111381,314,second_order,2
185,0.0972972972972973,18,7.402504941276007,0.9684443729472131,0.6647381317415102,315,all,1
132,0.12878787878787878,17,6.107143258536974,0.9673400312039429,0.583504588309493,315,first_order,0
54,0.07407407407407407,4,3.31680671442054,0.7886090025898993,0.5066217776085906,315,second_order,0
184,0.08695652173913043,16,6.107143258536974,0.8673829719312628,0.6544009104264492,316,all,2
132,0.11363636363636363,15,5.379663780555674,0.8760279918530489,0.5853856376117088,316,first_order,0
54,0.1111111111111111,6,5.6157714726161645,0.9618684411689895,0.7554768297513945,316,second_order,0
185,0.10810810810810811,20,5.379663780555674,0.9293642304227258,0.6834958800693878,317,all,1
132,0.09848484848484848,13,7.402504941276007,0.9324711039347199,0.6384516254456425,317,first_order,0
54,0.037037037037037035,2,5.185106371957386,0.907949760593286,0.7571447612429838,317,second_order,0
185,0.10810810810810811,20,5.185106371957386,0.9355158368681754,0.6834958800693878,318,all,1
132,0.08333333333333333,11,5.379663780555674,0.8435962975270122,0.6214749689816653,318,first_order,0
54,0.05555555555555555,3,4.318129007165164,0.7833306243150617,0.6187784384849166,318,second_order,0
185,0.12432432432432433,23,7.402504941276007,0.9706531177899207,0.6619937093074799,319,all,1
131,0.07633587786259542,10,5.263562138717859,0.8537612422445368,0.6646406547296743,319,first_order,1
54,0.09259259259259259,5,5.164087683548203,0.8918239043012773,0.6986437513297938,319,second_order,0
185,0.10810810810810811,20,7.402504941276007,0.9069796538327515,0.7003308485281473,320,all,1
132,0.13636363636363635,18,5.799280119074019,0.949994193683395,0.7285455961449788,320,first_order,0
53,0.09433962264150944,5,5.185106371957386,0.889112328696105,0.6050596726912554,320,second_order,1
185,0.0972972972972973,18,7.402504941276007,0.8852092906071723,0.6198675256595123,321,all,1
132,0.10606060606060606,14,4.255759867545777,0.8722487588759923,0.663225318272729,321,first_order,0
54,0.07407407407407407,4,4.456760860548637,0.8967474571721303,0.7221232742278791,321,second_order,0
185,0.07567567567567568,14,5.379663780555674,0.8225078452586985,0.6674675559601679,322,all,1
132,0.09090909090909091,12,5.799280119074019,0.9018120072987521,0.6253252233609676,322,first_order,0
53,0.05660377358490566,3,4.840509145429005,0.7714727608976347,0.54553663944886,322,second_order,1
184,0.11956521739130435,22,5.379663780555674,0.9523505368566288,0.6780992880857345,323,all,2
132,0.12121212121212122,16,6.691101557193222,0.9422456296761603,0.5986885054539111,323,first_order,0
54,0.12962962962962962,7,4.255759867545777,0.930545687404115,0.6851357200422545,323,second_order,0
185,0.11351351351351352,21,6.107143258536974,0.9359577909478438,0.6646406547296743,324,all,1
132,0.09090909090909091,12,5.379663780555674,0.9452564259269481,0.6827533002769001,324,first_order,0
54,0.14814814814814814,8,5.164087683548203,1.036592880581084,0.7764845738698014,324,second_order,0
185,0.0972972972972973,18,4.929663571963915,0.9196616613082906,0.6930003783211475,325,all,1
132,0.08333333333333333,11,5.263562138717859,0.8383707359137713,0.6485999328637175,325,first_order,0
54,0.07407407407407407,4,7.402504941276007,1.1434516220739368,0.8017660556902102,325,second_order,0
186,0.0913978494623656,17,6.107143258536974,0.905635519105607,0.6831802300783476,326,all,0
132,0.09848484848484848,13,6.107143258536974,0.9080717772279058,0.6230586977840435,326,first_order,0
54,0.05555555555555555,3,2.616648797139487,0.7472263093878952,0.5678117925892991,326,second_order,0
185,0.0918918918918919,17,7.402504941276007,0.9312434342808026,0.627220993322199,327,all,1
132,0.10606060606060606,14,6.691101557193222,0.9252544905612614,0.6055812287198751,327,first_order,0
54,0.14814814814814814,8,5.6157714726161645,1.047319086499499,0.8408783386042906,327,second_order,0
186,0.07526881720430108,14,4.456760860548637,0.8423412013838183,0.7150873093732053,328,all,0
132,0.08333333333333333,11,6.691101557193222,0.8918034559720797,0.6713219720272672,328,first_order,0
53,0.05660377358490566,3,2.8714948985655466,0.6771110373897649,0.5208157566626522,328,second_order,1
184,0.08152173913043478,15,5.164087683548203,0.9100787672197653,0.7285455961449788,329,all,2
132,0.09848484848484848,13,4.751979074252413,0.8203088509295048,0.6076831759551069,329,first_order,0
54,0.09259259259259259,5,6.107143258536974,1.02321445763674,0.7163921766926366,329,second_order,0
185,0.10810810810810811,20,7.402504941276007,0.9529095163117333,0.6277787234527006,330,all,1
131,0.0916030534351145,12,4.824738588056284,0.8691756429500518,0.6647381317415102,330,first_order,1
54,0.05555555555555555,3,5.263562138717859,0.9736983989847363,0.73680240881006,330,second_order,0
185,0.0972972972972973,18,6.691101557193222,0.9487669477743651,0.6945225796211416,331,all,1
132,0.12878787878787878,17,5.185106371957386,0.9570719613606985,0.6211238424566989,331,first_order,0
54,0.1111111111111111,6,5.379663780555674,1.130350196173881,0.9777240659215733,331,second_order,0
185,0.0972972972972973,18,6.107143258536974,0.9382367144179301,0.6641446718579378,332,all,1
132,0.09848484848484848,13,5.799280119074019,0.9103001496035655,0.6237255912872379,332,first_order,0
53,0.1320754716981132,7,2.701013147093827,0.8445284411933844,0.5460595159835859,332,second_order,1
185,0.08108108108108109,15,6.691101557193222,0.8440812385454672,0.5985474066067309,333,all,1
131,0.10687022900763359,14,6.691101557193222,0.8701938577884618,0.6426561196993434,333,first_order,1
53,0.09433962264150944,5,3.863592381570207,0.7478417815244877,0.5308921007292137,333,second_order,1
185,0.11351351351351352,21,4.318129007165164,0.8401818166580787,0.5923173382165667,334,all,1
132,0.08333333333333333,11,5.263562138717859,0.8662712265421612,0.6236496040081475,334,first_order,0
54,0.037037037037037035,2,4.751979074252413,0.9102980835447946,0.7445174855936064,334,second_order,0
186,0.07526881720430108,14,7.402504941276007,0.9076312547009712,0.7273455407551237,335,all,0
132,0.09090909090909091,12,7.402504941276007,0.9170813921353392,0.7320920698074647,335,first_order,0
54,0.09259259259259259,5,7.402504941276007,0.9898203750166601,0.83852767655035,335,second_order,0
185,0.08648648648648649,16,7.402504941276007,0.9237069411468234,0.7094231369018614,336,all,1
132,0.10606060606060606,14,5.379663780555674,0.9541482425713544,0.7353846213927722,336,first_order,0
53,0.05660377358490566,3,4.255759867545777,0.7663062141605687,0.49856396881566667,336,second_order,1
184,0.13043478260869565,24,6.691101557193222,1.0428575436046572,0.7561333330447737,337,all,2
132,0.09848484848484848,13,4.929663571963915,0.9232472793878697,0.6702993642729824,337,first_order,0
54,0.07407407407407407,4,7.402504941276007,0.9446327657478679,0.5588802540327733,337,second_order,0
185,0.08648648648648649,16,6.691101557193222,0.8620264894583926,0.6333560007461502,338,all,1
132,0.09848484848484848,13,7.402504941276007,0.9610279933364547,0.6903005832809617,338,first_order,0
53,0.11320754716981132,6,4.182276018096301,0.8400020036513709,0.533034444367414,338,second_order,1
184,0.09782608695652174,18,5.379663780555674,0.8635858228247819,0.5972520170072635,339,all,2
132,0.09090909090909091,12,4.751979074252413,0.8940629001624112,0.6235442594908557,339,first_order,0
54,0.07407407407407407,4,2.2997338138465095,0.8310843296668435,0.6405558120007236,339,second_order,0
186,0.11827956989247312,22,5.293386789610306,0.9215140786300334,0.7150873093732053,340,all,0
132,0.12878787878787878,17,6.691101557193222,0.9963990440249684,0.7459478751135054,340,first_order,0
54,0.09259259259259259,5,3.863592381570207,0.9052208003628899,0.6796488651835986,340,second_order,0
185,0.0972972972972973,18,6.107143258536974,0.8784886243373321,0.591115666393898,341,all,1
132,0.09090909090909091,12,5.379663780555674,0.9229116427959495,0.6712187178581912,341,first_order,0
54,0.09259259259259259,5,3.863592381570207,0.852021294168881,0.6344960265490485,341,second_order,0
186,0.0967741935483871,18,7.402504941276007,0.9263397967422381,0.6219943132228244,342,all,0
131,0.0916030534351145,12,5.799280119074019,0.8793623256662203,0.6945225796211416,342,first_order,1
54,0.09259259259259259,5,4.824738588056284,0.9824128813967248,0.8216204674518476,342,second_order,0
185,0.12432432432432433,23,5.379663780555674,0.9436664623505183,0.7056307853548347,343,all,1
130,0.1076923076923077,14,7.402504941276007,0.975267734905753,0.6864672028085891,343,first_order,2
53,0.1320754716981132,7,5.164087683548203,0.9721165863137324,0.7379473014182562,343,second_order,1
185,0.10270270270270271,19,5.379663780555674,0.9135136111318,0.6605227335119092,344,all,1
131,0.06870229007633588,9,4.840509145429005,0.8936535811259704,0.6779058123130243,344,first_order,1
53,0.05660377358490566,3,2.240905121333392,0.7449255825632417,0.6930003783211475,344,second_order,1
186,0.10215053763440861,19,5.379663780555674,0.948416768852366,0.6814153328609838,345,all,0
132,0.08333333333333333,11,4.929663571963915,0.8060097352224544,0.5952134526003858,345,first_order,0
54,0.14814814814814814,8,2.8714948985655466,0.984072559245238,0.8132348606638973,345,second_order,0
185,0.08108108108108109,15,4.929663571963915,0.8204310242651836,0.6241211007861365,346,all,1
131,0.12213740458015267,16,6.107143258536974,0.9536087674850054,0.7042871243384402,346,first_order,1
54,0.05555555555555555,3,2.4272236258901048,0.7961181090384345,0.6758727300493568,346,second_order,0
186,0.10752688172043011,20,4.646173456637406,0.8445292858125728,0.6187784384849166,347,all,0
131,0.10687022900763359,14,5.263562138717859,0.8433802393755454,0.5923173382165667,347,first_order,1
54,0.1111111111111111,6,4.318129007165164,0.9135855704485704,0.7265205312192045,347,second_order,0
185,0.12972972972972974,24,5.263562138717859,0.9456198381820329,0.6277787234527006,348,all,1
130,0.13076923076923078,17,6.107143258536974,0.972321981049522,0.6684722874997506,348,first_order,2
53,0.11320754716981132,6,3.454617599785624,0.9437752767609028,0.7564652296667689,348,second_order,1
186,0.12365591397849462,23,5.799280119074019,0.9533228824954033,0.6977257483413494,349,all,0
131,0.12213740458015267,16,6.691101557193222,0.9094661030338078,0.5923173382165667,349,first_order,1
54,0.05555555555555555,3,3.7071232480487804,0.9486518896298552,0.8545821811096718,349,second_order,0
185,0.12432432432432433,23,7.402504941276007,0.9898081977441399,0.7467592975456562,350,all,1
132,0.09848484848484848,13,3.6336585535022268,0.8358832486706589,0.6593442089430146,350,first_order,0
54,0.07407407407407407,4,7.402504941276007,0.9307319571616984,0.6476231397064343,350,second_order,0
186,0.0913978494623656,17,7.402504941276007,0.8726895989716751,0.6211238424566989,351,all,0
132,0.08333333333333333,11,5.799280119074019,0.9010771042300983,0.6622077125779121,351,first_order,0
54,0.07407407407407407,4,3.0203453616877467,0.826108997429675,0.6640680029760382,351,second_order,0
186,0.11827956989247312,22,6.691101557193222,0.9547639792060162,0.6253252233609676,352,all,0
132,0.12878787878787878,17,5.799280119074019,0.9745221297051737,0.7074151743555575,352,first_order,0
53,0.05660377358490566,3,6.107143258536974,0.9025986539012102,0.7564652296667689,352,second_order,1
185,0.07567567567567568,14,6.691101557193222,0.8224607669751681,0.6623059646875202,353,all,1
132,0.11363636363636363,15,5.293386789610306,0.9280829992497658,0.6183500130837332,353,first_order,0
53,0.1320754716981132,7,6.107143258536974,1.0588649269231645,0.6782927638584447,353,second_order,1
185,0.07027027027027027,13,4.751979074252413,0.860234385156673,0.7464512495896817,354,all,1
131,0.12213740458015267,16,6.691101557193222,0.9020550022376547,0.6195204845635944,354,first_order,1
54,0.1111111111111111,6,2.701013147093827,0.8486581434808308,0.7181359804587728,354,second_order,0
184,0.09239130434782608,17,6.107143258536974,0.9185281652840854,0.651834136733338,355,all,2
132,0.09090909090909091,12,5.293386789610306,0.8646675703664845,0.621944627417126,355,first_order,0
54,0.07407407407407407,4,3.863592381570207,0.7540593531777101,0.6031391932326897,355,second_order,0
185,0.11351351351351352,21,5.185106371957386,0.96593622964263,0.7497806121384633,356,all,1
131,0.11450381679389313,15,5.185106371957386,0.862641407253648,0.5099386926939553,356,first_order,1
54,0.12962962962962962,7,4.526698006705169,0.9694757351704282,0.748965076799224,356,second_order,0
184,0.08695652173913043,16,6.107143258536974,0.8831630329142067,0.6807008461912061,357,all,2
132,0.11363636363636363,15,4.182276018096301,0.8180783685912223,0.5818066800261328,357,first_order,0
53,0.05660377358490566,3,5.293386789610306,0.7168904897826728,0.5095820742371894,357,second_order,1
185,0.12432432432432433,23,6.107143258536974,0.9526187141340484,0.6226879421683509,358,all,1
132,0.11363636363636363,15,6.691101557193222,0.9786140653728107,0.7126892157916229,358,first_order,0
54,0.1111111111111111,6,5.263562138717859,0.9265043568539101,0.713804756190233,358,second_order,0
186,0.10752688172043011,20,6.107143258536974,0.9329889440747263,0.634946499395288,359,all,0
131,0.08396946564885496,11,5.379663780555674,0.8388991736681061,0.5510560834025408,359,first_order,1
53,0.09433962264150944,5,4.526698006705169,0.7942909310917085,0.5246720636035639,359,second_order,1
185,0.12972972972972974,24,6.691101557193222,0.9627083631594139,0.6782927638584447,360,all,1
132,0.11363636363636363,15,6.107143258536974,0.9078591668749174,0.6601000134631116,360,first_order,0
54,0.05555555555555555,3,2.597125685326188,0.7432999357738014,0.6756358205439127,360,second_order,0
184,0.11413043478260869,21,6.691101557193222,0.932156254013171,0.6856465710897961,361,all,2
132,0.06818181818181818,9,5.293386789610306,0.9301358074533866,0.7481159308640725,361,first_order,0
53,0.11320754716981132,6,5.293386789610306,0.8980133905077885,0.6195204845635944,361,second_order,1
186,0.13978494623655913,26,5.799280119074019,0.9824780305877924,0.7308920144176094,362,all,0
132,0.08333333333333333,11,5.263562138717859,0.8799641730981794,0.6736914156761787,362,first_order,0
54,0.09259259259259259,5,5.263562138717859,0.8937833443735302,0.5962307403941542,362,second_order,0
185,0.08108108108108109,15,5.263562138717859,0.8325716810395098,0.6241211007861365,363,all,1
132,0.09090909090909091,12,7.402504941276007,0.9452150566456501,0.673459076380257,363,first_order,0
53,0.11320754716981132,6,6.107143258536974,0.9187422678151571,0.689820711327864,363,second_order,1
186,0.0913978494623656,17,5.379663780555674,0.8682725308040351,0.541187387811332,364,all,0
132,0.09090909090909091,12,4.840509145429005,0.8430158659586384,0.6921716454745028,364,first_order,0
54,0.05555555555555555,3,3.1110512172487033,0.7365238678679079,0.5896946311741751,364,second_order,0
186,0.10215053763440861,19,5.379663780555674,0.9647248456371462,0.7291786329562128,365,all,0
132,0.10606060606060606,14,6.107143258536974,0.9236428476471699,0.7533235928531081,365,first_order,0
54,0.05555555555555555,3,2.6765087628827327,0.7659552499232224,0.750513391136537,365,second_order,0
185,0.08648648648648649,16,5.799280119074019,0.8834939954459949,0.6845379018635227,366,all,1
132,0.12878787878787878,17,5.799280119074019,0.9199991609651368,0.664441401799724,366,first_order,0
54,0.07407407407407407,4,4.456760860548637,0.8832496017759082,0.6187784384849166,366,second_order,0
186,0.12903225806451613,24,5.379663780555674,0.9620158767704557,0.660835501360897,367,all,0
132,0.09848484848484848,13,6.107143258536974,0.9138267128878479,0.6974267140746444,367,first_order,0
54,0.12962962962962962,7,5.185106371957386,0.845103925864185,0.547450487202104,367,second_order,0
185,0.07027027027027027,13,6.107143258536974,0.8834880397536594,0.6491245274385845,368,all,1
132,0.11363636363636363,15,6.107143258536974,0.9300672284114018,0.7237399709579548,368,first_order,0
54,0.14814814814814814,8,4.526698006705169,0.9790637356260536,0.7186337830356913,368,second_order,0
186,0.0913978494623656,17,5.263562138717859,0.8745462801428618,0.6996219241148627,369,all,0
132,0.12121212121212122,16,5.379663780555674,0.9263959086316583,0.611460865025989,369,first_order,0
54,0.09259259259259259,5,4.318129007165164,0.8558556314379921,0.5884806455374432,369,second_order,0
186,0.08064516129032258,15,5.799280119074019,0.9102192744370208,0.6370656116732853,370,all,0
132,0.14393939393939395,19,7.402504941276007,1.0417498685051636,0.6751000953413677,370,first_order,0
54,0.05555555555555555,3,3.928708631946251,0.7078942864997995,0.5287470303849635,370,second_order,0
184,0.10326086956521739,19,5.293386789610306,0.9270400924581146,0.7100311140546146,371,all,2
132,0.13636363636363635,18,5.263562138717859,1.0446190694220132,0.7561333330447737,371,first_order,0
52,0.038461538461538464,2,5.263562138717859,0.766067418658902,0.5225370571935152,371,second_order,2
185,0.08108108108108109,15,4.824738588056284,0.8694697188539932,0.6941747337012587,372,all,1
130,0.1,13,6.691101557193222,0.9905965936029394,0.7320920698074647,372,first_order,2
54,0.07407407407407407,4,4.255759867545777,0.9615989210454251,0.8700778605201076,372,second_order,0
185,0.11891891891891893,22,5.263562138717859,1.0136283558232266,0.8082821481198705,373,all,1
132,0.08333333333333333,11,5.379663780555674,0.8979672523740339,0.6627079909993032,373,first_order,0
54,0.037037037037037035,2,2.616648797139487,0.7927798398013658,0.7423156424410466,373,second_order,0
186,0.0967741935483871,18,6.691101557193222,0.9179353072912894,0.6485999328637175,374,all,0
132,0.15151515151515152,20,6.691101557193222,0.9869318263228944,0.7344962494672946,374,first_order,0
54,0.05555555555555555,3,2.616648797139487,0.763590165453432,0.6635970107814331,374,second_order,0
186,0.10215053763440861,19,7.402504941276007,0.8886869858831935,0.6448862163800902,375,all,0
132,0.10606060606060606,14,4.929663571963915,0.9166732443340266,0.7320920698074647,375,first_order,0
54,0.12962962962962962,7,7.402504941276007,1.0168922792064914,0.6211238424566989,375,second_order,0
185,0.0918918918918919,17,5.263562138717859,0.8448324027075923,0.6246219015352161,376,all,1
132,0.12121212121212122,16,6.107143258536974,0.9370769670497154,0.7452344337431593,376,first_order,0
54,0.09259259259259259,5,2.4272236258901048,0.7992168568050831,0.7049589548466375,376,second_order,0
185,0.10270270270270271,19,5.799280119074019,0.9028422218440899,0.6779058123130243,377,all,1
132,0.11363636363636363,15,5.185106371957386,0.9203018912832269,0.660835501360897,377,first_order,0
54,0.05555555555555555,3,5.799280119074019,0.941204461285345,0.7955417206253035,377,second_order,0
186,0.08602150537634409,16,5.185106371957386,0.8269396753581522,0.5823572582722324,378,all,0
132,0.09090909090909091,12,6.691101557193222,0.9042153086153567,0.6237255912872379,378,first_order,0
54,0.18518518518518517,10,3.928708631946251,1.0461973980088612,0.8939607136115015,378,second_order,0
185,0.08648648648648649,16,5.799280119074019,0.8921006694204429,0.6779058123130243,379,all,1
131,0.10687022900763359,14,7.402504941276007,0.9053654123313661,0.5103011667106031,379,first_order,1
54,0.09259259259259259,5,2.616648797139487,0.7784653836355326,0.558194800600742,379,second_order,0
186,0.10752688172043011,20,6.107143258536974,0.9028690564007512,0.6196940051115534,380,all,0
132,0.08333333333333333,11,7.402504941276007,0.8773744751751997,0.6205594023550285,380,first_order,0
54,0.07407407407407407,4,2.6765087628827327,0.7513794334725361,0.5986673413315002,380,second_order,0
186,0.0913978494623656,17,7.402504941276007,0.9121827275269223,0.6808943219639163,381,all,0
131,0.07633587786259542,10,5.185106371957386,0.8757339708483763,0.6246219015352161,381,first_order,1
53,0.11320754716981132,6,5.185106371957386,1.0083022536756099,0.7329804417329422,381,second_order,1
185,0.10810810810810811,20,6.691101557193222,0.9215596711644273,0.6195204845635944,382,all,1
131,0.09923664122137404,13,5.799280119074019,0.9463303405095702,0.659677293414314,382,first_order,1
54,0.018518518518518517,1,2.226254193564805,0.7537011658109343,0.6057242956465276,382,second_order,0
185,0.10270270270270271,19,7.402504941276007,0.9240631174817939,0.6941747337012587,383,all,1
131,0.05343511450381679,7,5.379663780555674,0.7592429891054788,0.5806019862920806,383,first_order,1
54,0.1111111111111111,6,4.646173456637406,0.8571161276718302,0.6333888778419419,383,second_order,0
186,0.0967741935483871,18,6.107143258536974,0.9329015741191752,0.7291786329562128,384,all,0
132,0.06818181818181818,9,5.379663780555674,0.9001946283200548,0.6890092298452647,384,first_order,0
54,0.14814814814814814,8,2.8714948985655466,0.9354827290134566,0.6640314637104003,384,second_order,0
186,0.10215053763440861,19,5.799280119074019,0.9164947031507408,0.6741183454776263,385,all,0
132,0.12121212121212122,16,5.293386789610306,0.8791855123882356,0.6972527911147031,385,first_order,0
54,0.12962962962962962,7,5.185106371957386,0.9849069410576962,0.7068551306201508,385,second_order,0
186,0.08602150537634409,16,5.293386789610306,0.8466215493484428,0.5964957982667369,386,all,0
132,0.12121212121212122,16,5.799280119074019,0.9829035408020597,0.737610657889312,386,first_order,0
54,0.09259259259259259,5,5.6157714726161645,0.9631524469772013,0.685495717475894,386,second_order,0
184,0.09239130434782608,17,5.263562138717859,0.9290576825006638,0.7409824596574466,387,all,2
132,0.12121212121212122,16,5.263562138717859,0.948409888940605,0.6690198130487397,387,first_order,0
53,0.1509433962264151,8,2.917556643828069,0.9842656586299817,0.8339935107158669,387,second_order,1
185,0.10810810810810811,20,5.799280119074019,0.9112026112521562,0.6469102300243715,388,all,1
131,0.12213740458015267,16,5.379663780555674,0.9123226238136952,0.616818945303483,388,first_order,1
54,0.037037037037037035,2,2.2425568258911834,0.6888141652010352,0.5368958741332909,388,second_order,0
185,0.0918918918918919,17,6.107143258536974,0.9099306558069927,0.7042871243384402,389,all,1
132,0.09848484848484848,13,5.799280119074019,0.8503582965412065,0.620488701385111,389,first_order,0
54,0.09259259259259259,5,5.185106371957386,0.8938981112097812,0.7114005765304031,389,second_order,0
185,0.11891891891891893,22,6.107143258536974,0.9292991052498027,0.6605227335119092,390,all,1
132,0.08333333333333333,11,5.293386789610306,0.837153223339825,0.5836674099658673,390,first_order,0
53,0.09433962264150944,5,3.928708631946251,1.024485454958577,0.7867223022258918,390,second_order,1
185,0.07567567567567568,14,6.107143258536974,0.794616117086875,0.5923173382165667,391,all,1
132,0.10606060606060606,14,4.929663571963915,0.9168978332803185,0.739715845661312,391,first_order,0
53,0.11320754716981132,6,3.1273523871075204,0.9718186054089736,0.82804008889925,391,second_order,1
185,0.10810810810810811,20,5.263562138717859,0.8704608887715755,0.6124702570880387,392,all,1
132,0.10606060606060606,14,6.691101557193222,0.892363274750921,0.5881747886966913,392,first_order,0
53,0.09433962264150944,5,3.1110512172487033,0.85221913151324,0.6198675256595123,392,second_order,1
185,0.0972972972972973,18,5.263562138717859,0.8524297362162836,0.6182894606018712,393,all,1
132,0.09090909090909091,12,6.107143258536974,0.8411945345740726,0.5952433084737938,393,first_order,0
54,0.09259259259259259,5,4.182276018096301,0.923194894166519,0.7389517163511197,393,second_order,0
185,0.0972972972972973,18,6.691101557193222,0.9778056609953277,0.744017617896637,394,all,1
131,0.11450381679389313,15,7.402504941276007,1.0292895106240705,0.6335053960107315,394,first_order,1
54,0.1111111111111111,6,2.625491388708993,0.8676291231119028,0.7636565141951543,394,second_order,0
186,0.0967741935483871,18,7.402504941276007,0.9160525686532998,0.6485999328637175,395,all,0
132,0.12121212121212122,16,5.799280119074019,0.9228637552588879,0.7043371169421131,395,first_order,0
54,0.09259259259259259,5,6.107143258536974,0.9911006612087929,0.7209067724665315,395,second_order,0
186,0.10752688172043011,20,7.402504941276007,0.9375036629307045,0.6458903235689639,396,all,0
132,0.14393939393939395,19,6.691101557193222,1.0896231660299278,0.7320920698074647,396,first_order,0
54,0.09259259259259259,5,4.824738588056284,0.9323490570251084,0.7300670048816903,396,second_order,0
186,0.08602150537634409,16,5.263562138717859,0.869767152316563,0.6943486566612002,397,all,0
132,0.08333333333333333,11,5.263562138717859,0.8031095577064503,0.5923173382165667,397,first_order,0
54,0.05555555555555555,3,3.31680671442054,0.7910534870521763,0.6550618378297557,397,second_order,0
184,0.08152173913043478,15,4.526698006705169,0.8375377824622398,0.6227552269620351,398,all,2
132,0.09090909090909091,12,5.379663780555674,0.8462028941235542,0.6012063220772579,398,first_order,0
53,0.05660377358490566,3,4.526698006705169,0.8053064481155754,0.6198675256595123,398,second_order,1
186,0.10215053763440861,19,7.402504941276007,0.8654712834735181,0.639332423407114,399,all,0
132,0.13636363636363635,18,6.691101557193222,1.0348333659716853,0.7414626268669784,399,first_order,0
54,0.09259259259259259,5,5.164087683548203,0.9868739754227535,0.7967484476861744,399,second_order,0
185,0.08648648648648649,16,5.185106371957386,0.8327559617353096,0.627220993322199,400,all,1
132,0.07575757575757576,10,6.691101557193222,0.8771600536067637,0.6161688913737755,400,first_order,0
54,0.07407407407407407,4,2.597125685326188,0.7809640775389063,0.5498422861614627,400,second_order,0
185,0.13513513513513514,25,5.799280119074019,0.9644536450070863,0.7056307853548347,401,all,1
132,0.06060606060606061,8,5.799280119074019,0.843630386370898,0.5917165023052324,401,first_order,0
54,0.12962962962962962,7,3.928708631946251,0.9825693182745426,0.7008079498548148,401,second_order,0
184,0.08695652173913043,16,5.379663780555674,0.932923465296575,0.7265205312192045,402,all,2
132,0.12878787878787878,17,5.164087683548203,0.9672726536305872,0.7411000807064301,402,first_order,0
54,0.12962962962962962,7,5.799280119074019,1.0766759033561268,0.71388400637306,402,second_order,0
186,0.10752688172043011,20,5.164087683548203,0.9237943002166352,0.7345754996501217,403,all,0
132,0.08333333333333333,11,6.691101557193222,0.8642446371974105,0.6218162881961808,403,first_order,0
53,0.11320754716981132,6,4.182276018096301,0.9918570323003679,0.8806328467934134,403,second_order,1
186,0.0967741935483871,18,6.691101557193222,0.8840946478724181,0.6780992880857345,404,all,0
132,0.09848484848484848,13,5.263562138717859,0.929710239928566,0.6465166470802322,404,first_order,0
54,0.09259259259259259,5,2.8714948985655466,0.9057613832119548,0.6359062348034676,404,second_order,0
184,0.09782608695652174,18,6.107143258536974,0.8546374952165716,0.6022944008203377,405,all,2
132,0.12878787878787878,17,5.185106371957386,1.0135190297259284,0.7345754996501217,405,first_order,0
54,0.09259259259259259,5,5.6157714726161645,1.0418833559992935,0.8418126288029039,405,second_order,0
186,0.08064516129032258,15,4.751979074252413,0.7963065436576162,0.6189049725827328,406,all,0
131,0.07633587786259542,10,5.799280119074019,0.808403504661399,0.6266423599541501,406,first_order,1
53,0.07547169811320754,4,2.616648797139487,0.7942485594498575,0.5987872760562695,406,second_order,1
185,0.0972972972972973,18,5.263562138717859,0.9507589840832457,0.7381825435162233,407,all,1
131,0.11450381679389313,15,4.824738588056284,0.9529440608220491,0.7288035871022768,407,first_order,1
54,0.12962962962962962,7,4.840509145429005,0.9842328021976259,0.5877420079206748,407,second_order,0
185,0.0918918918918919,17,5.263562138717859,0.8566758239070068,0.6182894606018712,408,all,1
132,0.10606060606060606,14,5.185106371957386,0.9179406561554809,0.677534172100472,408,first_order,0
54,0.12962962962962962,7,4.318129007165164,0.99944738569124,0.9089561885394425,408,second_order,0
185,0.11351351351351352,21,5.164087683548203,0.9674414974534348,0.7056307853548347,409,all,1
132,0.06818181818181818,9,5.164087683548203,0.7955549868976273,0.6204203372391113,409,first_order,0
54,0.05555555555555555,3,4.646173456637406,0.909337645259447,0.7565713869417368,409,second_order,0
185,0.10270270270270271,19,5.185106371957386,0.8953236849033706,0.6787596719159195,410,all,1
132,0.08333333333333333,11,6.691101557193222,0.8991736937528676,0.6418495112945268,410,first_order,0
54,0.037037037037037035,2,3.31680671442054,0.7181437220781954,0.5588802540327733,410,second_order,0
185,0.0972972972972973,18,4.929663571963915,0.9043691184670959,0.7379473014182562,411,all,1
132,0.10606060606060606,14,4.526698006705169,0.8732705462124304,0.6262003124939584,411,first_order,0
54,0.14814814814814814,8,4.255759867545777,1.0167768627008407,0.7090193291451716,411,second_order,0
185,0.10810810810810811,20,6.107143258536974,0.9405787472311855,0.7329804417329422,412,all,1
132,0.08333333333333333,11,6.691101557193222,0.8625545806825268,0.5893622642717361,412,first_order,0
54,0.1111111111111111,6,2.4272236258901048,0.8417797184272426,0.7347215549662719,412,second_order,0
185,0.12432432432432433,23,5.379663780555674,0.9023320715758936,0.6176893513103209,413,all,1
132,0.12121212121212122,16,5.799280119074019,0.9799040608875585,0.6640314637104003,413,first_order,0
54,0.05555555555555555,3,2.6807289449508125,0.7593464566876169,0.5450012741318577,413,second_order,0
184,0.10326086956521739,19,5.293386789610306,0.9046577957140903,0.7044731849583146,414,all,2
132,0.13636363636363635,18,5.293386789610306,0.9131340003440646,0.5767126616315983,414,first_order,0
54,0.05555555555555555,3,6.691101557193222,0.8799514340039871,0.5625694508896066,414,second_order,0
184,0.11956521739130435,22,6.691101557193222,0.9906369254139683,0.7453508006802372,415,all,2
132,0.09848484848484848,13,6.691101557193222,0.9640763252456337,0.751470219261779,415,first_order,0
53,0.1320754716981132,7,4.318129007165164,1.007399123499451,0.6081688194811744,415,second_order,1
185,0.0972972972972973,18,7.402504941276007,0.9610123969784069,0.7312036978819871,416,all,1
132,0.09090909090909091,12,5.293386789610306,0.8378711115156511,0.5531405959783132,416,first_order,0
54,0.09259259259259259,5,2.470560470967866,0.8339624426047192,0.6357660657797939,416,second_order,0
185,0.0918918918918919,17,6.691101557193222,0.8553074417630896,0.6241211007861365,417,all,1
132,0.07575757575757576,10,4.526698006705169,0.844424358180696,0.7362473858528105,417,first_order,0
54,0.16666666666666666,9,4.751979074252413,1.1158011178671028,0.7354638715755992,417,second_order,0
186,0.10752688172043011,20,6.691101557193222,0.9279996817268469,0.6243218153549779,418,all,0
132,0.09090909090909091,12,7.402504941276007,0.8768386799329108,0.6537164817681403,418,first_order,0
54,0.09259259259259259,5,3.863592381570207,0.832612796631731,0.5059790384509562,418,second_order,0
186,0.10752688172043011,20,5.185106371957386,0.947776240133269,0.6822798493140687,419,all,0
132,0.09090909090909091,12,4.840509145429005,0.91002633984171,0.7363650069017941,419,first_order,0
54,0.05555555555555555,3,2.470560470967866,0.7944059536982836,0.6766214920094953,419,second_order,0
186,0.0967741935483871,18,5.799280119074019,0.9192564510499207,0.6596409388848008,420,all,0
132,0.09090909090909091,12,7.402504941276007,0.9478141978715158,0.7603674528528603,420,first_order,0
53,0.1320754716981132,7,5.6157714726161645,1.073569589816308,0.7642696760389518,420,second_order,1
186,0.0967741935483871,18,6.691101557193222,0.9069585568769455,0.6727319912646337,421,all,0
131,0.09923664122137404,13,4.840509145429005,0.8979755023684083,0.6272368790912327,421,first_order,1
54,0.14814814814814814,8,5.799280119074019,1.1403003948821337,0.7709669733621936,421,second_order,0
185,0.0972972972972973,18,6.691101557193222,0.8877514080313694,0.6246219015352161,422,all,1
132,0.12121212121212122,16,7.402504941276007,0.9833697918542736,0.6128116346560446,422,first_order,0
54,0.09259259259259259,5,2.632020741636344,0.9304324873137498,0.7440233614751863,422,second_order,0
186,0.11290322580645161,21,4.929663571963915,0.9205485571862373,0.7324711845415202,423,all,0
131,0.11450381679389313,15,7.402504941276007,0.957438240885018,0.6198675256595123,423,first_order,1
53,0.1320754716981132,7,3.31680671442054,0.8755993461178736,0.7042871243384402,423,second_order,1
186,0.11827956989247312,22,6.107143258536974,0.8757814487031601,0.579315529471796,424,all,0
132,0.10606060606060606,14,7.402504941276007,1.0182276795187852,0.8336075752117524,424,first_order,0
54,0.09259259259259259,5,3.863592381570207,0.8602379508883289,0.6796217475770603,424,second_order,0
184,0.10869565217391304,20,4.840509145429005,0.8880350768805175,0.6627079909993032,425,all,2
131,0.09923664122137404,13,6.107143258536974,0.8913852392162486,0.627220993322199,425,first_order,1
54,0.09259259259259259,5,4.318129007165164,0.9097903673241605,0.5867797027671285,425,second_order,0
186,0.10215053763440861,19,7.402504941276007,0.9306293997938592,0.6187784384849166,426,all,0
132,0.11363636363636363,15,7.402504941276007,0.9286105281801157,0.6122900786274249,426,first_order,0
54,0.1111111111111111,6,3.28939812699989,0.9240892809267973,0.7581731335229138,426,second_order,0
185,0.10270270270270271,19,7.402504941276007,0.992827547653962,0.7464512495896817,427,all,1
132,0.10606060606060606,14,5.263562138717859,0.9392780003188553,0.7285455961449788,427,first_order,0
54,0.09259259259259259,5,5.293386789610306,0.9076893471391259,0.5837174739730623,427,second_order,0
185,0.0972972972972973,18,5.164087683548203,0.8714452622993393,0.6667043106133478,428,all,1
131,0.07633587786259542,10,5.379663780555674,0.8133774257277908,0.616818945303483,428,first_order,1
54,0.1111111111111111,6,5.185106371957386,0.8708045216996778,0.6034780477687219,428,second_order,0
185,0.10270270270270271,19,7.402504941276007,0.9137551862643686,0.6469102300243715,429,all,1
131,0.09923664122137404,13,4.646173456637406,0.8405875414521778,0.5534484473568743,429,first_order,1
53,0.11320754716981132,6,5.185106371957386,1.003432423749533,0.7568665735677531,429,second_order,1
186,0.0913978494623656,17,6.107143258536974,0.8684883266169702,0.598139422857613,430,all,0
132,0.12121212121212122,16,4.840509145429005,0.8613417802852023,0.617989405956096,430,first_order,0
54,0.07407407407407407,4,3.62448141830845,0.8735715937000564,0.6966775251840692,430,second_order,0
185,0.08648648648648649,16,4.456760860548637,0.8779796891559775,0.6834958800693878,431,all,1
132,0.10606060606060606,14,4.929663571963915,0.9068119637094023,0.672305061463186,431,first_order,0
53,0.11320754716981132,6,3.928708631946251,0.9841995112400288,0.9127454019583745,431,second_order,1
185,0.11891891891891893,22,7.402504941276007,0.9326614415482953,0.6335053960107315,432,all,1
132,0.13636363636363635,18,6.691101557193222,0.9494001219223134,0.6571105197212028,432,first_order,0
54,0.05555555555555555,3,2.2997338138465095,0.7411275119433441,0.6196940051115534,432,second_order,0
185,0.11351351351351352,21,4.255759867545777,0.8725907589477205,0.6491245274385845,433,all,1
131,0.10687022900763359,14,4.751979074252413,0.8534545282568842,0.6647381317415102,433,first_order,1
54,0.09259259259259259,5,5.6157714726161645,0.9701499954532126,0.7538556999006898,433,second_order,0
185,0.13513513513513514,25,5.799280119074019,0.9635558638923549,0.6545437460280915,434,all,1
130,0.08461538461538462,11,7.402504941276007,0.986445124411855,0.7489417939262601,434,first_order,2
54,0.12962962962962962,7,5.6157714726161645,1.0506137259904222,0.7996939885210612,434,second_order,0
184,0.09239130434782608,17,6.107143258536974,0.8986870995441789,0.6312618226794279,435,all,2
132,0.05303030303030303,7,3.1273523871075204,0.7229425250229812,0.5789279012563917,435,first_order,0
54,0.1111111111111111,6,5.6157714726161645,0.9130460992304157,0.6071358021148345,435,second_order,0
185,0.12432432432432433,23,5.799280119074019,0.9702804766655012,0.6845379018635227,436,all,1
132,0.11363636363636363,15,5.799280119074019,0.8865721064854265,0.6198456252051189,436,first_order,0
54,0.05555555555555555,3,5.6157714726161645,0.9614130908963434,0.7924490820045204,436,second_order,0
185,0.08108108108108109,15,6.107143258536974,0.8351832681490772,0.6623059646875202,437,all,1
132,0.10606060606060606,14,4.526698006705169,0.9373005000260023,0.7116630833617092,437,first_order,0
54,0.05555555555555555,3,3.8037556900222493,0.8434428491971171,0.6959458498859743,437,second_order,0
186,0.13978494623655913,26,5.164087683548203,0.9864238929477804,0.7378680512354291,438,all,0
131,0.1297709923664122,17,4.646173456637406,0.9222503746134862,0.6674675559601679,438,first_order,1
54,0.14814814814814814,8,2.731211715402172,1.0736060102303806,0.9645225062529208,438,second_order,0
186,0.10752688172043011,20,5.799280119074019,0.949928291440101,0.6999027595280467,439,all,0
132,0.09848484848484848,13,5.263562138717859,0.9032855217456354,0.6758727300493568,439,first_order,0
54,0.07407407407407407,4,4.318129007165164,0.9295507295543248,0.7452344337431593,439,second_order,0
186,0.11827956989247312,22,7.402504941276007,0.9481316253511126,0.660835501360897,440,all,0
131,0.0916030534351145,12,4.929663571963915,0.8185114290788179,0.6122649626319615,440,first_order,1
54,0.037037037037037035,2,2.917556643828069,0.655792536084197,0.49189321776618766,440,second_order,0
186,0.10752688172043011,20,5.799280119074019,0.9656809992584576,0.7300670048816903,441,all,0
132,0.07575757575757576,10,6.691101557193222,0.867149558222015,0.5497539816702302,441,first_order,0
53,0.07547169811320754,4,4.255759867545777,0.8162699692158115,0.6195204845635944,441,second_order,1
186,0.05913978494623656,11,4.929663571963915,0.793703599209539,0.6280219714572506,442,all,0
132,0.09090909090909091,12,4.182276018096301,0.7899874498632139,0.6023250956776128,442,first_order,0
54,0.07407407407407407,4,4.929663571963915,0.8221216467832231,0.582491792086063,442,second_order,0
186,0.10215053763440861,19,5.164087683548203,0.875164069302147,0.695943956289608,443,all,0
132,0.09848484848484848,13,5.164087683548203,0.85364433590941,0.6052899120361219,443,first_order,0
54,0.12962962962962962,7,4.840509145429005,0.9736632593162603,0.7453508006802372,443,second_order,0
185,0.08108108108108109,15,6.691101557193222,0.865192770936551,0.6634222726911264,444,all,1
132,0.10606060606060606,14,6.107143258536974,0.8992429407814095,0.6640802022163184,444,first_order,0
54,0.12962962962962962,7,2.917556643828069,0.8927051942064627,0.7353366982739467,444,second_order,0
186,0.13440860215053763,25,5.293386789610306,0.9424154592615305,0.678526217887182,445,all,0
132,0.10606060606060606,14,6.691101557193222,0.9980960603775205,0.7489041368853507,445,first_order,0
54,0.1111111111111111,6,6.107143258536974,0.95619559487667,0.7710993492574401,445,second_order,0
186,0.10752688172043011,20,7.402504941276007,0.9536751203954785,0.6764864495543605,446,all,0
132,0.11363636363636363,15,4.751979074252413,0.86632028098727,0.6076831759551069,446,first_order,0
54,0.12962962962962962,7,4.456760860548637,1.0370666438272442,0.8319778040253073,446,second_order,0
186,0.11827956989247312,22,5.263562138717859,0.9427918841601173,0.6871793065956934,447,all,0
131,0.07633587786259542,10,6.107143258536974,0.8400226800758175,0.6623059646875202,447,first_order,1
54,0.1111111111111111,6,4.526698006705169,0.9998958920655961,0.7182883524661499,447,second_order,0
185,0.11891891891891893,22,7.402504941276007,0.9864655956167802,0.7466839834638372,448,all,1
132,0.12121212121212122,16,7.402504941276007,1.0471474143320891,0.6555591183730323,448,first_order,0
54,0.12962962962962962,7,5.6157714726161645,0.9884203292817414,0.5704301879225886,448,second_order,0
185,0.0918918918918919,17,6.691101557193222,0.8602520711956887,0.627220993322199,449,all,1
132,0.10606060606060606,14,4.456760860548637,0.906645037971745,0.6179498552438875,449,first_order,0
54,0.05555555555555555,3,3.454617599785624,0.900564099821836,0.7861553928970619,449,second_order,0
185,0.0918918918918919,17,6.691101557193222,0.9147526716618153,0.6834958800693878,450,all,1
132,0.07575757575757576,10,6.691101557193222,0.9129959008861716,0.6055812287198751,450,first_order,0
54,0.12962962962962962,7,3.928708631946251,0.814596159888408,0.5552882403440693,450,second_order,0
186,0.0913978494623656,17,4.929663571963915,0.8770114426083829,0.6212777339139316,451,all,0
131,0.11450381679389313,15,7.402504941276007,0.8137221107730083,0.5099386926939553,451,first_order,1
54,0.05555555555555555,3,4.318129007165164,0.9140019325756966,0.8116440853474324,451,second_order,0
186,0.12365591397849462,23,7.402504941276007,0.9492262205240699,0.6380060602227469,452,all,0
131,0.0916030534351145,12,5.185106371957386,0.8430605035968929,0.591115666393898,452,first_order,1
54,0.05555555555555555,3,5.185106371957386,0.8008321463887544,0.6019879525358061,452,second_order,0
186,0.10752688172043011,20,5.263562138717859,0.9266609589642668,0.6092865209182667,453,all,0
132,0.10606060606060606,14,4.824738588056284,0.8430191742988016,0.6303631946664653,453,first_order,0
54,0.09259259259259259,5,3.6769103605760836,0.9248189423161985,0.7320920698074647,453,second_order,0
186,0.11290322580645161,21,6.107143258536974,0.8914449738663996,0.6726866841365962,454,all,0
132,0.09848484848484848,13,4.840509145429005,0.8765670824145972,0.7208265341067029,454,first_order,0
54,0.05555555555555555,3,5.379663780555674,0.8578059704409038,0.6276136560935397,454,second_order,0
186,0.08602150537634409,16,7.402504941276007,0.8601858582943356,0.6055812287198751,455,all,0
131,0.1297709923664122,17,4.929663571963915,0.9201408803240106,0.6623059646875202,455,first_order,1
54,0.1111111111111111,6,6.107143258536974,0.9934158051011567,0.7210379626955211,455,second_order,0
186,0.0967741935483871,18,6.691101557193222,0.8924633108683079,0.6458903235689639,456,all,0
132,0.11363636363636363,15,5.293386789610306,0.8561600949787039,0.6269316766381745,456,first_order,0
53,0.1320754716981132,7,5.263562138717859,1.023149192296584,0.7564652296667689,456,second_order,1
185,0.10810810810810811,20,5.379663780555674,0.8931137324244163,0.6246219015352161,457,all,1
132,0.11363636363636363,15,4.751979074252413,0.9114761604145373,0.6507269880262315,457,first_order,0
54,0.037037037037037035,2,4.255759867545777,0.8042919974487942,0.6357955460861504,457,second_order,0
184,0.11956521739130435,22,7.402504941276007,0.9648200680795785,0.6726866841365962,458,all,2
131,0.061068702290076333,8,7.402504941276007,0.8094626683771088,0.6190106748571454,458,first_order,1
54,0.16666666666666666,9,5.6157714726161645,1.0211683253079282,0.7194234791876933,458,second_order,0
185,0.10810810810810811,20,3.928708631946251,0.8987145774958043,0.6674675559601679,459,all,1
132,0.08333333333333333,11,5.379663780555674,0.8451851570371617,0.5983583426688759,459,first_order,0
54,0.12962962962962962,7,5.263562138717859,0.967916020358832,0.7840054027936134,459,second_order,0
185,0.0918918918918919,17,4.526698006705169,0.9042959711111132,0.6619937093074799,460,all,1
132,0.12121212121212122,16,7.402504941276007,0.962767731876066,0.6186500677295084,460,first_order,0
54,0.09259259259259259,5,3.31680671442054,0.8862648831142995,0.7465676165267594,460,second_order,0
186,0.11827956989247312,22,5.799280119074019,0.9617401342786475,0.6635220482145152,461,all,0
131,0.07633587786259542,10,7.402504941276007,0.9212548940408287,0.6694770190393332,461,first_order,1
54,0.09259259259259259,5,6.107143258536974,0.9775248495182609,0.6511983456613226,461,second_order,0
184,0.09239130434782608,17,4.824738588056284,0.8489319898224258,0.6634733097085972,462,all,2
131,0.07633587786259542,10,6.107143258536974,0.8923004763658252,0.6623059646875202,462,first_order,1
53,0.07547169811320754,4,5.379663780555674,0.9348951492135353,0.7630433523513569,462,second_order,1
184,0.08695652173913043,16,6.691101557193222,0.8923332003054708,0.7013951275448703,463,all,2
131,0.12213740458015267,16,5.799280119074019,1.020792741095459,0.7329804417329422,463,first_order,1
54,0.1111111111111111,6,2.6807289449508125,0.9009608128761393,0.7754959891324218,463,second_order,0
186,0.0967741935483871,18,5.263562138717859,0.8646413799498961,0.6146446011957609,464,all,0
131,0.11450381679389313,15,7.402504941276007,1.0159506662238367,0.7907567179373657,464,first_order,1
54,0.1111111111111111,6,4.824738588056284,0.9181146841702048,0.704936761140404,464,second_order,0
186,0.08602150537634409,16,5.799280119074019,0.8855028773548091,0.6302964399186914,465,all,0
131,0.07633587786259542,10,4.824738588056284,0.8588658866996447,0.6272368790912327,465,first_order,1
53,0.03773584905660377,2,2.597125685326188,0.8467667054652399,0.7497806121384633,465,second_order,1
185,0.11351351351351352,21,4.456760860548637,0.8650535739136792,0.6226879421683509,466,all,1
132,0.06818181818181818,9,4.526698006705169,0.877619803386185,0.7362473858528105,466,first_order,0
54,0.09259259259259259,5,4.751979074252413,0.9052590192721649,0.6214539754898004,466,second_order,0
185,0.11351351351351352,21,5.263562138717859,0.8960214984287618,0.6491245274385845,467,all,1
132,0.09090909090909091,12,4.929663571963915,0.8553101253240962,0.664392663293806,467,first_order,0
54,0.05555555555555555,3,5.799280119074019,0.7924234357417662,0.4841060325990212,467,second_order,0
186,0.0967741935483871,18,5.799280119074019,0.8619127388821349,0.6807008461912061,468,all,0
132,0.06818181818181818,9,4.751979074252413,0.83007321364152,0.6974267140746444,468,first_order,0
54,0.1111111111111111,6,3.6769103605760836,0.8598082798343895,0.6106176743875409,468,second_order,0
185,0.10810810810810811,20,5.185106371957386,0.8774395260565465,0.7329804417329422,469,all,1
132,0.09848484848484848,13,5.185106371957386,0.8954225387235583,0.6465166470802322,469,first_order,0
54,0.14814814814814814,8,4.182276018096301,0.993537414376595,0.678644133644016,469,second_order,0
185,0.12432432432432433,23,5.379663780555674,0.9651391269974472,0.7379473014182562,470,all,1
132,0.10606060606060606,14,6.691101557193222,0.8746624140227223,0.5464886511307974,470,first_order,0
54,0.05555555555555555,3,4.840509145429005,0.8403259471678353,0.672305061463186,470,second_order,0
185,0.0972972972972973,18,6.107143258536974,0.9198350638402546,0.7464512495896817,471,all,1
132,0.10606060606060606,14,5.379663780555674,0.9124487697760864,0.6185460793116274,471,first_order,0
54,0.1111111111111111,6,5.293386789610306,0.9018168354878068,0.71388400637306,471,second_order,0
186,0.0967741935483871,18,4.840509145429005,0.8572518423603851,0.6305673620994254,472,all,0
132,0.10606060606060606,14,6.107143258536974,0.9089023811727112,0.7362473858528105,472,first_order,0
54,0.07407407407407407,4,4.824738588056284,0.9687968261358546,0.7228029482400449,472,second_order,0
186,0.0967741935483871,18,4.824738588056284,0.9094517595603616,0.6305673620994254,473,all,0
131,0.12213740458015267,16,4.318129007165164,0.8476439896676664,0.6876007882407759,473,first_order,1
53,0.07547169811320754,4,5.6157714726161645,0.9399366657562191,0.6674675559601679,473,second_order,1
186,0.11290322580645161,21,6.691101557193222,0.9529294197451462,0.6999027595280467,474,all,0
132,0.11363636363636363,15,6.691101557193222,0.9231306193272114,0.6625816941207917,474,first_order,0
54,0.07407407407407407,4,3.6769103605760836,0.7869796769511375,0.5345363487137584,474,second_order,0
185,0.11351351351351352,21,6.107143258536974,0.9175327422751106,0.6845379018635227,475,all,1
131,0.09923664122137404,13,6.107143258536974,0.8951571469260214,0.6667043106133478,475,first_order,1
54,0.1111111111111111,6,6.107143258536974,0.9454563256376249,0.5943854028866276,475,second_order,0
186,0.06989247311827956,13,6.691101557193222,0.8282994439513494,0.5847617539709634,476,all,0
130,0.12307692307692308,16,4.751979074252413,0.8713299797337661,0.6536483872145089,476,first_order,2
53,0.11320754716981132,6,5.164087683548203,0.8890275387757645,0.6124702570880387,476,second_order,1
185,0.11351351351351352,21,6.691101557193222,0.9184684789294891,0.6674675559601679,477,all,1
132,0.09848484848484848,13,4.824738588056284,0.8705101285899852,0.6206954170555156,477,first_order,0
53,0.09433962264150944,5,2.616648797139487,0.8004683101294099,0.6647381317415102,477,second_order,1
186,0.10752688172043011,20,6.691101557193222,0.9257901277052087,0.6945225796211416,478,all,0
132,0.08333333333333333,11,6.107143258536974,0.8811067727859238,0.6145407009329975,478,first_order,0
54,0.1111111111111111,6,5.263562138717859,0.8358135224666695,0.5452627123992206,478,second_order,0
185,0.0918918918918919,17,4.824738588056284,0.8653976909644752,0.6667043106133478,479,all,1
132,0.09848484848484848,13,6.107143258536974,0.9396752030939096,0.7513161952837918,479,first_order,0
54,0.09259259259259259,5,7.402504941276007,0.9889880228751045,0.7182883524661499,479,second_order,0
185,0.08648648648648649,16,5.379663780555674,0.879776656471788,0.6941747337012587,480,all,1
132,0.12121212121212122,16,5.799280119074019,0.9509926815562979,0.6515894266056264,480,first_order,0
54,0.1111111111111111,6,4.318129007165164,0.9441706569864976,0.6772306830287691,480,second_order,0
185,0.08648648648648649,16,5.379663780555674,0.8758243090347031,0.6634222726911264,481,all,1
131,0.09923664122137404,13,4.646173456637406,0.8149275012095619,0.6190106748571454,481,first_order,1
54,0.09259259259259259,5,4.646173456637406,0.842681001550826,0.4387779865424542,481,second_order,0
186,0.06989247311827956,13,7.402504941276007,0.8831116940796767,0.630642059731716,482,all,0
130,0.05384615384615385,7,4.824738588056284,0.73736237836058,0.5522522653797075,482,first_order,2
54,0.16666666666666666,9,3.6769103605760836,1.021521517000713,0.6903017105587999,482,second_order,0
185,0.11891891891891893,22,5.799280119074019,0.9552307282267183,0.7464512495896817,483,all,1
132,0.11363636363636363,15,5.263562138717859,0.9725643472232246,0.7565458938377626,483,first_order,0
53,0.09433962264150944,5,3.31680671442054,0.8634331753009746,0.7497806121384633,483,second_order,1
185,0.08108108108108109,15,7.402504941276007,0.9138085559121544,0.6545437460280915,484,all,1
132,0.09090909090909091,12,5.164087683548203,0.8931147051196168,0.6692142729124667,484,first_order,0
53,0.09433962264150944,5,6.107143258536974,0.9358042480520988,0.7042871243384402,484,second_order,1
186,0.10215053763440861,19,5.379663780555674,0.8724716248366854,0.6780992880857345,485,all,0
131,0.09923664122137404,13,4.526698006705169,0.8606464088568659,0.6619937093074799,485,first_order,1
54,0.09259259259259259,5,5.263562138717859,0.9584190972153851,0.8464140812711933,485,second_order,0
185,0.10810810810810811,20,6.107143258536974,0.9170218339485944,0.6779058123130243,486,all,1
132,0.09848484848484848,13,6.107143258536974,0.923693186606137,0.6045681417600248,486,first_order,0
53,0.1320754716981132,7,4.318129007165164,1.067172046177951,0.7952499632605499,486,second_order,1
184,0.09782608695652174,18,7.402504941276007,0.9661901884209054,0.6921716454745028,487,all,2
132,0.11363636363636363,15,5.164087683548203,0.884669688445421,0.6415533734070251,487,first_order,0
54,0.09259259259259259,5,4.318129007165164,0.8467852662152524,0.5986673413315002,487,second_order,0
185,0.11351351351351352,21,6.107143258536974,1.0116532613079954,0.7642696760389518,488,all,1
132,0.08333333333333333,11,4.840509145429005,0.9211780213075553,0.7432829406196595,488,first_order,0
53,0.1320754716981132,7,2.917556643828069,0.9637725312913186,0.7952499632605499,488,second_order,1
186,0.0913978494623656,17,7.402504941276007,0.9189198298739645,0.6256293041329861,489,all,0
132,0.08333333333333333,11,4.840509145429005,0.8396900801938189,0.6256213612484693,489,first_order,0
54,0.05555555555555555,3,4.840509145429005,0.93313172061956,0.7872644968167908,489,second_order,0
186,0.06989247311827956,13,5.799280119074019,0.8834578517486747,0.7300670048816903,490,all,0
131,0.10687022900763359,14,6.107143258536974,0.9028800410563091,0.6333560007461502,490,first_order,1
54,0.1111111111111111,6,5.164087683548203,0.9306266348368807,0.6537632043602423,490,second_order,0
185,0.07567567567567568,14,5.293386789610306,0.8219058641067222,0.6779058123130243,491,all,1
132,0.12878787878787878,17,6.107143258536974,0.9567059887130305,0.6614143490997146,491,first_order,0
54,0.1111111111111111,6,2.701013147093827,0.9480634264181379,0.8320789689882877,491,second_order,0
186,0.10215053763440861,19,5.164087683548203,0.9050539578457405,0.6855483341550819,492,all,0
132,0.08333333333333333,11,7.402504941276007,0.8530707196690975,0.6145419539677223,492,first_order,0
54,0.1111111111111111,6,3.31680671442054,0.9558536858931757,0.9214500075700853,492,second_order,0
185,0.12432432432432433,23,6.691101557193222,0.9425308146970143,0.6182894606018712,493,all,1
131,0.10687022900763359,14,6.691101557193222,0.9337262736819035,0.7651559855941036,493,first_order,1
54,0.12962962962962962,7,4.526698006705169,1.0310308799036314,0.8973737885505786,493,second_order,0
186,0.11827956989247312,22,6.691101557193222,0.9727684151494576,0.7409032094746195,494,all,0
132,0.11363636363636363,15,4.929663571963915,0.9348388787731412,0.8160847247849449,494,first_order,0
54,0.07407407407407407,4,2.8714948985655466,0.822135994773504,0.7284384777447228,494,second_order,0
186,0.0967741935483871,18,5.185106371957386,0.9291655606989851,0.7389517163511197,495,all,0
132,0.09848484848484848,13,6.691101557193222,0.8997951254995228,0.6198040903796131,495,first_order,0
54,0.12962962962962962,7,2.701013147093827,1.0177469742434677,0.9101166806734143,495,second_order,0
186,0.06989247311827956,13,4.929663571963915,0.8684539892954071,0.6205594023550285,496,all,0
132,0.09848484848484848,13,5.263562138717859,0.913154975839384,0.7453884577211466,496,first_order,0
53,0.07547169811320754,4,4.318129007165164,0.9284754913567167,0.8339935107158669,496,second_order,1
184,0.10869565217391304,20,5.799280119074019,0.9790514166203205,0.6860693450521493,497,all,2
131,0.08396946564885496,11,5.263562138717859,0.7787109114648032,0.5510560834025408,497,first_order,1
54,0.09259259259259259,5,3.863592381570207,0.8172475184226743,0.5571645555212859,497,second_order,0
185,0.11891891891891893,22,5.185106371957386,0.9760632373118876,0.7094231369018614,498,all,1
131,0.12213740458015267,16,6.691101557193222,1.0086830027411495,0.6266423599541501,498,first_order,1
54,0.09259259259259259,5,5.6157714726161645,0.9857304368845937,0.7276497524261596,498,second_order,0
186,0.10752688172043011,20,4.526698006705169,0.8854252345269168,0.6670859332867578,499,all,0
131,0.0916030534351145,12,5.379663780555674,0.9272302265114029,0.6545437460280915,499,first_order,1
54,0.05555555555555555,3,4.255759867545777,0.8083086703079619,0.7217097932037184,499,second_order,0
184,0.1358695652173913,25,5.293386789610306,0.9786732870753808,0.7344962494672946,500,all,2
132,0.11363636363636363,15,7.402504941276007,0.966737034191635,0.6637834722745322,500,first_order,0
54,0.09259259259259259,5,2.625491388708993,0.8600404475290337,0.75641198224491,500,second_order,0
185,0.10810810810810811,20,5.379663780555674,0.9620117008024683,0.6876007882407759,501,all,1
132,0.11363636363636363,15,4.646173456637406,0.9319512342371377,0.6986437513297938,501,first_order,0
53,0.03773584905660377,2,2.1289021732023534,0.9043364964517479,0.8269170414611605,501,second_order,1
185,0.10270270270270271,19,6.107143258536974,0.8853426864066211,0.598109566984205,502,all,1
131,0.07633587786259542,10,4.929663571963915,0.9116781197708386,0.6545437460280915,502,first_order,1
54,0.1111111111111111,6,5.6157714726161645,0.9858716597850061,0.7481798417380454,502,second_order,0
186,0.13978494623655913,26,6.107143258536974,0.961533366656067,0.6622077125779121,503,all,0
132,0.11363636363636363,15,6.107143258536974,0.9068604303634359,0.6380060602227469,503,first_order,0
54,0.05555555555555555,3,3.863592381570207,0.8854754745198304,0.8640555831850345,503,second_order,0
186,0.10215053763440861,19,7.402504941276007,0.9248777306593914,0.6557152460630524,504,all,0
132,0.08333333333333333,11,4.824738588056284,0.8065352751215024,0.5616399760096137,504,first_order,0
54,0.14814814814814814,8,4.255759867545777,0.994478154044964,0.7865975495272329,504,second_order,0
184,0.10326086956521739,19,7.402504941276007,0.9324147198835842,0.624071414980438,505,all,2
132,0.12878787878787878,17,4.824738588056284,0.9676911862260539,0.7320920698074647,505,first_order,0
54,0.05555555555555555,3,6.107143258536974,0.8827927307169571,0.678262510970606,505,second_order,0
184,0.09782608695652174,18,5.185106371957386,0.8074125071330629,0.5734979990473371,506,all,2
132,0.11363636363636363,15,7.402504941276007,0.9240683223749778,0.6575332397700003,506,first_order,0
53,0.1509433962264151,8,4.318129007165164,0.9050724537126474,0.6176893513103209,506,second_order,1
185,0.07567567567567568,14,6.691101557193222,0.8526051049516817,0.6234294533997362,507,all,1
132,0.12878787878787878,17,5.293386789610306,0.9737387209367695,0.6840567375931543,507,first_order,0
54,0.14814814814814814,8,5.6157714726161645,1.0559136292930535,0.8175774101148683,507,second_order,0
186,0.10215053763440861,19,5.293386789610306,0.9017999701305449,0.7285455961449788,508,all,0
132,0.09090909090909091,12,5.263562138717859,0.9566272083955795,0.7606685632860027,508,first_order,0
53,0.09433962264150944,5,5.263562138717859,0.8867600362250934,0.7312036978819871,508,second_order,1
184,0.11956521739130435,22,5.799280119074019,0.9560340527501393,0.7320920698074647,509,all,2
132,0.09090909090909091,12,6.691101557193222,0.9420206835300761,0.6910616839309587,509,first_order,0
54,0.09259259259259259,5,2.6765087628827327,0.9011892559552614,0.8512592476393492,509,second_order,0
185,0.0972972972972973,18,7.402504941276007,0.8895217689555275,0.596394467030322,510,all,1
132,0.13636363636363635,18,5.379663780555674,0.9532899502464799,0.660835501360897,510,first_order,0
54,0.12962962962962962,7,5.6157714726161645,1.0483295472611625,0.8130979907330464,510,second_order,0
185,0.12972972972972974,24,5.379663780555674,0.9199999541904662,0.6333560007461502,511,all,1
132,0.09090909090909091,12,5.185106371957386,0.8863860125347105,0.617254148306902,511,first_order,0
54,0.12962962962962962,7,2.6765087628827327,0.9570093791172385,0.7725152876995065,511,second_order,0
186,0.0967741935483871,18,5.379663780555674,0.8236869199845955,0.5613714045871101,512,all,0
132,0.11363636363636363,15,4.840509145429005,0.9241346585584428,0.6664182549432681,512,first_order,0
54,0.05555555555555555,3,2.6812454117980167,0.7437575243643133,0.5952421913142703,512,second_order,0
186,0.10752688172043011,20,4.824738588056284,0.9263701809975986,0.6524810421934318,513,all,0
132,0.09848484848484848,13,3.8037556900222493,0.8677703734607094,0.7102050370145561,513,first_order,0
54,0.09259259259259259,5,5.263562138717859,0.8197573828803321,0.5062881329264106,513,second_order,0
185,0.0918918918918919,17,5.293386789610306,0.8893112514423261,0.6545437460280915,514,all,1
132,0.09090909090909091,12,4.751979074252413,0.841520970847892,0.6081183789585258,514,first_order,0
54,0.05555555555555555,3,3.928708631946251,0.8243431816476235,0.6334069393744527,514,second_order,0
184,0.11413043478260869,21,5.379663780555674,0.9228856391004345,0.6840168909664552,515,all,2
131,0.09923664122137404,13,7.402504941276007,0.9055100993619298,0.689820711327864,515,first_order,1
54,0.07407407407407407,4,3.0203453616877467,0.7590939431918198,0.6544009104264492,515,second_order,0
186,0.10752688172043011,20,6.691101557193222,0.9129813492294871,0.6619109826361259,516,all,0
132,0.09090909090909091,12,6.691101557193222,0.9597623464191163,0.7320920698074647,516,first_order,0
53,0.11320754716981132,6,3.31680671442054,0.938136977729062,0.6674675559601679,516,second_order,1
186,0.12365591397849462,23,4.646173456637406,0.9879830769562715,0.8184166928544989,517,all,0
131,0.0916030534351145,12,5.379663780555674,0.8467232735527579,0.5762191535378366,517,first_order,1
54,0.09259259259259259,5,2.701013147093827,0.9134084850977402,0.6788692550313289,517,second_order,0
186,0.11290322580645161,21,4.255759867545777,0.952122068268321,0.7652582607763314,518,all,0
132,0.12121212121212122,16,4.318129007165164,0.9191723231145594,0.7045110399020545,518,first_order,0
54,0.12962962962962962,7,4.255759867545777,0.9148117870444908,0.6039405757893064,518,second_order,0
186,0.11290322580645161,21,6.691101557193222,0.9446384195805807,0.6571105197212028,519,all,0
131,0.0916030534351145,12,5.799280119074019,1.005175494570944,0.7271535680304384,519,first_order,1
52,0.057692307692307696,3,3.28939812699989,0.8070583848301749,0.6156459139522086,519,second_order,2
184,0.08152173913043478,15,5.293386789610306,0.8093745617781324,0.5430416902691759,520,all,2
132,0.08333333333333333,11,6.107143258536974,0.8736216357895555,0.6628641186893234,520,first_order,0
54,0.09259259259259259,5,3.863592381570207,0.8769145931349528,0.6151119427673156,520,second_order,0
186,0.0967741935483871,18,4.824738588056284,0.8565635336737359,0.6625816941207917,521,all,0
132,0.13636363636363635,18,6.107143258536974,0.9779486049263231,0.6860402730071415,521,first_order,0
54,0.07407407407407407,4,3.31680671442054,0.7504981375486692,0.583504588309493,521,second_order,0
186,0.0967741935483871,18,6.691101557193222,0.8831136608440903,0.6113745120007881,522,all,0
130,0.1076923076923077,14,6.691101557193222,0.9489663087040379,0.7363650069017941,522,first_order,2
54,0.12962962962962962,7,3.6769103605760836,0.9415432156017147,0.7452344337431593,522,second_order,0
185,0.08648648648648649,16,6.691101557193222,0.8803233471021951,0.6545437460280915,523,all,1
132,0.10606060606060606,14,5.379663780555674,0.9741119828977411,0.7606685632860027,523,first_order,0
54,0.07407407407407407,4,3.1110512172487033,0.7843276218406448,0.6212777339139316,523,second_order,0
186,0.10752688172043011,20,6.691101557193222,0.9498277734530076,0.6986437513297938,524,all,0
132,0.12878787878787878,17,5.263562138717859,0.9933046741621724,0.748787769948273,524,first_order,0
54,0.14814814814814814,8,4.824738588056284,0.9952985584846155,0.8693753844211998,524,second_order,0
185,0.0972972972972973,18,6.107143258536974,0.8969613949049344,0.6674675559601679,525,all,1
132,0.07575757575757576,10,3.928708631946251,0.8478822859302921,0.6636135220626285,525,first_order,0
54,0.1111111111111111,6,2.632020741636344,0.7620097747705938,0.5896318137146572,525,second_order,0
186,0.11827956989247312,22,6.107143258536974,0.9353220982582445,0.663317182018577,526,all,0
132,0.13636363636363635,18,6.107143258536974,1.0568195345953206,0.6974267140746444,526,first_order,0
54,0.07407407407407407,4,5.379663780555674,0.9203041079126413,0.6022816432557482,526,second_order,0
186,0.11827956989247312,22,5.293386789610306,0.9060267411077432,0.673884891448889,527,all,0
132,0.14393939393939395,19,6.107143258536974,1.0680210817591171,0.7273070659163025,527,first_order,0
54,0.12962962962962962,7,6.107143258536974,0.9566123660047583,0.6530391961952349,527,second_order,0
184,0.10326086956521739,19,7.402504941276007,0.9864419086634022,0.7178845447094602,528,all,2
132,0.12121212121212122,16,5.379663780555674,0.9431954400697063,0.6302964399186914,528,first_order,0
54,0.09259259259259259,5,6.691101557193222,0.9729861562987192,0.60210617586635,528,second_order,0
185,0.0972972972972973,18,6.691101557193222,0.90309584739521,0.596394467030322,529,all,1
132,0.10606060606060606,14,6.691101557193222,0.9231743457136928,0.636573128306662,529,first_order,0
54,0.07407407407407407,4,4.824738588056284,0.8123408787564712,0.5059790384509562,529,second_order,0
186,0.12365591397849462,23,5.293386789610306,0.907044778613871,0.6189049725827328,530,all,0
132,0.10606060606060606,14,5.293386789610306,0.9988799520778234,0.6529903326190593,530,first_order,0
54,0.07407407407407407,4,2.917556643828069,0.8616006696754843,0.6348501637104649,530,second_order,0
185,0.11891891891891893,22,5.799280119074019,0.9479284629040599,0.7056307853548347,531,all,1
132,0.09848484848484848,13,3.928708631946251,0.8709518815747909,0.6914105448245058,531,first_order,0
54,0.16666666666666666,9,3.7071232480487804,0.9336642472915831,0.5272023007544053,531,second_order,0
185,0.07567567567567568,14,4.255759867545777,0.8689278957057839,0.7381825435162233,532,all,1
132,0.10606060606060606,14,5.799280119074019,0.9339998530806604,0.6972527911147031,532,first_order,0
54,0.09259259259259259,5,5.185106371957386,0.9839246317938505,0.6985119625713186,532,second_order,0
185,0.0972972972972973,18,5.185106371957386,0.877255874266141,0.6246219015352161,533,all,1
131,0.09923664122137404,13,6.691101557193222,0.923526701715406,0.6605227335119092,533,first_order,1
53,0.07547169811320754,4,5.6157714726161645,0.9255609208146451,0.7379473014182562,533,second_order,1
186,0.08602150537634409,16,4.646173456637406,0.8445753149598481,0.6259214474287076,534,all,0
132,0.10606060606060606,14,7.402504941276007,0.9296511455776669,0.5725058125657743,534,first_order,0
54,0.12962962962962962,7,2.6765087628827327,0.9095670197455468,0.62095032190874,534,second_order,0
184,0.06521739130434782,12,5.263562138717859,0.821647700178135,0.6736914156761787,535,all,2
132,0.09090909090909091,12,5.164087683548203,0.8914310398305472,0.7029808169414911,535,first_order,0
54,0.14814814814814814,8,5.185106371957386,1.0853154985473292,0.8053047633025185,535,second_order,0
185,0.08108108108108109,15,6.691101557193222,0.8585290104391419,0.5864071903269055,536,all,1
132,0.06818181818181818,9,5.799280119074019,0.7681319925117306,0.5789040780087203,536,first_order,0
53,0.09433962264150944,5,4.840509145429005,0.8382074554069503,0.6226879421683509,536,second_order,1
186,0.08602150537634409,16,6.107143258536974,0.8845867962508944,0.672305061463186,537,all,0
132,0.08333333333333333,11,5.293386789610306,0.8418206987574489,0.6216484895296243,537,first_order,0
54,0.05555555555555555,3,3.6769103605760836,0.8422767222918004,0.7212017893174019,537,second_order,0
185,0.0918918918918919,17,5.799280119074019,0.9046404489880346,0.7042871243384402,538,all,1
132,0.12121212121212122,16,7.402504941276007,0.9340253777486579,0.6633659205244951,538,first_order,0
54,0.1111111111111111,6,5.185106371957386,0.9648309932068883,0.7253691869640609,538,second_order,0
185,0.0918918918918919,17,7.402504941276007,0.8637738316427999,0.54553663944886,539,all,1
132,0.06818181818181818,9,6.107143258536974,0.8945742429770156,0.6637834722745322,539,first_order,0
54,0.07407407407407407,4,4.824738588056284,0.8544057590284753,0.6914105448245058,539,second_order,0
185,0.10270270270270271,19,4.456760860548637,0.8954890635737427,0.6491245274385845,540,all,1
132,0.13636363636363635,18,5.799280119074019,0.9916083907453799,0.6751000953413677,540,first_order,0
54,0.09259259259259259,5,4.824738588056284,0.9628694156787558,0.6958971113800563,540,second_order,0
186,0.0967741935483871,18,5.293386789610306,0.8719194784759116,0.6183432354814977,541,all,0
131,0.1297709923664122,17,5.379663780555674,0.9854039603087807,0.7451364526813546,541,first_order,1
54,0.037037037037037035,2,2.4607286684518708,0.8311829458675218,0.6878182807161428,541,second_order,0
185,0.11891891891891893,22,4.318129007165164,0.9013153037455451,0.6845379018635227,542,all,1
132,0.08333333333333333,11,7.402504941276007,0.8907479040541003,0.6819997993302374,542,first_order,0
54,0.07407407407407407,4,2.470560470967866,0.7689729592571642,0.5157992065915403,542,second_order,0
186,0.0967741935483871,18,4.929663571963915,0.9124832722683123,0.6945633327121112,543,all,0
132,0.09090909090909091,12,5.293386789610306,0.9510019255728407,0.7373310509685012,543,first_order,0
53,0.11320754716981132,6,5.164087683548203,0.970771032900643,0.7564652296667689,543,second_order,1
186,0.0913978494623656,17,5.799280119074019,0.9111483283662776,0.7909500237629989,544,all,0
132,0.06060606060606061,8,7.402504941276007,0.8100018883344553,0.5245655750955006,544,first_order,0
54,0.12962962962962962,7,6.107143258536974,1.1741961275434751,0.9076816594788086,544,second_order,0
185,0.0972972972972973,18,5.263562138717859,0.8979472822192501,0.7451364526813546,545,all,1
132,0.06818181818181818,9,5.263562138717859,0.9082621459141498,0.8071246501002138,545,first_order,0
54,0.07407407407407407,4,3.863592381570207,0.8576047924418126,0.6248085191725592,545,second_order,0
185,0.11351351351351352,21,5.799280119074019,0.9093745613250097,0.659677293414314,546,all,1
131,0.0916030534351145,12,5.185106371957386,0.8605381413162895,0.5985474066067309,546,first_order,1
54,0.1111111111111111,6,4.840509145429005,1.0419664808921814,0.8155335533376649,546,second_order,0
186,0.12365591397849462,23,4.824738588056284,0.8938767080805865,0.6437280084335073,547,all,0
132,0.09090909090909091,12,4.840509145429005,0.8965565226469292,0.6640802022163184,547,first_order,0
54,0.14814814814814814,8,4.456760860548637,0.9966236229035988,0.7612017656454941,547,second_order,0
185,0.0972972972972973,18,5.379663780555674,0.8945865914539344,0.737788801052602,548,all,1
132,0.09848484848484848,13,5.185106371957386,0.9254163921114631,0.7467216405047468,548,first_order,0
53,0.07547169811320754,4,3.863592381570207,0.9668134947819295,0.8712477463241897,548,second_order,1
186,0.0967741935483871,18,5.293386789610306,0.8608073442953776,0.6357660657797939,549,all,0
132,0.11363636363636363,15,5.293386789610306,0.954543050302306,0.7647128308165276,549,first_order,0
54,0.12962962962962962,7,5.379663780555674,1.082871497773889,0.9610996329084738,549,second_order,0
186,0.10215053763440861,19,5.185106371957386,0.8456969414298638,0.6181697149335388,550,all,0
132,0.06060606060606061,8,5.185106371957386,0.8656976028957408,0.6305673620994254,550,first_order,0
54,0.07407407407407407,4,4.318129007165164,0.7852216966375024,0.6208961297868203,550,second_order,0
185,0.10270270270270271,19,5.185106371957386,0.917045523586236,0.6641446718579378,551,all,1
132,0.10606060606060606,14,5.379663780555674,0.8825139026178771,0.6860693450521493,551,first_order,0
54,0.07407407407407407,4,2.917556643828069,0.7996558618899887,0.6266864608351219,551,second_order,0
186,0.08064516129032258,15,7.402504941276007,0.9071719279665215,0.6366228141123604,552,all,0
130,0.13076923076923078,17,7.402504941276007,1.0746393358030475,0.8041948022265706,552,first_order,2
54,0.018518518518518517,1,2.226254193564805,0.8289791916832949,0.7347215549662719,552,second_order,0
185,0.10810810810810811,20,5.293386789610306,0.9140965256692704,0.6634222726911264,553,all,1
131,0.08396946564885496,11,5.799280119074019,0.9157238410086955,0.6491245274385845,553,first_order,1
53,0.09433962264150944,5,4.646173456637406,0.9980568525843021,0.9253984226027063,553,second_order,1
185,0.11891891891891893,22,6.691101557193222,0.924662389612057,0.6646406547296743,554,all,1
132,0.09090909090909091,12,5.185106371957386,0.9353236283551821,0.693891502203914,554,first_order,0
53,0.09433962264150944,5,4.318129007165164,0.8577711475270965,0.5806019862920806,554,second_order,1
185,0.10810810810810811,20,6.107143258536974,0.937385532938419,0.6667043106133478,555,all,1
132,0.10606060606060606,14,4.646173456637406,0.8766900914895602,0.5835742783959186,555,first_order,0
54,0.1111111111111111,6,4.318129007165164,1.04391300919057,0.8049643694889317,555,second_order,0
186,0.10215053763440861,19,5.263562138717859,0.9206907723765618,0.7482699548420597,556,all,0
131,0.09923664122137404,13,7.402504941276007,0.9628445583796299,0.7952499632605499,556,first_order,1
54,0.1111111111111111,6,4.456760860548637,0.9786292133070793,0.8565227538545377,556,second_order,0
184,0.09239130434782608,17,6.107143258536974,0.8530847702407294,0.5822706034166267,557,all,2
131,0.1297709923664122,17,5.293386789610306,0.9985154729123893,0.6623059646875202,557,first_order,1
54,0.1111111111111111,6,4.456760860548637,0.8505954491679842,0.5992100614825308,557,second_order,0
186,0.11290322580645161,21,7.402504941276007,0.9376332976529631,0.6893563177823907,558,all,0
132,0.12121212121212122,16,6.107143258536974,0.9747521690159544,0.7228515990324773,558,first_order,0
54,0.09259259259259259,5,3.863592381570207,0.9546010995826734,0.7514325622208695,558,second_order,0
185,0.11891891891891893,22,6.107143258536974,0.9655774912377753,0.6930003783211475,559,all,1
131,0.0916030534351145,12,7.402504941276007,0.9126397561492351,0.6240217291747396,559,first_order,1
53,0.07547169811320754,4,4.318129007165164,0.9062832487162047,0.7642696760389518,559,second_order,1
185,0.10270270270270271,19,5.379663780555674,0.8885330900668179,0.6545437460280915,560,all,1
132,0.09848484848484848,13,3.62448141830845,0.821344121015642,0.6235442594908557,560,first_order,0
54,0.12962962962962962,7,5.6157714726161645,0.9243677590691428,0.6760027289118453,560,second_order,0
184,0.08695652173913043,16,7.402504941276007,0.9006908855173009,0.6919977225145614,561,all,2
132,0.10606060606060606,14,5.293386789610306,0.9267957583400177,0.6671075753904216,561,first_order,0
53,0.07547169811320754,4,3.28939812699989,0.868721907320227,0.7086155213884819,561,second_order,1
185,0.0972972972972973,18,4.646173456637406,0.8656701320747886,0.6491245274385845,562,all,1
131,0.061068702290076333,8,4.456760860548637,0.866477415153965,0.6779058123130243,562,first_order,1
53,0.07547169811320754,4,3.863592381570207,0.9030695274725331,0.737788801052602,562,second_order,1
186,0.0913978494623656,17,6.107143258536974,0.8833822505161878,0.6262003124939584,563,all,0
132,0.12878787878787878,17,5.799280119074019,0.9615690029974849,0.634946499395288,563,first_order,0
53,0.11320754716981132,6,2.701013147093827,0.860306251327864,0.7630433523513569,563,second_order,1
185,0.10270270270270271,19,5.293386789610306,0.8758337477586439,0.6426561196993434,564,all,1
131,0.07633587786259542,10,6.107143258536974,0.7789860239970211,0.5772061697253601,564,first_order,1
54,0.1111111111111111,6,6.691101557193222,1.1151345718604126,0.7369857803154152,564,second_order,0
185,0.0918918918918919,17,5.799280119074019,0.9032733823603704,0.6845379018635227,565,all,1
132,0.12878787878787878,17,6.691101557193222,0.9855169253224522,0.6919977225145614,565,first_order,0
54,0.037037037037037035,2,4.929663571963915,0.7365019647079615,0.5630693128704702,565,second_order,0
186,0.0967741935483871,18,7.402504941276007,0.9237601935608947,0.6726866841365962,566,all,0
132,0.06818181818181818,9,3.62448141830845,0.7951062694343196,0.672900922378454,566,first_order,0
53,0.07547169811320754,4,4.255759867545777,0.8467483588641284,0.5308921007292137,566,second_order,1
185,0.08108108108108109,15,5.293386789610306,0.8697853004461386,0.7312036978819871,567,all,1
132,0.11363636363636363,15,5.263562138717859,0.9007160725535633,0.6947297663589793,567,first_order,0
54,0.12962962962962962,7,4.526698006705169,0.9333673586665887,0.6218207926748655,567,second_order,0
184,0.10869565217391304,20,7.402504941276007,0.9501893565605555,0.6243715011606763,568,all,2
131,0.10687022900763359,14,6.107143258536974,0.9107484200316699,0.6782927638584447,568,first_order,1
54,0.12962962962962962,7,6.107143258536974,0.9830387719292628,0.6103304195261986,568,second_order,0
186,0.10752688172043011,20,4.526698006705169,0.8903483041334209,0.6654244912356428,569,all,0
131,0.1297709923664122,17,3.6769103605760836,0.9079229168081393,0.6782927638584447,569,first_order,1
54,0.12962962962962962,7,4.255759867545777,0.9039045380120959,0.678262510970606,569,second_order,0
186,0.07526881720430108,14,4.824738588056284,0.8451676503537142,0.6240256774674762,570,all,0
132,0.10606060606060606,14,5.164087683548203,0.9383503518253338,0.7389517163511197,570,first_order,0
54,0.09259259259259259,5,2.8714948985655466,0.8037417663435189,0.6187784384849166,570,second_order,0
186,0.10752688172043011,20,4.840509145429005,0.8642904004021699,0.5972520170072635,571,all,0
132,0.09848484848484848,13,5.263562138717859,0.9648728461162303,0.8207032078046421,571,first_order,0
53,0.07547169811320754,4,3.1110512172487033,0.8798023005081652,0.7642696760389518,571,second_order,1
185,0.10810810810810811,20,5.263562138717859,0.9083702480180449,0.6641446718579378,572,all,1
131,0.12213740458015267,16,7.402504941276007,0.9537127414128365,0.6674675559601679,572,first_order,1
54,0.12962962962962962,7,5.263562138717859,1.1354087216551414,0.9539950895116271,572,second_order,0
185,0.0918918918918919,17,5.263562138717859,0.8712727550226173,0.627220993322199,573,all,1
132,0.08333333333333333,11,3.928708631946251,0.7941641670411128,0.6248005762880424,573,first_order,0
54,0.09259259259259259,5,4.840509145429005,0.961048256322982,0.6986437513297938,573,second_order,0
186,0.10752688172043011,20,6.107143258536974,0.924393675900693,0.7291786329562128,574,all,0
132,0.09848484848484848,13,5.293386789610306,0.8886427728449611,0.6558243823022974,574,first_order,0
54,0.1111111111111111,6,2.8067513042925123,0.7302356118241299,0.5105970687343411,574,second_order,0
186,0.0967741935483871,18,6.691101557193222,0.8908294897338173,0.6831802300783476,575,all,0
132,0.09848484848484848,13,5.799280119074019,0.869501392635213,0.6203348099278785,575,first_order,0
54,0.07407407407407407,4,5.263562138717859,0.905414695292489,0.7616499996765037,575,second_order,0
186,0.08064516129032258,15,6.691101557193222,0.8683592265736269,0.6582687276677857,576,all,0
132,0.10606060606060606,14,5.185106371957386,0.8252447474848266,0.5789040780087203,576,first_order,0
54,0.16666666666666666,9,4.318129007165164,1.0870645413032827,0.8889430190700802,576,second_order,0
186,0.0967741935483871,18,6.691101557193222,0.8363566300685954,0.5574259937886489,577,all,0
132,0.08333333333333333,11,5.379663780555674,0.8049393476182688,0.6211238424566989,577,first_order,0
53,0.11320754716981132,6,5.263562138717859,1.0282644173286133,0.737788801052602,577,second_order,1
185,0.11351351351351352,21,5.379663780555674,0.8829288426753903,0.6176893513103209,578,all,1
132,0.07575757575757576,10,5.185106371957386,0.8396152291037332,0.6544009104264492,578,first_order,0
54,0.09259259259259259,5,2.6765087628827327,0.89740370475187,0.7603674528528603,578,second_order,0
185,0.08108108108108109,15,5.185106371957386,0.896496643650142,0.6641446718579378,579,all,1
132,0.12121212121212122,16,5.799280119074019,0.9704083307709263,0.6713219720272672,579,first_order,0
54,0.1111111111111111,6,4.255759867545777,1.0280556202959317,0.8229769611227361,579,second_order,0
185,0.11891891891891893,22,5.379663780555674,0.9821062510397078,0.7569106466976233,580,all,1
131,0.09923664122137404,13,5.185106371957386,0.9033553237064489,0.6491245274385845,580,first_order,1
54,0.14814814814814814,8,5.799280119074019,1.0518192288036572,0.623501030394551,580,second_order,0
185,0.08648648648648649,16,7.402504941276007,0.8683632992668898,0.6605227335119092,581,all,1
132,0.11363636363636363,15,5.379663780555674,0.9508112180764381,0.7391485875829303,581,first_order,0
54,0.1111111111111111,6,7.402504941276007,1.019891910966324,0.6256710470541678,581,second_order,0
185,0.10270270270270271,19,5.263562138717859,0.9424193146841338,0.7312036978819871,582,all,1
132,0.12121212121212122,16,5.799280119074019,0.9703794024895731,0.6939658183844616,582,first_order,0
54,0.1111111111111111,6,4.255759867545777,0.9008422574277234,0.6610177987898537,582,second_order,0
186,0.12903225806451613,24,5.293386789610306,1.013024035662473,0.7844004957123825,583,all,0
132,0.06818181818181818,9,3.6769103605760836,0.8282988989252486,0.6440837925706232,583,first_order,0
54,0.12962962962962962,7,5.263562138717859,0.9637636335424216,0.7406515597070518,583,second_order,0
185,0.07027027027027027,13,6.691101557193222,0.8556903064370722,0.6241211007861365,584,all,1
131,0.11450381679389313,15,7.402504941276007,0.9902951407502175,0.7003308485281473,584,first_order,1
54,0.09259259259259259,5,2.594204638299012,0.8251841370869787,0.6630691905827089,584,second_order,0
185,0.0972972972972973,18,5.293386789610306,0.9249978129401198,0.6277787234527006,585,all,1
132,0.10606060606060606,14,5.164087683548203,0.8913261093170275,0.6373444767385361,585,first_order,0
54,0.1111111111111111,6,6.107143258536974,0.915748259038252,0.6734413382874727,585,second_order,0
185,0.12972972972972974,24,5.164087683548203,0.9840950076351808,0.7511242903068642,586,all,1
132,0.07575757575757576,10,5.799280119074019,0.862108385994977,0.5853856376117088,586,first_order,0
54,0.09259259259259259,5,2.667247633129512,0.8409601125568098,0.6794807648237551,586,second_order,0
186,0.0913978494623656,17,5.263562138717859,0.8229261871766506,0.568391623515711,587,all,0
131,0.09923664122137404,13,5.263562138717859,0.8476886886791346,0.5899423870664772,587,first_order,1
54,0.09259259259259259,5,2.597125685326188,0.8645415048732419,0.6478848038609751,587,second_order,0
185,0.12972972972972974,24,5.379663780555674,0.9462467091293141,0.659677293414314,588,all,1
131,0.183206106870229,24,4.751979074252413,1.0002380105634678,0.7381825435162233,588,first_order,1
53,0.11320754716981132,6,5.6157714726161645,0.9958291264273164,0.8163238934425346,588,second_order,1
185,0.11891891891891893,22,5.379663780555674,0.9510911979116532,0.6876007882407759,589,all,1
132,0.11363636363636363,15,4.840509145429005,0.9580146022094416,0.6972527911147031,589,first_order,0
54,0.14814814814814814,8,3.928708631946251,1.039657887954568,0.9274135285732159,589,second_order,0
186,0.10752688172043011,20,6.107143258536974,0.9400208206191818,0.7420661247731373,590,all,0
132,0.11363636363636363,15,6.107143258536974,0.9756964827866111,0.676169459991143,590,first_order,0
54,0.1111111111111111,6,4.526698006705169,1.0371234745005196,0.8834640524579477,590,second_order,0
186,0.10752688172043011,20,7.402504941276007,0.8965210597462213,0.5917165023052324,591,all,0
132,0.09848484848484848,13,5.293386789610306,0.8790986556524226,0.6212200641284409,591,first_order,0
54,0.1111111111111111,6,7.402504941276007,1.0137254085638723,0.5539032869227007,591,second_order,0
186,0.10752688172043011,20,7.402504941276007,0.9694726113426833,0.6458903235689639,592,all,0
132,0.12121212121212122,16,7.402504941276007,0.9979128728500339,0.6212200641284409,592,first_order,0
53,0.018867924528301886,1,3.928708631946251,0.725598538454495,0.5099386926939553,592,second_order,1
185,0.07027027027027027,13,5.293386789610306,0.8618815526407618,0.6176893513103209,593,all,1
132,0.13636363636363635,18,6.691101557193222,1.046107204087097,0.6627079909993032,593,first_order,0
54,0.14814814814814814,8,3.28939812699989,1.0131529744239942,0.8817273286464198,593,second_order,0
185,0.0972972972972973,18,6.107143258536974,0.9678400592157644,0.7086155213884819,594,all,1
132,0.09090909090909091,12,6.107143258536974,0.8624897544645176,0.6187784384849166,594,first_order,0
54,0.07407407407407407,4,2.701013147093827,0.8707898520666287,0.6423219171490229,594,second_order,0
185,0.0972972972972973,18,5.185106371957386,0.8329744284977085,0.598169278731021,595,all,1
131,0.11450381679389313,15,7.402504941276007,1.0481435452265788,0.7271535680304384,595,first_order,1
54,0.07407407407407407,4,5.164087683548203,0.9433074836554094,0.7118917739095021,595,second_order,0
186,0.08602150537634409,16,7.402504941276007,0.8726868916648325,0.6083877387470259,596,all,0
130,0.11538461538461539,15,5.185106371957386,0.943576185491061,0.6811277759926536,596,first_order,2
54,0.09259259259259259,5,6.107143258536974,0.8864002196162424,0.5818372505714904,596,second_order,0
185,0.10270270270270271,19,5.263562138717859,0.9594296174256524,0.7630433523513569,597,all,1
132,0.10606060606060606,14,6.691101557193222,0.8298614646720668,0.5258227671870609,597,first_order,0
54,0.09259259259259259,5,3.0203453616877467,0.844245446550597,0.625412469590259,597,second_order,0
186,0.08064516129032258,15,4.840509145429005,0.881260536187776,0.6622077125779121,598,all,0
131,0.0916030534351145,12,7.402504941276007,0.9124779485331577,0.6779058123130243,598,first_order,1
54,0.1111111111111111,6,4.255759867545777,1.0329467684982092,0.9190719122805404,598,second_order,0
186,0.08064516129032258,15,3.928708631946251,0.8136602444573809,0.6274998583874498,599,all,0
131,0.0916030534351145,12,5.379663780555674,0.8804214862275712,0.6876007882407759,599,first_order,1
54,0.12962962962962962,7,4.840509145429005,1.0363583887111716,0.8893264884966415,599,second_order,0
186,0.10215053763440861,19,5.379663780555674,0.9352647596720688,0.6754817180147779,600,all,0
132,0.07575757575757576,10,4.646173456637406,0.8688811024205901,0.7019728582615015,600,first_order,0
54,0.05555555555555555,3,4.182276018096301,0.8550647995212974,0.7511084887286039,600,second_order,0
186,0.0913978494623656,17,7.402504941276007,0.8764447105776111,0.6181697149335388,601,all,0
132,0.16666666666666666,22,7.402504941276007,1.0783485411262232,0.7320920698074647,601,first_order,0
54,0.1111111111111111,6,5.263562138717859,1.0324290871069481,0.7726746923963332,601,second_order,0
185,0.10270270270270271,19,6.107143258536974,0.9326379449920459,0.6674675559601679,602,all,1
132,0.11363636363636363,15,5.263562138717859,0.9174406767660107,0.7291786329562128,602,first_order,0
54,0.07407407407407407,4,2.616648797139487,0.882157328412192,0.7259352321398638,602,second_order,0
185,0.0972972972972973,18,6.691101557193222,0.9389578754179212,0.6246219015352161,603,all,1
132,0.12878787878787878,17,5.164087683548203,0.9367445681155325,0.6741183454776263,603,first_order,0
54,0.09259259259259259,5,3.1110512172487033,0.9767115055868835,0.7860133485526285,603,second_order,0
184,0.07608695652173914,14,6.107143258536974,0.8539932679276497,0.6501048533120397,604,all,2
132,0.10606060606060606,14,6.691101557193222,1.0104833513176577,0.739282544092001,604,first_order,0
54,0.09259259259259259,5,5.185106371957386,0.9198285599380074,0.6670381473045857,604,second_order,0
186,0.11827956989247312,22,5.293386789610306,0.9523641069993183,0.6866411257685305,605,all,0
132,0.09848484848484848,13,5.799280119074019,0.8992386444042022,0.601772844791718,605,first_order,0
52,0.15384615384615385,8,2.594204638299012,1.058072393801517,0.9728895334266072,605,second_order,2
185,0.08648648648648649,16,6.691101557193222,0.9387633776325517,0.7003308485281473,606,all,1
131,0.09923664122137404,13,5.379663780555674,0.9690296059449618,0.744017617896637,606,first_order,1
54,0.07407407407407407,4,2.3208538053965904,0.8358650109009954,0.8093442934272445,606,second_order,0
186,0.13440860215053763,25,5.164087683548203,0.9284732773089176,0.6189049725827328,607,all,0
132,0.08333333333333333,11,6.691101557193222,0.9404911610072042,0.6232009442143127,607,first_order,0
53,0.07547169811320754,4,4.646173456637406,0.8873350134195073,0.7642696760389518,607,second_order,1
185,0.0972972972972973,18,5.263562138717859,0.862960079552399,0.6491245274385845,608,all,1
132,0.09848484848484848,13,5.164087683548203,0.93811197528248,0.7480295419081231,608,first_order,0
54,0.05555555555555555,3,2.8714948985655466,0.7844649118221217,0.5452627123992206,608,second_order,0
185,0.0918918918918919,17,5.185106371957386,0.8643566844916615,0.6272368790912327,609,all,1
132,0.09848484848484848,13,6.691101557193222,0.9119462630127178,0.7102050370145561,609,first_order,0
54,0.16666666666666666,9,5.6157714726161645,1.1376271371909104,0.75762770356311,609,second_order,0
186,0.06451612903225806,12,4.824738588056284,0.8795513089917019,0.6855483341550819,610,all,0
132,0.08333333333333333,11,5.379663780555674,0.856650269441965,0.5625283066082194,610,first_order,0
54,0.1111111111111111,6,4.526698006705169,0.847425825372664,0.5874476281711033,610,second_order,0
186,0.10215053763440861,19,5.799280119074019,0.8631007157937639,0.6866582956986259,611,all,0
132,0.10606060606060606,14,5.379663780555674,0.8892147995391083,0.5728828927867204,611,first_order,0
54,0.05555555555555555,3,5.293386789610306,0.8547970318418523,0.6555274509411546,611,second_order,0
186,0.08602150537634409,16,7.402504941276007,0.8956641478675602,0.6728801599093064,612,all,0
132,0.09090909090909091,12,6.107143258536974,0.9277947474151577,0.7356591647658123,612,first_order,0
53,0.09433962264150944,5,3.1110512172487033,0.8632727045385951,0.6426561196993434,612,second_order,1
186,0.08602150537634409,16,5.799280119074019,0.8560270874976798,0.6248085191725592,613,all,0
132,0.06818181818181818,9,5.379663780555674,0.8129702036403248,0.5485577996930633,613,first_order,0
54,0.1111111111111111,6,4.255759867545777,0.9380988729162664,0.8296271419713667,613,second_order,0
185,0.08108108108108109,15,7.402504941276007,0.8820621410564691,0.6277787234527006,614,all,1
132,0.11363636363636363,15,4.751979074252413,0.888119693457083,0.663225318272729,614,first_order,0
54,0.12962962962962962,7,5.263562138717859,0.9987002213222629,0.7019728582615015,614,second_order,0
186,0.0913978494623656,17,7.402504941276007,0.8676653011318941,0.598139422857613,615,all,0
131,0.04580152671755725,6,5.799280119074019,0.8391492358094352,0.6930003783211475,615,first_order,1
54,0.05555555555555555,3,3.928708631946251,0.8007890014989756,0.5982977919381929,615,second_order,0
186,0.0967741935483871,18,6.107143258536974,0.9027950023769461,0.6814153328609838,616,all,0
130,0.07692307692307693,10,5.379663780555674,0.8695222195884462,0.6731136139380437,616,first_order,2
54,0.09259259259259259,5,3.8037556900222493,0.9501084964875233,0.7748828272886243,616,second_order,0
185,0.12432432432432433,23,5.799280119074019,0.9973349515847962,0.7329804417329422,617,all,1
132,0.11363636363636363,15,4.646173456637406,0.9444523454503669,0.7452344337431593,617,first_order,0
54,0.16666666666666666,9,5.379663780555674,1.1236241937197877,0.8012839291766234,617,second_order,0
184,0.10326086956521739,19,7.402504941276007,0.9820272897839634,0.6840567375931543,618,all,2
131,0.09923664122137404,13,4.456760860548637,0.9477937478961146,0.7569106466976233,618,first_order,1
54,0.09259259259259259,5,3.31680671442054,0.8413163096249213,0.6423430619707029,618,second_order,0
186,0.0913978494623656,17,5.293386789610306,0.879255275682984,0.6556309065295872,619,all,0
132,0.07575757575757576,10,4.526698006705169,0.8266163758054325,0.6087790407319382,619,first_order,0
54,0.1111111111111111,6,2.597125685326188,0.9171230475510197,0.8193087586401537,619,second_order,0
186,0.08064516129032258,15,6.691101557193222,0.8854543718921203,0.6240256774674762,620,all,0
131,0.08396946564885496,11,4.646173456637406,0.8847622387225954,0.6782927638584447,620,first_order,1
53,0.09433962264150944,5,4.646173456637406,0.9273182261996071,0.7952499632605499,620,second_order,1
185,0.11351351351351352,21,5.799280119074019,0.928381908301416,0.6667043106133478,621,all,1
130,0.13076923076923078,17,7.402504941276007,0.974684786634647,0.7345474702873649,621,first_order,2
54,0.14814814814814814,8,4.318129007165164,1.0834145733958174,0.9076816594788086,621,second_order,0
184,0.09239130434782608,17,7.402504941276007,0.8630312443640902,0.6107993660653785,622,all,2
132,0.10606060606060606,14,5.293386789610306,0.9396695776397499,0.6831802300783476,622,first_order,0
54,0.16666666666666666,9,7.402504941276007,0.9891386585427052,0.6994048519797909,622,second_order,0
186,0.12903225806451613,24,5.799280119074019,0.911132114698074,0.6412402640923673,623,all,0
132,0.08333333333333333,11,5.185106371957386,0.8564508245986375,0.660835501360897,623,first_order,0
54,0.09259259259259259,5,6.107143258536974,1.0388790894003064,0.7372895612479825,623,second_order,0
185,0.10810810810810811,20,5.379663780555674,0.8957952118672208,0.7512461701346108,624,all,1
131,0.10687022900763359,14,4.929663571963915,0.8487638238630151,0.6234294533997362,624,first_order,1
54,0.09259259259259259,5,2.8714948985655466,0.8564934345017499,0.7856627502356137,624,second_order,0
186,0.08064516129032258,15,6.691101557193222,0.8817371094976425,0.6196940051115534,625,all,0
132,0.12121212121212122,16,7.402504941276007,0.9324344916666055,0.7094022430613816,625,first_order,0
54,0.14814814814814814,8,6.691101557193222,1.0556282399456252,0.9046991088265997,625,second_order,0
185,0.0972972972972973,18,5.799280119074019,0.9166775085813634,0.6945225796211416,626,all,1
132,0.09848484848484848,13,4.824738588056284,0.8478819250002869,0.6076831759551069,626,first_order,0
53,0.11320754716981132,6,5.185106371957386,0.9595886685036064,0.8765507235535568,626,second_order,1
185,0.11351351351351352,21,4.824738588056284,0.9036098962529345,0.7381825435162233,627,all,1
132,0.10606060606060606,14,3.8037556900222493,0.8896904492759862,0.5747150191710233,627,first_order,0
54,0.1111111111111111,6,3.6769103605760836,0.9664483675156846,0.7379856722844127,627,second_order,0
185,0.11891891891891893,22,6.691101557193222,0.9347067761357892,0.6674675559601679,628,all,1
132,0.08333333333333333,11,4.840509145429005,0.8277543305578858,0.6654449143256471,628,first_order,0
53,0.09433962264150944,5,5.185106371957386,0.851285063166848,0.5843815978800456,628,second_order,1
186,0.0913978494623656,17,5.799280119074019,0.903993194150236,0.7353846213927722,629,all,0
132,0.10606060606060606,14,4.840509145429005,0.9099328430730967,0.6593007732389589,629,first_order,0
54,0.07407407407407407,4,6.107143258536974,0.9442894722002949,0.6425784536352444,629,second_order,0
185,0.10810810810810811,20,5.263562138717859,0.9078740707795147,0.6426561196993434,630,all,1
132,0.08333333333333333,11,4.840509145429005,0.8029151701062412,0.5438384938535412,630,first_order,0
54,0.12962962962962962,7,5.263562138717859,1.0954207137549787,0.760738170741095,630,second_order,0
185,0.12432432432432433,23,7.402504941276007,0.9815143055995792,0.7381825435162233,631,all,1
131,0.09923664122137404,13,6.107143258536974,0.9859156922206489,0.7401146316496374,631,first_order,1
53,0.07547169811320754,4,5.185106371957386,0.8650323900336059,0.6277787234527006,631,second_order,1
185,0.10270270270270271,19,5.263562138717859,0.9219689986229203,0.6945225796211416,632,all,1
132,0.09848484848484848,13,4.840509145429005,0.8616792444232743,0.6023937976523027,632,first_order,0
54,0.037037037037037035,2,6.107143258536974,0.9247475821886485,0.8012839291766234,632,second_order,0
185,0.0918918918918919,17,4.929663571963915,0.852092102876202,0.6834958800693878,633,all,1
131,0.08396946564885496,11,4.840509145429005,0.8443464761744754,0.596394467030322,633,first_order,1
54,0.12962962962962962,7,4.751979074252413,0.9535060153131285,0.656111344887996,633,second_order,0
186,0.11290322580645161,21,5.263562138717859,0.8933934911862024,0.5935996838829178,634,all,0
132,0.09848484848484848,13,5.164087683548203,0.8856888655130116,0.6584248553578058,634,first_order,0
53,0.11320754716981132,6,3.928708631946251,0.9265138627104287,0.6198675256595123,634,second_order,1
185,0.0972972972972973,18,5.185106371957386,0.8709305760436907,0.598169278731021,635,all,1
132,0.05303030303030303,7,4.255759867545777,0.7779737896114677,0.6238231245561064,635,first_order,0
54,0.07407407407407407,4,6.691101557193222,0.8418062062361541,0.5186055236706952,635,second_order,0
185,0.0972972972972973,18,5.185106371957386,0.9144795772894234,0.6667043106133478,636,all,1
132,0.07575757575757576,10,6.107143258536974,0.8588631761923324,0.62095032190874,636,first_order,0
54,0.07407407407407407,4,3.8037556900222493,0.8264730944185561,0.6092865209182667,636,second_order,0
185,0.11891891891891893,22,5.185106371957386,0.9525219374675741,0.6787596719159195,637,all,1
132,0.11363636363636363,15,5.799280119074019,0.9460042372131934,0.664392663293806,637,first_order,0
54,0.07407407407407407,4,3.863592381570207,0.8560934125349047,0.6081309963449171,637,second_order,0
185,0.0972972972972973,18,5.263562138717859,0.8680718623931158,0.5772061697253601,638,all,1
130,0.09230769230769231,12,5.263562138717859,0.955096320934187,0.7510292385457769,638,first_order,2
54,0.16666666666666666,9,5.799280119074019,1.0671129996719393,0.8683673767473903,638,second_order,0
186,0.0913978494623656,17,5.799280119074019,0.9271119367009272,0.665672482671511,639,all,0
131,0.11450381679389313,15,5.263562138717859,0.9470327005012548,0.7401146316496374,639,first_order,1
54,0.1111111111111111,6,2.632020741636344,0.8633191612034737,0.6090184021952667,639,second_order,0
186,0.11827956989247312,22,4.840509145429005,0.9144882844622607,0.6844638895340572,640,all,0
131,0.06870229007633588,9,5.293386789610306,0.8127444799765287,0.5339360727011387,640,first_order,1
54,0.1111111111111111,6,2.917556643828069,0.9571772952297275,0.7714314307014406,640,second_order,0
186,0.11290322580645161,21,5.379663780555674,0.9575372432286875,0.7068551306201508,641,all,0
131,0.06870229007633588,9,6.107143258536974,0.9413463721555559,0.7271535680304384,641,first_order,1
54,0.07407407407407407,4,5.185106371957386,0.9446893878865632,0.7450984601908976,641,second_order,0
185,0.08108108108108109,15,6.107143258536974,0.8581187423315807,0.6223801592538857,642,all,1
131,0.09923664122137404,13,7.402504941276007,0.9415440446212685,0.7381825435162233,642,first_order,1
53,0.03773584905660377,2,4.751979074252413,0.8878159605667879,0.7361827595782283,642,second_order,1
186,0.10752688172043011,20,5.799280119074019,0.8777281274457541,0.6256213612484693,643,all,0
132,0.09848484848484848,13,5.379663780555674,0.8868349772647268,0.561120459475293,643,first_order,0
54,0.07407407407407407,4,5.6157714726161645,1.0642257650727247,0.8786881062860523,643,second_order,0
185,0.0972972972972973,18,5.379663780555674,0.8537691718988437,0.6491245274385845,644,all,1
132,0.11363636363636363,15,4.318129007165164,0.8284101926850335,0.5368958741332909,644,first_order,0
54,0.16666666666666666,9,5.6157714726161645,1.1220418084489119,0.7078541028679173,644,second_order,0
185,0.10270270270270271,19,4.840509145429005,0.9024491909975455,0.6646406547296743,645,all,1
131,0.09923664122137404,13,7.402504941276007,0.9835185367935348,0.659677293414314,645,first_order,1
54,0.09259259259259259,5,5.263562138717859,0.8979750068603918,0.7391998690825246,645,second_order,0
186,0.0913978494623656,17,5.263562138717859,0.854811818282822,0.6571105197212028,646,all,0
132,0.12121212121212122,16,4.646173456637406,0.919722840989714,0.6827533002769001,646,first_order,0
54,0.09259259259259259,5,4.318129007165164,0.8739684536559621,0.6334306983784408,646,second_order,0
186,0.08602150537634409,16,6.107143258536974,0.8296790735985455,0.6016144757111381,647,all,0
131,0.09923664122137404,13,5.799280119074019,0.9409423335245524,0.6277787234527006,647,first_order,1
54,0.09259259259259259,5,6.107143258536974,0.9427006695519337,0.6383876359184406,647,second_order,0
185,0.0918918918918919,17,6.107143258536974,0.9605362023461633,0.7511242903068642,648,all,1
131,0.10687022900763359,14,5.185106371957386,0.9060921682627668,0.627220993322199,648,first_order,1
54,0.16666666666666666,9,2.625491388708993,0.9044581357980975,0.6637221025293365,648,second_order,0
186,0.0967741935483871,18,5.799280119074019,0.9379321790180801,0.7017989353015601,649,all,0
130,0.09230769230769231,12,5.164087683548203,0.9163032436255497,0.7216515436426221,649,first_order,2
53,0.07547169811320754,4,2.917556643828069,0.836076259775259,0.6198675256595123,649,second_order,1
186,0.11827956989247312,22,5.379663780555674,0.9070755411529706,0.635217421576022,650,all,0
132,0.08333333333333333,11,6.691101557193222,0.917698062331055,0.6275078012719666,650,first_order,0
54,0.09259259259259259,5,5.799280119074019,0.9460975889046908,0.6201886467393358,650,second_order,0
185,0.11351351351351352,21,5.185106371957386,0.9882196613646765,0.76558268262571,651,all,1
132,0.12121212121212122,16,5.799280119074019,0.9163651756071635,0.6882466047452237,651,first_order,0
54,0.05555555555555555,3,5.263562138717859,0.837753959903793,0.706451322863461,651,second_order,0
185,0.0972972972972973,18,4.824738588056284,0.9319801160520267,0.737788801052602,652,all,1
132,0.09848484848484848,13,5.164087683548203,0.8692523339163546,0.659677293414314,652,first_order,0
54,0.16666666666666666,9,2.8067513042925123,0.8558232809666517,0.5717518494155016,652,second_order,0
186,0.07526881720430108,14,6.691101557193222,0.885739886969741,0.6402078130175515,653,all,0
131,0.11450381679389313,15,7.402504941276007,0.9054765643750179,0.6234294533997362,653,first_order,1
54,0.1111111111111111,6,6.107143258536974,0.8884907592558965,0.5028330796875614,653,second_order,0
185,0.0972972972972973,18,5.263562138717859,0.9200051147928597,0.7451364526813546,654,all,1
132,0.09090909090909091,12,6.107143258536974,0.9563249858848267,0.7212017893174019,654,first_order,0
53,0.11320754716981132,6,3.863592381570207,0.9201259470958784,0.7766160158891702,654,second_order,1
186,0.0967741935483871,18,4.526698006705169,0.8991990927714287,0.6185460793116274,655,all,0
132,0.09848484848484848,13,5.293386789610306,0.8013427073823524,0.5373466883001532,655,first_order,0
54,0.05555555555555555,3,3.1110512172487033,0.9130663611144985,0.8612587407790004,655,second_order,0
186,0.12903225806451613,24,5.293386789610306,0.9717654879519095,0.6945225796211416,656,all,0
132,0.09090909090909091,12,5.293386789610306,0.8965349930021765,0.7757155521192258,656,first_order,0
54,0.07407407407407407,4,4.318129007165164,0.8721155567425799,0.6236549218517835,656,second_order,0
185,0.10810810810810811,20,7.402504941276007,0.8960179027911642,0.6226879421683509,657,all,1
132,0.09090909090909091,12,6.691101557193222,0.8536486930194541,0.6214556810685437,657,first_order,0
54,0.09259259259259259,5,4.526698006705169,0.8924048237183299,0.6555274509411546,657,second_order,0
184,0.09782608695652174,18,5.799280119074019,0.9337295904695336,0.6211238424566989,658,all,2
132,0.12878787878787878,17,4.824738588056284,0.9844117316714522,0.7563231853223353,658,first_order,0
54,0.12962962962962962,7,5.263562138717859,1.0611949315568237,0.9491175810973337,658,second_order,0
186,0.08064516129032258,15,5.185106371957386,0.924615390629972,0.7354638715755992,659,all,0
131,0.0916030534351145,12,5.799280119074019,0.8797954129564863,0.659677293414314,659,first_order,1
54,0.09259259259259259,5,4.318129007165164,0.7959611935964515,0.48161680814434893,659,second_order,0
185,0.11351351351351352,21,6.107143258536974,0.9002974240202968,0.6876007882407759,660,all,1
130,0.09230769230769231,12,4.526698006705169,0.8263944348097119,0.659677293414314,660,first_order,2
54,0.1111111111111111,6,6.107143258536974,0.9357712409058099,0.5829438979359428,660,second_order,0
184,0.08695652173913043,16,5.799280119074019,0.8229281469041527,0.617254148306902,661,all,2
132,0.05303030303030303,7,4.751979074252413,0.8542037823825233,0.7115575107857247,661,first_order,0
54,0.09259259259259259,5,2.6807289449508125,0.8186560715680347,0.5949514712250837,661,second_order,0
186,0.12365591397849462,23,6.107143258536974,1.0186167486075466,0.7456804008921241,662,all,0
131,0.04580152671755725,6,5.263562138717859,0.8013277860610195,0.596394467030322,662,first_order,1
54,0.05555555555555555,3,5.263562138717859,0.9354560360758443,0.843410904031124,662,second_order,0
185,0.0972972972972973,18,6.691101557193222,0.8835775177593544,0.598169278731021,663,all,1
132,0.09848484848484848,13,4.318129007165164,0.8645990556691093,0.630642059731716,663,first_order,0
54,0.07407407407407407,4,4.255759867545777,0.8129082005037407,0.5795146204428976,663,second_order,0
185,0.0972972972972973,18,6.691101557193222,0.8711125014982224,0.598169278731021,664,all,1
132,0.13636363636363635,18,5.799280119074019,0.9966561085032177,0.7702046668605782,664,first_order,0
54,0.07407407407407407,4,3.8037556900222493,0.8201120560588929,0.5853856376117088,664,second_order,0
186,0.0913978494623656,17,6.107143258536974,0.8819488078267252,0.6654244912356428,665,all,0
132,0.10606060606060606,14,3.7071232480487804,0.7696033976605108,0.5516921008032898,665,first_order,0
54,0.12962962962962962,7,2.667247633129512,1.0145266006954798,0.8126866021913972,665,second_order,0
185,0.11351351351351352,21,6.107143258536974,0.9061203716472008,0.616818945303483,666,all,1
131,0.09923664122137404,13,5.799280119074019,0.9007149870441182,0.7379473014182562,666,first_order,1
54,0.14814814814814814,8,5.185106371957386,1.1698105848331448,0.919151114170399,666,second_order,0
185,0.0918918918918919,17,5.799280119074019,0.9424750733817006,0.7086155213884819,667,all,1
132,0.11363636363636363,15,7.402504941276007,0.8987489923695275,0.6384516254456425,667,first_order,0
54,0.07407407407407407,4,3.928708631946251,0.8394437467071495,0.6138446520223844,667,second_order,0
184,0.08152173913043478,15,5.263562138717859,0.9280109357893971,0.7420661247731373,668,all,2
132,0.09090909090909091,12,5.263562138717859,0.8123409469790827,0.6060924319380395,668,first_order,0
54,0.07407407407407407,4,5.379663780555674,0.900787593218974,0.6128116346560446,668,second_order,0
186,0.10215053763440861,19,6.107143258536974,0.8929634793843821,0.6256040884262184,669,all,0
131,0.09923664122137404,13,5.379663780555674,0.9861275604893659,0.7271535680304384,669,first_order,1
54,0.12962962962962962,7,3.0203453616877467,0.8567332873270783,0.6742877182881607,669,second_order,0
185,0.10810810810810811,20,6.691101557193222,0.9201017039350347,0.6834958800693878,670,all,1
131,0.09923664122137404,13,5.263562138717859,0.9503249458334042,0.6876007882407759,670,first_order,1
53,0.09433962264150944,5,2.6807289449508125,0.7887128280182815,0.6469102300243715,670,second_order,1
185,0.10270270270270271,19,7.402504941276007,1.0079579133146892,0.7511242903068642,671,all,1
131,0.12213740458015267,16,4.824738588056284,0.8791230364790481,0.6335053960107315,671,first_order,1
54,0.07407407407407407,4,6.107143258536974,0.777991702798043,0.5236776968428107,671,second_order,0
186,0.10752688172043011,20,7.402504941276007,0.9252652554752027,0.6910964683257322,672,all,0
132,0.11363636363636363,15,6.691101557193222,0.8438036119712451,0.6083877387470259,672,first_order,0
54,0.09259259259259259,5,5.263562138717859,0.9664587162376268,0.6812386986802403,672,second_order,0
185,0.10270270270270271,19,7.402504941276007,0.9624513247129135,0.7451364526813546,673,all,1
131,0.10687022900763359,14,5.379663780555674,0.862464327582474,0.5923173382165667,673,first_order,1
54,0.09259259259259259,5,3.1110512172487033,0.79967729038984,0.5758197120986774,673,second_order,0
186,0.10752688172043011,20,5.293386789610306,0.929310161256701,0.7336340998400379,674,all,0
131,0.1450381679389313,19,4.929663571963915,0.9861349206931268,0.6426561196993434,674,first_order,1
54,0.07407407407407407,4,5.185106371957386,0.7296534262162179,0.5042226000339207,674,second_order,0
185,0.07567567567567568,14,4.824738588056284,0.8598292334353101,0.6226879421683509,675,all,1
132,0.09848484848484848,13,4.824738588056284,0.8319863529364927,0.6333389244370415,675,first_order,0
54,0.1111111111111111,6,2.8714948985655466,0.884980919862443,0.6979042554512109,675,second_order,0
186,0.10215053763440861,19,6.691101557193222,0.9005832155230555,0.7457938511355182,676,all,0
131,0.0916030534351145,12,5.379663780555674,0.9077202079403215,0.659677293414314,676,first_order,1
54,0.09259259259259259,5,5.164087683548203,0.8809180245338574,0.6631781895336488,676,second_order,0
184,0.09239130434782608,17,7.402504941276007,0.881613919418526,0.6845126280399751,677,all,2
132,0.12121212121212122,16,6.691101557193222,0.9874300559276507,0.7045110399020545,677,first_order,0
54,0.037037037037037035,2,4.456760860548637,0.8428621529970213,0.6959458498859743,677,second_order,0
186,0.07526881720430108,14,6.107143258536974,0.8011200918312366,0.5858588263429894,678,all,0
132,0.13636363636363635,18,6.691101557193222,0.9596779595950867,0.6582687276677857,678,first_order,0
54,0.12962962962962962,7,5.6157714726161645,1.0402045067242085,0.8803230142244951,678,second_order,0
185,0.10810810810810811,20,4.840509145429005,0.9061788984969525,0.7086155213884819,679,all,1
132,0.09848484848484848,13,4.929663571963915,0.8984167924924412,0.6216484895296243,679,first_order,0
54,0.09259259259259259,5,2.8714948985655466,0.8524450573977532,0.5345689862092096,679,second_order,0
186,0.12365591397849462,23,7.402504941276007,0.9474230089676318,0.7017989353015601,680,all,0
132,0.14393939393939395,19,7.402504941276007,1.081830256097244,0.7389517163511197,680,first_order,0
54,0.12962962962962962,7,5.263562138717859,0.9887883380722398,0.7190598247903747,680,second_order,0
184,0.08695652173913043,16,5.379663780555674,0.9170528753088851,0.6670859332867578,681,all,2
132,0.08333333333333333,11,7.402504941276007,0.9484177083858351,0.6890092298452647,681,first_order,0
53,0.1509433962264151,8,4.840509145429005,1.0666411567618272,0.7952499632605499,681,second_order,1
186,0.11827956989247312,22,5.293386789610306,0.9711806436230846,0.7000766824879882,682,all,0
132,0.09848484848484848,13,5.379663780555674,0.9408392520064093,0.7157203461844392,682,first_order,0
54,0.07407407407407407,4,5.6157714726161645,0.9694490345327407,0.8221819911708923,682,second_order,0
185,0.08108108108108109,15,7.402504941276007,0.91256560513549,0.6426561196993434,683,all,1
132,0.08333333333333333,11,4.456760860548637,0.7844317628233863,0.5352443754074956,683,first_order,0
54,0.1111111111111111,6,3.31680671442054,0.9381400677103713,0.8226777121784634,683,second_order,0
184,0.09239130434782608,17,5.379663780555674,0.8885409948722248,0.6174252081709621,684,all,2
131,0.0916030534351145,12,5.164087683548203,0.855364428377402,0.6176893513103209,684,first_order,1
53,0.0,0,1.9081569923541193,0.7696075655229242,0.6195204845635944,684,second_order,1
184,0.10869565217391304,20,7.402504941276007,0.9278621813761443,0.6275078012719666,685,all,2
132,0.12121212121212122,16,4.824738588056284,0.9838502429473966,0.8477597022637464,685,first_order,0
54,0.12962962962962962,7,3.863592381570207,0.9418668181734905,0.675907210317672,685,second_order,0
186,0.0967741935483871,18,7.402504941276007,0.9203442333878131,0.6240256774674762,686,all,0
132,0.10606060606060606,14,5.379663780555674,0.9363720767937171,0.6862141959670829,686,first_order,0
54,0.05555555555555555,3,3.62448141830845,0.8070495610399347,0.5776870578850342,686,second_order,0
185,0.11891891891891893,22,5.263562138717859,0.9486875847970849,0.7466839834638372,687,all,1
130,0.12307692307692308,16,5.379663780555674,1.0307653971621427,0.7482699548420597,687,first_order,2
54,0.05555555555555555,3,5.263562138717859,0.8119319338322724,0.5007670379154028,687,second_order,0
185,0.0972972972972973,18,7.402504941276007,0.9695292550610989,0.7511242903068642,688,all,1
131,0.0916030534351145,12,5.799280119074019,0.8252808523954005,0.5444659088148553,688,first_order,1
54,0.1111111111111111,6,5.185106371957386,0.9234934325500079,0.630642059731716,688,second_order,0
186,0.0913978494623656,17,7.402504941276007,0.8780782858755782,0.6196940051115534,689,all,0
132,0.10606060606060606,14,7.402504941276007,0.9556424566590568,0.6256213612484693,689,first_order,0
54,0.07407407407407407,4,5.185106371957386,0.9593655123667907,0.7316681638043334,689,second_order,0
185,0.10810810810810811,20,7.402504941276007,0.9680555410001362,0.6646406547296743,690,all,1
132,0.12121212121212122,16,5.293386789610306,0.9323374449929647,0.7061497335858322,690,first_order,0
54,0.09259259259259259,5,3.1110512172487033,0.8639446377694976,0.6004924071488819,690,second_order,0
186,0.11290322580645161,21,5.379663780555674,0.8753853844273013,0.6023250956776128,691,all,0
131,0.0916030534351145,12,6.107143258536974,0.8814370479548703,0.5772061697253601,691,first_order,1
54,0.05555555555555555,3,5.263562138717859,0.7682667646583261,0.6368732144869003,691,second_order,0
185,0.10270270270270271,19,5.379663780555674,0.94521871885455,0.6930003783211475,692,all,1
131,0.09923664122137404,13,4.824738588056284,0.8728605181484451,0.7312036978819871,692,first_order,1
52,0.1346153846153846,7,4.255759867545777,0.9939756259374772,0.759851371979417,692,second_order,2
186,0.10752688172043011,20,7.402504941276007,0.9697674673846383,0.6717001633227968,693,all,0
132,0.11363636363636363,15,4.646173456637406,1.012100357569393,0.7489417939262601,693,first_order,0
53,0.07547169811320754,4,5.293386789610306,0.8395820361748354,0.5308921007292137,693,second_order,1
185,0.10270270270270271,19,6.691101557193222,0.9448390801573258,0.6945225796211416,694,all,1
132,0.11363636363636363,15,6.691101557193222,0.9315544959400618,0.6887107497843199,694,first_order,0
54,0.09259259259259259,5,2.4272236258901048,0.8087506491660768,0.589568662301712,694,second_order,0
186,0.07526881720430108,14,5.263562138717859,0.8300910933980046,0.591129862641522,695,all,0
132,0.09090909090909091,12,7.402504941276007,0.9038021571317241,0.5789040780087203,695,first_order,0
53,0.03773584905660377,2,2.4272236258901048,0.7583479804258411,0.596394467030322,695,second_order,1
185,0.08648648648648649,16,7.402504941276007,0.9067595345809238,0.6272368790912327,696,all,1
132,0.08333333333333333,11,6.107143258536974,0.9366901834686386,0.7345474702873649,696,first_order,0
54,0.09259259259259259,5,6.691101557193222,0.8902850247841875,0.5587080211237299,696,second_order,0
185,0.08648648648648649,16,7.402504941276007,0.8555048019490551,0.591115666393898,697,all,1
132,0.06818181818181818,9,4.526698006705169,0.9063197231347029,0.7504524512226638,697,first_order,0
54,0.09259259259259259,5,2.9156882695534767,0.8252950107602314,0.541187387811332,697,second_order,0
185,0.10810810810810811,20,6.691101557193222,0.9131623985017343,0.6272368790912327,698,all,1
132,0.11363636363636363,15,5.164087683548203,0.9587450247112358,0.6994048519797909,698,first_order,0
52,0.07692307692307693,4,2.8714948985655466,0.8534043464753293,0.7090193291451716,698,second_order,2
185,0.0972972972972973,18,6.107143258536974,0.9157853204591683,0.6782927638584447,699,all,1
131,0.08396946564885496,11,5.185106371957386,0.9101508480938816,0.6834958800693878,699,first_order,1
54,0.037037037037037035,2,2.6807289449508125,0.8501242679429039,0.8211378294178687,699,second_order,0
185,0.07027027027027027,13,7.402504941276007,0.8218571820248822,0.5985474066067309,700,all,1
132,0.11363636363636363,15,7.402504941276007,0.9531078384389455,0.5942448968366041,700,first_order,0
54,0.1111111111111111,6,4.318129007165164,1.006061054955968,0.7894444542393559,700,second_order,0
184,0.10326086956521739,19,4.840509145429005,0.9092462654262797,0.6262003124939584,701,all,2
132,0.11363636363636363,15,4.751979074252413,0.9472890966985696,0.7312036978819871,701,first_order,0
54,0.07407407407407407,4,3.863592381570207,0.8001150913416303,0.5646890588106972,701,second_order,0
185,0.10270270270270271,19,6.691101557193222,0.9254971402021055,0.6333560007461502,702,all,1
132,0.10606060606060606,14,5.293386789610306,0.9567907573318124,0.7533235928531081,702,first_order,0
54,0.037037037037037035,2,2.594204638299012,0.8284867709509913,0.6998912551800409,702,second_order,0
185,0.10270270270270271,19,6.107143258536974,0.9583532791344932,0.6694770190393332,703,all,1
132,0.15151515151515152,20,5.164087683548203,0.998177278855853,0.7345754996501217,703,first_order,0
54,0.14814814814814814,8,4.318129007165164,0.9374710490121093,0.5676154944179468,703,second_order,0
185,0.10270270270270271,19,5.293386789610306,0.8964559974602964,0.6667043106133478,704,all,1
131,0.13740458015267176,18,5.263562138717859,0.972346659478965,0.6605227335119092,704,first_order,1
54,0.1111111111111111,6,5.263562138717859,1.0410043083356864,0.796947562952158,704,second_order,0
186,0.0967741935483871,18,7.402504941276007,0.9019454554203488,0.621771106869167,705,all,0
132,0.12121212121212122,16,4.840509145429005,0.9041432815576503,0.6620103825337124,705,first_order,0
54,0.09259259259259259,5,2.9156882695534767,0.819283896719759,0.5470428867045185,705,second_order,0
185,0.0918918918918919,17,3.445153682116516,0.8569543148221357,0.6945225796211416,706,all,1
131,0.10687022900763359,14,4.824738588056284,0.8809167400081165,0.6623059646875202,706,first_order,1
54,0.07407407407407407,4,2.4272236258901048,0.7904555535750937,0.686398862216171,706,second_order,0
186,0.07526881720430108,14,6.107143258536974,0.8712602244134329,0.6970539178331521,707,all,0
132,0.11363636363636363,15,7.402504941276007,0.9429584616416721,0.6413149617246581,707,first_order,0
54,0.18518518518518517,10,5.263562138717859,1.0925011403317406,0.7640996689727302,707,second_order,0
186,0.12365591397849462,23,6.107143258536974,0.9326946710276451,0.665721221177429,708,all,0
131,0.1297709923664122,17,4.929663571963915,1.0897270326671835,0.8269170414611605,708,first_order,1
54,0.09259259259259259,5,3.6769103605760836,0.8907901748651678,0.6272689695425122,708,second_order,0
185,0.10810810810810811,20,5.379663780555674,0.9147706486354744,0.6779058123130243,709,all,1
131,0.09923664122137404,13,5.164087683548203,0.8867229957501706,0.6176893513103209,709,first_order,1
54,0.12962962962962962,7,2.701013147093827,0.8434903871628924,0.6198535680896358,709,second_order,0
186,0.08064516129032258,15,5.263562138717859,0.8573883043096403,0.6615497830527202,710,all,0
132,0.10606060606060606,14,6.691101557193222,0.9315794009423871,0.7320920698074647,710,first_order,0
54,0.12962962962962962,7,6.107143258536974,0.9187991829029916,0.6196940051115534,710,second_order,0
186,0.0913978494623656,17,6.107143258536974,0.8922834892377937,0.6272289362067158,711,all,0
132,0.11363636363636363,15,5.379663780555674,0.954680795900609,0.7420661247731373,711,first_order,0
54,0.09259259259259259,5,3.928708631946251,0.954788035312231,0.8918935255274321,711,second_order,0
186,0.10215053763440861,19,7.402504941276007,0.9431667115125265,0.7265205312192045,712,all,0
132,0.11363636363636363,15,4.824738588056284,0.8473547431553532,0.5593168097477594,712,first_order,0
53,0.1320754716981132,7,5.6157714726161645,0.9853302618225567,0.7094231369018614,712,second_order,1
185,0.07027027027027027,13,7.402504941276007,0.81914534493158,0.598169278731021,713,all,1
132,0.09848484848484848,13,7.402504941276007,0.8928126646486304,0.6253252233609676,713,first_order,0
54,0.037037037037037035,2,2.3642861565928515,0.685645827578593,0.5648396883927416,713,second_order,0
186,0.13440860215053763,25,5.293386789610306,0.9690210853173935,0.7199096096352345,714,all,0
132,0.15151515151515152,20,5.263562138717859,1.0055349263693307,0.6646893932355922,714,first_order,0
54,0.1111111111111111,6,7.402504941276007,1.0227760145257063,0.848096778002355,714,second_order,0
185,0.11891891891891893,22,5.263562138717859,0.9645123173931647,0.8025541459110538,715,all,1
132,0.11363636363636363,15,7.402504941276007,0.9734408510163644,0.6106176743875409,715,first_order,0
54,0.09259259259259259,5,2.8067513042925123,0.871363429626097,0.7178845447094602,715,second_order,0
185,0.0918918918918919,17,4.840509145429005,0.9067408576519599,0.7312036978819871,716,all,1
132,0.10606060606060606,14,5.799280119074019,0.9944134687091107,0.7605901613682875,716,first_order,0
53,0.11320754716981132,6,3.1110512172487033,0.851430189748197,0.5987872760562695,716,second_order,1
185,0.08648648648648649,16,5.293386789610306,0.8909377626682943,0.6272368790912327,717,all,1
132,0.10606060606060606,14,5.263562138717859,0.9521284386227113,0.6910616839309587,717,first_order,0
54,0.14814814814814814,8,3.6769103605760836,0.9990843636046992,0.7488487098621462,717,second_order,0
186,0.11827956989247312,22,6.107143258536974,0.9878723815756639,0.6619109826361259,718,all,0
132,0.07575757575757576,10,4.840509145429005,0.8131770015735043,0.612196122675183,718,first_order,0
53,0.1320754716981132,7,6.691101557193222,1.0804941274981308,0.8163238934425346,718,second_order,1
185,0.11351351351351352,21,6.107143258536974,0.8792355911194739,0.6641446718579378,719,all,1
132,0.12121212121212122,16,6.107143258536974,0.9477600598607686,0.674117005905449,719,first_order,0
54,0.05555555555555555,3,4.182276018096301,0.7152129346392434,0.5207385754486092,719,second_order,0
186,0.10752688172043011,20,5.379663780555674,0.9398487804872561,0.7078541028679173,720,all,0
131,0.06870229007633588,9,7.402504941276007,0.841116613504235,0.6061027847484948,720,first_order,1
54,0.037037037037037035,2,2.226254193564805,0.8097715535261297,0.6760027289118453,720,second_order,0
186,0.10215053763440861,19,5.379663780555674,0.8905516641138377,0.6546802151563456,721,all,0
132,0.09848484848484848,13,6.107143258536974,0.858915739042958,0.5734979990473371,721,first_order,0
54,0.09259259259259259,5,2.701013147093827,0.8157266333803901,0.6446152941993564,721,second_order,0
186,0.11290322580645161,21,7.402504941276007,0.9385328737038977,0.6736914156761787,722,all,0
132,0.11363636363636363,15,5.164087683548203,0.9917840232265225,0.8336075752117524,722,first_order,0
53,0.03773584905660377,2,3.863592381570207,0.7778171598746452,0.5141820136578167,722,second_order,1
186,0.0967741935483871,18,6.107143258536974,0.9697523272311257,0.78593298957486,723,all,0
132,0.11363636363636363,15,5.799280119074019,0.9322585208161492,0.7356591647658123,723,first_order,0
54,0.07407407407407407,4,4.255759867545777,0.8832298355540888,0.7532823255994427,723,second_order,0
186,0.08064516129032258,15,7.402504941276007,0.8457836558261289,0.621944627417126,724,all,0
132,0.10606060606060606,14,5.185106371957386,0.9247706342074639,0.671025242085481,724,first_order,0
54,0.12962962962962962,7,4.824738588056284,1.051031469701785,0.8671617115964828,724,second_order,0
186,0.10752688172043011,20,5.293386789610306,0.9603347020370512,0.6860693450521493,725,all,0
132,0.08333333333333333,11,4.255759867545777,0.8653043141938811,0.6671075753904216,725,first_order,0
53,0.1320754716981132,7,5.293386789610306,0.965484292416491,0.6400588527603166,725,second_order,1
186,0.08602150537634409,16,6.107143258536974,0.9105744256642051,0.663225318272729,726,all,0
132,0.08333333333333333,11,6.691101557193222,0.9299533008671851,0.7300670048816903,726,first_order,0
54,0.07407407407407407,4,3.8037556900222493,0.8935885683268455,0.8332849151460997,726,second_order,0
186,0.0967741935483871,18,5.185106371957386,0.8948304055703754,0.6921716454745028,727,all,0
132,0.10606060606060606,14,5.379663780555674,0.9607214199535988,0.7517973150807302,727,first_order,0
54,0.14814814814814814,8,5.263562138717859,0.9507531109862724,0.6548441184936882,727,second_order,0
185,0.0918918918918919,17,6.691101557193222,0.8672765026708492,0.6272368790912327,728,all,1
132,0.09848484848484848,13,6.691101557193222,0.9223335371355491,0.6485999328637175,728,first_order,0
54,0.037037037037037035,2,2.4607286684518708,0.7588856439909081,0.6357660657797939,728,second_order,0
185,0.12432432432432433,23,5.379663780555674,0.9671596696567435,0.7271535680304384,729,all,1
132,0.10606060606060606,14,7.402504941276007,0.8540878236074185,0.62095032190874,729,first_order,0
54,0.1111111111111111,6,3.31680671442054,0.8615541102986948,0.6582149158604418,729,second_order,0
184,0.11413043478260869,21,6.107143258536974,0.9910716910666741,0.7640996689727302,730,all,2
131,0.1450381679389313,19,4.840509145429005,0.8821927319561557,0.5722238686166866,730,first_order,1
54,0.05555555555555555,3,2.6765087628827327,0.899049007766541,0.7221232742278791,730,second_order,0
186,0.08064516129032258,15,6.691101557193222,0.9362127443424981,0.7533235928531081,731,all,0
132,0.07575757575757576,10,4.255759867545777,0.8849595930749001,0.6994048519797909,731,first_order,0
54,0.1111111111111111,6,3.6769103605760836,0.7945119568966198,0.545798077716223,731,second_order,0
184,0.125,23,5.379663780555674,1.0025336056736562,0.7353846213927722,732,all,2
132,0.10606060606060606,14,5.263562138717859,0.986178332008383,0.739715845661312,732,first_order,0
54,0.1111111111111111,6,5.6157714726161645,1.0305307046624603,0.7090193291451716,732,second_order,0
186,0.10215053763440861,19,5.293386789610306,0.9604516073355848,0.7540174685022438,733,all,0
131,0.0916030534351145,12,5.379663780555674,0.8834082284282254,0.6050596726912554,733,first_order,1
54,0.09259259259259259,5,4.255759867545777,0.8269837208384924,0.5007383071945126,733,second_order,0
186,0.10215053763440861,19,6.691101557193222,0.9186516342252018,0.6612582214096945,734,all,0
132,0.10606060606060606,14,5.799280119074019,0.9629939598693967,0.7015690505048118,734,first_order,0
54,0.05555555555555555,3,5.164087683548203,0.801917430810713,0.6135188587896945,734,second_order,0
185,0.11351351351351352,21,6.691101557193222,0.982382452852598,0.7511242903068642,735,all,1
132,0.10606060606060606,14,6.691101557193222,0.8726752288380316,0.5417569112155816,735,first_order,0
54,0.07407407407407407,4,4.929663571963915,0.9363537772774686,0.706451322863461,735,second_order,0
185,0.12432432432432433,23,7.402504941276007,1.0022415398422928,0.7329804417329422,736,all,1
131,0.12213740458015267,16,7.402504941276007,1.0468817767592669,0.7559444521666088,736,first_order,1
54,0.07407407407407407,4,4.318129007165164,0.9488263978811823,0.9058757141092936,736,second_order,0
184,0.10869565217391304,20,6.107143258536974,0.9831280165462567,0.6888353068853232,737,all,2
131,0.11450381679389313,15,5.379663780555674,0.9399728292218114,0.6619937093074799,737,first_order,1
54,0.1111111111111111,6,3.1110512172487033,0.9182567934178658,0.6860188970398042,737,second_order,0
185,0.10810810810810811,20,6.691101557193222,0.9700382489503696,0.7288035871022768,738,all,1
132,0.09848484848484848,13,6.691101557193222,0.9361988730599903,0.672900922378454,738,first_order,0
53,0.11320754716981132,6,5.263562138717859,1.0729492643977823,0.8861946018361638,738,second_order,1
186,0.0913978494623656,17,5.293386789610306,0.9059880396649859,0.7071231533716583,739,all,0
132,0.13636363636363635,18,5.293386789610306,0.9715590012376559,0.7023089864332938,739,first_order,0
54,0.05555555555555555,3,2.701013147093827,0.6919894649535187,0.5040442908055378,739,second_order,0
185,0.10270270270270271,19,6.107143258536974,0.9551023282739876,0.6634222726911264,740,all,1
132,0.09848484848484848,13,5.379663780555674,0.9537695489284804,0.6648867603238441,740,first_order,0
53,0.07547169811320754,4,5.185106371957386,0.8915595753909664,0.6930003783211475,740,second_order,1
186,0.08064516129032258,15,6.691101557193222,0.8733047313372047,0.6910964683257322,741,all,0
132,0.13636363636363635,18,7.402504941276007,0.9206663182650608,0.5992100614825308,741,first_order,0
53,0.05660377358490566,3,2.470560470967866,0.7107820431859175,0.5948820295492689,741,second_order,1
186,0.0967741935483871,18,5.379663780555674,0.8741067487535282,0.659677293414314,742,all,0
132,0.09848484848484848,13,5.263562138717859,0.9158676062272457,0.7739569532674739,742,first_order,0
54,0.12962962962962962,7,3.454617599785624,0.8976118733726433,0.6800872656914632,742,second_order,0
186,0.0967741935483871,18,5.293386789610306,0.8948573859797088,0.6562734000648555,743,all,0
132,0.11363636363636363,15,5.799280119074019,0.9862228732298759,0.6963961320207062,743,first_order,0
53,0.09433962264150944,5,3.6769103605760836,0.8503261336104472,0.6647381317415102,743,second_order,1
186,0.11290322580645161,21,4.824738588056284,0.9309180324861436,0.6919977225145614,744,all,0
132,0.12121212121212122,16,7.402504941276007,0.9827784850374407,0.6283927270729432,744,first_order,0
54,0.09259259259259259,5,5.379663780555674,0.9745236388133557,0.7420661247731373,744,second_order,0
185,0.11351351351351352,21,7.402504941276007,0.9465111703911292,0.6834958800693878,745,all,1
131,0.09923664122137404,13,5.799280119074019,0.9966254968965853,0.7511242903068642,745,first_order,1
54,0.07407407407407407,4,3.7071232480487804,0.9544295767926991,0.8705158858844522,745,second_order,0
186,0.0967741935483871,18,5.185106371957386,0.881247897486465,0.6694077486851769,746,all,0
131,0.0916030534351145,12,5.379663780555674,0.9166627499268418,0.6834958800693878,746,first_order,1
54,0.14814814814814814,8,5.6157714726161645,0.9881643042719904,0.5867797027671285,746,second_order,0
186,0.10215053763440861,19,5.263562138717859,0.9370917058212642,0.7128631387515644,747,all,0
132,0.09090909090909091,12,6.691101557193222,0.9542741420341767,0.7344962494672946,747,first_order,0
54,0.14814814814814814,8,5.6157714726161645,1.07390536849769,0.7008079498548148,747,second_order,0
185,0.10270270270270271,19,5.799280119074019,0.9044544667802092,0.7258874944079705,748,all,1
132,0.10606060606060606,14,6.691101557193222,0.947936086440853,0.665672482671511,748,first_order,0
54,0.05555555555555555,3,4.182276018096301,0.8551349641423057,0.6543295013248296,748,second_order,0
185,0.0972972972972973,18,7.402504941276007,0.9257978539653682,0.6226879421683509,749,all,1
132,0.11363636363636363,15,5.799280119074019,0.9527192829059014,0.6921716454745028,749,first_order,0
54,0.09259259259259259,5,6.107143258536974,0.899448718830621,0.6312195060071011,749,second_order,0
186,0.11290322580645161,21,5.263562138717859,0.8446457344239668,0.5324385111792755,750,all,0
132,0.09090909090909091,12,6.691101557193222,0.9797900486158507,0.7978348975287393,750,first_order,0
54,0.09259259259259259,5,4.255759867545777,0.9397537322159975,0.7532823255994427,750,second_order,0
185,0.0918918918918919,17,6.691101557193222,0.8631532083497144,0.5806019862920806,751,all,1
132,0.11363636363636363,15,6.107143258536974,0.936935239457055,0.7163921766926366,751,first_order,0
54,0.1111111111111111,6,5.6157714726161645,1.030647763500731,0.5646890588106972,751,second_order,0
186,0.0967741935483871,18,6.691101557193222,0.9205317337932831,0.6840168909664552,752,all,0
132,0.08333333333333333,11,4.456760860548637,0.8700902726569217,0.6256213612484693,752,first_order,0
54,0.09259259259259259,5,4.318129007165164,1.0257521155865839,0.8110365324047317,752,second_order,0
186,0.0913978494623656,17,5.799280119074019,0.9141079226931357,0.6450423440701104,753,all,0
131,0.10687022900763359,14,4.824738588056284,0.8936088871888433,0.6782927638584447,753,first_order,1
54,0.07407407407407407,4,3.445153682116516,0.924721847393341,0.6937614789711446,753,second_order,0
184,0.07608695652173914,14,6.691101557193222,0.8573621883392623,0.6196940051115534,754,all,2
131,0.11450381679389313,15,6.107143258536974,0.9095059338930894,0.6646406547296743,754,first_order,1
54,0.05555555555555555,3,3.1110512172487033,0.7965288778606583,0.6536129220159368,754,second_order,0
185,0.11891891891891893,22,6.107143258536974,0.9979780600351061,0.6945225796211416,755,all,1
132,0.12878787878787878,17,5.293386789610306,0.9741136417946796,0.678526217887182,755,first_order,0
53,0.05660377358490566,3,2.2997338138465095,0.7817481121235563,0.6400588527603166,755,second_order,1
184,0.08695652173913043,16,5.263562138717859,0.848881563017139,0.6222447135973642,756,all,2
132,0.06060606060606061,8,6.691101557193222,0.7924599681962767,0.5835742783959186,756,first_order,0
54,0.05555555555555555,3,2.470560470967866,0.7115102922136044,0.6206017631530372,756,second_order,0
185,0.08108108108108109,15,7.402504941276007,0.8886627954355047,0.6646406547296743,757,all,1
131,0.0916030534351145,12,5.185106371957386,0.9357963725338094,0.6634222726911264,757,first_order,1
54,0.14814814814814814,8,4.646173456637406,0.9757376191588587,0.7073771781356071,757,second_order,0
186,0.06989247311827956,13,4.840509145429005,0.8333914270025045,0.6237255912872379,758,all,0
132,0.14393939393939395,19,5.379663780555674,0.9539915548465546,0.5900454036555122,758,first_order,0
54,0.037037037037037035,2,5.379663780555674,0.6829131419300012,0.4738135136855408,758,second_order,0
185,0.08108108108108109,15,4.824738588056284,0.864781215468474,0.6426561196993434,759,all,1
131,0.10687022900763359,14,4.751979074252413,0.892728898105239,0.6876007882407759,759,first_order,1
53,0.1509433962264151,8,2.6807289449508125,0.9280281585161639,0.6845379018635227,759,second_order,1
186,0.11290322580645161,21,5.799280119074019,0.9233662327686867,0.6796488651835986,760,all,0
131,0.09923664122137404,13,5.293386789610306,0.8679589640434126,0.5985474066067309,760,first_order,1
54,0.07407407407407407,4,4.255759867545777,0.8936917670961714,0.7212017893174019,760,second_order,0
185,0.10810810810810811,20,4.840509145429005,0.9425670529571104,0.7056307853548347,761,all,1
130,0.06153846153846154,8,6.691101557193222,0.8987020068238541,0.71083807382579,761,first_order,2
54,0.1111111111111111,6,5.185106371957386,0.7950618299192773,0.5003730851296173,761,second_order,0
186,0.06451612903225806,12,4.456760860548637,0.8236856723828959,0.6161688913737755,762,all,0
132,0.12878787878787878,17,4.318129007165164,0.8964131090065205,0.6259214474287076,762,first_order,0
54,0.1111111111111111,6,5.263562138717859,0.9531080635083717,0.6738202759636628,762,second_order,0
185,0.10270270270270271,19,5.799280119074019,0.8729777434608729,0.659677293414314,763,all,1
131,0.11450381679389313,15,5.185106371957386,0.942370573700463,0.6834958800693878,763,first_order,1
54,0.07407407407407407,4,2.3208538053965904,0.84957499187968,0.776152492425801,763,second_order,0
185,0.10270270270270271,19,5.263562138717859,0.9098933075812301,0.6246219015352161,764,all,1
131,0.0916030534351145,12,5.293386789610306,0.8784267796145044,0.7003308485281473,764,first_order,1
54,0.05555555555555555,3,2.917556643828069,0.8713478419777757,0.7506727958333637,764,second_order,0
185,0.0918918918918919,17,7.402504941276007,0.934739196091949,0.7094231369018614,765,all,1
132,0.09090909090909091,12,6.107143258536974,0.9356122721388912,0.7422740492991291,765,first_order,0
54,0.09259259259259259,5,2.597125685326188,0.9051540852114456,0.7291980667634725,765,second_order,0
186,0.0913978494623656,17,5.293386789610306,0.9014915822691014,0.5983583426688759,766,all,0
131,0.12213740458015267,16,6.691101557193222,0.8818242648942761,0.6122649626319615,766,first_order,1
54,0.18518518518518517,10,6.107143258536974,1.0924908728665728,0.837066619149842,766,second_order,0
186,0.0967741935483871,18,5.185106371957386,0.9030754612658498,0.6640314637104003,767,all,0
132,0.09848484848484848,13,4.456760860548637,0.8763654271100579,0.6625816941207917,767,first_order,0
54,0.09259259259259259,5,4.318129007165164,0.9227354095259873,0.6118156730607773,767,second_order,0
186,0.10215053763440861,19,5.185106371957386,0.9329847781275282,0.7300036424921319,768,all,0
131,0.09923664122137404,13,5.263562138717859,0.8841484128300002,0.6545437460280915,768,first_order,1
54,0.09259259259259259,5,5.379663780555674,0.8755360298273098,0.5717823005358498,768,second_order,0
186,0.07526881720430108,14,4.456760860548637,0.8084531443006653,0.5952134526003858,769,all,0
131,0.07633587786259542,10,6.691101557193222,0.8295608561033148,0.598169278731021,769,first_order,1
52,0.1346153846153846,7,4.840509145429005,1.0239108691610652,0.6259293903132244,769,second_order,2
186,0.08064516129032258,15,5.185106371957386,0.838236896585087,0.6190784931306917,770,all,0
132,0.06818181818181818,9,5.799280119074019,0.8030916920344385,0.5641311265639504,770,first_order,0
54,0.09259259259259259,5,3.1110512172487033,0.9696914320279657,0.8421289291195473,770,second_order,0
185,0.10270270270270271,19,5.164087683548203,0.9573652752109427,0.7379473014182562,771,all,1
132,0.12121212121212122,16,6.691101557193222,0.9154514767815978,0.6110656480794723,771,first_order,0
53,0.1509433962264151,8,6.107143258536974,1.1133209563550006,0.8684123021117394,771,second_order,1
186,0.0913978494623656,17,4.824738588056284,0.883410951254691,0.7291786329562128,772,all,0
132,0.12121212121212122,16,6.691101557193222,0.9024609127759743,0.6614143490997146,772,first_order,0
54,0.16666666666666666,9,6.107143258536974,0.9966229093399068,0.6256710470541678,772,second_order,0
184,0.11413043478260869,21,5.799280119074019,0.9379722279755685,0.6523249145034117,773,all,2
131,0.1297709923664122,17,5.799280119074019,0.9303982401437637,0.6272368790912327,773,first_order,1
54,0.12962962962962962,7,4.751979074252413,1.043988693515238,0.7245907596495247,773,second_order,0
185,0.0918918918918919,17,6.107143258536974,0.9365085474678206,0.6605227335119092,774,all,1
132,0.08333333333333333,11,5.293386789610306,0.8452646047415091,0.6020482708186132,774,first_order,0
54,0.09259259259259259,5,5.263562138717859,0.9903291635682965,0.7538556999006898,774,second_order,0
185,0.12972972972972974,24,5.164087683548203,0.9617455639445308,0.7401146316496374,775,all,1
132,0.12121212121212122,16,5.379663780555674,0.9134971049442546,0.6232009442143127,775,first_order,0
53,0.05660377358490566,3,5.164087683548203,0.8500365605918254,0.598169278731021,775,second_order,1
185,0.08648648648648649,16,5.185106371957386,0.864448363738508,0.6198675256595123,776,all,1
132,0.11363636363636363,15,5.263562138717859,1.0127745623236237,0.810233989628638,776,first_order,0
53,0.1509433962264151,8,5.6157714726161645,0.9425807039320878,0.5747721294779876,776,second_order,1
186,0.05913978494623656,11,5.379663780555674,0.7795652862358413,0.5952433084737938,777,all,0
132,0.09848484848484848,13,5.293386789610306,0.9086449734509948,0.6764864495543605,777,first_order,0
54,0.1111111111111111,6,4.824738588056284,0.974378427571743,0.7409032094746195,777,second_order,0
186,0.0913978494623656,17,4.751979074252413,0.7985782314880088,0.622904806326811,778,all,0
132,0.11363636363636363,15,5.164087683548203,0.8966842419371569,0.6945225796211416,778,first_order,0
54,0.07407407407407407,4,5.185106371957386,0.9926117577696083,0.7571447612429838,778,second_order,0
186,0.0913978494623656,17,7.402504941276007,0.8789482060018511,0.6122900786274249,779,all,0
132,0.06818181818181818,9,4.824738588056284,0.789063423428494,0.5893622642717361,779,first_order,0
54,0.14814814814814814,8,2.917556643828069,0.9380901142722156,0.7236059689772317,779,second_order,0
185,0.08648648648648649,16,6.691101557193222,0.8624536728628849,0.6641446718579378,780,all,1
132,0.09090909090909091,12,5.799280119074019,0.8397822121536,0.6118960680294079,780,first_order,0
54,0.09259259259259259,5,6.107143258536974,1.0236678706552627,0.8087870378894254,780,second_order,0
186,0.0913978494623656,17,5.185106371957386,0.8451594351985685,0.598139422857613,781,all,0
132,0.08333333333333333,11,4.824738588056284,0.8213077447178959,0.5516921008032898,781,first_order,0
54,0.09259259259259259,5,5.263562138717859,0.9575956387664588,0.7619260759370532,781,second_order,0
185,0.0918918918918919,17,4.526698006705169,0.7911941881698527,0.5444659088148553,782,all,1
132,0.11363636363636363,15,5.185106371957386,0.912238811571192,0.6800040709712307,782,first_order,0
54,0.09259259259259259,5,5.379663780555674,0.9114924145181688,0.7176553156549159,782,second_order,0
185,0.0918918918918919,17,6.691101557193222,0.916038894684061,0.6623059646875202,783,all,1
132,0.09090909090909091,12,4.182276018096301,0.8415488074702165,0.5983284867954679,783,first_order,0
54,0.1111111111111111,6,2.597125685326188,0.861817075245342,0.6536483872145089,783,second_order,0
186,0.11827956989247312,22,7.402504941276007,0.9969165732766924,0.7452344337431593,784,all,0
131,0.12213740458015267,16,6.691101557193222,0.8795938253353031,0.526316281278952,784,first_order,1
53,0.05660377358490566,3,5.6157714726161645,0.7938825524941473,0.5843815978800456,784,second_order,1
186,0.10215053763440861,19,6.107143258536974,0.910972659066858,0.6838546985147833,785,all,0
131,0.07633587786259542,10,7.402504941276007,0.8418716835589997,0.6198675256595123,785,first_order,1
53,0.07547169811320754,4,4.824738588056284,0.7929965346316565,0.5407573038991678,785,second_order,1
186,0.05913978494623656,11,5.379663780555674,0.787528977208046,0.6055088318473848,786,all,0
130,0.05384615384615385,7,6.691101557193222,0.7912449982708846,0.5747150191710233,786,first_order,2
53,0.09433962264150944,5,3.31680671442054,0.8508266435682775,0.7042871243384402,786,second_order,1
186,0.12365591397849462,23,6.691101557193222,0.9932337064852974,0.7332961940774394,787,all,0
132,0.12878787878787878,17,5.379663780555674,1.0790814670630686,0.8134948940734145,787,first_order,0
54,0.1111111111111111,6,5.6157714726161645,0.9037593643203542,0.5286041910040828,787,second_order,0
185,0.10810810810810811,20,4.824738588056284,0.9149894873913126,0.7381825435162233,788,all,1
131,0.12213740458015267,16,5.293386789610306,0.8333583256158639,0.5806019862920806,788,first_order,1
53,0.03773584905660377,2,5.185106371957386,0.8079683000389696,0.6246219015352161,788,second_order,1
185,0.08648648648648649,16,6.107143258536974,0.9045402759080952,0.689820711327864,789,all,1
132,0.15151515151515152,20,5.799280119074019,1.0414765992425667,0.6809950677906548,789,first_order,0
54,0.12962962962962962,7,4.824738588056284,0.8685600347582378,0.4398951708824129,789,second_order,0
186,0.11827956989247312,22,5.263562138717859,0.8973044716653708,0.6731136139380437,790,all,0
131,0.1297709923664122,17,6.107143258536974,1.0278916266558216,0.7466839834638372,790,first_order,1
54,0.1111111111111111,6,3.863592381570207,0.8075254668799239,0.6129290853957476,790,second_order,0
185,0.10810810810810811,20,6.107143258536974,0.945392875824683,0.7312036978819871,791,all,1
132,0.09848484848484848,13,6.107143258536974,0.9574970973537316,0.7369700198918157,791,first_order,0
54,0.07407407407407407,4,2.917556643828069,0.7654455890910322,0.5837898738249907,791,second_order,0
186,0.10215053763440861,19,6.691101557193222,0.9343993967400304,0.7285455961449788,792,all,0
132,0.09848484848484848,13,6.107143258536974,0.9353406970308399,0.7178845447094602,792,first_order,0
54,0.05555555555555555,3,2.917556643828069,0.8206575850215148,0.7223991404833552,792,second_order,0
186,0.11290322580645161,21,5.263562138717859,0.8708893571536478,0.6727319912646337,793,all,0
131,0.0916030534351145,12,5.799280119074019,0.8497868992821321,0.6182894606018712,793,first_order,1
54,0.1111111111111111,6,4.255759867545777,0.9256028367050575,0.6683626578396802,793,second_order,0
186,0.10752688172043011,20,6.691101557193222,0.8905373071864953,0.658983009359609,794,all,0
131,0.12213740458015267,16,5.799280119074019,0.9965666746644749,0.7568665735677531,794,first_order,1
54,0.07407407407407407,4,6.107143258536974,0.8709939087592551,0.6858773401493041,794,second_order,0
185,0.11351351351351352,21,7.402504941276007,0.9905648040299239,0.7379473014182562,795,all,1
132,0.09090909090909091,12,6.691101557193222,0.8821118939683961,0.566842602049574,795,first_order,0
53,0.07547169811320754,4,7.402504941276007,1.053860746347341,0.8980201301998697,795,second_order,1
186,0.08602150537634409,16,5.379663780555674,0.8576901549511948,0.6189049725827328,796,all,0
131,0.11450381679389313,15,6.691101557193222,0.8852019669085278,0.6190106748571454,796,first_order,1
54,0.0,0,1.9081569923541193,0.7144640014668237,0.6259849513578135,796,second_order,0
185,0.0972972972972973,18,4.318129007165164,0.8539105771759458,0.5923173382165667,797,all,1
131,0.0916030534351145,12,5.293386789610306,0.898266483867096,0.6545437460280915,797,first_order,1
54,0.05555555555555555,3,4.318129007165164,0.8043995816336009,0.6800040709712307,797,second_order,0
186,0.11290322580645161,21,4.646173456637406,0.895366000294391,0.7291786329562128,798,all,0
131,0.06870229007633588,9,3.6769103605760836,0.8905443250510409,0.7685680049200038,798,first_order,1
54,0.12962962962962962,7,5.263562138717859,1.0709971205760793,0.8561964308092952,798,second_order,0
185,0.12432432432432433,23,4.824738588056284,0.9239141981374429,0.6246219015352161,799,all,1
131,0.11450381679389313,15,6.107143258536974,0.9354277856819311,0.6667043106133478,799,first_order,1
53,0.09433962264150944,5,5.6157714726161645,1.0602733351894853,0.9255568263824233,799,second_order,1
186,0.0967741935483871,18,6.107143258536974,0.9497321252691213,0.7163921766926366,800,all,0
132,0.11363636363636363,15,6.107143258536974,0.8841677884181213,0.620488701385111,800,first_order,0
54,0.07407407407407407,4,4.646173456637406,0.8633369099339325,0.699315581837991,800,second_order,0
186,0.0967741935483871,18,6.107143258536974,0.8635001697080188,0.6334306983784408,801,all,0
132,0.09848484848484848,13,7.402504941276007,0.8618190952851296,0.6023250956776128,801,first_order,0
54,0.07407407407407407,4,2.4272236258901048,0.8380798428474441,0.7480118970421495,801,second_order,0
185,0.0918918918918919,17,5.379663780555674,0.9092082049900705,0.6674675559601679,802,all,1
131,0.10687022900763359,14,4.182276018096301,0.9113320691857948,0.6945225796211416,802,first_order,1
54,0.12962962962962962,7,5.263562138717859,0.9662304516079384,0.699315581837991,802,second_order,0
186,0.0913978494623656,17,6.691101557193222,0.866704964202778,0.6557754423770229,803,all,0
132,0.13636363636363635,18,5.379663780555674,0.9199516998732888,0.6485999328637175,803,first_order,0
54,0.14814814814814814,8,5.6157714726161645,1.0459291832019422,0.9512240755277366,803,second_order,0
185,0.0918918918918919,17,6.691101557193222,0.9001002874147587,0.6226879421683509,804,all,1
132,0.13636363636363635,18,5.293386789610306,1.0237150896306868,0.7320920698074647,804,first_order,0
54,0.09259259259259259,5,4.182276018096301,0.9515778301496103,0.7880513242402896,804,second_order,0
186,0.11290322580645161,21,6.691101557193222,0.9370234871871331,0.6477495526591057,805,all,0
132,0.09848484848484848,13,4.751979074252413,0.9215693229303606,0.6862337487798518,805,first_order,0
53,0.05660377358490566,3,4.255759867545777,0.8910618357904001,0.7952499632605499,805,second_order,1
186,0.10752688172043011,20,6.107143258536974,0.8955068739880145,0.598139422857613,806,all,0
132,0.09848484848484848,13,5.185106371957386,0.9221272323382583,0.659677293414314,806,first_order,0
54,0.037037037037037035,2,3.6769103605760836,0.8677810410419069,0.7345816006555852,806,second_order,0
186,0.13978494623655913,26,6.691101557193222,1.0160800069708986,0.7199096096352345,807,all,0
131,0.10687022900763359,14,7.402504941276007,0.9061930677580068,0.627220993322199,807,first_order,1
54,0.09259259259259259,5,6.107143258536974,0.8865411611049855,0.5613138040800113,807,second_order,0
186,0.10752688172043011,20,5.263562138717859,0.8889877953802189,0.6628641186893234,808,all,0
131,0.13740458015267176,18,6.107143258536974,1.0017738512972985,0.6694770190393332,808,first_order,1
54,0.07407407407407407,4,2.731211715402172,0.9206849435193457,0.7532497348226912,808,second_order,0
185,0.07567567567567568,14,4.840509145429005,0.829357047242756,0.6694770190393332,809,all,1
132,0.09848484848484848,13,6.691101557193222,0.9900581481425313,0.7504524512226638,809,first_order,0
54,0.07407407407407407,4,4.318129007165164,0.818805858153894,0.4747853801976445,809,second_order,0
185,0.10270270270270271,19,6.107143258536974,0.9339563585217072,0.744017617896637,810,all,1
132,0.15151515151515152,20,4.255759867545777,0.8497400391886567,0.5352443754074956,810,first_order,0
54,0.05555555555555555,3,5.185106371957386,0.8930178948628894,0.7682514571821775,810,second_order,0
185,0.10270270270270271,19,5.293386789610306,0.8417127239494919,0.5923173382165667,811,all,1
132,0.12878787878787878,17,5.799280119074019,1.036075715866391,0.7640996689727302,811,first_order,0
54,0.018518518518518517,1,2.1903919304693624,0.6903349219805345,0.579954068993805,811,second_order,0
185,0.11351351351351352,21,4.824738588056284,0.9171098027343387,0.689820711327864,812,all,1
132,0.07575757575757576,10,5.379663780555674,0.9152904576551741,0.6671075753904216,812,first_order,0
54,0.16666666666666666,9,3.1273523871075204,0.9819378228852574,0.7684108618790042,812,second_order,0
185,0.0918918918918919,17,5.379663780555674,0.8759914727952748,0.5984860168921806,813,all,1
132,0.09848484848484848,13,6.107143258536974,0.9199018902432512,0.7312036978819871,813,first_order,0
54,0.12962962962962962,7,5.263562138717859,0.8965543370228624,0.6530391961952349,813,second_order,0
186,0.0913978494623656,17,5.185106371957386,0.8657362836335392,0.617254148306902,814,all,0
132,0.11363636363636363,15,5.293386789610306,0.8868444875609685,0.6671075753904216,814,first_order,0
53,0.16981132075471697,9,5.293386789610306,1.1217820705376205,0.9141147303077437,814,second_order,1
185,0.0972972972972973,18,7.402504941276007,0.8789256116602172,0.54553663944886,815,all,1
131,0.0916030534351145,12,6.107143258536974,0.9491537978839266,0.7258874944079705,815,first_order,1
54,0.07407407407407407,4,4.824738588056284,0.9077133016538932,0.6635151698758044,815,second_order,0
185,0.08648648648648649,16,6.691101557193222,0.9030277172389274,0.6246219015352161,816,all,1
132,0.09090909090909091,12,7.402504941276007,0.9277384001697095,0.651834136733338,816,first_order,0
54,0.12962962962962962,7,4.840509145429005,0.9401932240683544,0.5274696587784922,816,second_order,0
185,0.10270270270270271,19,6.691101557193222,0.9259531346830561,0.6491245274385845,817,all,1
132,0.11363636363636363,15,5.293386789610306,0.8523291266324253,0.5658290348473107,817,first_order,0
54,0.1111111111111111,6,5.185106371957386,0.9666776529174904,0.6336390106172798,817,second_order,0
186,0.0913978494623656,17,4.840509145429005,0.8582755390440093,0.6871793065956934,818,all,0
132,0.12121212121212122,16,6.691101557193222,0.9784213955291343,0.6233946991549231,818,first_order,0
54,0.05555555555555555,3,4.751979074252413,0.8020181833318775,0.6301727355048321,818,second_order,0
186,0.12365591397849462,23,5.263562138717859,0.9586038535439627,0.6458903235689639,819,all,0
132,0.06818181818181818,9,5.263562138717859,0.8419437940204119,0.6684722874997506,819,first_order,0
54,0.07407407407407407,4,6.107143258536974,1.0170581686344902,0.8912635162097415,819,second_order,0
186,0.11290322580645161,21,6.691101557193222,0.9441827551379419,0.6728801599093064,820,all,0
132,0.14393939393939395,19,7.402504941276007,1.0357034603729043,0.7765164432372758,820,first_order,0
54,0.1111111111111111,6,3.928708631946251,0.8794153629525769,0.7186337830356913,820,second_order,0
186,0.08602150537634409,16,5.263562138717859,0.9061402597126669,0.6945225796211416,821,all,0
131,0.08396946564885496,11,6.107143258536974,0.8697996976499017,0.6335053960107315,821,first_order,1
53,0.09433962264150944,5,3.28939812699989,0.8119576306064796,0.5095820742371894,821,second_order,1
186,0.0967741935483871,18,5.799280119074019,0.8870256850060813,0.6021360317397579,822,all,0
131,0.08396946564885496,11,7.402504941276007,0.8808912617072063,0.5528327445997522,822,first_order,1
54,0.12962962962962962,7,4.318129007165164,0.9541133685517278,0.6760027289118453,822,second_order,0
185,0.0972972972972973,18,4.182276018096301,0.9023755615663721,0.6674675559601679,823,all,1
132,0.11363636363636363,15,7.402504941276007,0.9074743808131185,0.6023937976523027,823,first_order,0
54,0.05555555555555555,3,5.263562138717859,0.8431173380027092,0.6694726193832243,823,second_order,0
185,0.0972972972972973,18,7.402504941276007,0.8868372235643814,0.6195204845635944,824,all,1
132,0.11363636363636363,15,5.263562138717859,0.901259505686153,0.6256213612484693,824,first_order,0
53,0.16981132075471697,9,5.6157714726161645,1.0921315070057749,0.6876007882407759,824,second_order,1
185,0.12432432432432433,23,5.263562138717859,0.9250978398908085,0.7056307853548347,825,all,1
132,0.12121212121212122,16,4.929663571963915,0.9301941853844228,0.6237255912872379,825,first_order,0
54,0.12962962962962962,7,6.691101557193222,1.0821756222033565,0.9250935016151185,825,second_order,0
185,0.13513513513513514,25,7.402504941276007,1.0046585361515907,0.6876007882407759,826,all,1
131,0.1297709923664122,17,6.107143258536974,0.9956375975725797,0.7401146316496374,826,first_order,1
54,0.16666666666666666,9,5.6157714726161645,1.1691428575707323,0.9888886663853802,826,second_order,0
185,0.11351351351351352,21,6.107143258536974,0.8602755082470308,0.6491245274385845,827,all,1
131,0.13740458015267176,18,7.402504941276007,1.028616794643692,0.7401146316496374,827,first_order,1
53,0.09433962264150944,5,5.799280119074019,1.0342760341116601,0.6876007882407759,827,second_order,1
186,0.08602150537634409,16,5.263562138717859,0.839757669553386,0.5759891496016738,828,all,0
132,0.05303030303030303,7,4.824738588056284,0.8633043496464389,0.6917682988339295,828,first_order,0
54,0.14814814814814814,8,5.293386789610306,0.9138625018538878,0.5382249752128101,828,second_order,0
185,0.08108108108108109,15,5.379663780555674,0.8318135194944429,0.6234294533997362,829,all,1
132,0.09848484848484848,13,5.379663780555674,0.9250696820961678,0.6411612347403961,829,first_order,0
54,0.1111111111111111,6,4.255759867545777,0.9320297417030995,0.6777628757064267,829,second_order,0
185,0.13513513513513514,25,6.107143258536974,0.9883857790688096,0.6674675559601679,830,all,1
131,0.061068702290076333,8,6.691101557193222,0.8993701787338153,0.7056307853548347,830,first_order,1
54,0.14814814814814814,8,7.402504941276007,1.1788403638515745,0.8524091340339534,830,second_order,0
185,0.0918918918918919,17,6.691101557193222,0.918462349966883,0.6647381317415102,831,all,1
131,0.09923664122137404,13,5.263562138717859,0.9383002662759229,0.6834958800693878,831,first_order,1
54,0.14814814814814814,8,4.824738588056284,1.0227905181723225,0.7565713869417368,831,second_order,0
186,0.11290322580645161,21,7.402504941276007,0.9411529260177454,0.7182883524661499,832,all,0
132,0.10606060606060606,14,6.691101557193222,0.8689843490753035,0.6087790407319382,832,first_order,0
54,0.09259259259259259,5,4.318129007165164,0.9448938524983953,0.7945674166699499,832,second_order,0
185,0.08648648648648649,16,6.107143258536974,0.8534511920342064,0.6198675256595123,833,all,1
132,0.11363636363636363,15,6.691101557193222,0.9650759842811738,0.7049816848989533,833,first_order,0
54,0.05555555555555555,3,2.064492372486959,0.6835532247008511,0.4631874325068629,833,second_order,0
185,0.10270270270270271,19,5.379663780555674,0.9213429194458352,0.6779058123130243,834,all,1
132,0.09848484848484848,13,5.164087683548203,0.9543703166798803,0.7344962494672946,834,first_order,0
54,0.07407407407407407,4,3.31680671442054,0.9072985113949069,0.8423767654216904,834,second_order,0
185,0.06486486486486487,12,7.402504941276007,0.8824151278959582,0.6930003783211475,835,all,1
131,0.0916030534351145,12,6.107143258536974,0.873556914919878,0.6198675256595123,835,first_order,1
54,0.12962962962962962,7,5.379663780555674,0.8920855178750267,0.6788700244135333,835,second_order,0
185,0.10270270270270271,19,5.379663780555674,0.8433193024248856,0.5444659088148553,836,all,1
132,0.09090909090909091,12,6.691101557193222,0.9392860377898409,0.6458903235689639,836,first_order,0
54,0.05555555555555555,3,3.1110512172487033,0.803809236417878,0.6128116346560446,836,second_order,0
185,0.10810810810810811,20,6.107143258536974,0.8924396652436404,0.6619937093074799,837,all,1
132,0.11363636363636363,15,4.840509145429005,0.8523993717329762,0.6232506300200111,837,first_order,0
54,0.07407407407407407,4,4.255759867545777,0.9155874565958024,0.7157591398814026,837,second_order,0
185,0.0972972972972973,18,6.107143258536974,0.9263855897639159,0.7094231369018614,838,all,1
132,0.12121212121212122,16,5.799280119074019,0.9320796223420211,0.6485999328637175,838,first_order,0
54,0.1111111111111111,6,3.31680671442054,0.915512189003579,0.7582010778643572,838,second_order,0
186,0.11290322580645161,21,5.185106371957386,0.8997272772377799,0.7017989353015601,839,all,0
132,0.09848484848484848,13,5.185106371957386,0.9080614063802706,0.665672482671511,839,first_order,0
54,0.09259259259259259,5,5.799280119074019,0.9160929395806227,0.6312618226794279,839,second_order,0
184,0.09782608695652174,18,5.379663780555674,0.9109300717236332,0.6680906648263405,840,all,2
132,0.09848484848484848,13,4.824738588056284,0.8574503514094076,0.6086623176616084,840,first_order,0
54,0.05555555555555555,3,2.4272236258901048,0.8328212129055655,0.6236496040081475,840,second_order,0
184,0.10326086956521739,19,4.929663571963915,0.9324097997902057,0.6579144190259661,841,all,2
132,0.07575757575757576,10,6.107143258536974,0.9000471342797541,0.6190784931306917,841,first_order,0
54,0.05555555555555555,3,2.3208538053965904,0.7592457624089586,0.5264591206598326,841,second_order,0
185,0.0918918918918919,17,5.185106371957386,0.8654759379763635,0.6272368790912327,842,all,1
130,0.11538461538461539,15,6.107143258536974,0.9216017232139356,0.630642059731716,842,first_order,2
54,0.07407407407407407,4,5.379663780555674,0.9225666268274488,0.7176553156549159,842,second_order,0
184,0.08152173913043478,15,5.293386789610306,0.9154141799025645,0.6274998583874498,843,all,2
132,0.09848484848484848,13,4.824738588056284,0.8404436502228816,0.584160918059629,843,first_order,0
54,0.07407407407407407,4,4.255759867545777,0.8788813341641855,0.6785725250895427,843,second_order,0
184,0.07608695652173914,14,7.402504941276007,0.9107861245050741,0.6977257483413494,844,all,2
132,0.10606060606060606,14,5.799280119074019,0.9405105855224358,0.7082021876715263,844,first_order,0
54,0.037037037037037035,2,2.185576710483891,0.7533879041773623,0.6078687839645571,844,second_order,0
184,0.09782608695652174,18,6.691101557193222,0.933353009645167,0.7291786329562128,845,all,2
132,0.09090909090909091,12,5.379663780555674,0.9036312179549634,0.6640802022163184,845,first_order,0
53,0.1509433962264151,8,5.6157714726161645,1.044851436240857,0.7464512495896817,845,second_order,1
185,0.12432432432432433,23,6.107143258536974,0.9312333827318559,0.6241211007861365,846,all,1
132,0.08333333333333333,11,6.691101557193222,0.9690639255225882,0.7128631387515644,846,first_order,0
53,0.09433962264150944,5,3.1110512172487033,0.8712387364559641,0.7258874944079705,846,second_order,1
186,0.10752688172043011,20,6.691101557193222,0.9070734680341128,0.6736914156761787,847,all,0
132,0.12878787878787878,17,5.263562138717859,1.0750927857706487,0.7547030643601532,847,first_order,0
54,0.09259259259259259,5,4.751979074252413,0.8888426309650317,0.6212777339139316,847,second_order,0
186,0.10215053763440861,19,7.402504941276007,0.8893973753725836,0.6842901916218918,848,all,0
132,0.12121212121212122,16,6.107143258536974,0.9357538379495401,0.623501030394551,848,first_order,0
54,0.12962962962962962,7,3.1110512172487033,0.8544415186379363,0.6322997906673462,848,second_order,0
185,0.08648648648648649,16,5.799280119074019,0.9297910036793525,0.6667043106133478,849,all,1
132,0.12121212121212122,16,5.293386789610306,0.9681365315609832,0.6715154477999774,849,first_order,0
54,0.07407407407407407,4,5.6157714726161645,0.8456239323068873,0.6661028438508391,849,second_order,0
184,0.10869565217391304,20,6.691101557193222,0.9304205078046144,0.6661028438508391,850,all,2
132,0.11363636363636363,15,4.840509145429005,0.9250514430032774,0.7157591398814026,850,first_order,0
53,0.07547169811320754,4,2.597125685326188,0.7650929303219484,0.6241211007861365,850,second_order,1
185,0.0972972972972973,18,6.691101557193222,0.9486314206925864,0.7379473014182562,851,all,1
131,0.1297709923664122,17,4.929663571963915,0.9847919292622456,0.779345901614944,851,first_order,1
54,0.07407407407407407,4,3.928708631946251,0.806689750997598,0.7012117576115044,851,second_order,0
185,0.11351351351351352,21,5.263562138717859,0.8743685196252969,0.5923173382165667,852,all,1
132,0.10606060606060606,14,5.379663780555674,0.9717331182750214,0.748965076799224,852,first_order,0
54,0.07407407407407407,4,3.454617599785624,0.9007119601752457,0.7421133059337766,852,second_order,0
185,0.08648648648648649,16,5.263562138717859,0.8284733748011212,0.5923173382165667,853,all,1
132,0.11363636363636363,15,4.646173456637406,0.8862965746927574,0.6086623176616084,853,first_order,0
53,0.18867924528301888,10,5.6157714726161645,1.1167360189153355,0.7808526852200293,853,second_order,1
185,0.12972972972972974,24,5.293386789610306,1.0307683602732336,0.7497806121384633,854,all,1
132,0.09090909090909091,12,5.185106371957386,0.8320806530610106,0.5864596622543237,854,first_order,0
54,0.09259259259259259,5,6.107143258536974,0.874787364654635,0.6204126992151822,854,second_order,0
184,0.08695652173913043,16,4.929663571963915,0.847417105216193,0.6604744417788941,855,all,2
131,0.0916030534351145,12,4.929663571963915,0.8835466106967121,0.6246219015352161,855,first_order,1
53,0.07547169811320754,4,2.597125685326188,0.8578145804137627,0.6641446718579378,855,second_order,1
185,0.10270270270270271,19,5.185106371957386,0.9019305871050293,0.6426561196993434,856,all,1
132,0.08333333333333333,11,5.185106371957386,0.8558761738892537,0.6661028438508391,856,first_order,0
54,0.09259259259259259,5,4.526698006705169,0.8511847268929276,0.5430416902691759,856,second_order,0
186,0.11827956989247312,22,5.799280119074019,0.9202890461883779,0.620488701385111,857,all,0
131,0.08396946564885496,11,3.928708631946251,0.8297093302505453,0.616818945303483,857,first_order,1
54,0.07407407407407407,4,5.293386789610306,0.8732523363798235,0.6903005832809617,857,second_order,0
186,0.07526881720430108,14,4.456760860548637,0.7920075921222958,0.6627079909993032,858,all,0
131,0.11450381679389313,15,5.799280119074019,0.8965807643915559,0.5722238686166866,858,first_order,1
53,0.1320754716981132,7,3.62448141830845,0.879356062986054,0.7867223022258918,858,second_order,1
186,0.10752688172043011,20,7.402504941276007,0.9927167793543776,0.7664188404794778,859,all,0
132,0.09090909090909091,12,7.402504941276007,0.9341604849904017,0.7010501442118717,859,first_order,0
54,0.07407407407407407,4,3.62448141830845,0.8689940857814014,0.8330119426347409,859,second_order,0
185,0.12972972972972974,24,4.751979074252413,0.934063076497846,0.6667043106133478,860,all,1
132,0.09090909090909091,12,5.799280119074019,0.8735677501345324,0.659677293414314,860,first_order,0
54,0.05555555555555555,3,3.1273523871075204,0.7291680145025252,0.5045745094918357,860,second_order,0
186,0.0967741935483871,18,6.107143258536974,0.9284311152077931,0.6555591183730323,861,all,0
131,0.0916030534351145,12,5.293386789610306,0.9081028827886672,0.659677293414314,861,first_order,1
54,0.1111111111111111,6,4.255759867545777,0.8389888335962783,0.46910056724725485,861,second_order,0
185,0.0972972972972973,18,6.107143258536974,0.8485061475715283,0.6240217291747396,862,all,1
131,0.10687022900763359,14,4.182276018096301,0.9285407698986401,0.7685680049200038,862,first_order,1
54,0.12962962962962962,7,6.107143258536974,1.1740938224449056,1.006147062551766,862,second_order,0
186,0.11290322580645161,21,7.402504941276007,0.9533943450198439,0.6593442089430146,863,all,0
132,0.10606060606060606,14,5.164087683548203,0.7963281295474114,0.4873103225362156,863,first_order,0
54,0.037037037037037035,2,3.928708631946251,0.7273920561674945,0.6287385507661434,863,second_order,0
185,0.10270270270270271,19,7.402504941276007,0.9394765760926056,0.7042871243384402,864,all,1
130,0.08461538461538462,11,6.691101557193222,0.8862094417804359,0.71083807382579,864,first_order,2
54,0.09259259259259259,5,3.31680671442054,0.887543403138179,0.656260431442371,864,second_order,0
185,0.06486486486486487,12,4.929663571963915,0.8285823987379853,0.6272368790912327,865,all,1
132,0.10606060606060606,14,5.293386789610306,0.8727874130116727,0.6070317439263069,865,first_order,0
54,0.05555555555555555,3,5.6157714726161645,1.0151923594491217,0.7580137288260871,865,second_order,0
185,0.11891891891891893,22,5.799280119074019,1.002498532158708,0.7451364526813546,866,all,1
130,0.1076923076923077,14,4.824738588056284,0.9020347935517188,0.6274998583874498,866,first_order,2
54,0.05555555555555555,3,5.185106371957386,0.7738413228976713,0.5237088583516827,866,second_order,0
186,0.08064516129032258,15,5.263562138717859,0.8527990912213704,0.6808943219639163,867,all,0
132,0.11363636363636363,15,4.751979074252413,0.9056280703168617,0.7466052735676689,867,first_order,0
54,0.12962962962962962,7,6.691101557193222,1.0119657906867003,0.6566345996482612,867,second_order,0
185,0.0972972972972973,18,4.526698006705169,0.8697736572411163,0.6647381317415102,868,all,1
132,0.11363636363636363,15,7.402504941276007,0.9195151692667348,0.6764864495543605,868,first_order,0
53,0.09433962264150944,5,3.863592381570207,0.970747414387729,0.858287682172329,868,second_order,1
186,0.11290322580645161,21,6.107143258536974,0.9033430229196965,0.6890092298452647,869,all,0
132,0.12121212121212122,16,7.402504941276007,0.9042364360398178,0.6145419539677223,869,first_order,0
54,0.037037037037037035,2,2.2556942761898653,0.7636556046659879,0.6436675408098401,869,second_order,0
185,0.12432432432432433,23,5.799280119074019,0.9833569122745388,0.6787596719159195,870,all,1
132,0.1590909090909091,21,4.318129007165164,0.963809102173807,0.7115575107857247,870,first_order,0
54,0.1111111111111111,6,6.107143258536974,0.9321442769349886,0.5974559053925188,870,second_order,0
185,0.10270270270270271,19,5.799280119074019,0.9155328357563443,0.7086155213884819,871,all,1
131,0.09923664122137404,13,4.929663571963915,0.9045684779922788,0.7003308485281473,871,first_order,1
54,0.1111111111111111,6,4.751979074252413,1.0809614768738074,1.0212523129693727,871,second_order,0
186,0.11827956989247312,22,5.293386789610306,0.9520709202880638,0.7379856722844127,872,all,0
132,0.10606060606060606,14,5.379663780555674,0.8186581875388711,0.6118960680294079,872,first_order,0
54,0.018518518518518517,1,4.751979074252413,0.7856158077763937,0.5960456971380994,872,second_order,0
185,0.10810810810810811,20,6.691101557193222,0.9330383040590343,0.6333560007461502,873,all,1
132,0.09848484848484848,13,5.799280119074019,0.8671606088076398,0.6787985031961925,873,first_order,0
54,0.12962962962962962,7,5.263562138717859,0.946342031570859,0.688769140092335,873,second_order,0
185,0.10810810810810811,20,4.824738588056284,0.9084444949812789,0.6641446718579378,874,all,1
131,0.1297709923664122,17,5.379663780555674,0.9163297767687628,0.6246219015352161,874,first_order,1
54,0.09259259259259259,5,2.8714948985655466,0.9366811396254533,0.8316365128897243,874,second_order,0
184,0.08152173913043478,15,7.402504941276007,0.9306684977418344,0.6802339671406576,875,all,2
132,0.09090909090909091,12,5.164087683548203,0.8358464027861044,0.6303232653882931,875,first_order,0
53,0.07547169811320754,4,2.667247633129512,0.7925062727663071,0.6469102300243715,875,second_order,1
185,0.0918918918918919,17,5.185106371957386,0.8818830828401265,0.7512461701346108,876,all,1
131,0.08396946564885496,11,5.799280119074019,0.869649206386759,0.6266423599541501,876,first_order,1
54,0.1111111111111111,6,5.6157714726161645,1.0393751746721887,0.9405462867946837,876,second_order,0
185,0.12432432432432433,23,6.107143258536974,0.917826736187825,0.6674675559601679,877,all,1
131,0.10687022900763359,14,7.402504941276007,0.9384617425181447,0.7288035871022768,877,first_order,1
54,0.05555555555555555,3,5.6157714726161645,0.8423778377167633,0.5352443754074956,877,second_order,0
186,0.0967741935483871,18,5.185106371957386,0.9095281093386296,0.6280219714572506,878,all,0
131,0.15267175572519084,20,4.840509145429005,0.991825801257442,0.7464512495896817,878,first_order,1
54,0.09259259259259259,5,6.107143258536974,0.945905767656238,0.7325504347243472,878,second_order,0
186,0.08064516129032258,15,5.379663780555674,0.897897780535229,0.7150873093732053,879,all,0
132,0.13636363636363635,18,5.799280119074019,0.9626454542132228,0.655166251357749,879,first_order,0
54,0.05555555555555555,3,2.2997338138465095,0.752403879724906,0.5358247023141907,879,second_order,0
185,0.0972972972972973,18,7.402504941276007,0.9263880893665749,0.6930003783211475,880,all,1
131,0.11450381679389313,15,7.402504941276007,0.8984267528668533,0.6694770190393332,880,first_order,1
54,0.09259259259259259,5,5.293386789610306,0.963062044354398,0.6326720309338472,880,second_order,0
186,0.13440860215053763,25,5.293386789610306,0.9662044595205564,0.6601000134631116,881,all,0
131,0.11450381679389313,15,5.263562138717859,0.8896260782102554,0.6646406547296743,881,first_order,1
54,0.07407407407407407,4,3.1110512172487033,0.8348925473849684,0.6312618226794279,881,second_order,0
186,0.08064516129032258,15,7.402504941276007,0.8537042270026841,0.5893622642717361,882,all,0
132,0.09090909090909091,12,6.691101557193222,0.8968688983612316,0.6354659795995556,882,first_order,0
53,0.18867924528301888,10,5.6157714726161645,1.2080071468005371,0.8339935107158669,882,second_order,1
186,0.0967741935483871,18,6.107143258536974,0.9413874868583401,0.7409824596574466,883,all,0
132,0.12121212121212122,16,6.107143258536974,0.8934248534269852,0.6890092298452647,883,first_order,0
54,0.1111111111111111,6,2.625491388708993,0.8879594873334914,0.7698296841202635,883,second_order,0
185,0.0918918918918919,17,7.402504941276007,0.8798889085670509,0.598169278731021,884,all,1
131,0.1297709923664122,17,5.379663780555674,0.9497436077537318,0.6876007882407759,884,first_order,1
53,0.11320754716981132,6,3.31680671442054,0.9169870393595795,0.737788801052602,884,second_order,1
184,0.125,23,7.402504941276007,0.9621643943543604,0.6807008461912061,885,all,2
132,0.10606060606060606,14,5.185106371957386,0.8536728377832865,0.6053180754787462,885,first_order,0
54,0.14814814814814814,8,6.107143258536974,1.0199174476493245,0.7847755509373522,885,second_order,0
186,0.07526881720430108,14,5.379663780555674,0.882248820187106,0.6305673620994254,886,all,0
132,0.09090909090909091,12,5.379663780555674,0.8676482829882713,0.6146446011957609,886,first_order,0
54,0.1111111111111111,6,3.928708631946251,0.9809130965328285,0.71388400637306,886,second_order,0
184,0.09239130434782608,17,6.107143258536974,0.9141754086832237,0.664441401799724,887,all,2
132,0.13636363636363635,18,5.185106371957386,0.9888095218929108,0.672305061463186,887,first_order,0
54,0.09259259259259259,5,2.8714948985655466,0.952572132935111,0.7708860007416369,887,second_order,0
186,0.11827956989247312,22,4.751979074252413,0.902689358463747,0.630642059731716,888,all,0
132,0.11363636363636363,15,5.799280119074019,0.9417234303017067,0.6726866841365962,888,first_order,0
53,0.03773584905660377,2,5.185106371957386,0.8901441965757424,0.6876007882407759,888,second_order,1
186,0.0967741935483871,18,5.293386789610306,0.933847463154982,0.7184172416184109,889,all,0
132,0.08333333333333333,11,4.929663571963915,0.8950708110864034,0.6637834722745322,889,first_order,0
53,0.09433962264150944,5,2.616648797139487,0.9087593678949748,0.8082821481198705,889,second_order,1
185,0.0918918918918919,17,6.107143258536974,0.9754284072589545,0.6845379018635227,890,all,1
132,0.13636363636363635,18,4.255759867545777,0.935564000367288,0.7300036424921319,890,first_order,0
54,0.14814814814814814,8,5.293386789610306,1.0264562306101201,0.8969469561556521,890,second_order,0
185,0.0918918918918919,17,6.107143258536974,0.8774600225998193,0.6641446718579378,891,all,1
132,0.10606060606060606,14,5.263562138717859,0.900223934124142,0.6145903867386959,891,first_order,0
54,0.18518518518518517,10,4.318129007165164,1.0680671680287266,0.8205452199675944,891,second_order,0
186,0.10752688172043011,20,5.263562138717859,0.9471212776453815,0.6809950677906548,892,all,0
130,0.14615384615384616,19,7.402504941276007,1.0384797655699833,0.7276874094670691,892,first_order,2
54,0.018518518518518517,1,2.667247633129512,0.7919402489834725,0.5712269915069539,892,second_order,0
185,0.0972972972972973,18,5.263562138717859,0.8994126017239927,0.6941747337012587,893,all,1
132,0.12121212121212122,16,4.526698006705169,0.9322655398307963,0.6824857516289108,893,first_order,0
54,0.07407407407407407,4,4.840509145429005,0.8450960710130744,0.6812386986802403,893,second_order,0
185,0.0972972972972973,18,5.379663780555674,0.8959518758863215,0.7271535680304384,894,all,1
132,0.09090909090909091,12,5.379663780555674,0.8793079785849244,0.5954323724116488,894,first_order,0
54,0.07407407407407407,4,4.526698006705169,0.9884785515518061,0.8633499921420342,894,second_order,0
186,0.10215053763440861,19,7.402504941276007,0.8517159835270276,0.579954068993805,895,all,0
131,0.15267175572519084,20,5.379663780555674,0.9963576907402864,0.7379473014182562,895,first_order,1
54,0.14814814814814814,8,5.6157714726161645,1.0688340529453233,0.7565713869417368,895,second_order,0
186,0.08602150537634409,16,7.402504941276007,0.9328878374729186,0.6996219241148627,896,all,0
131,0.11450381679389313,15,5.164087683548203,0.8902005500991009,0.6941747337012587,896,first_order,1
53,0.16981132075471697,9,6.107143258536974,0.9747204417057888,0.5141820136578167,896,second_order,1
185,0.12432432432432433,23,5.379663780555674,0.939444079313958,0.7258874944079705,897,all,1
132,0.11363636363636363,15,4.824738588056284,0.9271296728812964,0.6333389244370415,897,first_order,0
54,0.1111111111111111,6,2.6812454117980167,0.7269017551645226,0.5391058051733726,897,second_order,0
185,0.10270270270270271,19,6.691101557193222,0.8664449117493425,0.6195204845635944,898,all,1
131,0.12213740458015267,16,5.799280119074019,1.0371474135767087,0.7685680049200038,898,first_order,1
54,0.09259259259259259,5,4.318129007165164,0.9701171423773186,0.7754959891324218,898,second_order,0
185,0.10810810810810811,20,5.185106371957386,0.9257988178333524,0.7042871243384402,899,all,1
130,0.1,13,4.929663571963915,0.8930326548489047,0.634946499395288,899,first_order,2
54,0.12962962962962962,7,3.6769103605760836,0.9813003718873008,0.8968082128181846,899,second_order,0
185,0.0918918918918919,17,4.646173456637406,0.9052838357067805,0.7258874944079705,900,all,1
132,0.07575757575757576,10,5.164087683548203,0.8583222975246316,0.6575332397700003,900,first_order,0
54,0.07407407407407407,4,5.185106371957386,0.8855639439129547,0.781669159057531,900,second_order,0
186,0.0967741935483871,18,5.164087683548203,0.9115787477485506,0.6994048519797909,901,all,0
132,0.10606060606060606,14,4.456760860548637,0.8788552662024423,0.6637834722745322,901,first_order,0
53,0.11320754716981132,6,2.917556643828069,0.9007196101003124,0.6081688194811744,901,second_order,1
185,0.10270270270270271,19,7.402504941276007,0.9747787827902752,0.6945225796211416,902,all,1
132,0.10606060606060606,14,6.107143258536974,0.9327678190094961,0.6620103825337124,902,first_order,0
54,0.037037037037037035,2,4.526698006705169,0.7385138579234896,0.4812277947290522,902,second_order,0
185,0.11351351351351352,21,7.402504941276007,0.9603091281438043,0.6945225796211416,903,all,1
132,0.07575757575757576,10,4.929663571963915,0.835236225276114,0.6989976901261776,903,first_order,0
54,0.12962962962962962,7,4.318129007165164,1.0102516440203368,0.692068600849232,903,second_order,0
186,0.11290322580645161,21,7.402504941276007,0.9868644627298635,0.6895302407423322,904,all,0
132,0.07575757575757576,10,6.107143258536974,0.8739343934857277,0.6052171206814912,904,first_order,0
54,0.12962962962962962,7,5.293386789610306,0.9161193677115627,0.6924343751958351,904,second_order,0
185,0.08108108108108109,15,6.107143258536974,0.889425727722538,0.6335053960107315,905,all,1
131,0.06870229007633588,9,5.379663780555674,0.8183472170277578,0.5806019862920806,905,first_order,1
54,0.09259259259259259,5,3.7071232480487804,0.8354746822862077,0.6543295013248296,905,second_order,0
185,0.10810810810810811,20,5.185106371957386,0.9392234392832381,0.6787596719159195,906,all,1
132,0.08333333333333333,11,4.526698006705169,0.907976657458509,0.7390309665339467,906,first_order,0
53,0.07547169811320754,4,2.9156882695534767,0.9257095352669589,0.9173431887577475,906,second_order,1
186,0.10215053763440861,19,4.824738588056284,0.8389166126428083,0.6092865209182667,907,all,0
131,0.061068702290076333,8,3.7071232480487804,0.7986381303996607,0.6667043106133478,907,first_order,1
54,0.07407407407407407,4,2.3642861565928515,0.7957562543677619,0.6504864759854497,907,second_order,0
186,0.10752688172043011,20,4.751979074252413,0.8552014448811914,0.6609916290509171,908,all,0
132,0.10606060606060606,14,7.402504941276007,0.911217541278099,0.6994048519797909,908,first_order,0
53,0.09433962264150944,5,4.646173456637406,0.9944006355236579,0.7003308485281473,908,second_order,1
185,0.10810810810810811,20,6.691101557193222,0.9522960799127125,0.7258874944079705,909,all,1
132,0.12121212121212122,16,5.379663780555674,0.933633149091924,0.6724985372358963,909,first_order,0
54,0.037037037037037035,2,2.667247633129512,0.6794318082630099,0.43177299610965836,909,second_order,0
186,0.0967741935483871,18,5.379663780555674,0.8940223683984556,0.624071414980438,910,all,0
131,0.12213740458015267,16,6.107143258536974,1.0709812823645886,0.7451364526813546,910,first_order,1
54,0.1111111111111111,6,5.6157714726161645,1.0109021485454375,0.6071358021148345,910,second_order,0
185,0.10810810810810811,20,6.691101557193222,0.9327972588510315,0.6779058123130243,911,all,1
132,0.10606060606060606,14,5.164087683548203,0.8679704660375797,0.6274998583874498,911,first_order,0
54,0.12962962962962962,7,4.526698006705169,0.995352446254569,0.8347220579793234,911,second_order,0
186,0.08064516129032258,15,6.107143258536974,0.854828102136402,0.6262003124939584,912,all,0
132,0.07575757575757576,10,6.107143258536974,0.878946675609586,0.6943486566612002,912,first_order,0
54,0.09259259259259259,5,5.263562138717859,1.028410032535084,0.8855165420653517,912,second_order,0
186,0.12365591397849462,23,6.107143258536974,1.0152481541108,0.8017660556902102,913,all,0
132,0.08333333333333333,11,6.107143258536974,0.907428508953502,0.6384619526409886,913,first_order,0
54,0.2037037037037037,11,5.799280119074019,1.216426413254808,0.8994369341031447,913,second_order,0
186,0.0967741935483871,18,6.107143258536974,0.9801504584584869,0.7320920698074647,914,all,0
132,0.13636363636363635,18,4.840509145429005,0.9986582920452293,0.6882481291952676,914,first_order,0
53,0.05660377358490566,3,2.8714948985655466,0.7288139823526145,0.591115666393898,914,second_order,1
186,0.10752688172043011,20,5.263562138717859,0.9217971630849626,0.658983009359609,915,all,0
132,0.13636363636363635,18,7.402504941276007,1.0113994049206028,0.6866411257685305,915,first_order,0
54,0.018518518518518517,1,3.1110512172487033,0.7772429578976201,0.6865491706575013,915,second_order,0
186,0.13440860215053763,25,6.107143258536974,0.8943916683865125,0.612196122675183,916,all,0
132,0.08333333333333333,11,7.402504941276007,0.9472890999426448,0.742625542165496,916,first_order,0
54,0.09259259259259259,5,4.255759867545777,0.8388111517529767,0.6450777490642594,916,second_order,0
185,0.12432432432432433,23,4.751979074252413,0.9211800585851152,0.6335053960107315,917,all,1
131,0.08396946564885496,11,5.799280119074019,0.9282626884087327,0.7042871243384402,917,first_order,1
54,0.037037037037037035,2,2.0621232632489948,0.828517920281127,0.8813726626948604,917,second_order,0
185,0.11351351351351352,21,5.293386789610306,0.9211490970407314,0.6694770190393332,918,all,1
132,0.07575757575757576,10,4.751979074252413,0.7976127872661595,0.6145419539677223,918,first_order,0
54,0.05555555555555555,3,2.597125685326188,0.6940072247428001,0.5306749189478814,918,second_order,0
185,0.0918918918918919,17,6.107143258536974,0.8785310298139728,0.6845379018635227,919,all,1
131,0.09923664122137404,13,5.293386789610306,0.8770330314250716,0.6277787234527006,919,first_order,1
53,0.07547169811320754,4,5.6157714726161645,0.8301441640046441,0.5099386926939553,919,second_order,1
184,0.10869565217391304,20,6.107143258536974,0.9476458492315074,0.7048769927150044,920,all,2
131,0.10687022900763359,14,3.6336585535022268,0.880383934060474,0.6787596719159195,920,first_order,1
54,0.037037037037037035,2,4.929663571963915,0.8664857706908592,0.686398862216171,920,second_order,0
184,0.10869565217391304,20,5.379663780555674,0.9058403849903806,0.6413149617246581,921,all,2
132,0.06818181818181818,9,4.751979074252413,0.8718035680288279,0.6465166470802322,921,first_order,0
54,0.09259259259259259,5,4.182276018096301,1.0783130618108607,0.9455536403482265,921,second_order,0
186,0.08602150537634409,16,6.107143258536974,0.8227189051007028,0.5835742783959186,922,all,0
132,0.13636363636363635,18,5.799280119074019,0.9591487042234635,0.598139422857613,922,first_order,0
54,0.07407407407407407,4,5.263562138717859,0.9987755523526658,0.7275333854890818,922,second_order,0
186,0.11827956989247312,22,5.379663780555674,0.934934327283428,0.665721221177429,923,all,0
132,0.09848484848484848,13,6.691101557193222,0.9445946675112218,0.6640314637104003,923,first_order,0
53,0.11320754716981132,6,3.928708631946251,0.9395207185158096,0.689820711327864,923,second_order,1
185,0.0918918918918919,17,4.929663571963915,0.8699026820420813,0.6195204845635944,924,all,1
132,0.09090909090909091,12,5.293386789610306,0.9627183298203322,0.7345754996501217,924,first_order,0
54,0.12962962962962962,7,4.182276018096301,1.0072814450757082,0.7819592337635819,924,second_order,0
185,0.11351351351351352,21,6.691101557193222,0.900530675743589,0.6634222726911264,925,all,1
131,0.08396946564885496,11,4.456760860548637,0.800483035070856,0.6545437460280915,925,first_order,1
54,0.14814814814814814,8,3.7071232480487804,0.9441374422742052,0.6578441602447491,925,second_order,0
186,0.12365591397849462,23,6.691101557193222,1.004514172085376,0.7217097932037184,926,all,0
132,0.10606060606060606,14,4.824738588056284,0.8520320560320659,0.6571105197212028,926,first_order,0
53,0.07547169811320754,4,5.185106371957386,0.8598668576224135,0.7086155213884819,926,second_order,1
185,0.12972972972972974,24,5.293386789610306,0.97166557160417,0.7329804417329422,927,all,1
132,0.06818181818181818,9,3.863592381570207,0.8550753922260372,0.7560627965722553,927,first_order,0
54,0.07407407407407407,4,3.928708631946251,0.8782564274338134,0.6550618378297557,927,second_order,0
186,0.06989247311827956,13,4.929663571963915,0.808600080265453,0.6081183789585258,928,all,0
132,0.12878787878787878,17,3.62448141830845,0.9146237860807024,0.6944125131009815,928,first_order,0
54,0.05555555555555555,3,3.1110512172487033,0.830198009738374,0.5810831278415819,928,second_order,0
184,0.13043478260869565,24,6.107143258536974,1.0164388351132103,0.6887107497843199,929,all,2
132,0.11363636363636363,15,5.263562138717859,0.899362868539555,0.6418495112945268,929,first_order,0
54,0.07407407407407407,4,6.107143258536974,0.9647637204731322,0.7015690505048118,929,second_order,0
185,0.10270270270270271,19,5.293386789610306,0.8922787896802367,0.6834958800693878,930,all,1
132,0.10606060606060606,14,7.402504941276007,0.8979391362785101,0.6865491706575013,930,first_order,0
54,0.09259259259259259,5,4.182276018096301,0.8903171892189108,0.7389438406729122,930,second_order,0
186,0.10752688172043011,20,5.185106371957386,0.8775767642733322,0.6349385565107712,931,all,0
132,0.10606060606060606,14,4.751979074252413,0.9737564423577999,0.7819053915847458,931,first_order,0
54,0.12962962962962962,7,3.928708631946251,0.8656616113799005,0.6110594543202508,931,second_order,0
185,0.0972972972972973,18,5.379663780555674,0.8999156319379078,0.6050596726912554,932,all,1
132,0.11363636363636363,15,5.185106371957386,0.9193214117926782,0.732875584084676,932,first_order,0
54,0.05555555555555555,3,3.31680671442054,0.754618620993069,0.5450012741318577,932,second_order,0
186,0.0967741935483871,18,5.185106371957386,0.876153205436765,0.6259214474287076,933,all,0
131,0.05343511450381679,7,7.402504941276007,0.7750377824890081,0.5339360727011387,933,first_order,1
54,0.07407407407407407,4,3.6769103605760836,0.8400472515197211,0.706451322863461,933,second_order,0
186,0.12365591397849462,23,7.402504941276007,0.9789404573779734,0.7320920698074647,934,all,0
132,0.11363636363636363,15,6.107143258536974,0.9387989222108845,0.665721221177429,934,first_order,0
54,0.1111111111111111,6,4.318129007165164,0.9416354868737504,0.6726866841365962,934,second_order,0
186,0.0913978494623656,17,7.402504941276007,0.8543839945941619,0.6640314637104003,935,all,0
132,0.07575757575757576,10,6.107143258536974,0.8041707179739309,0.5942448968366041,935,first_order,0
53,0.07547169811320754,4,3.6769103605760836,0.85837712254491,0.7258874944079705,935,second_order,1
184,0.11413043478260869,21,7.402504941276007,0.9149761912944065,0.6808943219639163,936,all,2
131,0.061068702290076333,8,5.293386789610306,0.7975721378235828,0.6469102300243715,936,first_order,1
54,0.09259259259259259,5,4.255759867545777,0.8259280529996688,0.6002347559757965,936,second_order,0
186,0.0913978494623656,17,5.379663780555674,0.9336608215298243,0.6760027289118453,937,all,0
132,0.12121212121212122,16,7.402504941276007,0.9778742288551341,0.6657353641734065,937,first_order,0
54,0.07407407407407407,4,2.594204638299012,0.9947406500273449,0.914496903323291,937,second_order,0
186,0.10752688172043011,20,5.263562138717859,0.9023002953121921,0.6302964399186914,938,all,0
131,0.09923664122137404,13,7.402504941276007,0.9092048831091517,0.6182894606018712,938,first_order,1
54,0.09259259259259259,5,2.667247633129512,0.8422472548969747,0.6914105448245058,938,second_order,0
186,0.08602150537634409,16,6.107143258536974,0.8357782664681808,0.6359062348034676,939,all,0
132,0.08333333333333333,11,4.751979074252413,0.8150193508232007,0.6124635991753838,939,first_order,0
54,0.09259259259259259,5,6.691101557193222,0.9554467579305066,0.7519327423245159,939,second_order,0
185,0.10270270270270271,19,5.379663780555674,0.8948308802059799,0.6876007882407759,940,all,1
132,0.08333333333333333,11,3.454617599785624,0.837972288965281,0.710642340560995,940,first_order,0
53,0.1509433962264151,8,4.751979074252413,1.1043958025878582,0.9747805672329846,940,second_order,1
186,0.0913978494623656,17,5.185106371957386,0.8968245259024924,0.664441401799724,941,all,0
132,0.10606060606060606,14,6.107143258536974,0.9518651596457728,0.739715845661312,941,first_order,0
53,0.11320754716981132,6,7.402504941276007,0.9691338432277263,0.5843815978800456,941,second_order,1
184,0.09782608695652174,18,5.164087683548203,0.8782470979224647,0.6712187178581912,942,all,2
132,0.06818181818181818,9,5.293386789610306,0.8685171195043264,0.6145419539677223,942,first_order,0
54,0.07407407407407407,4,3.928708631946251,0.9272452885298467,0.8042071273451442,942,second_order,0
184,0.10326086956521739,19,5.379663780555674,0.8981291588044928,0.6381807032649086,943,all,2
131,0.11450381679389313,15,5.379663780555674,0.9949732396317861,0.6945225796211416,943,first_order,1
54,0.09259259259259259,5,6.107143258536974,0.9504704392250608,0.6944125131009815,943,second_order,0
184,0.10869565217391304,20,4.929663571963915,0.9276401421248656,0.7102050370145561,944,all,2
132,0.11363636363636363,15,6.691101557193222,0.9586009256975098,0.7389517163511197,944,first_order,0
54,0.07407407407407407,4,3.863592381570207,0.9111521464346864,0.6233786818274136,944,second_order,0
186,0.10752688172043011,20,6.107143258536974,0.9633162666682826,0.7023089864332938,945,all,0
131,0.12213740458015267,16,3.62448141830845,0.8902385321215853,0.7401146316496374,945,first_order,1
53,0.05660377358490566,3,3.0203453616877467,0.8061713852936061,0.598169278731021,945,second_order,1
185,0.12432432432432433,23,6.107143258536974,1.0022866180999053,0.7466839834638372,946,all,1
132,0.09848484848484848,13,4.456760860548637,0.8783948758335335,0.7615787461056671,946,first_order,0
54,0.05555555555555555,3,4.751979074252413,0.7410964320681438,0.5948008416430393,946,second_order,0
185,0.11891891891891893,22,4.318129007165164,0.9129050096512289,0.7094231369018614,947,all,1
132,0.07575757575757576,10,5.379663780555674,0.839131330771667,0.6129851552040035,947,first_order,0
53,0.05660377358490566,3,5.185106371957386,0.8904739955624245,0.7464512495896817,947,second_order,1
186,0.07526881720430108,14,5.293386789610306,0.8954841962791957,0.6736914156761787,948,all,0
132,0.09848484848484848,13,7.402504941276007,0.9079341585615492,0.6402078130175515,948,first_order,0
54,0.1111111111111111,6,6.107143258536974,0.9730152548537597,0.5931684270483996,948,second_order,0
185,0.07567567567567568,14,4.824738588056284,0.7856680014990092,0.6124702570880387,949,all,1
131,0.12213740458015267,16,5.379663780555674,0.978109656984776,0.6945225796211416,949,first_order,1
54,0.12962962962962962,7,4.929663571963915,0.8777973468635852,0.6055812287198751,949,second_order,0
186,0.11290322580645161,21,4.255759867545777,0.8827943612067595,0.6243218153549779,950,all,0
131,0.11450381679389313,15,7.402504941276007,0.8700215877655334,0.627220993322199,950,first_order,1
53,0.09433962264150944,5,3.6769103605760836,0.7642466274603084,0.5528327445997522,950,second_order,1
186,0.10215053763440861,19,7.402504941276007,0.9127089961772593,0.6903005832809617,951,all,0
131,0.12213740458015267,16,4.526698006705169,0.8818715333880719,0.627220993322199,951,first_order,1
54,0.07407407407407407,4,2.4272236258901048,0.8194526236914919,0.6812386986802403,951,second_order,0
186,0.10752688172043011,20,5.799280119074019,0.9082198369563064,0.6507269880262315,952,all,0
132,0.10606060606060606,14,7.402504941276007,0.98687355362178,0.7265205312192045,952,first_order,0
54,0.05555555555555555,3,5.6157714726161645,0.8302603558731882,0.5038573779690254,952,second_order,0
185,0.05945945945945946,11,4.318129007165164,0.7945536877801697,0.6674675559601679,953,all,1
132,0.12121212121212122,16,6.691101557193222,0.9761087806433316,0.6738202759636628,953,first_order,0
54,0.07407407407407407,4,5.6157714726161645,1.0878427075551438,0.9886949173714331,953,second_order,0
185,0.08108108108108109,15,4.255759867545777,0.8229322380068697,0.6061027847484948,954,all,1
132,0.14393939393939395,19,5.379663780555674,1.0144028634455202,0.7489041368853507,954,first_order,0
53,0.05660377358490566,3,5.263562138717859,0.8130791500070879,0.6779058123130243,954,second_order,1
186,0.10752688172043011,20,7.402504941276007,0.9472817828270678,0.6840168909664552,955,all,0
131,0.13740458015267176,18,6.107143258536974,0.9956397317053766,0.7258874944079705,955,first_order,1
54,0.12962962962962962,7,5.6157714726161645,0.9562111033420407,0.61527448936753,955,second_order,0
186,0.11290322580645161,21,5.164087683548203,0.9966790499414104,0.800054299076116,956,all,0
130,0.12307692307692308,16,4.929663571963915,0.976556595567944,0.7300036424921319,956,first_order,2
54,0.09259259259259259,5,2.917556643828069,1.0180674168878547,1.0626144310381904,956,second_order,0
186,0.0967741935483871,18,6.691101557193222,0.8207960457656364,0.6571105197212028,957,all,0
132,0.11363636363636363,15,4.840509145429005,0.932699828574015,0.6745331628246165,957,first_order,0
54,0.037037037037037035,2,4.182276018096301,0.7761536955879441,0.6154283808247627,957,second_order,0
186,0.13978494623655913,26,5.799280119074019,1.0161417820152816,0.6619109826361259,958,all,0
131,0.1450381679389313,19,7.402504941276007,0.9924174244987607,0.6623059646875202,958,first_order,1
54,0.09259259259259259,5,3.6769103605760836,0.8451084451701206,0.6557152460630524,958,second_order,0
184,0.09239130434782608,17,5.379663780555674,0.84219615986446,0.6190784931306917,959,all,2
131,0.10687022900763359,14,7.402504941276007,0.9090449481344766,0.6234294533997362,959,first_order,1
54,0.12962962962962962,7,3.5062365470376697,0.9026117522103353,0.6280020527733574,959,second_order,0
185,0.11351351351351352,21,7.402504941276007,0.8909692522027631,0.6641446718579378,960,all,1
132,0.10606060606060606,14,4.646173456637406,0.901412608098359,0.6936644746074428,960,first_order,0
52,0.07692307692307693,4,2.597125685326188,0.7805709168835918,0.6630759998843656,960,second_order,2
186,0.10752688172043011,20,5.164087683548203,0.8981718321169724,0.6262003124939584,961,all,0
132,0.08333333333333333,11,4.646173456637406,0.905579389900846,0.7291786329562128,961,first_order,0
54,0.14814814814814814,8,6.691101557193222,1.0353632390450758,0.6110594543202508,961,second_order,0
185,0.12972972972972974,24,6.107143258536974,0.9768416015193802,0.7258874944079705,962,all,1
132,0.09848484848484848,13,4.751979074252413,0.8523179355074001,0.5954323724116488,962,first_order,0
54,0.037037037037037035,2,4.318129007165164,0.7446460112993649,0.5275254794914301,962,second_order,0
185,0.07567567567567568,14,7.402504941276007,0.9041543108399085,0.6277787234527006,963,all,1
132,0.09848484848484848,13,5.799280119074019,0.8857739786886104,0.6606240283207196,963,first_order,0
54,0.018518518518518517,1,5.6157714726161645,0.8720557909310502,0.6755986771814059,963,second_order,0
184,0.09782608695652174,18,5.293386789610306,0.9220226211388781,0.7015690505048118,964,all,2
132,0.06818181818181818,9,5.379663780555674,0.8410141118523519,0.6689850286363794,964,first_order,0
54,0.09259259259259259,5,6.107143258536974,0.9109900026936559,0.7068551306201508,964,second_order,0
186,0.0967741935483871,18,5.379663780555674,0.897736980867747,0.6380060602227469,965,all,0
132,0.10606060606060606,14,5.799280119074019,0.8507745208818658,0.572999320659536,965,first_order,0
54,0.09259259259259259,5,2.667247633129512,0.8947362532454576,0.6735105468449754,965,second_order,0
186,0.0913978494623656,17,7.402504941276007,0.9479046995522894,0.7182883524661499,966,all,0
132,0.09090909090909091,12,7.402504941276007,0.918193398576502,0.6016130678151943,966,first_order,0
54,0.05555555555555555,3,2.3208538053965904,0.8609972002681472,0.7829724888297358,966,second_order,0
185,0.0972972972972973,18,6.691101557193222,0.910803021862465,0.6246219015352161,967,all,1
132,0.06818181818181818,9,5.379663780555674,0.8257787467385574,0.6225340507111183,967,first_order,0
54,0.09259259259259259,5,4.318129007165164,0.9550532326769824,0.7236059689772317,967,second_order,0
185,0.0918918918918919,17,6.107143258536974,0.9077297135876411,0.6647381317415102,968,all,1
131,0.09923664122137404,13,5.799280119074019,0.9675701575661284,0.6782927638584447,968,first_order,1
54,0.07407407407407407,4,3.928708631946251,0.9914919558113744,0.8775182204819703,968,second_order,0
186,0.11290322580645161,21,4.526698006705169,0.9380370243397075,0.6937614789711446,969,all,0
131,0.09923664122137404,13,7.402504941276007,0.9101720629959428,0.6876007882407759,969,first_order,1
53,0.09433962264150944,5,6.691101557193222,1.0001508505377446,0.6674675559601679,969,second_order,1
184,0.08695652173913043,16,5.293386789610306,0.9313456747244443,0.7482322978011502,970,all,2
132,0.10606060606060606,14,6.691101557193222,0.9318338184097029,0.6640802022163184,970,first_order,0
53,0.09433962264150944,5,2.616648797139487,0.8170702748783043,0.6845379018635227,970,second_order,1
185,0.10270270270270271,19,5.185106371957386,0.9213724089625935,0.7379473014182562,971,all,1
132,0.10606060606060606,14,5.293386789610306,0.9571472999321619,0.737610657889312,971,first_order,0
54,0.1111111111111111,6,4.824738588056284,0.8780866683932633,0.5596190191464214,971,second_order,0
185,0.08648648648648649,16,5.164087683548203,0.8861608372924692,0.737788801052602,972,all,1
132,0.09848484848484848,13,6.691101557193222,0.8660791968427031,0.5952134526003858,972,first_order,0
53,0.05660377358490566,3,3.863592381570207,0.7889278553798431,0.6272368790912327,972,second_order,1
184,0.08152173913043478,15,4.456760860548637,0.8426707543721147,0.7090193291451716,973,all,2
132,0.10606060606060606,14,5.185106371957386,0.8943897995010442,0.7409824596574466,973,first_order,0
54,0.07407407407407407,4,4.182276018096301,0.8525856305905671,0.6640802022163184,973,second_order,0
186,0.10752688172043011,20,5.799280119074019,0.9397841793061256,0.6945225796211416,974,all,0
132,0.09848484848484848,13,3.62448141830845,0.8681803871962102,0.6844638895340572,974,first_order,0
54,0.14814814814814814,8,4.751979074252413,1.0065131920467842,0.7172515078982262,974,second_order,0
186,0.08602150537634409,16,5.293386789610306,0.8110833898080936,0.5923173382165667,975,all,0
132,0.08333333333333333,11,4.824738588056284,0.752661123323957,0.5311854526842023,975,first_order,0
54,0.1111111111111111,6,7.402504941276007,1.0459968889386768,0.7748828272886243,975,second_order,0
186,0.11290322580645161,21,6.691101557193222,0.9333694923401277,0.6994048519797909,976,all,0
132,0.08333333333333333,11,4.929663571963915,0.9198540542299446,0.660835501360897,976,first_order,0
54,0.07407407407407407,4,5.185106371957386,0.9390579844422846,0.6769826915929009,976,second_order,0
186,0.08602150537634409,16,5.379663780555674,0.8797851290631994,0.6772794215346871,977,all,0
131,0.09923664122137404,13,6.107143258536974,0.9112330331005479,0.6426561196993434,977,first_order,1
54,0.07407407407407407,4,6.107143258536974,0.792225447169785,0.5371874547559674,977,second_order,0
185,0.07567567567567568,14,7.402504941276007,0.8500785876141198,0.6619937093074799,978,all,1
132,0.11363636363636363,15,7.402504941276007,1.0120850924543192,0.7182883524661499,978,first_order,0
54,0.07407407407407407,4,5.263562138717859,0.789572318369581,0.4954402102378811,978,second_order,0
186,0.0967741935483871,18,6.107143258536974,0.8529326695841203,0.6237255912872379,979,all,0
131,0.06870229007633588,9,6.107143258536974,0.884959833213606,0.6335053960107315,979,first_order,1
54,0.018518518518518517,1,4.824738588056284,0.8039246343106479,0.6159953708258166,979,second_order,0
185,0.0918918918918919,17,5.379663780555674,0.8648565504676944,0.6619937093074799,980,all,1
131,0.11450381679389313,15,5.293386789610306,0.8986511876094683,0.5948820295492689,980,first_order,1
54,0.07407407407407407,4,5.293386789610306,0.8364554582202961,0.5151989154499208,980,second_order,0
186,0.0913978494623656,17,6.691101557193222,0.8002024138374358,0.5929988479715835,981,all,0
131,0.09923664122137404,13,5.799280119074019,0.9308566889615598,0.6782927638584447,981,first_order,1
53,0.09433962264150944,5,3.31680671442054,0.8956214903064442,0.7312036978819871,981,second_order,1
186,0.12365591397849462,23,5.379663780555674,0.9892095808676136,0.7308920144176094,982,all,0
132,0.10606060606060606,14,4.318129007165164,0.9199825137486024,0.7300036424921319,982,first_order,0
54,0.09259259259259259,5,3.31680671442054,0.8896979174893489,0.7735497653668701,982,second_order,0
185,0.0972972972972973,18,5.379663780555674,0.904069251394849,0.6876007882407759,983,all,1
131,0.10687022900763359,14,5.379663780555674,0.9928920827271244,0.7312036978819871,983,first_order,1
54,0.037037037037037035,2,5.164087683548203,0.8443353648646714,0.7280535601828493,983,second_order,0
185,0.10270270270270271,19,4.824738588056284,0.8787122951382095,0.6634222726911264,984,all,1
132,0.12878787878787878,17,5.185106371957386,0.9610277091558801,0.671025242085481,984,first_order,0
54,0.14814814814814814,8,4.318129007165164,0.8880236604180969,0.5157004034153285,984,second_order,0
185,0.11891891891891893,22,4.840509145429005,0.9373228396566547,0.689820711327864,985,all,1
131,0.10687022900763359,14,7.402504941276007,0.8873405785180126,0.6945225796211416,985,first_order,1
54,0.037037037037037035,2,2.616648797139487,0.6657157950444532,0.4839582282047789,985,second_order,0
185,0.0918918918918919,17,6.107143258536974,0.9087697986034802,0.7312036978819871,986,all,1
132,0.10606060606060606,14,7.402504941276007,0.9509000623216788,0.6524810421934318,986,first_order,0
53,0.11320754716981132,6,3.454617599785624,1.071982160482862,1.0048872975167762,986,second_order,1
186,0.0967741935483871,18,7.402504941276007,0.9943349227835365,0.7320920698074647,987,all,0
131,0.09923664122137404,13,5.799280119074019,0.8852506057330748,0.6272368790912327,987,first_order,1
54,0.09259259259259259,5,3.1110512172487033,0.8822172444338339,0.8023694658810053,987,second_order,0
185,0.10270270270270271,19,5.379663780555674,0.8770851619828681,0.6246219015352161,988,all,1
132,0.09848484848484848,13,3.863592381570207,0.8615357314984687,0.752862532152536,988,first_order,0
54,0.12962962962962962,7,3.1110512172487033,0.9771819615914663,0.868579433702708,988,second_order,0
186,0.08602150537634409,16,4.840509145429005,0.8209383973047204,0.6089885463218587,989,all,0
132,0.12121212121212122,16,6.107143258536974,0.9815643019208922,0.6764864495543605,989,first_order,0
54,0.1111111111111111,6,2.701013147093827,0.9113122175332434,0.7856627502356137,989,second_order,0
184,0.08152173913043478,15,5.799280119074019,0.9112874439630615,0.6970539178331521,990,all,2
132,0.09848484848484848,13,4.840509145429005,0.8624417124956792,0.6237255912872379,990,first_order,0
54,0.07407407407407407,4,3.1110512172487033,0.9040139618879626,0.7406515597070518,990,second_order,0
186,0.10752688172043011,20,6.691101557193222,0.9613950815954114,0.7453508006802372,991,all,0
132,0.10606060606060606,14,5.799280119074019,0.930950100859455,0.7421200253211419,991,first_order,0
54,0.1111111111111111,6,4.255759867545777,1.1183994812647158,1.0682433777248668,991,second_order,0
186,0.10215053763440861,19,7.402504941276007,0.9589456244239697,0.7300036424921319,992,all,0
131,0.10687022900763359,14,5.293386789610306,0.9865372951436695,0.7568665735677531,992,first_order,1
54,0.07407407407407407,4,2.8714948985655466,0.8187671190023756,0.5899075168377443,992,second_order,0
185,0.0918918918918919,17,7.402504941276007,0.9212770168977527,0.6834958800693878,993,all,1
132,0.09848484848484848,13,5.185106371957386,0.9208616966248342,0.6977257483413494,993,first_order,0
53,0.1320754716981132,7,3.863592381570207,1.0145787673409417,0.7867223022258918,993,second_order,1
186,0.08064516129032258,15,6.107143258536974,0.8856121633175107,0.6243218153549779,994,all,0
132,0.08333333333333333,11,5.379663780555674,0.8450708025897273,0.6325998453131214,994,first_order,0
54,0.09259259259259259,5,5.185106371957386,0.9601420424201301,0.8674095478986259,994,second_order,0
184,0.11956521739130435,22,5.263562138717859,0.9149701169227126,0.6187784384849166,995,all,2
132,0.12121212121212122,16,5.379663780555674,0.8977888323173729,0.6236496040081475,995,first_order,0
54,0.07407407407407407,4,5.263562138717859,0.8652831318910544,0.6290636487729738,995,second_order,0
185,0.08648648648648649,16,5.799280119074019,0.8767877637073316,0.7042871243384402,996,all,1
132,0.06818181818181818,9,7.402504941276007,0.8516254831929099,0.6262003124939584,996,first_order,0
54,0.09259259259259259,5,5.185106371957386,0.912569682662357,0.6002347559757965,996,second_order,0
185,0.08648648648648649,16,6.107143258536974,0.8106289307873005,0.5528327445997522,997,all,1
132,0.15151515151515152,20,4.929663571963915,0.9369700183295028,0.591129862641522,997,first_order,0
54,0.1111111111111111,6,5.263562138717859,1.0255775305267116,0.6791341205066455,997,second_order,0
185,0.13513513513513514,25,5.164087683548203,0.9835552335264053,0.7258874944079705,998,all,1
131,0.13740458015267176,18,7.402504941276007,1.0593353933913685,0.6674675559601679,998,first_order,1
54,0.07407407407407407,4,3.928708631946251,0.8675179493968763,0.6866768265649961,998,second_order,0
186,0.10215053763440861,19,5.293386789610306,0.8748871789215867,0.6248005762880424,999,all,0
131,0.12213740458015267,16,5.164087683548203,0.949253910068788,0.6945225796211416,999,first_order,1
54,0.09259259259259259,5,4.318129007165164,0.9805004957463515,0.8609154110719885,999,second_order,0
