event_id,event_date,event_type,event_headline,symbol,node,asset_type,linkage_tier,linkage_rationale,source,transmission_order,confidence,evidence_label,supporting_case_ids,evidence_reason,baseline_type,expected_direction,car,standardized_car,direction,hit,missing_data_reason,t0_date,alpha,beta
v3_20250404_china_rare_earth_export_controls,2025-04-04,critical_minerals_export_controls,China imposes rare-earth export controls after U.S. tariff escalation,DSGX,customs,Stock,direct_exposure,Core operations or products are directly tied to the customs node: Logistics software provider with customs and trade compliance exposure,georisk,first_order,0.64,sector_proxy,case_2010_china_japan_rare_earth_embargo;case_china_gallium_germanium_graphite_controls,"Channel support inherited from transmission node 'customs', which is a first-order (directly implicated) node corroborated by 2 retrieved case(s). The Descartes Systems Group Inc maps to this supported channel but is not individually named. Risk watchlist candidate, not a trading signal. This does not predict price movement.",,,0.06204161793179245,2.8067338928814816,positive,True,,2025-04-04,5.436949841511325e-05,1.281124461827401
v3_20250404_china_rare_earth_export_controls,2025-04-04,critical_minerals_export_controls,China imposes rare-earth export controls after U.S. tariff escalation,CHRW,customs,Stock,related_exposure,"Freight brokerage and logistics services are affected by customs flows, but customs is one operating component within broader logistics activity.",georisk,first_order,0.64,sector_proxy,case_2010_china_japan_rare_earth_embargo;case_china_gallium_germanium_graphite_controls,"Channel support inherited from transmission node 'customs', which is a first-order (directly implicated) node corroborated by 2 retrieved case(s). C H Robinson Worldwide Inc maps to this supported channel but is not individually named. Risk watchlist candidate, not a trading signal. This does not predict price movement.",,,-0.07130574967750515,-2.73122583665382,negative,True,,2025-04-04,-0.00041515296296034624,0.5986777140762838
v3_20250404_china_rare_earth_export_controls,2025-04-04,critical_minerals_export_controls,China imposes rare-earth export controls after U.S. tariff escalation,DE,manufacturing_inputs,Stock,related_exposure,Business has meaningful but diversified or indirect economic linkage to the manufacturing_inputs node: Equipment manufacturer exposed to agriculture and industrial input cycles,georisk,first_order,0.64,sector_proxy,case_rare_earth_export_restriction_risk;case_2010_china_japan_rare_earth_embargo;case_china_gallium_germanium_graphite_controls,"Channel support inherited from transmission node 'manufacturing_inputs', which is a first-order (directly implicated) node corroborated by 3 retrieved case(s). Deere & Company maps to this supported channel but is not individually named. Risk watchlist candidate, not a trading signal. This does not predict price movement.",,,-0.04386404146475826,-1.5086187784606657,negative,False,,2025-04-04,0.0014445804936417076,0.5905225136386112
v3_20250404_china_rare_earth_export_controls,2025-04-04,critical_minerals_export_controls,China imposes rare-earth export controls after U.S. tariff escalation,CAT,manufacturing_inputs,Stock,related_exposure,Business has meaningful but diversified or indirect economic linkage to the manufacturing_inputs node: Heavy equipment manufacturer exposed to construction mining and infrastructure inputs,georisk,first_order,0.64,sector_proxy,case_rare_earth_export_restriction_risk;case_2010_china_japan_rare_earth_embargo;case_china_gallium_germanium_graphite_controls,"Channel support inherited from transmission node 'manufacturing_inputs', which is a first-order (directly implicated) node corroborated by 3 retrieved case(s). Caterpillar Inc maps to this supported channel but is not individually named. Risk watchlist candidate, not a trading signal. This does not predict price movement.",,,-0.05393970406258833,-2.141281540927875,negative,True,,2025-04-04,-0.0007805973791920502,1.0559517092068507
v3_20250404_china_rare_earth_export_controls,2025-04-04,critical_minerals_export_controls,China imposes rare-earth export controls after U.S. tariff escalation,LMT,defense,Stock,direct_exposure,Core operations or products are directly tied to the defense node: Defense contractor exposed to government security and defense spending priorities,georisk,second_order,0.64,sector_proxy,case_rare_earth_export_restriction_risk;case_2010_china_japan_rare_earth_embargo,"Channel support inherited from transmission node 'defense', which is a second-order (analog-corroborated) node corroborated by 2 retrieved case(s). Lockheed Martin Corporation maps to this supported channel but is not individually named. Risk watchlist candidate, not a trading signal. This does not predict price movement.",,,-0.038604163766613936,-1.3343305039673532,negative,False,,2025-04-04,-0.0020030167291902805,0.036560240601965846
v3_20250404_china_rare_earth_export_controls,2025-04-04,critical_minerals_export_controls,China imposes rare-earth export controls after U.S. tariff escalation,ITA,defense,ETF,broad_proxy,"Ticker is an ETF, fund, or basket used as broad proxy exposure for the defense node: ETF exposure to US aerospace and defense companies",georisk,second_order,0.64,sector_proxy,case_rare_earth_export_restriction_risk;case_2010_china_japan_rare_earth_embargo,"Channel support inherited from transmission node 'defense', which is a second-order (analog-corroborated) node corroborated by 2 retrieved case(s). iShares U S Aerospace & Defense ETF maps to this supported channel but is not individually named. Risk watchlist candidate, not a trading signal. This does not predict price movement.",,,-0.036659313967896116,-2.2281469053282104,negative,True,,2025-04-04,0.00043334905148875356,0.8268524518300513
v3_20250404_china_rare_earth_export_controls,2025-04-04,critical_minerals_export_controls,China imposes rare-earth export controls after U.S. tariff escalation,REMX,critical_minerals,ETF,broad_proxy,"Ticker is an ETF, fund, or basket used as broad proxy exposure for the critical_minerals node: Basket exposure to rare earth and strategic metals producers used in critical supply chains",georisk,first_order,0.64,sector_proxy,case_rare_earth_export_restriction_risk;case_2010_china_japan_rare_earth_embargo;case_china_gallium_germanium_graphite_controls,"Channel support inherited from transmission node 'critical_minerals', which is a first-order (directly implicated) node corroborated by 3 retrieved case(s). VanEck Rare Earth and Strategic Metals ETF maps to this supported channel but is not individually named. Risk watchlist candidate, not a trading signal. This does not predict price movement.",,,-0.07713954806696241,-2.255687357850474,negative,True,,2025-04-04,0.000645502818472441,0.5168886685263354
v3_20250404_china_rare_earth_export_controls,2025-04-04,critical_minerals_export_controls,China imposes rare-earth export controls after U.S. tariff escalation,PICK,critical_minerals,ETF,broad_proxy,"Ticker is an ETF, fund, or basket used as broad proxy exposure for the critical_minerals node: Broad metals and mining producer ETF with critical materials exposure",georisk,first_order,0.64,sector_proxy,case_rare_earth_export_restriction_risk;case_2010_china_japan_rare_earth_embargo;case_china_gallium_germanium_graphite_controls,"Channel support inherited from transmission node 'critical_minerals', which is a first-order (directly implicated) node corroborated by 3 retrieved case(s). iShares MSCI Global Metals & Mining Producers ETF maps to this supported channel but is not individually named. Risk watchlist candidate, not a trading signal. This does not predict price movement.",,,-0.0647294010477495,-2.8714878165444153,negative,True,,2025-04-04,-0.0006125702991417775,0.6897296500888626
v3_20250404_china_rare_earth_export_controls,2025-04-04,critical_minerals_export_controls,China imposes rare-earth export controls after U.S. tariff escalation,MP,rare_earths,Stock,direct_exposure,Core operations or products are directly tied to the rare_earths node: Rare earth mining and processing company exposed to magnet materials supply chains,georisk,first_order,0.64,sector_proxy,case_rare_earth_export_restriction_risk;case_2010_china_japan_rare_earth_embargo,"Channel support inherited from transmission node 'rare_earths', which is a first-order (directly implicated) node corroborated by 2 retrieved case(s). MP Materials Corp maps to this supported channel but is not individually named. Risk watchlist candidate, not a trading signal. This does not predict price movement.",,,0.13614717372794952,2.133843242401273,positive,True,,2025-04-04,0.004674733119175324,1.772419927485994
v3_20250404_china_rare_earth_export_controls,2025-04-04,critical_minerals_export_controls,China imposes rare-earth export controls after U.S. tariff escalation,LYSDY,rare_earths,ADR,direct_exposure,Core operations or products are directly tied to the rare_earths node: Rare earth producer with exposure to non-China rare earth supply chains,georisk,first_order,0.64,sector_proxy,case_rare_earth_export_restriction_risk;case_2010_china_japan_rare_earth_embargo,"Channel support inherited from transmission node 'rare_earths', which is a first-order (directly implicated) node corroborated by 2 retrieved case(s). Lynas Rare Earths Ltd ADR maps to this supported channel but is not individually named. Risk watchlist candidate, not a trading signal. This does not predict price movement.",,,0.10816871480883282,2.8005276838542628,positive,True,,2025-04-04,-0.0007303856130893419,0.4820581148816369
v3_20250404_china_rare_earth_export_controls,2025-04-04,critical_minerals_export_controls,China imposes rare-earth export controls after U.S. tariff escalation,NEO.TO,gallium_germanium_graphite,Stock,related_exposure,"Specialty materials operations are exposed to engineered and rare-earth material supply chains, but the bundled gallium, germanium, and graphite node is narrower than the company's broader materials business.",georisk,first_order,0.64,sector_proxy,case_china_gallium_germanium_graphite_controls,"Channel support inherited from transmission node 'gallium_germanium_graphite', which is a first-order (directly implicated) node corroborated by 1 retrieved case(s). Neo Performance Materials Inc maps to this supported channel but is not individually named. Risk watchlist candidate, not a trading signal. This does not predict price movement.",,,-0.023768597506533526,-0.4894228388089717,negative,False,,2025-04-04,0.002262062312154137,0.8394160376528269
v3_20250404_china_rare_earth_export_controls,2025-04-04,critical_minerals_export_controls,China imposes rare-earth export controls after U.S. tariff escalation,SYR.AX,gallium_germanium_graphite,Stock,related_exposure,"Graphite production links the company to part of this node, but the bundled gallium, germanium, and graphite node is only partly specific to its core operations.",georisk,first_order,0.64,sector_proxy,case_china_gallium_germanium_graphite_controls,"Channel support inherited from transmission node 'gallium_germanium_graphite', which is a first-order (directly implicated) node corroborated by 1 retrieved case(s). Syrah Resources Ltd maps to this supported channel but is not individually named. Risk watchlist candidate, not a trading signal. This does not predict price movement.",,,-0.18649768801921032,-1.8142038227977106,negative,False,,2025-04-04,0.004601751997473282,-0.5328846525576724
v3_20250404_china_rare_earth_export_controls,2025-04-04,critical_minerals_export_controls,China imposes rare-earth export controls after U.S. tariff escalation,QQQ,broad_market_growth,equity_etf,,,baseline,,,,,,fixed_broad_market_baseline,,0.029723251587570818,4.295534396317674,positive,True,,2025-04-04,-1.675313891759641e-06,1.3042072239634113
v3_20250404_china_rare_earth_export_controls,2025-04-04,critical_minerals_export_controls,China imposes rare-earth export controls after U.S. tariff escalation,XLF,financials,equity_etf,,,baseline,,,,,,fixed_sector_baseline,,-0.031760452253103054,-2.296966407220121,negative,True,,2025-04-04,0.0009133146990907017,0.8748838940037753
v3_20250404_china_rare_earth_export_controls,2025-04-04,critical_minerals_export_controls,China imposes rare-earth export controls after U.S. tariff escalation,XLV,healthcare,equity_etf,,,baseline,,,,,,fixed_sector_baseline,,-0.028313936689037672,-2.3334277095475775,negative,True,,2025-04-04,-0.00026528019898890007,0.36340498316909675
v3_20250225_copper_import_investigation,2025-02-25,critical_minerals_trade_restriction,U.S. launches Section 232 investigation into copper import dependence,EXPD,trade_lanes,Stock,related_exposure,"Freight forwarding participates in global trade-lane activity, but trade_lanes is a broad route and flow condition across diversified logistics services.",georisk,second_order,0.64,sector_proxy,case_2023_panama_cobre_mine_closure;case_2021_xinjiang_forced_labor_import_restrictions,"Channel support inherited from transmission node 'trade_lanes', which is a second-order (analog-corroborated) node corroborated by 2 retrieved case(s). Expeditors International of Washington Inc maps to this supported channel but is not individually named. Risk watchlist candidate, not a trading signal. This does not predict price movement.",,,0.013842397713257489,0.7345505054433288,positive,False,,2025-02-25,-0.000666552968137848,0.3448456104008866
v3_20250225_copper_import_investigation,2025-02-25,critical_minerals_trade_restriction,U.S. launches Section 232 investigation into copper import dependence,DHL.DE,trade_lanes,Stock,related_exposure,"Global logistics operations participate in trade lanes, but trade_lanes is a broad cross-border flow condition rather than a specific core node business.",georisk,second_order,0.64,sector_proxy,case_2023_panama_cobre_mine_closure;case_2021_xinjiang_forced_labor_import_restrictions,"Channel support inherited from transmission node 'trade_lanes', which is a second-order (analog-corroborated) node corroborated by 2 retrieved case(s). DHL Group maps to this supported channel but is not individually named. Risk watchlist candidate, not a trading signal. This does not predict price movement.",,,0.017911585380861492,0.7907573214977975,positive,False,,2025-02-25,-0.0005379830291829664,0.32521299413978216
v3_20250225_copper_import_investigation,2025-02-25,critical_minerals_trade_restriction,U.S. launches Section 232 investigation into copper import dependence,DSGX,customs,Stock,direct_exposure,Core operations or products are directly tied to the customs node: Logistics software provider with customs and trade compliance exposure,georisk,first_order,0.64,sector_proxy,case_2023_panama_cobre_mine_closure;case_2021_xinjiang_forced_labor_import_restrictions,"Channel support inherited from transmission node 'customs', which is a first-order (directly implicated) node corroborated by 2 retrieved case(s). The Descartes Systems Group Inc maps to this supported channel but is not individually named. Risk watchlist candidate, not a trading signal. This does not predict price movement.",,,0.008655603291430421,0.4646627992210109,positive,False,,2025-02-25,0.0009108927838601177,1.125349695069269
v3_20250225_copper_import_investigation,2025-02-25,critical_minerals_trade_restriction,U.S. launches Section 232 investigation into copper import dependence,CHRW,customs,Stock,related_exposure,"Freight brokerage and logistics services are affected by customs flows, but customs is one operating component within broader logistics activity.",georisk,first_order,0.64,sector_proxy,case_2023_panama_cobre_mine_closure;case_2021_xinjiang_forced_labor_import_restrictions,"Channel support inherited from transmission node 'customs', which is a first-order (directly implicated) node corroborated by 2 retrieved case(s). C H Robinson Worldwide Inc maps to this supported channel but is not individually named. Risk watchlist candidate, not a trading signal. This does not predict price movement.",,,-0.02143894246074092,-0.8804371575428123,negative,False,,2025-02-25,-0.00013177451497441226,0.5646847564092702
v3_20250225_copper_import_investigation,2025-02-25,critical_minerals_trade_restriction,U.S. launches Section 232 investigation into copper import dependence,DE,manufacturing_inputs,Stock,related_exposure,Business has meaningful but diversified or indirect economic linkage to the manufacturing_inputs node: Equipment manufacturer exposed to agriculture and industrial input cycles,georisk,first_order,0.64,sector_proxy,case_2023_panama_cobre_mine_closure;case_2021_xinjiang_forced_labor_import_restrictions;case_rare_earth_export_restriction_risk,"Channel support inherited from transmission node 'manufacturing_inputs', which is a first-order (directly implicated) node corroborated by 3 retrieved case(s). Deere & Company maps to this supported channel but is not individually named. Risk watchlist candidate, not a trading signal. This does not predict price movement.",,,-0.02340414909715071,-0.9009119631437019,negative,False,,2025-02-25,0.0016368908078526858,0.5451328219187314
v3_20250225_copper_import_investigation,2025-02-25,critical_minerals_trade_restriction,U.S. launches Section 232 investigation into copper import dependence,CAT,manufacturing_inputs,Stock,related_exposure,Business has meaningful but diversified or indirect economic linkage to the manufacturing_inputs node: Heavy equipment manufacturer exposed to construction mining and infrastructure inputs,georisk,first_order,0.64,sector_proxy,case_2023_panama_cobre_mine_closure;case_2021_xinjiang_forced_labor_import_restrictions;case_rare_earth_export_restriction_risk,"Channel support inherited from transmission node 'manufacturing_inputs', which is a first-order (directly implicated) node corroborated by 3 retrieved case(s). Caterpillar Inc maps to this supported channel but is not individually named. Risk watchlist candidate, not a trading signal. This does not predict price movement.",,,0.01996237757189772,0.7808425683655204,positive,False,,2025-02-25,-0.00040355363889540144,1.247716970825222
v3_20250225_copper_import_investigation,2025-02-25,critical_minerals_trade_restriction,U.S. launches Section 232 investigation into copper import dependence,REMX,critical_minerals,ETF,broad_proxy,"Ticker is an ETF, fund, or basket used as broad proxy exposure for the critical_minerals node: Basket exposure to rare earth and strategic metals producers used in critical supply chains",georisk,first_order,0.64,sector_proxy,case_2023_panama_cobre_mine_closure;case_2021_xinjiang_forced_labor_import_restrictions;case_rare_earth_export_restriction_risk,"Channel support inherited from transmission node 'critical_minerals', which is a first-order (directly implicated) node corroborated by 3 retrieved case(s). VanEck Rare Earth and Strategic Metals ETF maps to this supported channel but is not individually named. Risk watchlist candidate, not a trading signal. This does not predict price movement.",,,-0.009323862338425845,-0.2494518977766299,negative,False,,2025-02-25,0.00027737989178065964,0.8671922744231713
v3_20250225_copper_import_investigation,2025-02-25,critical_minerals_trade_restriction,U.S. launches Section 232 investigation into copper import dependence,PICK,critical_minerals,ETF,broad_proxy,"Ticker is an ETF, fund, or basket used as broad proxy exposure for the critical_minerals node: Broad metals and mining producer ETF with critical materials exposure",georisk,first_order,0.64,sector_proxy,case_2023_panama_cobre_mine_closure;case_2021_xinjiang_forced_labor_import_restrictions;case_rare_earth_export_restriction_risk,"Channel support inherited from transmission node 'critical_minerals', which is a first-order (directly implicated) node corroborated by 3 retrieved case(s). iShares MSCI Global Metals & Mining Producers ETF maps to this supported channel but is not individually named. Risk watchlist candidate, not a trading signal. This does not predict price movement.",,,0.0004857997942990702,0.021566915310832824,positive,False,,2025-02-25,-0.0007173228036650328,0.9306020373163341
v3_20250225_copper_import_investigation,2025-02-25,critical_minerals_trade_restriction,U.S. launches Section 232 investigation into copper import dependence,MP,rare_earths,Stock,direct_exposure,Core operations or products are directly tied to the rare_earths node: Rare earth mining and processing company exposed to magnet materials supply chains,georisk,first_order,0.64,sector_proxy,case_rare_earth_export_restriction_risk,"Channel support inherited from transmission node 'rare_earths', which is a first-order (directly implicated) node corroborated by 1 retrieved case(s). MP Materials Corp maps to this supported channel but is not individually named. Risk watchlist candidate, not a trading signal. This does not predict price movement.",,,-0.024933838726561092,-0.38594428470240205,negative,False,,2025-02-25,0.005543717872800457,1.471665291812804
v3_20250225_copper_import_investigation,2025-02-25,critical_minerals_trade_restriction,U.S. launches Section 232 investigation into copper import dependence,LYSDY,rare_earths,ADR,direct_exposure,Core operations or products are directly tied to the rare_earths node: Rare earth producer with exposure to non-China rare earth supply chains,georisk,first_order,0.64,sector_proxy,case_rare_earth_export_restriction_risk,"Channel support inherited from transmission node 'rare_earths', which is a first-order (directly implicated) node corroborated by 1 retrieved case(s). Lynas Rare Earths Ltd ADR maps to this supported channel but is not individually named. Risk watchlist candidate, not a trading signal. This does not predict price movement.",,,-0.024749985628686688,-0.6231276101488054,negative,False,,2025-02-25,0.0003514054120632337,0.6821602234104265
v3_20250225_copper_import_investigation,2025-02-25,critical_minerals_trade_restriction,U.S. launches Section 232 investigation into copper import dependence,NEO.TO,gallium_germanium_graphite,Stock,related_exposure,"Specialty materials operations are exposed to engineered and rare-earth material supply chains, but the bundled gallium, germanium, and graphite node is narrower than the company's broader materials business.",georisk,first_order,0.35,inference_only,,"Neo Performance Materials Inc is mapped from asset_mapping.csv via node 'gallium_germanium_graphite' (a first-order (directly implicated) node), but retrieved cases do not corroborate this channel. Inference-only risk watchlist candidate, not a trading signal. This does not predict price movement.",,,0.012073625970291345,0.2934684933133561,positive,False,,2025-02-25,0.0009847730623356395,0.7978619647051451
v3_20250225_copper_import_investigation,2025-02-25,critical_minerals_trade_restriction,U.S. launches Section 232 investigation into copper import dependence,SYR.AX,gallium_germanium_graphite,Stock,related_exposure,"Graphite production links the company to part of this node, but the bundled gallium, germanium, and graphite node is only partly specific to its core operations.",georisk,first_order,0.35,inference_only,,"Syrah Resources Ltd is mapped from asset_mapping.csv via node 'gallium_germanium_graphite' (a first-order (directly implicated) node), but retrieved cases do not corroborate this channel. Inference-only risk watchlist candidate, not a trading signal. This does not predict price movement.",,,-0.07933458348304495,-0.7361856129498181,negative,False,,2025-02-25,0.004131962479341265,-0.5393033361343511
v3_20250225_copper_import_investigation,2025-02-25,critical_minerals_trade_restriction,U.S. launches Section 232 investigation into copper import dependence,QQQ,broad_market_growth,equity_etf,,,baseline,,,,,,fixed_broad_market_baseline,,-0.009450746641859941,-1.4567373399174657,negative,False,,2025-02-25,-0.0001198509721251299,1.3502610178241186
v3_20250225_copper_import_investigation,2025-02-25,critical_minerals_trade_restriction,U.S. launches Section 232 investigation into copper import dependence,XLF,financials,equity_etf,,,baseline,,,,,,fixed_sector_baseline,,0.006752707313464002,0.4992317886715131,positive,False,,2025-02-25,0.0008400347627575835,0.8086207087349102
v3_20250225_copper_import_investigation,2025-02-25,critical_minerals_trade_restriction,U.S. launches Section 232 investigation into copper import dependence,XLV,healthcare,equity_etf,,,baseline,,,,,,fixed_sector_baseline,,0.014604027495848748,1.2695278634700522,positive,False,,2025-02-25,-0.0005670256778212153,0.37248704272841693
v3_20240624_eu_russian_lng_transshipment_ban,2024-06-24,energy_sanctions,EU sanctions package bans Russian LNG transshipment services through EU territory,FLNG,lng_shipping,Stock,direct_exposure,Core operations or products are directly tied to the lng_shipping node: LNG carrier owner exposed to seaborne LNG transportation,georisk,first_order,0.82,historical_supported,case_2023_arctic_lng_russian_energy_shipping_sanctions;case_russia_ukraine_energy_shock,"Historical support from LNG transport matched affected LNG assets. The transmission node 'lng_shipping' is a first-order (directly implicated) node, and FLEX LNG Ltd is directly named in the supporting case(s). Potential exposure candidate and risk watchlist item, not a trading signal. This does not predict price movement.",,,0.033621924301460486,1.461683328713934,positive,False,,2024-06-24,0.00017771418853508355,0.1485480264251172
v3_20240624_eu_russian_lng_transshipment_ban,2024-06-24,energy_sanctions,EU sanctions package bans Russian LNG transshipment services through EU territory,LNG,lng_shipping,Stock,related_exposure,"LNG export and liquefaction operations are tied to global LNG trade, but seaborne LNG shipping is a downstream transport linkage rather than the company's primary operating activity.",georisk,first_order,0.82,historical_supported,case_2023_arctic_lng_russian_energy_shipping_sanctions;case_russia_ukraine_energy_shock,"Historical support from LNG transport matched affected LNG assets. The transmission node 'lng_shipping' is a first-order (directly implicated) node, and Cheniere Energy Inc is directly named in the supporting case(s). Potential exposure candidate and risk watchlist item, not a trading signal. This does not predict price movement.",,,0.03704065008321751,1.948958697049875,positive,False,,2024-06-24,-0.0005346189953925668,0.09985525830734461
v3_20240624_eu_russian_lng_transshipment_ban,2024-06-24,energy_sanctions,EU sanctions package bans Russian LNG transshipment services through EU territory,XLE,energy,ETF,broad_proxy,"Ticker is an ETF, fund, or basket used as broad proxy exposure for the energy node: Broad ETF exposure to US energy companies",georisk,first_order,0.64,sector_proxy,case_2023_arctic_lng_russian_energy_shipping_sanctions;case_russia_ukraine_energy_shock;case_2014_crimea_financial_sanctions,"Channel support inherited from transmission node 'energy', which is a first-order (directly implicated) node corroborated by 3 retrieved case(s). Energy Select Sector SPDR Fund maps to this supported channel but is not individually named. Risk watchlist candidate, not a trading signal. This does not predict price movement.",,,0.020838556883875925,1.199706958511967,positive,False,,2024-06-24,0.0004185308044876179,0.45797718063631476
v3_20240624_eu_russian_lng_transshipment_ban,2024-06-24,energy_sanctions,EU sanctions package bans Russian LNG transshipment services through EU territory,XOM,energy,Stock,related_exposure,Business has meaningful but diversified or indirect economic linkage to the energy node: Integrated energy producer with upstream and downstream exposure,georisk,first_order,0.64,sector_proxy,case_2023_arctic_lng_russian_energy_shipping_sanctions;case_russia_ukraine_energy_shock;case_2014_crimea_financial_sanctions,"Channel support inherited from transmission node 'energy', which is a first-order (directly implicated) node corroborated by 3 retrieved case(s). Exxon Mobil Corporation maps to this supported channel but is not individually named. Risk watchlist candidate, not a trading signal. This does not predict price movement.",,,0.021072574329740506,1.0728720111574723,positive,False,,2024-06-24,0.0009610190807255471,0.2922742572747511
v3_20240624_eu_russian_lng_transshipment_ban,2024-06-24,energy_sanctions,EU sanctions package bans Russian LNG transshipment services through EU territory,VLO,refining,Stock,direct_exposure,Core operations or products are directly tied to the refining node: Refiner exposed to crude supply and refined product margins,georisk,first_order,0.64,sector_proxy,case_russia_ukraine_energy_shock,"Channel support inherited from transmission node 'refining', which is a first-order (directly implicated) node corroborated by 1 retrieved case(s). Valero Energy Corporation maps to this supported channel but is not individually named. Risk watchlist candidate, not a trading signal. This does not predict price movement.",,,0.0062199598381994965,0.2172881759971832,positive,False,,2024-06-24,0.001108736051668306,0.8179524820232036
v3_20240624_eu_russian_lng_transshipment_ban,2024-06-24,energy_sanctions,EU sanctions package bans Russian LNG transshipment services through EU territory,MPC,refining,Stock,direct_exposure,Core operations or products are directly tied to the refining node: Refining and midstream operator exposed to fuel markets,georisk,first_order,0.64,sector_proxy,case_russia_ukraine_energy_shock,"Channel support inherited from transmission node 'refining', which is a first-order (directly implicated) node corroborated by 1 retrieved case(s). Marathon Petroleum Corporation maps to this supported channel but is not individually named. Risk watchlist candidate, not a trading signal. This does not predict price movement.",,,0.006407958077483876,0.20687716875828374,positive,False,,2024-06-24,0.0009732029805458449,0.6573527991138698
v3_20240624_eu_russian_lng_transshipment_ban,2024-06-24,energy_sanctions,EU sanctions package bans Russian LNG transshipment services through EU territory,DOW,petrochemicals,Stock,direct_exposure,Core operations or products are directly tied to the petrochemicals node: Commodity chemicals producer exposed to petrochemical feedstocks,georisk,first_order,0.64,sector_proxy,case_russia_ukraine_energy_shock,"Channel support inherited from transmission node 'petrochemicals', which is a first-order (directly implicated) node corroborated by 1 retrieved case(s). Dow Inc maps to this supported channel but is not individually named. Risk watchlist candidate, not a trading signal. This does not predict price movement.",,,-0.01875112375588188,-1.0215491596384876,negative,False,,2024-06-24,4.111643006538423e-05,0.6639663770047748
v3_20240624_eu_russian_lng_transshipment_ban,2024-06-24,energy_sanctions,EU sanctions package bans Russian LNG transshipment services through EU territory,LYB,petrochemicals,Stock,direct_exposure,Core operations or products are directly tied to the petrochemicals node: Petrochemical producer exposed to olefins polymers and feedstock costs,georisk,first_order,0.64,sector_proxy,case_russia_ukraine_energy_shock,"Channel support inherited from transmission node 'petrochemicals', which is a first-order (directly implicated) node corroborated by 1 retrieved case(s). LyondellBasell Industries NV maps to this supported channel but is not individually named. Risk watchlist candidate, not a trading signal. This does not predict price movement.",,,0.005587325302236348,0.3130006109535567,positive,False,,2024-06-24,-5.768727850837471e-05,0.5233345389032819
v3_20240624_eu_russian_lng_transshipment_ban,2024-06-24,energy_sanctions,EU sanctions package bans Russian LNG transshipment services through EU territory,DE,manufacturing_inputs,Stock,related_exposure,Business has meaningful but diversified or indirect economic linkage to the manufacturing_inputs node: Equipment manufacturer exposed to agriculture and industrial input cycles,georisk,first_order,0.64,sector_proxy,case_russia_ukraine_energy_shock;case_2014_crimea_financial_sanctions,"Channel support inherited from transmission node 'manufacturing_inputs', which is a first-order (directly implicated) node corroborated by 2 retrieved case(s). Deere & Company maps to this supported channel but is not individually named. Risk watchlist candidate, not a trading signal. This does not predict price movement.",,,-0.028599450832215982,-1.356790037204788,negative,False,,2024-06-24,-0.0008472369794362598,0.7145740860491169
v3_20240624_eu_russian_lng_transshipment_ban,2024-06-24,energy_sanctions,EU sanctions package bans Russian LNG transshipment services through EU territory,CAT,manufacturing_inputs,Stock,related_exposure,Business has meaningful but diversified or indirect economic linkage to the manufacturing_inputs node: Heavy equipment manufacturer exposed to construction mining and infrastructure inputs,georisk,first_order,0.64,sector_proxy,case_russia_ukraine_energy_shock;case_2014_crimea_financial_sanctions,"Channel support inherited from transmission node 'manufacturing_inputs', which is a first-order (directly implicated) node corroborated by 2 retrieved case(s). Caterpillar Inc maps to this supported channel but is not individually named. Risk watchlist candidate, not a trading signal. This does not predict price movement.",,,-0.0054652483878978066,-0.23581265737061208,negative,False,,2024-06-24,0.0004095925167363844,1.314223587984565
v3_20240624_eu_russian_lng_transshipment_ban,2024-06-24,energy_sanctions,EU sanctions package bans Russian LNG transshipment services through EU territory,XLF,financial_sanctions,ETF,broad_proxy,"Ticker is an ETF, fund, or basket used as broad proxy exposure for the financial_sanctions node: Broad US financial sector ETF for sanctions and banking exposure context",georisk,second_order,0.64,sector_proxy,case_2023_arctic_lng_russian_energy_shipping_sanctions;case_2014_crimea_financial_sanctions,"Channel support inherited from transmission node 'financial_sanctions', which is a second-order (analog-corroborated) node corroborated by 2 retrieved case(s). Financial Select Sector SPDR Fund maps to this supported channel but is not individually named. Risk watchlist candidate, not a trading signal. This does not predict price movement.",,,-0.0013665135386847216,-0.143702634814109,negative,False,,2024-06-24,0.0002695193370205369,0.6439906416309276
v3_20240624_eu_russian_lng_transshipment_ban,2024-06-24,energy_sanctions,EU sanctions package bans Russian LNG transshipment services through EU territory,EUFN,financial_sanctions,ETF,broad_proxy,"Ticker is an ETF, fund, or basket used as broad proxy exposure for the financial_sanctions node: European financial sector ETF for cross-border banking exposure context",georisk,second_order,0.64,sector_proxy,case_2023_arctic_lng_russian_energy_shipping_sanctions;case_2014_crimea_financial_sanctions,"Channel support inherited from transmission node 'financial_sanctions', which is a second-order (analog-corroborated) node corroborated by 2 retrieved case(s). iShares MSCI Europe Financials ETF maps to this supported channel but is not individually named. Risk watchlist candidate, not a trading signal. This does not predict price movement.",,,-0.007620301389097904,-0.6266506680481251,negative,False,,2024-06-24,0.000568006388504419,0.6185733051213065
v3_20240624_eu_russian_lng_transshipment_ban,2024-06-24,energy_sanctions,EU sanctions package bans Russian LNG transshipment services through EU territory,V,payment_networks,Stock,direct_exposure,Core operations or products are directly tied to the payment_networks node: Global payments network exposed to cross-border payment and compliance channels,georisk,second_order,0.64,sector_proxy,case_2023_arctic_lng_russian_energy_shipping_sanctions;case_2014_crimea_financial_sanctions,"Channel support inherited from transmission node 'payment_networks', which is a second-order (analog-corroborated) node corroborated by 2 retrieved case(s). Visa Inc maps to this supported channel but is not individually named. Risk watchlist candidate, not a trading signal. This does not predict price movement.",,,-0.010894898287090593,-0.9272632281109278,negative,False,,2024-06-24,-0.000169166543897806,0.646537441450011
v3_20240624_eu_russian_lng_transshipment_ban,2024-06-24,energy_sanctions,EU sanctions package bans Russian LNG transshipment services through EU territory,MA,payment_networks,Stock,direct_exposure,Core operations or products are directly tied to the payment_networks node: Global payments network exposed to payment-routing and compliance channels,georisk,second_order,0.64,sector_proxy,case_2023_arctic_lng_russian_energy_shipping_sanctions;case_2014_crimea_financial_sanctions,"Channel support inherited from transmission node 'payment_networks', which is a second-order (analog-corroborated) node corroborated by 2 retrieved case(s). Mastercard Incorporated maps to this supported channel but is not individually named. Risk watchlist candidate, not a trading signal. This does not predict price movement.",,,0.008156588382425396,0.6122674947965506,positive,False,,2024-06-24,-0.00023510958726974645,0.6859130539281881
v3_20240624_eu_russian_lng_transshipment_ban,2024-06-24,energy_sanctions,EU sanctions package bans Russian LNG transshipment services through EU territory,QQQ,broad_market_growth,equity_etf,,,baseline,,,,,,fixed_broad_market_baseline,,-0.0009179912176434978,-0.1512943535412793,negative,False,,2024-06-24,-0.00025108497195751084,1.2925832505183574
v3_20240624_eu_russian_lng_transshipment_ban,2024-06-24,energy_sanctions,EU sanctions package bans Russian LNG transshipment services through EU territory,XLF,financials,equity_etf,,,baseline,,,,,,fixed_sector_baseline,,-0.0013665135386847216,-0.143702634814109,negative,False,,2024-06-24,0.0002695193370205369,0.6439906416309276
v3_20240624_eu_russian_lng_transshipment_ban,2024-06-24,energy_sanctions,EU sanctions package bans Russian LNG transshipment services through EU territory,XLV,healthcare,equity_etf,,,baseline,,,,,,fixed_sector_baseline,,0.005664013405185362,0.6337913187952133,positive,False,,2024-06-24,8.237203915806595e-05,0.546364499031312
v3_20240306_true_confidence_attack,2024-03-06,maritime_security_disruption,Houthi anti-ship missile strikes M/V True Confidence in Gulf of Aden,BOAT,maritime_chokepoint,ETF,broad_proxy,"Ticker is an ETF, fund, or basket used as broad proxy exposure for the maritime_chokepoint node: Basket exposure to global shipping companies sensitive to maritime route disruptions",georisk,first_order,0.82,historical_supported,case_2023_red_sea_attacks,"Historical support from shipping exposure matched affected shipping assets. The transmission node 'maritime_chokepoint' is a first-order (directly implicated) node, and SonicShares Global Shipping ETF is directly named in the supporting case(s). Potential exposure candidate and risk watchlist item, not a trading signal. This does not predict price movement.",,,-0.005558992965407717,-0.2552567691708629,negative,False,,2024-03-06,0.0010622915418693655,0.28098220673402197
v3_20240306_true_confidence_attack,2024-03-06,maritime_security_disruption,Houthi anti-ship missile strikes M/V True Confidence in Gulf of Aden,MATX,maritime_chokepoint,Stock,related_exposure,"Ocean transportation and logistics operations are materially route-dependent, but maritime chokepoints are route constraints rather than Matson's core node-specific business activity.",georisk,first_order,0.82,historical_supported,case_2023_red_sea_attacks,"Historical support from shipping exposure matched affected shipping assets. The transmission node 'maritime_chokepoint' is a first-order (directly implicated) node, and Matson Inc is directly named in the supporting case(s). Potential exposure candidate and risk watchlist item, not a trading signal. This does not predict price movement.",,,-0.014394369823143127,-0.49123412794941956,negative,False,,2024-03-06,0.0013670890136636275,1.0325297157464972
v3_20240306_true_confidence_attack,2024-03-06,maritime_security_disruption,Houthi anti-ship missile strikes M/V True Confidence in Gulf of Aden,DAC,container_shipping,Stock,direct_exposure,Core operations or products are directly tied to the container_shipping node: Containership owner with exposure to container vessel demand and charter markets,georisk,first_order,0.82,historical_supported,case_2023_red_sea_attacks,"Historical support from shipping exposure matched affected shipping assets. The transmission node 'container_shipping' is a first-order (directly implicated) node, and Danaos Corporation is directly named in the supporting case(s). Potential exposure candidate and risk watchlist item, not a trading signal. This does not predict price movement.",,,0.021104573385207333,0.8654959958233468,positive,False,,2024-03-06,0.0007299438330612386,0.22404260084995636
v3_20240306_true_confidence_attack,2024-03-06,maritime_security_disruption,Houthi anti-ship missile strikes M/V True Confidence in Gulf of Aden,MAERSK-B.CO,container_shipping,Stock,direct_exposure,Core operations or products are directly tied to the container_shipping node: Global container shipping and integrated logistics operator,georisk,first_order,0.82,historical_supported,case_2023_red_sea_attacks,"Historical support from shipping exposure matched affected shipping assets. The transmission node 'container_shipping' is a first-order (directly implicated) node, and A P Moller Maersk Class B is directly named in the supporting case(s). Potential exposure candidate and risk watchlist item, not a trading signal. This does not predict price movement.",,,-0.004472217545638573,-0.08518251200606189,negative,False,,2024-03-06,-0.0012725216585384668,-0.4594829277042567
v3_20240306_true_confidence_attack,2024-03-06,maritime_security_disruption,Houthi anti-ship missile strikes M/V True Confidence in Gulf of Aden,FDX,freight_routes,Stock,related_exposure,"Parcel and freight networks are materially affected by freight-route disruption, but freight routes are a broad network condition rather than a specific primary revenue activity.",georisk,first_order,0.64,sector_proxy,case_1987_1988_tanker_war_reflagging;case_2023_south_china_sea_shipping_tensions;case_2023_red_sea_attacks,"Channel support inherited from transmission node 'freight_routes', which is a first-order (directly implicated) node corroborated by 3 retrieved case(s). FedEx Corporation maps to this supported channel but is not individually named. Risk watchlist candidate, not a trading signal. This does not predict price movement.",,,0.012820360107387657,0.5046573425169683,positive,False,,2024-03-06,-0.0015727111930738523,1.1842619140467123
v3_20240306_true_confidence_attack,2024-03-06,maritime_security_disruption,Houthi anti-ship missile strikes M/V True Confidence in Gulf of Aden,UPS,freight_routes,Stock,related_exposure,"Parcel and freight networks are materially affected by freight-route disruption, but freight routes are a broad cross-modal operating condition rather than a specific core business activity.",georisk,first_order,0.64,sector_proxy,case_1987_1988_tanker_war_reflagging;case_2023_south_china_sea_shipping_tensions;case_2023_red_sea_attacks,"Channel support inherited from transmission node 'freight_routes', which is a first-order (directly implicated) node corroborated by 3 retrieved case(s). United Parcel Service Inc maps to this supported channel but is not individually named. Risk watchlist candidate, not a trading signal. This does not predict price movement.",,,0.018940467470555843,0.7852287606136924,positive,False,,2024-03-06,-0.0018705828039637966,1.0624346270992964
v3_20240306_true_confidence_attack,2024-03-06,maritime_security_disruption,Houthi anti-ship missile strikes M/V True Confidence in Gulf of Aden,CB,marine_insurance,Stock,related_exposure,Business has meaningful but diversified or indirect economic linkage to the marine_insurance node: Commercial insurer with marine and specialty insurance exposure,georisk,first_order,0.64,sector_proxy,case_1987_1988_tanker_war_reflagging;case_2023_south_china_sea_shipping_tensions;case_2023_red_sea_attacks,"Channel support inherited from transmission node 'marine_insurance', which is a first-order (directly implicated) node corroborated by 3 retrieved case(s). Chubb Limited maps to this supported channel but is not individually named. Risk watchlist candidate, not a trading signal. This does not predict price movement.",,,-0.004328482730011112,-0.274997994778435,negative,False,,2024-03-06,0.0016140705387889336,0.3569603229414996
v3_20240306_true_confidence_attack,2024-03-06,maritime_security_disruption,Houthi anti-ship missile strikes M/V True Confidence in Gulf of Aden,TRV,marine_insurance,Stock,related_exposure,Business has meaningful but diversified or indirect economic linkage to the marine_insurance node: Property casualty insurer with commercial insurance exposure,georisk,first_order,0.64,sector_proxy,case_1987_1988_tanker_war_reflagging;case_2023_south_china_sea_shipping_tensions;case_2023_red_sea_attacks,"Channel support inherited from transmission node 'marine_insurance', which is a first-order (directly implicated) node corroborated by 3 retrieved case(s). The Travelers Companies Inc maps to this supported channel but is not individually named. Risk watchlist candidate, not a trading signal. This does not predict price movement.",,,-0.0027696759330241025,-0.14404449533828637,negative,False,,2024-03-06,0.0023703124414356383,0.3461248876276304
v3_20240306_true_confidence_attack,2024-03-06,maritime_security_disruption,Houthi anti-ship missile strikes M/V True Confidence in Gulf of Aden,FRO,oil_shipping,Stock,direct_exposure,Core operations or products are directly tied to the oil_shipping node: Crude tanker operator exposed to oil shipping routes and tanker rates,georisk,first_order,0.82,historical_supported,case_1987_1988_tanker_war_reflagging;case_2023_red_sea_attacks,"Historical support from tanker transport matched affected tanker assets. The transmission node 'oil_shipping' is a first-order (directly implicated) node, and Frontline plc is directly named in the supporting case(s). Potential exposure candidate and risk watchlist item, not a trading signal. This does not predict price movement.",,,0.03325085678180592,0.7909089609667046,positive,False,,2024-03-06,0.0029014699307414733,-0.09994084047874989
v3_20240306_true_confidence_attack,2024-03-06,maritime_security_disruption,Houthi anti-ship missile strikes M/V True Confidence in Gulf of Aden,DHT,oil_shipping,Stock,direct_exposure,Core operations or products are directly tied to the oil_shipping node: Crude oil tanker company exposed to VLCC market conditions,georisk,first_order,0.82,historical_supported,case_1987_1988_tanker_war_reflagging;case_2023_red_sea_attacks,"Historical support from tanker transport matched affected tanker assets. The transmission node 'oil_shipping' is a first-order (directly implicated) node, and DHT Holdings Inc is directly named in the supporting case(s). Potential exposure candidate and risk watchlist item, not a trading signal. This does not predict price movement.",,,0.005990692584861392,0.16016104401102474,positive,False,,2024-03-06,0.001582378866344733,0.08385963223729243
v3_20240306_true_confidence_attack,2024-03-06,maritime_security_disruption,Houthi anti-ship missile strikes M/V True Confidence in Gulf of Aden,FLNG,lng_shipping,Stock,direct_exposure,Core operations or products are directly tied to the lng_shipping node: LNG carrier owner exposed to seaborne LNG transportation,georisk,first_order,0.64,sector_proxy,case_2023_red_sea_attacks,"Channel support inherited from transmission node 'lng_shipping', which is a first-order (directly implicated) node corroborated by 1 retrieved case(s). FLEX LNG Ltd maps to this supported channel but is not individually named. Risk watchlist candidate, not a trading signal. This does not predict price movement.",,,0.023794476312206988,1.0027622247030334,positive,False,,2024-03-06,-0.0011325751051793733,0.23947700724176774
v3_20240306_true_confidence_attack,2024-03-06,maritime_security_disruption,Houthi anti-ship missile strikes M/V True Confidence in Gulf of Aden,LNG,lng_shipping,Stock,related_exposure,"LNG export and liquefaction operations are tied to global LNG trade, but seaborne LNG shipping is a downstream transport linkage rather than the company's primary operating activity.",georisk,first_order,0.64,sector_proxy,case_2023_red_sea_attacks,"Channel support inherited from transmission node 'lng_shipping', which is a first-order (directly implicated) node corroborated by 1 retrieved case(s). Cheniere Energy Inc maps to this supported channel but is not individually named. Risk watchlist candidate, not a trading signal. This does not predict price movement.",,,0.004574638374768891,0.20385844699007552,positive,False,,2024-03-06,-0.00024781922589319264,0.4581308790470326
v3_20240306_true_confidence_attack,2024-03-06,maritime_security_disruption,Houthi anti-ship missile strikes M/V True Confidence in Gulf of Aden,KNIN.SW,logistics,Stock,direct_exposure,Core operations or products are directly tied to the logistics node: Global freight forwarding and logistics company,georisk,first_order,0.64,sector_proxy,case_1987_1988_tanker_war_reflagging;case_2023_south_china_sea_shipping_tensions;case_2023_red_sea_attacks,"Channel support inherited from transmission node 'logistics', which is a first-order (directly implicated) node corroborated by 3 retrieved case(s). Kuehne + Nagel International AG maps to this supported channel but is not individually named. Risk watchlist candidate, not a trading signal. This does not predict price movement.",,,-0.011014343933575046,-0.4768085392944559,negative,False,,2024-03-06,0.000745473538474524,0.20285848284863064
v3_20240306_true_confidence_attack,2024-03-06,maritime_security_disruption,Houthi anti-ship missile strikes M/V True Confidence in Gulf of Aden,JBHT,logistics,Stock,direct_exposure,Core operations or products are directly tied to the logistics node: Intermodal and trucking logistics provider exposed to freight demand,georisk,first_order,0.64,sector_proxy,case_1987_1988_tanker_war_reflagging;case_2023_south_china_sea_shipping_tensions;case_2023_red_sea_attacks,"Channel support inherited from transmission node 'logistics', which is a first-order (directly implicated) node corroborated by 3 retrieved case(s). J B Hunt Transport Services Inc maps to this supported channel but is not individually named. Risk watchlist candidate, not a trading signal. This does not predict price movement.",,,-0.00020705187044161005,-0.008309961865347444,negative,False,,2024-03-06,-0.0004153828695040136,1.2316929788372255
v3_20240306_true_confidence_attack,2024-03-06,maritime_security_disruption,Houthi anti-ship missile strikes M/V True Confidence in Gulf of Aden,LMT,defense,Stock,direct_exposure,Core operations or products are directly tied to the defense node: Defense contractor exposed to government security and defense spending priorities,georisk,second_order,0.64,sector_proxy,case_1987_1988_tanker_war_reflagging;case_2023_south_china_sea_shipping_tensions,"Channel support inherited from transmission node 'defense', which is a second-order (analog-corroborated) node corroborated by 2 retrieved case(s). Lockheed Martin Corporation maps to this supported channel but is not individually named. Risk watchlist candidate, not a trading signal. This does not predict price movement.",,,-0.0042443879594646905,-0.19334056307339703,negative,False,,2024-03-06,-0.0005940201527738314,0.3080916711581783
v3_20240306_true_confidence_attack,2024-03-06,maritime_security_disruption,Houthi anti-ship missile strikes M/V True Confidence in Gulf of Aden,ITA,defense,ETF,broad_proxy,"Ticker is an ETF, fund, or basket used as broad proxy exposure for the defense node: ETF exposure to US aerospace and defense companies",georisk,second_order,0.64,sector_proxy,case_1987_1988_tanker_war_reflagging;case_2023_south_china_sea_shipping_tensions,"Channel support inherited from transmission node 'defense', which is a second-order (analog-corroborated) node corroborated by 2 retrieved case(s). iShares U S Aerospace & Defense ETF maps to this supported channel but is not individually named. Risk watchlist candidate, not a trading signal. This does not predict price movement.",,,0.004171697083039045,0.31940729418449604,positive,False,,2024-03-06,0.00011481271864460479,0.6317609070084963
v3_20240306_true_confidence_attack,2024-03-06,maritime_security_disruption,Houthi anti-ship missile strikes M/V True Confidence in Gulf of Aden,QQQ,broad_market_growth,equity_etf,,,baseline,,,,,,fixed_broad_market_baseline,,-0.0026968690256976204,-0.44644048353837695,negative,False,,2024-03-06,2.1953862433787642e-05,1.2287758642207396
v3_20240306_true_confidence_attack,2024-03-06,maritime_security_disruption,Houthi anti-ship missile strikes M/V True Confidence in Gulf of Aden,XLF,financials,equity_etf,,,baseline,,,,,,fixed_sector_baseline,,-0.0016607685841294028,-0.20783809936886385,negative,False,,2024-03-06,0.00041515223274547205,0.8767696736250823
v3_20240306_true_confidence_attack,2024-03-06,maritime_security_disruption,Houthi anti-ship missile strikes M/V True Confidence in Gulf of Aden,XLV,healthcare,equity_etf,,,baseline,,,,,,fixed_sector_baseline,,0.0005731460475353264,0.06497926292794738,positive,False,,2024-03-06,0.0001731918372583909,0.586261396023905
v3_20241203_iran_shadow_fleet_sanctions,2024-12-03,sanctions_energy_shipping,U.S. sanctions Iranian shadow-fleet petroleum transport entities and vessels,BOAT,maritime_chokepoint,ETF,broad_proxy,"Ticker is an ETF, fund, or basket used as broad proxy exposure for the maritime_chokepoint node: Basket exposure to global shipping companies sensitive to maritime route disruptions",georisk,first_order,0.35,inference_only,,"SonicShares Global Shipping ETF is mapped from asset_mapping.csv via node 'maritime_chokepoint' (a first-order (directly implicated) node), but retrieved cases do not corroborate this channel. Inference-only risk watchlist candidate, not a trading signal. This does not predict price movement.",,,0.0024335836130061645,0.0921412662493865,positive,False,,2024-12-03,-0.0014591176997983306,0.663035351015102
v3_20241203_iran_shadow_fleet_sanctions,2024-12-03,sanctions_energy_shipping,U.S. sanctions Iranian shadow-fleet petroleum transport entities and vessels,MATX,maritime_chokepoint,Stock,related_exposure,"Ocean transportation and logistics operations are materially route-dependent, but maritime chokepoints are route constraints rather than Matson's core node-specific business activity.",georisk,first_order,0.35,inference_only,,"Matson Inc is mapped from asset_mapping.csv via node 'maritime_chokepoint' (a first-order (directly implicated) node), but retrieved cases do not corroborate this channel. Inference-only risk watchlist candidate, not a trading signal. This does not predict price movement.",,,-0.011485522547978712,-0.2867883888595159,negative,False,,2024-12-03,0.0016888332340137429,0.49587141937263
v3_20241203_iran_shadow_fleet_sanctions,2024-12-03,sanctions_energy_shipping,U.S. sanctions Iranian shadow-fleet petroleum transport entities and vessels,CB,marine_insurance,Stock,related_exposure,Business has meaningful but diversified or indirect economic linkage to the marine_insurance node: Commercial insurer with marine and specialty insurance exposure,georisk,first_order,0.64,sector_proxy,case_2018_iran_oil_sanctions_reimposition;case_2019_cosco_shipping_sanctions_tanker_market;case_2018_iran_swift_restrictions,"Channel support inherited from transmission node 'marine_insurance', which is a first-order (directly implicated) node corroborated by 3 retrieved case(s). Chubb Limited maps to this supported channel but is not individually named. Risk watchlist candidate, not a trading signal. This does not predict price movement.",,,-0.018503256058108403,-0.9637394067613575,negative,False,,2024-12-03,0.0006474426364075061,0.26684917334926894
v3_20241203_iran_shadow_fleet_sanctions,2024-12-03,sanctions_energy_shipping,U.S. sanctions Iranian shadow-fleet petroleum transport entities and vessels,TRV,marine_insurance,Stock,related_exposure,Business has meaningful but diversified or indirect economic linkage to the marine_insurance node: Property casualty insurer with commercial insurance exposure,georisk,first_order,0.64,sector_proxy,case_2018_iran_oil_sanctions_reimposition;case_2019_cosco_shipping_sanctions_tanker_market;case_2018_iran_swift_restrictions,"Channel support inherited from transmission node 'marine_insurance', which is a first-order (directly implicated) node corroborated by 3 retrieved case(s). The Travelers Companies Inc maps to this supported channel but is not individually named. Risk watchlist candidate, not a trading signal. This does not predict price movement.",,,-0.02473946897593505,-0.8806309408653717,negative,False,,2024-12-03,0.0016177847270194103,0.45617567877481563
v3_20241203_iran_shadow_fleet_sanctions,2024-12-03,sanctions_energy_shipping,U.S. sanctions Iranian shadow-fleet petroleum transport entities and vessels,FRO,oil_shipping,Stock,direct_exposure,Core operations or products are directly tied to the oil_shipping node: Crude tanker operator exposed to oil shipping routes and tanker rates,georisk,first_order,0.82,historical_supported,case_2018_iran_oil_sanctions_reimposition;case_2019_cosco_shipping_sanctions_tanker_market,"Historical support from tanker transport matched affected tanker assets. The transmission node 'oil_shipping' is a first-order (directly implicated) node, and Frontline plc is directly named in the supporting case(s). Potential exposure candidate and risk watchlist item, not a trading signal. This does not predict price movement.",,,0.006114123589114305,0.14984760293436103,positive,False,,2024-12-03,-0.003289714912728246,1.0296187814127142
v3_20241203_iran_shadow_fleet_sanctions,2024-12-03,sanctions_energy_shipping,U.S. sanctions Iranian shadow-fleet petroleum transport entities and vessels,DHT,oil_shipping,Stock,direct_exposure,Core operations or products are directly tied to the oil_shipping node: Crude oil tanker company exposed to VLCC market conditions,georisk,first_order,0.82,historical_supported,case_2018_iran_oil_sanctions_reimposition;case_2019_cosco_shipping_sanctions_tanker_market,"Historical support from tanker transport matched affected tanker assets. The transmission node 'oil_shipping' is a first-order (directly implicated) node, and DHT Holdings Inc is directly named in the supporting case(s). Potential exposure candidate and risk watchlist item, not a trading signal. This does not predict price movement.",,,0.02927175676588118,0.8622055241892257,positive,False,,2024-12-03,-0.001404090564132747,0.8197255237216928
v3_20241203_iran_shadow_fleet_sanctions,2024-12-03,sanctions_energy_shipping,U.S. sanctions Iranian shadow-fleet petroleum transport entities and vessels,FLNG,lng_shipping,Stock,direct_exposure,Core operations or products are directly tied to the lng_shipping node: LNG carrier owner exposed to seaborne LNG transportation,georisk,first_order,0.35,inference_only,,"FLEX LNG Ltd is mapped from asset_mapping.csv via node 'lng_shipping' (a first-order (directly implicated) node), but retrieved cases do not corroborate this channel. Inference-only risk watchlist candidate, not a trading signal. This does not predict price movement.",,,-0.02929000523941566,-1.1434124697279051,negative,False,,2024-12-03,-0.0010226442494133624,0.742143497982016
v3_20241203_iran_shadow_fleet_sanctions,2024-12-03,sanctions_energy_shipping,U.S. sanctions Iranian shadow-fleet petroleum transport entities and vessels,LNG,lng_shipping,Stock,related_exposure,"LNG export and liquefaction operations are tied to global LNG trade, but seaborne LNG shipping is a downstream transport linkage rather than the company's primary operating activity.",georisk,first_order,0.35,inference_only,,"Cheniere Energy Inc is mapped from asset_mapping.csv via node 'lng_shipping' (a first-order (directly implicated) node), but retrieved cases do not corroborate this channel. Inference-only risk watchlist candidate, not a trading signal. This does not predict price movement.",,,-0.011012038744139242,-0.49175718081972364,negative,False,,2024-12-03,0.0025124058198910757,0.26069227077995927
v3_20241203_iran_shadow_fleet_sanctions,2024-12-03,sanctions_energy_shipping,U.S. sanctions Iranian shadow-fleet petroleum transport entities and vessels,XLE,energy,ETF,broad_proxy,"Ticker is an ETF, fund, or basket used as broad proxy exposure for the energy node: Broad ETF exposure to US energy companies",georisk,first_order,0.64,sector_proxy,case_2018_iran_oil_sanctions_reimposition,"Channel support inherited from transmission node 'energy', which is a first-order (directly implicated) node corroborated by 1 retrieved case(s). Energy Select Sector SPDR Fund maps to this supported channel but is not individually named. Risk watchlist candidate, not a trading signal. This does not predict price movement.",,,-0.03894217468361616,-1.9313399379214697,negative,False,,2024-12-03,0.00010036906376476642,0.45338058936539366
v3_20241203_iran_shadow_fleet_sanctions,2024-12-03,sanctions_energy_shipping,U.S. sanctions Iranian shadow-fleet petroleum transport entities and vessels,XOM,energy,Stock,related_exposure,Business has meaningful but diversified or indirect economic linkage to the energy node: Integrated energy producer with upstream and downstream exposure,georisk,first_order,0.64,sector_proxy,case_2018_iran_oil_sanctions_reimposition,"Channel support inherited from transmission node 'energy', which is a first-order (directly implicated) node corroborated by 1 retrieved case(s). Exxon Mobil Corporation maps to this supported channel but is not individually named. Risk watchlist candidate, not a trading signal. This does not predict price movement.",,,-0.03421435576959199,-1.5094115441350393,negative,False,,2024-12-03,0.0004110967466192626,0.20220982292308734
v3_20241203_iran_shadow_fleet_sanctions,2024-12-03,sanctions_energy_shipping,U.S. sanctions Iranian shadow-fleet petroleum transport entities and vessels,VLO,refining,Stock,direct_exposure,Core operations or products are directly tied to the refining node: Refiner exposed to crude supply and refined product margins,georisk,first_order,0.82,historical_supported,case_2018_iran_oil_sanctions_reimposition,"Historical support from refining exposure matched affected refining assets. The transmission node 'refining' is a first-order (directly implicated) node, and Valero Energy Corporation is directly named in the supporting case(s). Potential exposure candidate and risk watchlist item, not a trading signal. This does not predict price movement.",,,-0.036464802372804535,-1.0579422618955951,negative,False,,2024-12-03,-0.001162368569024084,0.4475174714366643
v3_20241203_iran_shadow_fleet_sanctions,2024-12-03,sanctions_energy_shipping,U.S. sanctions Iranian shadow-fleet petroleum transport entities and vessels,MPC,refining,Stock,direct_exposure,Core operations or products are directly tied to the refining node: Refining and midstream operator exposed to fuel markets,georisk,first_order,0.82,historical_supported,case_2018_iran_oil_sanctions_reimposition,"Historical support from refining exposure matched affected refining assets. The transmission node 'refining' is a first-order (directly implicated) node, and Marathon Petroleum Corporation is directly named in the supporting case(s). Potential exposure candidate and risk watchlist item, not a trading signal. This does not predict price movement.",,,-0.037426137354759526,-1.1751089441744593,negative,False,,2024-12-03,-0.0011844942892420623,0.4862231179347626
v3_20241203_iran_shadow_fleet_sanctions,2024-12-03,sanctions_energy_shipping,U.S. sanctions Iranian shadow-fleet petroleum transport entities and vessels,EXPD,trade_lanes,Stock,related_exposure,"Freight forwarding participates in global trade-lane activity, but trade_lanes is a broad route and flow condition across diversified logistics services.",georisk,second_order,0.64,sector_proxy,case_2019_cosco_shipping_sanctions_tanker_market;case_2018_iran_swift_restrictions,"Channel support inherited from transmission node 'trade_lanes', which is a second-order (analog-corroborated) node corroborated by 2 retrieved case(s). Expeditors International of Washington Inc maps to this supported channel but is not individually named. Risk watchlist candidate, not a trading signal. This does not predict price movement.",,,0.00012760094796652847,0.005913922050388386,positive,False,,2024-12-03,-6.177261474857986e-05,0.2917246944371911
v3_20241203_iran_shadow_fleet_sanctions,2024-12-03,sanctions_energy_shipping,U.S. sanctions Iranian shadow-fleet petroleum transport entities and vessels,DHL.DE,trade_lanes,Stock,related_exposure,"Global logistics operations participate in trade lanes, but trade_lanes is a broad cross-border flow condition rather than a specific core node business.",georisk,second_order,0.64,sector_proxy,case_2019_cosco_shipping_sanctions_tanker_market;case_2018_iran_swift_restrictions,"Channel support inherited from transmission node 'trade_lanes', which is a second-order (analog-corroborated) node corroborated by 2 retrieved case(s). DHL Group maps to this supported channel but is not individually named. Risk watchlist candidate, not a trading signal. This does not predict price movement.",,,-0.0008373034899513757,-0.034520149702497116,negative,False,,2024-12-03,-0.0013498519546784524,0.45444599289878007
v3_20241203_iran_shadow_fleet_sanctions,2024-12-03,sanctions_energy_shipping,U.S. sanctions Iranian shadow-fleet petroleum transport entities and vessels,DSGX,customs,Stock,direct_exposure,Core operations or products are directly tied to the customs node: Logistics software provider with customs and trade compliance exposure,georisk,second_order,0.64,sector_proxy,case_2019_cosco_shipping_sanctions_tanker_market;case_2018_iran_swift_restrictions,"Channel support inherited from transmission node 'customs', which is a second-order (analog-corroborated) node corroborated by 2 retrieved case(s). The Descartes Systems Group Inc maps to this supported channel but is not individually named. Risk watchlist candidate, not a trading signal. This does not predict price movement.",,,0.01657420947388629,0.7559498503812134,positive,False,,2024-12-03,0.00014837756936998765,1.081254255725552
v3_20241203_iran_shadow_fleet_sanctions,2024-12-03,sanctions_energy_shipping,U.S. sanctions Iranian shadow-fleet petroleum transport entities and vessels,CHRW,customs,Stock,related_exposure,"Freight brokerage and logistics services are affected by customs flows, but customs is one operating component within broader logistics activity.",georisk,second_order,0.64,sector_proxy,case_2019_cosco_shipping_sanctions_tanker_market;case_2018_iran_swift_restrictions,"Channel support inherited from transmission node 'customs', which is a second-order (analog-corroborated) node corroborated by 2 retrieved case(s). C H Robinson Worldwide Inc maps to this supported channel but is not individually named. Risk watchlist candidate, not a trading signal. This does not predict price movement.",,,0.010923675204512713,0.3411561152429651,positive,False,,2024-12-03,0.0020672377629681288,0.25006086665801425
v3_20241203_iran_shadow_fleet_sanctions,2024-12-03,sanctions_energy_shipping,U.S. sanctions Iranian shadow-fleet petroleum transport entities and vessels,LMT,defense,Stock,direct_exposure,Core operations or products are directly tied to the defense node: Defense contractor exposed to government security and defense spending priorities,georisk,first_order,0.35,inference_only,,"Lockheed Martin Corporation is mapped from asset_mapping.csv via node 'defense' (a first-order (directly implicated) node), but retrieved cases do not corroborate this channel. Inference-only risk watchlist candidate, not a trading signal. This does not predict price movement.",,,-0.020302629799133772,-0.9710100493587915,negative,False,,2024-12-03,0.001435254574273531,-0.04987632469026524
v3_20241203_iran_shadow_fleet_sanctions,2024-12-03,sanctions_energy_shipping,U.S. sanctions Iranian shadow-fleet petroleum transport entities and vessels,ITA,defense,ETF,broad_proxy,"Ticker is an ETF, fund, or basket used as broad proxy exposure for the defense node: ETF exposure to US aerospace and defense companies",georisk,first_order,0.35,inference_only,,"iShares U S Aerospace & Defense ETF is mapped from asset_mapping.csv via node 'defense' (a first-order (directly implicated) node), but retrieved cases do not corroborate this channel. Inference-only risk watchlist candidate, not a trading signal. This does not predict price movement.",,,-0.009661430977218471,-0.608146742320771,negative,False,,2024-12-03,0.00024532219009238836,0.8237741671209464
v3_20241203_iran_shadow_fleet_sanctions,2024-12-03,sanctions_energy_shipping,U.S. sanctions Iranian shadow-fleet petroleum transport entities and vessels,XLF,financial_sanctions,ETF,broad_proxy,"Ticker is an ETF, fund, or basket used as broad proxy exposure for the financial_sanctions node: Broad US financial sector ETF for sanctions and banking exposure context",georisk,second_order,0.64,sector_proxy,case_2018_iran_oil_sanctions_reimposition;case_2019_cosco_shipping_sanctions_tanker_market;case_2018_iran_swift_restrictions,"Channel support inherited from transmission node 'financial_sanctions', which is a second-order (analog-corroborated) node corroborated by 3 retrieved case(s). Financial Select Sector SPDR Fund maps to this supported channel but is not individually named. Risk watchlist candidate, not a trading signal. This does not predict price movement.",,,-0.030441254597315576,-2.1669330681722703,negative,True,,2024-12-03,0.0010360327480915992,0.7273502220310153
v3_20241203_iran_shadow_fleet_sanctions,2024-12-03,sanctions_energy_shipping,U.S. sanctions Iranian shadow-fleet petroleum transport entities and vessels,EUFN,financial_sanctions,ETF,broad_proxy,"Ticker is an ETF, fund, or basket used as broad proxy exposure for the financial_sanctions node: European financial sector ETF for cross-border banking exposure context",georisk,second_order,0.64,sector_proxy,case_2018_iran_oil_sanctions_reimposition;case_2019_cosco_shipping_sanctions_tanker_market;case_2018_iran_swift_restrictions,"Channel support inherited from transmission node 'financial_sanctions', which is a second-order (analog-corroborated) node corroborated by 3 retrieved case(s). iShares MSCI Europe Financials ETF maps to this supported channel but is not individually named. Risk watchlist candidate, not a trading signal. This does not predict price movement.",,,0.0022984123714715724,0.13783578542907438,positive,False,,2024-12-03,-0.0003196179979398381,0.6326459503928312
v3_20241203_iran_shadow_fleet_sanctions,2024-12-03,sanctions_energy_shipping,U.S. sanctions Iranian shadow-fleet petroleum transport entities and vessels,V,payment_networks,Stock,direct_exposure,Core operations or products are directly tied to the payment_networks node: Global payments network exposed to cross-border payment and compliance channels,georisk,second_order,0.64,sector_proxy,case_2018_iran_oil_sanctions_reimposition;case_2019_cosco_shipping_sanctions_tanker_market;case_2018_iran_swift_restrictions,"Channel support inherited from transmission node 'payment_networks', which is a second-order (analog-corroborated) node corroborated by 3 retrieved case(s). Visa Inc maps to this supported channel but is not individually named. Risk watchlist candidate, not a trading signal. This does not predict price movement.",,,-0.023390098506992456,-1.1628477790072138,negative,False,,2024-12-03,0.0007542822292019,0.552711624769037
v3_20241203_iran_shadow_fleet_sanctions,2024-12-03,sanctions_energy_shipping,U.S. sanctions Iranian shadow-fleet petroleum transport entities and vessels,MA,payment_networks,Stock,direct_exposure,Core operations or products are directly tied to the payment_networks node: Global payments network exposed to payment-routing and compliance channels,georisk,second_order,0.64,sector_proxy,case_2018_iran_oil_sanctions_reimposition;case_2019_cosco_shipping_sanctions_tanker_market;case_2018_iran_swift_restrictions,"Channel support inherited from transmission node 'payment_networks', which is a second-order (analog-corroborated) node corroborated by 3 retrieved case(s). Mastercard Incorporated maps to this supported channel but is not individually named. Risk watchlist candidate, not a trading signal. This does not predict price movement.",,,-0.029955276476557945,-1.837180902773887,negative,False,,2024-12-03,0.0008026873699775182,0.6208002859938601
v3_20241203_iran_shadow_fleet_sanctions,2024-12-03,sanctions_energy_shipping,U.S. sanctions Iranian shadow-fleet petroleum transport entities and vessels,QQQ,broad_market_growth,equity_etf,,,baseline,,,,,,fixed_broad_market_baseline,,0.016135053433111335,2.3856149233646753,positive,True,,2024-12-03,-0.0005237606734105534,1.3883604889137482
v3_20241203_iran_shadow_fleet_sanctions,2024-12-03,sanctions_energy_shipping,U.S. sanctions Iranian shadow-fleet petroleum transport entities and vessels,XLF,financials,equity_etf,,,baseline,,,,,,fixed_sector_baseline,,-0.030441254597315576,-2.1669330681722703,negative,True,,2024-12-03,0.0010360327480915992,0.7273502220310153
v3_20241203_iran_shadow_fleet_sanctions,2024-12-03,sanctions_energy_shipping,U.S. sanctions Iranian shadow-fleet petroleum transport entities and vessels,XLV,healthcare,equity_etf,,,baseline,,,,,,fixed_sector_baseline,,-0.007066587108663874,-0.6563707911480411,negative,False,,2024-12-03,-0.000356837010134691,0.4235503538760589
v3_20240223_sovcomflot_sanctions,2024-02-23,shipping_sanctions,U.S. sanctions Sovcomflot and tankers tied to Russian oil shipping,CB,marine_insurance,Stock,related_exposure,Business has meaningful but diversified or indirect economic linkage to the marine_insurance node: Commercial insurer with marine and specialty insurance exposure,georisk,second_order,0.64,sector_proxy,case_2023_arctic_lng_russian_energy_shipping_sanctions;case_2018_iran_oil_sanctions_reimposition,"Channel support inherited from transmission node 'marine_insurance', which is a second-order (analog-corroborated) node corroborated by 2 retrieved case(s). Chubb Limited maps to this supported channel but is not individually named. Risk watchlist candidate, not a trading signal. This does not predict price movement.",,,0.0014641363904722236,0.09271054286052235,positive,False,,2024-02-23,0.0012930032742050324,0.34588039525702996
v3_20240223_sovcomflot_sanctions,2024-02-23,shipping_sanctions,U.S. sanctions Sovcomflot and tankers tied to Russian oil shipping,TRV,marine_insurance,Stock,related_exposure,Business has meaningful but diversified or indirect economic linkage to the marine_insurance node: Property casualty insurer with commercial insurance exposure,georisk,second_order,0.64,sector_proxy,case_2023_arctic_lng_russian_energy_shipping_sanctions;case_2018_iran_oil_sanctions_reimposition,"Channel support inherited from transmission node 'marine_insurance', which is a second-order (analog-corroborated) node corroborated by 2 retrieved case(s). The Travelers Companies Inc maps to this supported channel but is not individually named. Risk watchlist candidate, not a trading signal. This does not predict price movement.",,,-0.009048223780469513,-0.46627596118045045,negative,False,,2024-02-23,0.0018926199587154162,0.35031217610694587
v3_20240223_sovcomflot_sanctions,2024-02-23,shipping_sanctions,U.S. sanctions Sovcomflot and tankers tied to Russian oil shipping,FRO,oil_shipping,Stock,direct_exposure,Core operations or products are directly tied to the oil_shipping node: Crude tanker operator exposed to oil shipping routes and tanker rates,georisk,second_order,0.82,historical_supported,case_2019_venezuela_oil_sanctions;case_2018_iran_oil_sanctions_reimposition,"Historical support from tanker transport matched affected tanker assets. The transmission node 'oil_shipping' is a second-order (analog-corroborated) node, and Frontline plc is directly named in the supporting case(s). Potential exposure candidate and risk watchlist item, not a trading signal. This does not predict price movement.",,,0.0025292991821824432,0.061553375486937664,positive,False,,2024-02-23,0.0028697746611214517,-0.23140567734892917
v3_20240223_sovcomflot_sanctions,2024-02-23,shipping_sanctions,U.S. sanctions Sovcomflot and tankers tied to Russian oil shipping,DHT,oil_shipping,Stock,direct_exposure,Core operations or products are directly tied to the oil_shipping node: Crude oil tanker company exposed to VLCC market conditions,georisk,second_order,0.82,historical_supported,case_2019_venezuela_oil_sanctions;case_2018_iran_oil_sanctions_reimposition,"Historical support from tanker transport matched affected tanker assets. The transmission node 'oil_shipping' is a second-order (analog-corroborated) node, and DHT Holdings Inc is directly named in the supporting case(s). Potential exposure candidate and risk watchlist item, not a trading signal. This does not predict price movement.",,,-0.005485676078977776,-0.15007536882008526,negative,False,,2024-02-23,0.0015573470941081307,-0.04738996051629116
v3_20240223_sovcomflot_sanctions,2024-02-23,shipping_sanctions,U.S. sanctions Sovcomflot and tankers tied to Russian oil shipping,FLNG,lng_shipping,Stock,direct_exposure,Core operations or products are directly tied to the lng_shipping node: LNG carrier owner exposed to seaborne LNG transportation,georisk,first_order,0.82,historical_supported,case_2023_arctic_lng_russian_energy_shipping_sanctions,"Historical support from LNG transport matched affected LNG assets. The transmission node 'lng_shipping' is a first-order (directly implicated) node, and FLEX LNG Ltd is directly named in the supporting case(s). Potential exposure candidate and risk watchlist item, not a trading signal. This does not predict price movement.",,,-0.03437447283504244,-1.4696631945673333,negative,False,,2024-02-23,-0.0010495131709679613,0.17686969895295282
v3_20240223_sovcomflot_sanctions,2024-02-23,shipping_sanctions,U.S. sanctions Sovcomflot and tankers tied to Russian oil shipping,LNG,lng_shipping,Stock,related_exposure,"LNG export and liquefaction operations are tied to global LNG trade, but seaborne LNG shipping is a downstream transport linkage rather than the company's primary operating activity.",georisk,first_order,0.82,historical_supported,case_2023_arctic_lng_russian_energy_shipping_sanctions,"Historical support from LNG transport matched affected LNG assets. The transmission node 'lng_shipping' is a first-order (directly implicated) node, and Cheniere Energy Inc is directly named in the supporting case(s). Potential exposure candidate and risk watchlist item, not a trading signal. This does not predict price movement.",,,-0.06597537531463854,-2.9175517972823632,negative,True,,2024-02-23,-0.0004763883939723937,0.48854535562481616
v3_20240223_sovcomflot_sanctions,2024-02-23,shipping_sanctions,U.S. sanctions Sovcomflot and tankers tied to Russian oil shipping,XLE,energy,ETF,broad_proxy,"Ticker is an ETF, fund, or basket used as broad proxy exposure for the energy node: Broad ETF exposure to US energy companies",georisk,first_order,0.64,sector_proxy,case_2023_arctic_lng_russian_energy_shipping_sanctions;case_2019_venezuela_oil_sanctions;case_2018_iran_oil_sanctions_reimposition,"Channel support inherited from transmission node 'energy', which is a first-order (directly implicated) node corroborated by 3 retrieved case(s). Energy Select Sector SPDR Fund maps to this supported channel but is not individually named. Risk watchlist candidate, not a trading signal. This does not predict price movement.",,,-0.007278624305136586,-0.35716884039299435,negative,False,,2024-02-23,-0.0004741702152819213,0.41417735993159716
v3_20240223_sovcomflot_sanctions,2024-02-23,shipping_sanctions,U.S. sanctions Sovcomflot and tankers tied to Russian oil shipping,XOM,energy,Stock,related_exposure,Business has meaningful but diversified or indirect economic linkage to the energy node: Integrated energy producer with upstream and downstream exposure,georisk,first_order,0.64,sector_proxy,case_2023_arctic_lng_russian_energy_shipping_sanctions;case_2019_venezuela_oil_sanctions;case_2018_iran_oil_sanctions_reimposition,"Channel support inherited from transmission node 'energy', which is a first-order (directly implicated) node corroborated by 3 retrieved case(s). Exxon Mobil Corporation maps to this supported channel but is not individually named. Risk watchlist candidate, not a trading signal. This does not predict price movement.",,,-0.008854027446630346,-0.37084825177302144,negative,False,,2024-02-23,-0.00026767262243012735,0.22373336782753656
v3_20240223_sovcomflot_sanctions,2024-02-23,shipping_sanctions,U.S. sanctions Sovcomflot and tankers tied to Russian oil shipping,VLO,refining,Stock,direct_exposure,Core operations or products are directly tied to the refining node: Refiner exposed to crude supply and refined product margins,georisk,first_order,0.82,historical_supported,case_2019_venezuela_oil_sanctions;case_2018_iran_oil_sanctions_reimposition,"Historical support from refining exposure matched affected refining assets. The transmission node 'refining' is a first-order (directly implicated) node, and Valero Energy Corporation is directly named in the supporting case(s). Potential exposure candidate and risk watchlist item, not a trading signal. This does not predict price movement.",,,0.04600992789308947,1.5973219801354546,positive,False,,2024-02-23,0.00030294841021057974,0.5600978028045831
v3_20240223_sovcomflot_sanctions,2024-02-23,shipping_sanctions,U.S. sanctions Sovcomflot and tankers tied to Russian oil shipping,MPC,refining,Stock,direct_exposure,Core operations or products are directly tied to the refining node: Refining and midstream operator exposed to fuel markets,georisk,first_order,0.82,historical_supported,case_2019_venezuela_oil_sanctions;case_2018_iran_oil_sanctions_reimposition,"Historical support from refining exposure matched affected refining assets. The transmission node 'refining' is a first-order (directly implicated) node, and Marathon Petroleum Corporation is directly named in the supporting case(s). Potential exposure candidate and risk watchlist item, not a trading signal. This does not predict price movement.",,,0.025987052177084746,0.914881395639103,positive,False,,2024-02-23,0.0011472601240756792,0.4843962152996087
v3_20240223_sovcomflot_sanctions,2024-02-23,shipping_sanctions,U.S. sanctions Sovcomflot and tankers tied to Russian oil shipping,DOW,petrochemicals,Stock,direct_exposure,Core operations or products are directly tied to the petrochemicals node: Commodity chemicals producer exposed to petrochemical feedstocks,georisk,first_order,0.64,sector_proxy,case_2019_venezuela_oil_sanctions;case_2018_iran_oil_sanctions_reimposition,"Channel support inherited from transmission node 'petrochemicals', which is a first-order (directly implicated) node corroborated by 2 retrieved case(s). Dow Inc maps to this supported channel but is not individually named. Risk watchlist candidate, not a trading signal. This does not predict price movement.",,,-0.007915637645588136,-0.43296210114037625,negative,False,,2024-02-23,-0.0006045548831124191,0.8747727106689345
v3_20240223_sovcomflot_sanctions,2024-02-23,shipping_sanctions,U.S. sanctions Sovcomflot and tankers tied to Russian oil shipping,LYB,petrochemicals,Stock,direct_exposure,Core operations or products are directly tied to the petrochemicals node: Petrochemical producer exposed to olefins polymers and feedstock costs,georisk,first_order,0.64,sector_proxy,case_2019_venezuela_oil_sanctions;case_2018_iran_oil_sanctions_reimposition,"Channel support inherited from transmission node 'petrochemicals', which is a first-order (directly implicated) node corroborated by 2 retrieved case(s). LyondellBasell Industries NV maps to this supported channel but is not individually named. Risk watchlist candidate, not a trading signal. This does not predict price movement.",,,0.0047353067252365565,0.26821239060599184,positive,False,,2024-02-23,-0.0005615313141553416,0.6619617816789843
v3_20240223_sovcomflot_sanctions,2024-02-23,shipping_sanctions,U.S. sanctions Sovcomflot and tankers tied to Russian oil shipping,DE,manufacturing_inputs,Stock,related_exposure,Business has meaningful but diversified or indirect economic linkage to the manufacturing_inputs node: Equipment manufacturer exposed to agriculture and industrial input cycles,georisk,first_order,0.35,inference_only,,"Deere & Company is mapped from asset_mapping.csv via node 'manufacturing_inputs' (a first-order (directly implicated) node), but retrieved cases do not corroborate this channel. Inference-only risk watchlist candidate, not a trading signal. This does not predict price movement.",,,0.003886074729490918,0.17492489082054444,positive,False,,2024-02-23,-0.0017562807204669175,1.0193474605133155
v3_20240223_sovcomflot_sanctions,2024-02-23,shipping_sanctions,U.S. sanctions Sovcomflot and tankers tied to Russian oil shipping,CAT,manufacturing_inputs,Stock,related_exposure,Business has meaningful but diversified or indirect economic linkage to the manufacturing_inputs node: Heavy equipment manufacturer exposed to construction mining and infrastructure inputs,georisk,first_order,0.35,inference_only,,"Caterpillar Inc is mapped from asset_mapping.csv via node 'manufacturing_inputs' (a first-order (directly implicated) node), but retrieved cases do not corroborate this channel. Inference-only risk watchlist candidate, not a trading signal. This does not predict price movement.",,,0.002736223509546107,0.12099174314977072,positive,False,,2024-02-23,8.136411919880377e-05,1.2874262780430272
v3_20240223_sovcomflot_sanctions,2024-02-23,shipping_sanctions,U.S. sanctions Sovcomflot and tankers tied to Russian oil shipping,XLF,financial_sanctions,ETF,broad_proxy,"Ticker is an ETF, fund, or basket used as broad proxy exposure for the financial_sanctions node: Broad US financial sector ETF for sanctions and banking exposure context",georisk,second_order,0.64,sector_proxy,case_2023_arctic_lng_russian_energy_shipping_sanctions;case_2019_venezuela_oil_sanctions;case_2018_iran_oil_sanctions_reimposition,"Channel support inherited from transmission node 'financial_sanctions', which is a second-order (analog-corroborated) node corroborated by 3 retrieved case(s). Financial Select Sector SPDR Fund maps to this supported channel but is not individually named. Risk watchlist candidate, not a trading signal. This does not predict price movement.",,,-0.004061015568464494,-0.5064811879572381,negative,False,,2024-02-23,0.0002474369246089325,0.8434514558522531
v3_20240223_sovcomflot_sanctions,2024-02-23,shipping_sanctions,U.S. sanctions Sovcomflot and tankers tied to Russian oil shipping,EUFN,financial_sanctions,ETF,broad_proxy,"Ticker is an ETF, fund, or basket used as broad proxy exposure for the financial_sanctions node: European financial sector ETF for cross-border banking exposure context",georisk,second_order,0.64,sector_proxy,case_2023_arctic_lng_russian_energy_shipping_sanctions;case_2019_venezuela_oil_sanctions;case_2018_iran_oil_sanctions_reimposition,"Channel support inherited from transmission node 'financial_sanctions', which is a second-order (analog-corroborated) node corroborated by 3 retrieved case(s). iShares MSCI Europe Financials ETF maps to this supported channel but is not individually named. Risk watchlist candidate, not a trading signal. This does not predict price movement.",,,0.0013936189080006414,0.1195002602938897,positive,False,,2024-02-23,-0.0002708218766305992,0.7818553499171198
v3_20240223_sovcomflot_sanctions,2024-02-23,shipping_sanctions,U.S. sanctions Sovcomflot and tankers tied to Russian oil shipping,V,payment_networks,Stock,direct_exposure,Core operations or products are directly tied to the payment_networks node: Global payments network exposed to cross-border payment and compliance channels,georisk,second_order,0.64,sector_proxy,case_2023_arctic_lng_russian_energy_shipping_sanctions;case_2019_venezuela_oil_sanctions;case_2018_iran_oil_sanctions_reimposition,"Channel support inherited from transmission node 'payment_networks', which is a second-order (analog-corroborated) node corroborated by 3 retrieved case(s). Visa Inc maps to this supported channel but is not individually named. Risk watchlist candidate, not a trading signal. This does not predict price movement.",,,0.012371726129174686,1.050519103330607,positive,False,,2024-02-23,0.00041533381328207384,0.7363179030198044
v3_20240223_sovcomflot_sanctions,2024-02-23,shipping_sanctions,U.S. sanctions Sovcomflot and tankers tied to Russian oil shipping,MA,payment_networks,Stock,direct_exposure,Core operations or products are directly tied to the payment_networks node: Global payments network exposed to payment-routing and compliance channels,georisk,second_order,0.64,sector_proxy,case_2023_arctic_lng_russian_energy_shipping_sanctions;case_2019_venezuela_oil_sanctions;case_2018_iran_oil_sanctions_reimposition,"Channel support inherited from transmission node 'payment_networks', which is a second-order (analog-corroborated) node corroborated by 3 retrieved case(s). Mastercard Incorporated maps to this supported channel but is not individually named. Risk watchlist candidate, not a trading signal. This does not predict price movement.",,,0.01766410351296792,1.3558601798165288,positive,False,,2024-02-23,0.0003804648758259132,0.8290716055219813
v3_20240223_sovcomflot_sanctions,2024-02-23,shipping_sanctions,U.S. sanctions Sovcomflot and tankers tied to Russian oil shipping,QQQ,broad_market_growth,equity_etf,,,baseline,,,,,,fixed_broad_market_baseline,,0.0032379996359817023,0.5347603262687858,positive,False,,2024-02-23,0.0001396661463995993,1.249668820323875
v3_20240223_sovcomflot_sanctions,2024-02-23,shipping_sanctions,U.S. sanctions Sovcomflot and tankers tied to Russian oil shipping,XLF,financials,equity_etf,,,baseline,,,,,,fixed_sector_baseline,,-0.004061015568464494,-0.5064811879572381,negative,False,,2024-02-23,0.0002474369246089325,0.8434514558522531
v3_20240223_sovcomflot_sanctions,2024-02-23,shipping_sanctions,U.S. sanctions Sovcomflot and tankers tied to Russian oil shipping,XLV,healthcare,equity_etf,,,baseline,,,,,,fixed_sector_baseline,,0.0009783757668326365,0.11148989092113211,positive,False,,2024-02-23,5.024121593503183e-07,0.5864524881539908
v3_20240913_ustr_section301_tariffs_final,2024-09-13,trade_policy_and_tariffs,USTR finalizes China Section 301 tariff modifications after four-year review,DSGX,customs,Stock,direct_exposure,Core operations or products are directly tied to the customs node: Logistics software provider with customs and trade compliance exposure,georisk,first_order,0.64,sector_proxy,case_china_gallium_germanium_graphite_controls;case_2024_ev_tariff_escalation_china;case_2023_china_graphite_battery_export_controls,"Channel support inherited from transmission node 'customs', which is a first-order (directly implicated) node corroborated by 3 retrieved case(s). The Descartes Systems Group Inc maps to this supported channel but is not individually named. Risk watchlist candidate, not a trading signal. This does not predict price movement.",,,0.010737778670493105,0.527455290534372,positive,False,,2024-09-13,8.955992413202091e-05,0.9628371745650559
v3_20240913_ustr_section301_tariffs_final,2024-09-13,trade_policy_and_tariffs,USTR finalizes China Section 301 tariff modifications after four-year review,CHRW,customs,Stock,related_exposure,"Freight brokerage and logistics services are affected by customs flows, but customs is one operating component within broader logistics activity.",georisk,first_order,0.64,sector_proxy,case_china_gallium_germanium_graphite_controls;case_2024_ev_tariff_escalation_china;case_2023_china_graphite_battery_export_controls,"Channel support inherited from transmission node 'customs', which is a first-order (directly implicated) node corroborated by 3 retrieved case(s). C H Robinson Worldwide Inc maps to this supported channel but is not individually named. Risk watchlist candidate, not a trading signal. This does not predict price movement.",,,-0.008846176691831447,-0.23302974397800041,negative,False,,2024-09-13,0.0030765213098905004,0.1357119265828156
v3_20240913_ustr_section301_tariffs_final,2024-09-13,trade_policy_and_tariffs,USTR finalizes China Section 301 tariff modifications after four-year review,DE,manufacturing_inputs,Stock,related_exposure,Business has meaningful but diversified or indirect economic linkage to the manufacturing_inputs node: Equipment manufacturer exposed to agriculture and industrial input cycles,georisk,first_order,0.64,sector_proxy,case_china_gallium_germanium_graphite_controls;case_2024_ev_tariff_escalation_china;case_2023_china_graphite_battery_export_controls,"Channel support inherited from transmission node 'manufacturing_inputs', which is a first-order (directly implicated) node corroborated by 3 retrieved case(s). Deere & Company maps to this supported channel but is not individually named. Risk watchlist candidate, not a trading signal. This does not predict price movement.",,,0.00580518536372158,0.24346690200183713,positive,False,,2024-09-13,-0.00021214821052332414,0.6965501048763639
v3_20240913_ustr_section301_tariffs_final,2024-09-13,trade_policy_and_tariffs,USTR finalizes China Section 301 tariff modifications after four-year review,CAT,manufacturing_inputs,Stock,related_exposure,Business has meaningful but diversified or indirect economic linkage to the manufacturing_inputs node: Heavy equipment manufacturer exposed to construction mining and infrastructure inputs,georisk,first_order,0.64,sector_proxy,case_china_gallium_germanium_graphite_controls;case_2024_ev_tariff_escalation_china;case_2023_china_graphite_battery_export_controls,"Channel support inherited from transmission node 'manufacturing_inputs', which is a first-order (directly implicated) node corroborated by 3 retrieved case(s). Caterpillar Inc maps to this supported channel but is not individually named. Risk watchlist candidate, not a trading signal. This does not predict price movement.",,,0.02278929760802381,0.995398385791753,positive,False,,2024-09-13,-0.0003628877705395775,1.0923253172384777
v3_20240913_ustr_section301_tariffs_final,2024-09-13,trade_policy_and_tariffs,USTR finalizes China Section 301 tariff modifications after four-year review,REMX,critical_minerals,ETF,broad_proxy,"Ticker is an ETF, fund, or basket used as broad proxy exposure for the critical_minerals node: Basket exposure to rare earth and strategic metals producers used in critical supply chains",georisk,first_order,0.64,sector_proxy,case_china_gallium_germanium_graphite_controls;case_2024_ev_tariff_escalation_china;case_2023_china_graphite_battery_export_controls,"Channel support inherited from transmission node 'critical_minerals', which is a first-order (directly implicated) node corroborated by 3 retrieved case(s). VanEck Rare Earth and Strategic Metals ETF maps to this supported channel but is not individually named. Risk watchlist candidate, not a trading signal. This does not predict price movement.",,,-0.009160329839187556,-0.3100498972030115,negative,False,,2024-09-13,-0.002748598389879729,1.1541306971279879
v3_20240913_ustr_section301_tariffs_final,2024-09-13,trade_policy_and_tariffs,USTR finalizes China Section 301 tariff modifications after four-year review,PICK,critical_minerals,ETF,broad_proxy,"Ticker is an ETF, fund, or basket used as broad proxy exposure for the critical_minerals node: Broad metals and mining producer ETF with critical materials exposure",georisk,first_order,0.64,sector_proxy,case_china_gallium_germanium_graphite_controls;case_2024_ev_tariff_escalation_china;case_2023_china_graphite_battery_export_controls,"Channel support inherited from transmission node 'critical_minerals', which is a first-order (directly implicated) node corroborated by 3 retrieved case(s). iShares MSCI Global Metals & Mining Producers ETF maps to this supported channel but is not individually named. Risk watchlist candidate, not a trading signal. This does not predict price movement.",,,0.03302583133140112,1.7798350908500944,positive,False,,2024-09-13,-0.0007839498721200181,0.8847445079920324
v3_20240913_ustr_section301_tariffs_final,2024-09-13,trade_policy_and_tariffs,USTR finalizes China Section 301 tariff modifications after four-year review,MP,rare_earths,Stock,direct_exposure,Core operations or products are directly tied to the rare_earths node: Rare earth mining and processing company exposed to magnet materials supply chains,georisk,first_order,0.35,inference_only,,"MP Materials Corp is mapped from asset_mapping.csv via node 'rare_earths' (a first-order (directly implicated) node), but retrieved cases do not corroborate this channel. Inference-only risk watchlist candidate, not a trading signal. This does not predict price movement.",,,-0.009390744191814899,-0.16635187545200847,negative,False,,2024-09-13,-0.002168224552569018,1.866400201663155
v3_20240913_ustr_section301_tariffs_final,2024-09-13,trade_policy_and_tariffs,USTR finalizes China Section 301 tariff modifications after four-year review,LYSDY,rare_earths,ADR,direct_exposure,Core operations or products are directly tied to the rare_earths node: Rare earth producer with exposure to non-China rare earth supply chains,georisk,first_order,0.35,inference_only,,"Lynas Rare Earths Ltd ADR is mapped from asset_mapping.csv via node 'rare_earths' (a first-order (directly implicated) node), but retrieved cases do not corroborate this channel. Inference-only risk watchlist candidate, not a trading signal. This does not predict price movement.",,,-0.015319911049446511,-0.4282971042272469,negative,False,,2024-09-13,0.0011094633981827693,0.6649559178670745
v3_20240913_ustr_section301_tariffs_final,2024-09-13,trade_policy_and_tariffs,USTR finalizes China Section 301 tariff modifications after four-year review,NEO.TO,gallium_germanium_graphite,Stock,related_exposure,"Specialty materials operations are exposed to engineered and rare-earth material supply chains, but the bundled gallium, germanium, and graphite node is narrower than the company's broader materials business.",georisk,first_order,0.64,sector_proxy,case_china_gallium_germanium_graphite_controls;case_2023_china_graphite_battery_export_controls,"Channel support inherited from transmission node 'gallium_germanium_graphite', which is a first-order (directly implicated) node corroborated by 2 retrieved case(s). Neo Performance Materials Inc maps to this supported channel but is not individually named. Risk watchlist candidate, not a trading signal. This does not predict price movement.",,,-0.028850195901122158,-0.6090877051710639,negative,False,,2024-09-13,-1.4099256817581844e-05,1.3198941341201984
v3_20240913_ustr_section301_tariffs_final,2024-09-13,trade_policy_and_tariffs,USTR finalizes China Section 301 tariff modifications after four-year review,SYR.AX,gallium_germanium_graphite,Stock,related_exposure,"Graphite production links the company to part of this node, but the bundled gallium, germanium, and graphite node is only partly specific to its core operations.",georisk,first_order,0.64,sector_proxy,case_china_gallium_germanium_graphite_controls;case_2023_china_graphite_battery_export_controls,"Channel support inherited from transmission node 'gallium_germanium_graphite', which is a first-order (directly implicated) node corroborated by 2 retrieved case(s). Syrah Resources Ltd maps to this supported channel but is not individually named. Risk watchlist candidate, not a trading signal. This does not predict price movement.",,,0.14793484956280015,2.0373821690204377,positive,True,,2024-09-13,-0.007283287341016512,-0.03835157728893032
v3_20240913_ustr_section301_tariffs_final,2024-09-13,trade_policy_and_tariffs,USTR finalizes China Section 301 tariff modifications after four-year review,LIT,battery_materials,ETF,broad_proxy,"Ticker is an ETF, fund, or basket used as broad proxy exposure for the battery_materials node: Basket exposure to lithium battery materials and battery technology supply chains",georisk,second_order,0.64,sector_proxy,case_2024_ev_tariff_escalation_china;case_2023_china_graphite_battery_export_controls,"Channel support inherited from transmission node 'battery_materials', which is a second-order (analog-corroborated) node corroborated by 2 retrieved case(s). Global X Lithium & Battery Tech ETF maps to this supported channel but is not individually named. Risk watchlist candidate, not a trading signal. This does not predict price movement.",,,-0.02153570126135085,-0.839921324696448,negative,False,,2024-09-13,-0.002110392487722971,1.091691055053114
v3_20240913_ustr_section301_tariffs_final,2024-09-13,trade_policy_and_tariffs,USTR finalizes China Section 301 tariff modifications after four-year review,ALB,battery_materials,Stock,direct_exposure,Core operations or products are directly tied to the battery_materials node: Lithium producer exposed to battery material supply chains,georisk,second_order,0.64,sector_proxy,case_2024_ev_tariff_escalation_china;case_2023_china_graphite_battery_export_controls,"Channel support inherited from transmission node 'battery_materials', which is a second-order (analog-corroborated) node corroborated by 2 retrieved case(s). Albemarle Corporation maps to this supported channel but is not individually named. Risk watchlist candidate, not a trading signal. This does not predict price movement.",,,-0.01107403288738092,-0.21391425013275583,negative,False,,2024-09-13,-0.0031042384421650095,1.7084503263442858
v3_20240913_ustr_section301_tariffs_final,2024-09-13,trade_policy_and_tariffs,USTR finalizes China Section 301 tariff modifications after four-year review,QQQ,broad_market_growth,equity_etf,,,baseline,,,,,,fixed_broad_market_baseline,,-0.009375769221319762,-1.4152499797393618,negative,False,,2024-09-13,-0.0004883637893034716,1.3700457585778523
v3_20240913_ustr_section301_tariffs_final,2024-09-13,trade_policy_and_tariffs,USTR finalizes China Section 301 tariff modifications after four-year review,XLF,financials,equity_etf,,,baseline,,,,,,fixed_sector_baseline,,0.007216986894388308,0.6223839004026466,positive,False,,2024-09-13,0.0005485494348450019,0.6186459340986382
v3_20240913_ustr_section301_tariffs_final,2024-09-13,trade_policy_and_tariffs,USTR finalizes China Section 301 tariff modifications after four-year review,XLV,healthcare,equity_etf,,,baseline,,,,,,fixed_sector_baseline,,0.00506622940066057,0.48977850463820033,positive,False,,2024-09-13,0.00026512419905378305,0.44397904966742036
v3_20250730_copper_tariffs,2025-07-30,critical_minerals_trade_restriction,U.S. imposes Section 232 tariffs on copper products,EXPD,trade_lanes,Stock,related_exposure,"Freight forwarding participates in global trade-lane activity, but trade_lanes is a broad route and flow condition across diversified logistics services.",georisk,second_order,0.64,sector_proxy,case_2023_panama_cobre_mine_closure;case_2024_ev_tariff_escalation_china;case_2021_xinjiang_forced_labor_import_restrictions,"Channel support inherited from transmission node 'trade_lanes', which is a second-order (analog-corroborated) node corroborated by 3 retrieved case(s). Expeditors International of Washington Inc maps to this supported channel but is not individually named. Risk watchlist candidate, not a trading signal. This does not predict price movement.",,,0.015058794795580699,0.5510534937562177,positive,False,,2025-07-30,-8.328268867374736e-05,0.7686705905991867
v3_20250730_copper_tariffs,2025-07-30,critical_minerals_trade_restriction,U.S. imposes Section 232 tariffs on copper products,DHL.DE,trade_lanes,Stock,related_exposure,"Global logistics operations participate in trade lanes, but trade_lanes is a broad cross-border flow condition rather than a specific core node business.",georisk,second_order,0.64,sector_proxy,case_2023_panama_cobre_mine_closure;case_2024_ev_tariff_escalation_china;case_2021_xinjiang_forced_labor_import_restrictions,"Channel support inherited from transmission node 'trade_lanes', which is a second-order (analog-corroborated) node corroborated by 3 retrieved case(s). DHL Group maps to this supported channel but is not individually named. Risk watchlist candidate, not a trading signal. This does not predict price movement.",,,-0.03965537903650933,-1.057093820749032,negative,False,,2025-07-30,0.0014946203524647823,0.06584080267527487
v3_20250730_copper_tariffs,2025-07-30,critical_minerals_trade_restriction,U.S. imposes Section 232 tariffs on copper products,DSGX,customs,Stock,direct_exposure,Core operations or products are directly tied to the customs node: Logistics software provider with customs and trade compliance exposure,georisk,first_order,0.64,sector_proxy,case_2023_panama_cobre_mine_closure;case_2024_ev_tariff_escalation_china;case_2021_xinjiang_forced_labor_import_restrictions,"Channel support inherited from transmission node 'customs', which is a first-order (directly implicated) node corroborated by 3 retrieved case(s). The Descartes Systems Group Inc maps to this supported channel but is not individually named. Risk watchlist candidate, not a trading signal. This does not predict price movement.",,,0.0011970451572907307,0.04010674851507134,positive,False,,2025-07-30,-0.0012583389708502222,0.9238004416501152
v3_20250730_copper_tariffs,2025-07-30,critical_minerals_trade_restriction,U.S. imposes Section 232 tariffs on copper products,CHRW,customs,Stock,related_exposure,"Freight brokerage and logistics services are affected by customs flows, but customs is one operating component within broader logistics activity.",georisk,first_order,0.64,sector_proxy,case_2023_panama_cobre_mine_closure;case_2024_ev_tariff_escalation_china;case_2021_xinjiang_forced_labor_import_restrictions,"Channel support inherited from transmission node 'customs', which is a first-order (directly implicated) node corroborated by 3 retrieved case(s). C H Robinson Worldwide Inc maps to this supported channel but is not individually named. Risk watchlist candidate, not a trading signal. This does not predict price movement.",,,0.15033934971372623,5.615768508276913,positive,True,,2025-07-30,-0.0006502974760975893,0.7363375461028144
v3_20250730_copper_tariffs,2025-07-30,critical_minerals_trade_restriction,U.S. imposes Section 232 tariffs on copper products,DE,manufacturing_inputs,Stock,related_exposure,Business has meaningful but diversified or indirect economic linkage to the manufacturing_inputs node: Equipment manufacturer exposed to agriculture and industrial input cycles,georisk,first_order,0.64,sector_proxy,case_2023_panama_cobre_mine_closure;case_2024_ev_tariff_escalation_china;case_2021_xinjiang_forced_labor_import_restrictions,"Channel support inherited from transmission node 'manufacturing_inputs', which is a first-order (directly implicated) node corroborated by 3 retrieved case(s). Deere & Company maps to this supported channel but is not individually named. Risk watchlist candidate, not a trading signal. This does not predict price movement.",,,0.031521357831694054,1.282038309168483,positive,False,,2025-07-30,0.0006255706027271998,0.8007637619556897
v3_20250730_copper_tariffs,2025-07-30,critical_minerals_trade_restriction,U.S. imposes Section 232 tariffs on copper products,CAT,manufacturing_inputs,Stock,related_exposure,Business has meaningful but diversified or indirect economic linkage to the manufacturing_inputs node: Heavy equipment manufacturer exposed to construction mining and infrastructure inputs,georisk,first_order,0.64,sector_proxy,case_2023_panama_cobre_mine_closure;case_2024_ev_tariff_escalation_china;case_2021_xinjiang_forced_labor_import_restrictions,"Channel support inherited from transmission node 'manufacturing_inputs', which is a first-order (directly implicated) node corroborated by 3 retrieved case(s). Caterpillar Inc maps to this supported channel but is not individually named. Risk watchlist candidate, not a trading signal. This does not predict price movement.",,,0.019903234263793472,1.0030039296163684,positive,False,,2025-07-30,5.1834193308818055e-05,1.0834426514538893
v3_20250730_copper_tariffs,2025-07-30,critical_minerals_trade_restriction,U.S. imposes Section 232 tariffs on copper products,KNIN.SW,logistics,Stock,direct_exposure,Core operations or products are directly tied to the logistics node: Global freight forwarding and logistics company,georisk,second_order,0.64,sector_proxy,case_2024_ev_tariff_escalation_china;case_2021_xinjiang_forced_labor_import_restrictions,"Channel support inherited from transmission node 'logistics', which is a second-order (analog-corroborated) node corroborated by 2 retrieved case(s). Kuehne + Nagel International AG maps to this supported channel but is not individually named. Risk watchlist candidate, not a trading signal. This does not predict price movement.",,,-0.026595730485202796,-0.8070477868047149,negative,False,,2025-07-30,-0.0008549356031147229,0.04242888174247
v3_20250730_copper_tariffs,2025-07-30,critical_minerals_trade_restriction,U.S. imposes Section 232 tariffs on copper products,JBHT,logistics,Stock,direct_exposure,Core operations or products are directly tied to the logistics node: Intermodal and trucking logistics provider exposed to freight demand,georisk,second_order,0.64,sector_proxy,case_2024_ev_tariff_escalation_china;case_2021_xinjiang_forced_labor_import_restrictions,"Channel support inherited from transmission node 'logistics', which is a second-order (analog-corroborated) node corroborated by 2 retrieved case(s). J B Hunt Transport Services Inc maps to this supported channel but is not individually named. Risk watchlist candidate, not a trading signal. This does not predict price movement.",,,-0.017534379418142253,-0.561458631174628,negative,False,,2025-07-30,-0.001299213213463512,1.0449954826812025
v3_20250730_copper_tariffs,2025-07-30,critical_minerals_trade_restriction,U.S. imposes Section 232 tariffs on copper products,REMX,critical_minerals,ETF,broad_proxy,"Ticker is an ETF, fund, or basket used as broad proxy exposure for the critical_minerals node: Basket exposure to rare earth and strategic metals producers used in critical supply chains",georisk,first_order,0.64,sector_proxy,case_2023_panama_cobre_mine_closure;case_2024_ev_tariff_escalation_china;case_2021_xinjiang_forced_labor_import_restrictions,"Channel support inherited from transmission node 'critical_minerals', which is a first-order (directly implicated) node corroborated by 3 retrieved case(s). VanEck Rare Earth and Strategic Metals ETF maps to this supported channel but is not individually named. Risk watchlist candidate, not a trading signal. This does not predict price movement.",,,-0.07519229695251922,-2.364286610843677,negative,True,,2025-07-30,0.000755892391207944,0.9305022228242843
v3_20250730_copper_tariffs,2025-07-30,critical_minerals_trade_restriction,U.S. imposes Section 232 tariffs on copper products,PICK,critical_minerals,ETF,broad_proxy,"Ticker is an ETF, fund, or basket used as broad proxy exposure for the critical_minerals node: Broad metals and mining producer ETF with critical materials exposure",georisk,first_order,0.64,sector_proxy,case_2023_panama_cobre_mine_closure;case_2024_ev_tariff_escalation_china;case_2021_xinjiang_forced_labor_import_restrictions,"Channel support inherited from transmission node 'critical_minerals', which is a first-order (directly implicated) node corroborated by 3 retrieved case(s). iShares MSCI Global Metals & Mining Producers ETF maps to this supported channel but is not individually named. Risk watchlist candidate, not a trading signal. This does not predict price movement.",,,-0.026277944411408044,-1.2614267075488244,negative,False,,2025-07-30,0.0003885235729823552,0.9027462588712587
v3_20250730_copper_tariffs,2025-07-30,critical_minerals_trade_restriction,U.S. imposes Section 232 tariffs on copper products,MP,rare_earths,Stock,direct_exposure,Core operations or products are directly tied to the rare_earths node: Rare earth mining and processing company exposed to magnet materials supply chains,georisk,first_order,0.35,inference_only,,"MP Materials Corp is mapped from asset_mapping.csv via node 'rare_earths' (a first-order (directly implicated) node), but retrieved cases do not corroborate this channel. Inference-only risk watchlist candidate, not a trading signal. This does not predict price movement.",,,-0.06401369549355986,-0.5266017422374242,negative,False,,2025-07-30,0.010387615049507574,0.8798631117957447
v3_20250730_copper_tariffs,2025-07-30,critical_minerals_trade_restriction,U.S. imposes Section 232 tariffs on copper products,LYSDY,rare_earths,ADR,direct_exposure,Core operations or products are directly tied to the rare_earths node: Rare earth producer with exposure to non-China rare earth supply chains,georisk,first_order,0.35,inference_only,,"Lynas Rare Earths Ltd ADR is mapped from asset_mapping.csv via node 'rare_earths' (a first-order (directly implicated) node), but retrieved cases do not corroborate this channel. Inference-only risk watchlist candidate, not a trading signal. This does not predict price movement.",,,-0.03921288156675759,-0.6724009779626027,negative,False,,2025-07-30,0.004359925234720777,0.48194957884475353
v3_20250730_copper_tariffs,2025-07-30,critical_minerals_trade_restriction,U.S. imposes Section 232 tariffs on copper products,NEO.TO,gallium_germanium_graphite,Stock,related_exposure,"Specialty materials operations are exposed to engineered and rare-earth material supply chains, but the bundled gallium, germanium, and graphite node is narrower than the company's broader materials business.",georisk,first_order,0.35,inference_only,,"Neo Performance Materials Inc is mapped from asset_mapping.csv via node 'gallium_germanium_graphite' (a first-order (directly implicated) node), but retrieved cases do not corroborate this channel. Inference-only risk watchlist candidate, not a trading signal. This does not predict price movement.",,,-0.06963150201856198,-1.1633488894074397,negative,False,,2025-07-30,0.0063096614973722626,1.018001743460538
v3_20250730_copper_tariffs,2025-07-30,critical_minerals_trade_restriction,U.S. imposes Section 232 tariffs on copper products,SYR.AX,gallium_germanium_graphite,Stock,related_exposure,"Graphite production links the company to part of this node, but the bundled gallium, germanium, and graphite node is only partly specific to its core operations.",georisk,first_order,0.35,inference_only,,"Syrah Resources Ltd is mapped from asset_mapping.csv via node 'gallium_germanium_graphite' (a first-order (directly implicated) node), but retrieved cases do not corroborate this channel. Inference-only risk watchlist candidate, not a trading signal. This does not predict price movement.",,,0.006390138087602091,0.07865077979184797,positive,False,,2025-07-30,0.002518582169668067,0.08010902042825194
v3_20250730_copper_tariffs,2025-07-30,critical_minerals_trade_restriction,U.S. imposes Section 232 tariffs on copper products,LIT,battery_materials,ETF,broad_proxy,"Ticker is an ETF, fund, or basket used as broad proxy exposure for the battery_materials node: Basket exposure to lithium battery materials and battery technology supply chains",georisk,second_order,0.64,sector_proxy,case_2023_panama_cobre_mine_closure;case_2024_ev_tariff_escalation_china,"Channel support inherited from transmission node 'battery_materials', which is a second-order (analog-corroborated) node corroborated by 2 retrieved case(s). Global X Lithium & Battery Tech ETF maps to this supported channel but is not individually named. Risk watchlist candidate, not a trading signal. This does not predict price movement.",,,-0.045192470735326874,-1.9933276444588979,negative,True,,2025-07-30,-0.0006796397325588302,0.8293380464781492
v3_20250730_copper_tariffs,2025-07-30,critical_minerals_trade_restriction,U.S. imposes Section 232 tariffs on copper products,ALB,battery_materials,Stock,direct_exposure,Core operations or products are directly tied to the battery_materials node: Lithium producer exposed to battery material supply chains,georisk,second_order,0.64,sector_proxy,case_2023_panama_cobre_mine_closure;case_2024_ev_tariff_escalation_china,"Channel support inherited from transmission node 'battery_materials', which is a second-order (analog-corroborated) node corroborated by 2 retrieved case(s). Albemarle Corporation maps to this supported channel but is not individually named. Risk watchlist candidate, not a trading signal. This does not predict price movement.",,,-0.07548061224560015,-1.593292986607971,negative,False,,2025-07-30,-0.0023355722299859567,1.6808039607107839
v3_20250730_copper_tariffs,2025-07-30,critical_minerals_trade_restriction,U.S. imposes Section 232 tariffs on copper products,QQQ,broad_market_growth,equity_etf,,,baseline,,,,,,fixed_broad_market_baseline,,0.002808058876226608,0.42907886578994553,positive,False,,2025-07-30,0.00016173417058492321,1.1508228081337006
v3_20250730_copper_tariffs,2025-07-30,critical_minerals_trade_restriction,U.S. imposes Section 232 tariffs on copper products,XLF,financials,equity_etf,,,baseline,,,,,,fixed_sector_baseline,,-0.0069025575232427566,-0.5964090725280801,negative,False,,2025-07-30,5.520780477288195e-06,0.8312652302416738
v3_20250730_copper_tariffs,2025-07-30,critical_minerals_trade_restriction,U.S. imposes Section 232 tariffs on copper products,XLV,healthcare,equity_etf,,,baseline,,,,,,fixed_sector_baseline,,-0.030620729970191135,-1.8742402420524575,negative,False,,2025-07-30,-0.0005747686527172159,0.49909769063289966
v3_20240821_sounion_tanker_attack,2024-08-21,maritime_security_disruption,MV Sounion oil tanker attacked in the Red Sea,BOAT,maritime_chokepoint,ETF,broad_proxy,"Ticker is an ETF, fund, or basket used as broad proxy exposure for the maritime_chokepoint node: Basket exposure to global shipping companies sensitive to maritime route disruptions",georisk,first_order,0.82,historical_supported,case_2023_red_sea_attacks,"Historical support from shipping exposure matched affected shipping assets. The transmission node 'maritime_chokepoint' is a first-order (directly implicated) node, and SonicShares Global Shipping ETF is directly named in the supporting case(s). Potential exposure candidate and risk watchlist item, not a trading signal. This does not predict price movement.",,,-0.014649410373059002,-0.6400631837216891,negative,False,,2024-08-21,0.00034835537293166277,0.7559827406179463
v3_20240821_sounion_tanker_attack,2024-08-21,maritime_security_disruption,MV Sounion oil tanker attacked in the Red Sea,MATX,maritime_chokepoint,Stock,related_exposure,"Ocean transportation and logistics operations are materially route-dependent, but maritime chokepoints are route constraints rather than Matson's core node-specific business activity.",georisk,first_order,0.82,historical_supported,case_2023_red_sea_attacks,"Historical support from shipping exposure matched affected shipping assets. The transmission node 'maritime_chokepoint' is a first-order (directly implicated) node, and Matson Inc is directly named in the supporting case(s). Potential exposure candidate and risk watchlist item, not a trading signal. This does not predict price movement.",,,-0.020323280164957134,-0.6495525994101541,negative,False,,2024-08-21,0.00037423747142906893,0.783207681958168
v3_20240821_sounion_tanker_attack,2024-08-21,maritime_security_disruption,MV Sounion oil tanker attacked in the Red Sea,DAC,container_shipping,Stock,direct_exposure,Core operations or products are directly tied to the container_shipping node: Containership owner with exposure to container vessel demand and charter markets,georisk,first_order,0.82,historical_supported,case_2023_red_sea_attacks,"Historical support from shipping exposure matched affected shipping assets. The transmission node 'container_shipping' is a first-order (directly implicated) node, and Danaos Corporation is directly named in the supporting case(s). Potential exposure candidate and risk watchlist item, not a trading signal. This does not predict price movement.",,,-0.019738031608723297,-0.7810877033127063,negative,False,,2024-08-21,0.0005436775232365375,0.5989320054619505
v3_20240821_sounion_tanker_attack,2024-08-21,maritime_security_disruption,MV Sounion oil tanker attacked in the Red Sea,MAERSK-B.CO,container_shipping,Stock,direct_exposure,Core operations or products are directly tied to the container_shipping node: Global container shipping and integrated logistics operator,georisk,first_order,0.82,historical_supported,case_2023_red_sea_attacks,"Historical support from shipping exposure matched affected shipping assets. The transmission node 'container_shipping' is a first-order (directly implicated) node, and A P Moller Maersk Class B is directly named in the supporting case(s). Potential exposure candidate and risk watchlist item, not a trading signal. This does not predict price movement.",,,-0.012165317042573766,-0.2546347128784234,negative,False,,2024-08-21,-0.0008668461936681825,0.5110010475195707
v3_20240821_sounion_tanker_attack,2024-08-21,maritime_security_disruption,MV Sounion oil tanker attacked in the Red Sea,FDX,freight_routes,Stock,related_exposure,"Parcel and freight networks are materially affected by freight-route disruption, but freight routes are a broad network condition rather than a specific primary revenue activity.",georisk,first_order,0.64,sector_proxy,case_2023_red_sea_attacks;case_1987_1988_tanker_war_reflagging,"Channel support inherited from transmission node 'freight_routes', which is a first-order (directly implicated) node corroborated by 2 retrieved case(s). FedEx Corporation maps to this supported channel but is not individually named. Risk watchlist candidate, not a trading signal. This does not predict price movement.",,,0.019378413077777462,0.5810223803996926,positive,False,,2024-08-21,0.0013554444524422635,0.5348890686413709
v3_20240821_sounion_tanker_attack,2024-08-21,maritime_security_disruption,MV Sounion oil tanker attacked in the Red Sea,UPS,freight_routes,Stock,related_exposure,"Parcel and freight networks are materially affected by freight-route disruption, but freight routes are a broad cross-modal operating condition rather than a specific core business activity.",georisk,first_order,0.64,sector_proxy,case_2023_red_sea_attacks;case_1987_1988_tanker_war_reflagging,"Channel support inherited from transmission node 'freight_routes', which is a first-order (directly implicated) node corroborated by 2 retrieved case(s). United Parcel Service Inc maps to this supported channel but is not individually named. Risk watchlist candidate, not a trading signal. This does not predict price movement.",,,-0.009045613416960687,-0.2958873367973195,negative,False,,2024-08-21,-0.001264725406288516,0.5953652343454308
v3_20240821_sounion_tanker_attack,2024-08-21,maritime_security_disruption,MV Sounion oil tanker attacked in the Red Sea,CB,marine_insurance,Stock,related_exposure,Business has meaningful but diversified or indirect economic linkage to the marine_insurance node: Commercial insurer with marine and specialty insurance exposure,georisk,first_order,0.64,sector_proxy,case_2023_red_sea_attacks;case_1987_1988_tanker_war_reflagging;case_hormuz_tanker_tensions,"Channel support inherited from transmission node 'marine_insurance', which is a first-order (directly implicated) node corroborated by 3 retrieved case(s). Chubb Limited maps to this supported channel but is not individually named. Risk watchlist candidate, not a trading signal. This does not predict price movement.",,,-0.0050597528844224405,-0.24896441193412747,negative,False,,2024-08-21,0.0006424526711012319,0.19079970737561666
v3_20240821_sounion_tanker_attack,2024-08-21,maritime_security_disruption,MV Sounion oil tanker attacked in the Red Sea,TRV,marine_insurance,Stock,related_exposure,Business has meaningful but diversified or indirect economic linkage to the marine_insurance node: Property casualty insurer with commercial insurance exposure,georisk,first_order,0.64,sector_proxy,case_2023_red_sea_attacks;case_1987_1988_tanker_war_reflagging;case_hormuz_tanker_tensions,"Channel support inherited from transmission node 'marine_insurance', which is a first-order (directly implicated) node corroborated by 3 retrieved case(s). The Travelers Companies Inc maps to this supported channel but is not individually named. Risk watchlist candidate, not a trading signal. This does not predict price movement.",,,-0.0024004408013646884,-0.09649855129142498,negative,False,,2024-08-21,-0.0002203592081649656,0.31149331986879275
v3_20240821_sounion_tanker_attack,2024-08-21,maritime_security_disruption,MV Sounion oil tanker attacked in the Red Sea,FRO,oil_shipping,Stock,direct_exposure,Core operations or products are directly tied to the oil_shipping node: Crude tanker operator exposed to oil shipping routes and tanker rates,georisk,first_order,0.82,historical_supported,case_2023_red_sea_attacks;case_1987_1988_tanker_war_reflagging;case_hormuz_tanker_tensions,"Historical support from tanker transport matched affected tanker assets. The transmission node 'oil_shipping' is a first-order (directly implicated) node, and Frontline plc is directly named in the supporting case(s). Potential exposure candidate and risk watchlist item, not a trading signal. This does not predict price movement.",,,-0.045161800755300865,-1.2522224998770208,negative,False,,2024-08-21,8.414385216491441e-05,0.963778521427211
v3_20240821_sounion_tanker_attack,2024-08-21,maritime_security_disruption,MV Sounion oil tanker attacked in the Red Sea,DHT,oil_shipping,Stock,direct_exposure,Core operations or products are directly tied to the oil_shipping node: Crude oil tanker company exposed to VLCC market conditions,georisk,first_order,0.82,historical_supported,case_2023_red_sea_attacks;case_1987_1988_tanker_war_reflagging;case_hormuz_tanker_tensions,"Historical support from tanker transport matched affected tanker assets. The transmission node 'oil_shipping' is a first-order (directly implicated) node, and DHT Holdings Inc is directly named in the supporting case(s). Potential exposure candidate and risk watchlist item, not a trading signal. This does not predict price movement.",,,-0.03710362645420755,-1.3225770489403337,negative,False,,2024-08-21,-7.241254388524142e-05,0.6383421357742771
v3_20240821_sounion_tanker_attack,2024-08-21,maritime_security_disruption,MV Sounion oil tanker attacked in the Red Sea,FLNG,lng_shipping,Stock,direct_exposure,Core operations or products are directly tied to the lng_shipping node: LNG carrier owner exposed to seaborne LNG transportation,georisk,first_order,0.82,historical_supported,case_hormuz_tanker_tensions,"Historical support from LNG transport matched affected LNG assets. The transmission node 'lng_shipping' is a first-order (directly implicated) node, and FLEX LNG Ltd is directly named in the supporting case(s). Potential exposure candidate and risk watchlist item, not a trading signal. This does not predict price movement.",,,-0.022525716748084137,-1.0211647130431503,negative,False,,2024-08-21,6.292852775584004e-05,0.5592484087091495
v3_20240821_sounion_tanker_attack,2024-08-21,maritime_security_disruption,MV Sounion oil tanker attacked in the Red Sea,LNG,lng_shipping,Stock,related_exposure,"LNG export and liquefaction operations are tied to global LNG trade, but seaborne LNG shipping is a downstream transport linkage rather than the company's primary operating activity.",georisk,first_order,0.82,historical_supported,case_hormuz_tanker_tensions,"Historical support from LNG transport matched affected LNG assets. The transmission node 'lng_shipping' is a first-order (directly implicated) node, and Cheniere Energy Inc is directly named in the supporting case(s). Potential exposure candidate and risk watchlist item, not a trading signal. This does not predict price movement.",,,-0.024413448131303958,-1.1379503242887938,negative,False,,2024-08-21,0.0010040191649717863,0.19237023706370276
v3_20240821_sounion_tanker_attack,2024-08-21,maritime_security_disruption,MV Sounion oil tanker attacked in the Red Sea,XLE,energy,ETF,broad_proxy,"Ticker is an ETF, fund, or basket used as broad proxy exposure for the energy node: Broad ETF exposure to US energy companies",georisk,second_order,0.64,sector_proxy,case_1987_1988_tanker_war_reflagging;case_hormuz_tanker_tensions,"Channel support inherited from transmission node 'energy', which is a second-order (analog-corroborated) node corroborated by 2 retrieved case(s). Energy Select Sector SPDR Fund maps to this supported channel but is not individually named. Risk watchlist candidate, not a trading signal. This does not predict price movement.",,,-0.02066892310624504,-1.1901888344653015,negative,False,,2024-08-21,0.00036931710083318043,0.41550747566922136
v3_20240821_sounion_tanker_attack,2024-08-21,maritime_security_disruption,MV Sounion oil tanker attacked in the Red Sea,XOM,energy,Stock,related_exposure,Business has meaningful but diversified or indirect economic linkage to the energy node: Integrated energy producer with upstream and downstream exposure,georisk,second_order,0.64,sector_proxy,case_1987_1988_tanker_war_reflagging;case_hormuz_tanker_tensions,"Channel support inherited from transmission node 'energy', which is a second-order (analog-corroborated) node corroborated by 2 retrieved case(s). Exxon Mobil Corporation maps to this supported channel but is not individually named. Risk watchlist candidate, not a trading signal. This does not predict price movement.",,,-0.03482080503802682,-1.7808663735273527,negative,False,,2024-08-21,0.0011717600047043782,0.10947694427598385
v3_20240821_sounion_tanker_attack,2024-08-21,maritime_security_disruption,MV Sounion oil tanker attacked in the Red Sea,KNIN.SW,logistics,Stock,direct_exposure,Core operations or products are directly tied to the logistics node: Global freight forwarding and logistics company,georisk,first_order,0.64,sector_proxy,case_2023_red_sea_attacks;case_1987_1988_tanker_war_reflagging,"Channel support inherited from transmission node 'logistics', which is a first-order (directly implicated) node corroborated by 2 retrieved case(s). Kuehne + Nagel International AG maps to this supported channel but is not individually named. Risk watchlist candidate, not a trading signal. This does not predict price movement.",,,0.006997654938250399,0.2162603872190268,positive,False,,2024-08-21,-0.000929518377628473,0.24272320120879598
v3_20240821_sounion_tanker_attack,2024-08-21,maritime_security_disruption,MV Sounion oil tanker attacked in the Red Sea,JBHT,logistics,Stock,direct_exposure,Core operations or products are directly tied to the logistics node: Intermodal and trucking logistics provider exposed to freight demand,georisk,first_order,0.64,sector_proxy,case_2023_red_sea_attacks;case_1987_1988_tanker_war_reflagging,"Channel support inherited from transmission node 'logistics', which is a first-order (directly implicated) node corroborated by 2 retrieved case(s). J B Hunt Transport Services Inc maps to this supported channel but is not individually named. Risk watchlist candidate, not a trading signal. This does not predict price movement.",,,0.0024255190295765245,0.08521232637905027,positive,False,,2024-08-21,-0.002572230284288469,0.9177522686609167
v3_20240821_sounion_tanker_attack,2024-08-21,maritime_security_disruption,MV Sounion oil tanker attacked in the Red Sea,QQQ,broad_market_growth,equity_etf,,,baseline,,,,,,fixed_broad_market_baseline,,-0.003686171089853936,-0.549504140569089,negative,False,,2024-08-21,-0.0004533961945805715,1.3652005909628302
v3_20240821_sounion_tanker_attack,2024-08-21,maritime_security_disruption,MV Sounion oil tanker attacked in the Red Sea,XLF,financials,equity_etf,,,baseline,,,,,,fixed_sector_baseline,,0.003534663973730364,0.3060224637998154,positive,False,,2024-08-21,0.00037872762401635344,0.6193563018077064
v3_20240821_sounion_tanker_attack,2024-08-21,maritime_security_disruption,MV Sounion oil tanker attacked in the Red Sea,XLV,healthcare,equity_etf,,,baseline,,,,,,fixed_sector_baseline,,0.008809288912260675,0.8459977126678987,positive,False,,2024-08-21,5.6278261904348326e-05,0.43337473566869983
v3_20250110_us_russia_oil_sanctions,2025-01-10,sanctions_energy_shipping,U.S. sanctions Russian oil producers and shadow-fleet vessels,CB,marine_insurance,Stock,related_exposure,Business has meaningful but diversified or indirect economic linkage to the marine_insurance node: Commercial insurer with marine and specialty insurance exposure,georisk,second_order,0.64,sector_proxy,case_2023_arctic_lng_russian_energy_shipping_sanctions;case_2018_iran_oil_sanctions_reimposition,"Channel support inherited from transmission node 'marine_insurance', which is a second-order (analog-corroborated) node corroborated by 2 retrieved case(s). Chubb Limited maps to this supported channel but is not individually named. Risk watchlist candidate, not a trading signal. This does not predict price movement.",,,-0.023540447130787356,-1.2794801693485172,negative,False,,2025-01-10,0.0005624422643240998,0.3108151660982896
v3_20250110_us_russia_oil_sanctions,2025-01-10,sanctions_energy_shipping,U.S. sanctions Russian oil producers and shadow-fleet vessels,TRV,marine_insurance,Stock,related_exposure,Business has meaningful but diversified or indirect economic linkage to the marine_insurance node: Property casualty insurer with commercial insurance exposure,georisk,second_order,0.64,sector_proxy,case_2023_arctic_lng_russian_energy_shipping_sanctions;case_2018_iran_oil_sanctions_reimposition,"Channel support inherited from transmission node 'marine_insurance', which is a second-order (analog-corroborated) node corroborated by 2 retrieved case(s). The Travelers Companies Inc maps to this supported channel but is not individually named. Risk watchlist candidate, not a trading signal. This does not predict price movement.",,,-0.03086337974400349,-1.1004335456558378,negative,False,,2025-01-10,0.0012087822408065841,0.5688990701827309
v3_20250110_us_russia_oil_sanctions,2025-01-10,sanctions_energy_shipping,U.S. sanctions Russian oil producers and shadow-fleet vessels,FRO,oil_shipping,Stock,direct_exposure,Core operations or products are directly tied to the oil_shipping node: Crude tanker operator exposed to oil shipping routes and tanker rates,georisk,second_order,0.82,historical_supported,case_2018_iran_oil_sanctions_reimposition;case_2019_venezuela_oil_sanctions,"Historical support from tanker transport matched affected tanker assets. The transmission node 'oil_shipping' is a second-order (analog-corroborated) node, and Frontline plc is directly named in the supporting case(s). Potential exposure candidate and risk watchlist item, not a trading signal. This does not predict price movement.",,,0.17013954024657296,3.6336565266479215,positive,True,,2025-01-10,-0.0045225628825895986,0.8513216869088566
v3_20250110_us_russia_oil_sanctions,2025-01-10,sanctions_energy_shipping,U.S. sanctions Russian oil producers and shadow-fleet vessels,DHT,oil_shipping,Stock,direct_exposure,Core operations or products are directly tied to the oil_shipping node: Crude oil tanker company exposed to VLCC market conditions,georisk,second_order,0.82,historical_supported,case_2018_iran_oil_sanctions_reimposition;case_2019_venezuela_oil_sanctions,"Historical support from tanker transport matched affected tanker assets. The transmission node 'oil_shipping' is a second-order (analog-corroborated) node, and DHT Holdings Inc is directly named in the supporting case(s). Potential exposure candidate and risk watchlist item, not a trading signal. This does not predict price movement.",,,0.1182757544468414,3.2844610318280387,positive,True,,2025-01-10,-0.0015004070831521527,0.7038312171293586
v3_20250110_us_russia_oil_sanctions,2025-01-10,sanctions_energy_shipping,U.S. sanctions Russian oil producers and shadow-fleet vessels,FLNG,lng_shipping,Stock,direct_exposure,Core operations or products are directly tied to the lng_shipping node: LNG carrier owner exposed to seaborne LNG transportation,georisk,first_order,0.82,historical_supported,case_2023_arctic_lng_russian_energy_shipping_sanctions,"Historical support from LNG transport matched affected LNG assets. The transmission node 'lng_shipping' is a first-order (directly implicated) node, and FLEX LNG Ltd is directly named in the supporting case(s). Potential exposure candidate and risk watchlist item, not a trading signal. This does not predict price movement.",,,0.06424166153665307,2.226243920092414,positive,True,,2025-01-10,-0.0017601619612886915,0.6871752398883639
v3_20250110_us_russia_oil_sanctions,2025-01-10,sanctions_energy_shipping,U.S. sanctions Russian oil producers and shadow-fleet vessels,LNG,lng_shipping,Stock,related_exposure,"LNG export and liquefaction operations are tied to global LNG trade, but seaborne LNG shipping is a downstream transport linkage rather than the company's primary operating activity.",georisk,first_order,0.82,historical_supported,case_2023_arctic_lng_russian_energy_shipping_sanctions,"Historical support from LNG transport matched affected LNG assets. The transmission node 'lng_shipping' is a first-order (directly implicated) node, and Cheniere Energy Inc is directly named in the supporting case(s). Potential exposure candidate and risk watchlist item, not a trading signal. This does not predict price movement.",,,0.02657610765114482,1.189735609818596,positive,False,,2025-01-10,0.0014077839177280215,0.36003195872067795
v3_20250110_us_russia_oil_sanctions,2025-01-10,sanctions_energy_shipping,U.S. sanctions Russian oil producers and shadow-fleet vessels,XLE,energy,ETF,broad_proxy,"Ticker is an ETF, fund, or basket used as broad proxy exposure for the energy node: Broad ETF exposure to US energy companies",georisk,first_order,0.64,sector_proxy,case_2023_arctic_lng_russian_energy_shipping_sanctions;case_2018_iran_oil_sanctions_reimposition;case_2019_venezuela_oil_sanctions,"Channel support inherited from transmission node 'energy', which is a first-order (directly implicated) node corroborated by 3 retrieved case(s). Energy Select Sector SPDR Fund maps to this supported channel but is not individually named. Risk watchlist candidate, not a trading signal. This does not predict price movement.",,,0.034831719002039074,1.7514155714342923,positive,False,,2025-01-10,-0.0008401099691250219,0.5022312156507829
v3_20250110_us_russia_oil_sanctions,2025-01-10,sanctions_energy_shipping,U.S. sanctions Russian oil producers and shadow-fleet vessels,XOM,energy,Stock,related_exposure,Business has meaningful but diversified or indirect economic linkage to the energy node: Integrated energy producer with upstream and downstream exposure,georisk,first_order,0.64,sector_proxy,case_2023_arctic_lng_russian_energy_shipping_sanctions;case_2018_iran_oil_sanctions_reimposition;case_2019_venezuela_oil_sanctions,"Channel support inherited from transmission node 'energy', which is a first-order (directly implicated) node corroborated by 3 retrieved case(s). Exxon Mobil Corporation maps to this supported channel but is not individually named. Risk watchlist candidate, not a trading signal. This does not predict price movement.",,,0.00965604060066055,0.4362983354350288,positive,False,,2025-01-10,-0.0005736471399307311,0.2044719046692142
v3_20250110_us_russia_oil_sanctions,2025-01-10,sanctions_energy_shipping,U.S. sanctions Russian oil producers and shadow-fleet vessels,VLO,refining,Stock,direct_exposure,Core operations or products are directly tied to the refining node: Refiner exposed to crude supply and refined product margins,georisk,first_order,0.82,historical_supported,case_2018_iran_oil_sanctions_reimposition;case_2019_venezuela_oil_sanctions,"Historical support from refining exposure matched affected refining assets. The transmission node 'refining' is a first-order (directly implicated) node, and Valero Energy Corporation is directly named in the supporting case(s). Potential exposure candidate and risk watchlist item, not a trading signal. This does not predict price movement.",,,0.08641689707817299,2.5942016873717244,positive,True,,2025-01-10,-0.0024063118317551083,0.41631033670449374
v3_20250110_us_russia_oil_sanctions,2025-01-10,sanctions_energy_shipping,U.S. sanctions Russian oil producers and shadow-fleet vessels,MPC,refining,Stock,direct_exposure,Core operations or products are directly tied to the refining node: Refining and midstream operator exposed to fuel markets,georisk,first_order,0.82,historical_supported,case_2018_iran_oil_sanctions_reimposition;case_2019_venezuela_oil_sanctions,"Historical support from refining exposure matched affected refining assets. The transmission node 'refining' is a first-order (directly implicated) node, and Marathon Petroleum Corporation is directly named in the supporting case(s). Potential exposure candidate and risk watchlist item, not a trading signal. This does not predict price movement.",,,0.04870705900626064,1.4805759420009916,positive,False,,2025-01-10,-0.002249857448658799,0.5026244800564105
v3_20250110_us_russia_oil_sanctions,2025-01-10,sanctions_energy_shipping,U.S. sanctions Russian oil producers and shadow-fleet vessels,DOW,petrochemicals,Stock,direct_exposure,Core operations or products are directly tied to the petrochemicals node: Commodity chemicals producer exposed to petrochemical feedstocks,georisk,first_order,0.64,sector_proxy,case_2018_iran_oil_sanctions_reimposition;case_2019_venezuela_oil_sanctions,"Channel support inherited from transmission node 'petrochemicals', which is a first-order (directly implicated) node corroborated by 2 retrieved case(s). Dow Inc maps to this supported channel but is not individually named. Risk watchlist candidate, not a trading signal. This does not predict price movement.",,,0.022161013409091223,0.976218820617567,positive,False,,2025-01-10,-0.0024508891686930755,0.6236526401887716
v3_20250110_us_russia_oil_sanctions,2025-01-10,sanctions_energy_shipping,U.S. sanctions Russian oil producers and shadow-fleet vessels,LYB,petrochemicals,Stock,direct_exposure,Core operations or products are directly tied to the petrochemicals node: Petrochemical producer exposed to olefins polymers and feedstock costs,georisk,first_order,0.64,sector_proxy,case_2018_iran_oil_sanctions_reimposition;case_2019_venezuela_oil_sanctions,"Channel support inherited from transmission node 'petrochemicals', which is a first-order (directly implicated) node corroborated by 2 retrieved case(s). LyondellBasell Industries NV maps to this supported channel but is not individually named. Risk watchlist candidate, not a trading signal. This does not predict price movement.",,,0.031159658765432724,1.5933575545798861,positive,False,,2025-01-10,-0.002203296932034957,0.5724482358548315
v3_20250110_us_russia_oil_sanctions,2025-01-10,sanctions_energy_shipping,U.S. sanctions Russian oil producers and shadow-fleet vessels,DE,manufacturing_inputs,Stock,related_exposure,Business has meaningful but diversified or indirect economic linkage to the manufacturing_inputs node: Equipment manufacturer exposed to agriculture and industrial input cycles,georisk,first_order,0.35,inference_only,,"Deere & Company is mapped from asset_mapping.csv via node 'manufacturing_inputs' (a first-order (directly implicated) node), but retrieved cases do not corroborate this channel. Inference-only risk watchlist candidate, not a trading signal. This does not predict price movement.",,,0.04513767684427522,1.6674957932786285,positive,False,,2025-01-10,0.0011187956057050865,0.6252853239456879
v3_20250110_us_russia_oil_sanctions,2025-01-10,sanctions_energy_shipping,U.S. sanctions Russian oil producers and shadow-fleet vessels,CAT,manufacturing_inputs,Stock,related_exposure,Business has meaningful but diversified or indirect economic linkage to the manufacturing_inputs node: Heavy equipment manufacturer exposed to construction mining and infrastructure inputs,georisk,first_order,0.35,inference_only,,"Caterpillar Inc is mapped from asset_mapping.csv via node 'manufacturing_inputs' (a first-order (directly implicated) node), but retrieved cases do not corroborate this channel. Inference-only risk watchlist candidate, not a trading signal. This does not predict price movement.",,,0.01449421432107275,0.5843645306612195,positive,False,,2025-01-10,9.665821019498689e-05,1.2424073310503603
v3_20250110_us_russia_oil_sanctions,2025-01-10,sanctions_energy_shipping,U.S. sanctions Russian oil producers and shadow-fleet vessels,XLF,financial_sanctions,ETF,broad_proxy,"Ticker is an ETF, fund, or basket used as broad proxy exposure for the financial_sanctions node: Broad US financial sector ETF for sanctions and banking exposure context",georisk,second_order,0.64,sector_proxy,case_2023_arctic_lng_russian_energy_shipping_sanctions;case_2018_iran_oil_sanctions_reimposition;case_2019_venezuela_oil_sanctions,"Channel support inherited from transmission node 'financial_sanctions', which is a second-order (analog-corroborated) node corroborated by 3 retrieved case(s). Financial Select Sector SPDR Fund maps to this supported channel but is not individually named. Risk watchlist candidate, not a trading signal. This does not predict price movement.",,,-0.006536104708662958,-0.47320178588304773,negative,False,,2025-01-10,0.0008472761839792835,0.7864656499140782
v3_20250110_us_russia_oil_sanctions,2025-01-10,sanctions_energy_shipping,U.S. sanctions Russian oil producers and shadow-fleet vessels,EUFN,financial_sanctions,ETF,broad_proxy,"Ticker is an ETF, fund, or basket used as broad proxy exposure for the financial_sanctions node: European financial sector ETF for cross-border banking exposure context",georisk,second_order,0.64,sector_proxy,case_2023_arctic_lng_russian_energy_shipping_sanctions;case_2018_iran_oil_sanctions_reimposition;case_2019_venezuela_oil_sanctions,"Channel support inherited from transmission node 'financial_sanctions', which is a second-order (analog-corroborated) node corroborated by 3 retrieved case(s). iShares MSCI Europe Financials ETF maps to this supported channel but is not individually named. Risk watchlist candidate, not a trading signal. This does not predict price movement.",,,-0.0022957459377127235,-0.154687830021192,negative,False,,2025-01-10,-9.565929799409105e-05,0.6519713958519852
v3_20250110_us_russia_oil_sanctions,2025-01-10,sanctions_energy_shipping,U.S. sanctions Russian oil producers and shadow-fleet vessels,V,payment_networks,Stock,direct_exposure,Core operations or products are directly tied to the payment_networks node: Global payments network exposed to cross-border payment and compliance channels,georisk,second_order,0.64,sector_proxy,case_2023_arctic_lng_russian_energy_shipping_sanctions;case_2018_iran_oil_sanctions_reimposition;case_2019_venezuela_oil_sanctions,"Channel support inherited from transmission node 'payment_networks', which is a second-order (analog-corroborated) node corroborated by 3 retrieved case(s). Visa Inc maps to this supported channel but is not individually named. Risk watchlist candidate, not a trading signal. This does not predict price movement.",,,-0.011207977611535642,-0.5762323855375958,negative,False,,2025-01-10,0.001082720057200558,0.5928947593047277
v3_20250110_us_russia_oil_sanctions,2025-01-10,sanctions_energy_shipping,U.S. sanctions Russian oil producers and shadow-fleet vessels,MA,payment_networks,Stock,direct_exposure,Core operations or products are directly tied to the payment_networks node: Global payments network exposed to payment-routing and compliance channels,georisk,second_order,0.64,sector_proxy,case_2023_arctic_lng_russian_energy_shipping_sanctions;case_2018_iran_oil_sanctions_reimposition;case_2019_venezuela_oil_sanctions,"Channel support inherited from transmission node 'payment_networks', which is a second-order (analog-corroborated) node corroborated by 3 retrieved case(s). Mastercard Incorporated maps to this supported channel but is not individually named. Risk watchlist candidate, not a trading signal. This does not predict price movement.",,,-0.006256907067264724,-0.3891106869357905,negative,False,,2025-01-10,0.001038140266051689,0.6429069233706939
v3_20250110_us_russia_oil_sanctions,2025-01-10,sanctions_energy_shipping,U.S. sanctions Russian oil producers and shadow-fleet vessels,QQQ,broad_market_growth,equity_etf,,,baseline,,,,,,fixed_broad_market_baseline,,-0.0008576279067739369,-0.12426163499565973,negative,False,,2025-01-10,-0.0003670535476298484,1.367611077220449
v3_20250110_us_russia_oil_sanctions,2025-01-10,sanctions_energy_shipping,U.S. sanctions Russian oil producers and shadow-fleet vessels,XLF,financials,equity_etf,,,baseline,,,,,,fixed_sector_baseline,,-0.006536104708662958,-0.47320178588304773,negative,False,,2025-01-10,0.0008472761839792835,0.7864656499140782
v3_20250110_us_russia_oil_sanctions,2025-01-10,sanctions_energy_shipping,U.S. sanctions Russian oil producers and shadow-fleet vessels,XLV,healthcare,equity_etf,,,baseline,,,,,,fixed_sector_baseline,,0.01940426753927421,1.698327644556669,positive,False,,2025-01-10,-0.000489909476423889,0.43839936813416647
v3_20250224_eu_16th_russia_sanctions,2025-02-24,sanctions_energy_shipping,EU adopts 16th Russia sanctions package targeting shadow fleet and military suppliers,CB,marine_insurance,Stock,related_exposure,Business has meaningful but diversified or indirect economic linkage to the marine_insurance node: Commercial insurer with marine and specialty insurance exposure,georisk,second_order,0.64,sector_proxy,case_2023_arctic_lng_russian_energy_shipping_sanctions;case_2018_iran_oil_sanctions_reimposition,"Channel support inherited from transmission node 'marine_insurance', which is a second-order (analog-corroborated) node corroborated by 2 retrieved case(s). Chubb Limited maps to this supported channel but is not individually named. Risk watchlist candidate, not a trading signal. This does not predict price movement.",,,0.04336392541804837,2.24842624955983,positive,True,,2025-02-24,-0.00015449191921248367,0.22423486123717729
v3_20250224_eu_16th_russia_sanctions,2025-02-24,sanctions_energy_shipping,EU adopts 16th Russia sanctions package targeting shadow fleet and military suppliers,TRV,marine_insurance,Stock,related_exposure,Business has meaningful but diversified or indirect economic linkage to the marine_insurance node: Property casualty insurer with commercial insurance exposure,georisk,second_order,0.64,sector_proxy,case_2023_arctic_lng_russian_energy_shipping_sanctions;case_2018_iran_oil_sanctions_reimposition,"Channel support inherited from transmission node 'marine_insurance', which is a second-order (analog-corroborated) node corroborated by 2 retrieved case(s). The Travelers Companies Inc maps to this supported channel but is not individually named. Risk watchlist candidate, not a trading signal. This does not predict price movement.",,,0.059340167148678895,2.2939824202198777,positive,True,,2025-02-24,0.0007887716553213961,0.5752350542043343
v3_20250224_eu_16th_russia_sanctions,2025-02-24,sanctions_energy_shipping,EU adopts 16th Russia sanctions package targeting shadow fleet and military suppliers,FRO,oil_shipping,Stock,direct_exposure,Core operations or products are directly tied to the oil_shipping node: Crude tanker operator exposed to oil shipping routes and tanker rates,georisk,second_order,0.82,historical_supported,case_2018_iran_oil_sanctions_reimposition,"Historical support from tanker transport matched affected tanker assets. The transmission node 'oil_shipping' is a second-order (analog-corroborated) node, and Frontline plc is directly named in the supporting case(s). Potential exposure candidate and risk watchlist item, not a trading signal. This does not predict price movement.",,,-0.04993681242604804,-0.8799612759162695,negative,False,,2025-02-24,-0.0016640482253592432,0.19373750229429854
v3_20250224_eu_16th_russia_sanctions,2025-02-24,sanctions_energy_shipping,EU adopts 16th Russia sanctions package targeting shadow fleet and military suppliers,DHT,oil_shipping,Stock,direct_exposure,Core operations or products are directly tied to the oil_shipping node: Crude oil tanker company exposed to VLCC market conditions,georisk,second_order,0.82,historical_supported,case_2018_iran_oil_sanctions_reimposition,"Historical support from tanker transport matched affected tanker assets. The transmission node 'oil_shipping' is a second-order (analog-corroborated) node, and DHT Holdings Inc is directly named in the supporting case(s). Potential exposure candidate and risk watchlist item, not a trading signal. This does not predict price movement.",,,-0.02918585183223179,-0.7144997370007393,negative,False,,2025-02-24,0.0007212419632469303,0.3024620538328609
v3_20250224_eu_16th_russia_sanctions,2025-02-24,sanctions_energy_shipping,EU adopts 16th Russia sanctions package targeting shadow fleet and military suppliers,FLNG,lng_shipping,Stock,direct_exposure,Core operations or products are directly tied to the lng_shipping node: LNG carrier owner exposed to seaborne LNG transportation,georisk,first_order,0.82,historical_supported,case_2023_arctic_lng_russian_energy_shipping_sanctions,"Historical support from LNG transport matched affected LNG assets. The transmission node 'lng_shipping' is a first-order (directly implicated) node, and FLEX LNG Ltd is directly named in the supporting case(s). Potential exposure candidate and risk watchlist item, not a trading signal. This does not predict price movement.",,,0.009168314061725082,0.27259265829153406,positive,False,,2025-02-24,9.155913517765882e-05,0.29783339842159207
v3_20250224_eu_16th_russia_sanctions,2025-02-24,sanctions_energy_shipping,EU adopts 16th Russia sanctions package targeting shadow fleet and military suppliers,LNG,lng_shipping,Stock,related_exposure,"LNG export and liquefaction operations are tied to global LNG trade, but seaborne LNG shipping is a downstream transport linkage rather than the company's primary operating activity.",georisk,first_order,0.82,historical_supported,case_2023_arctic_lng_russian_energy_shipping_sanctions,"Historical support from LNG transport matched affected LNG assets. The transmission node 'lng_shipping' is a first-order (directly implicated) node, and Cheniere Energy Inc is directly named in the supporting case(s). Potential exposure candidate and risk watchlist item, not a trading signal. This does not predict price movement.",,,-0.04590943770841652,-1.6062804031387616,negative,False,,2025-02-24,0.0013244461501540417,0.2517687474854825
v3_20250224_eu_16th_russia_sanctions,2025-02-24,sanctions_energy_shipping,EU adopts 16th Russia sanctions package targeting shadow fleet and military suppliers,XLE,energy,ETF,broad_proxy,"Ticker is an ETF, fund, or basket used as broad proxy exposure for the energy node: Broad ETF exposure to US energy companies",georisk,first_order,0.64,sector_proxy,case_2023_arctic_lng_russian_energy_shipping_sanctions;case_2014_crimea_financial_sanctions;case_2018_iran_oil_sanctions_reimposition,"Channel support inherited from transmission node 'energy', which is a first-order (directly implicated) node corroborated by 3 retrieved case(s). Energy Select Sector SPDR Fund maps to this supported channel but is not individually named. Risk watchlist candidate, not a trading signal. This does not predict price movement.",,,-0.021617118820069524,-1.0841168619843384,negative,False,,2025-02-24,-0.0003023731238262805,0.4673146337923518
v3_20250224_eu_16th_russia_sanctions,2025-02-24,sanctions_energy_shipping,EU adopts 16th Russia sanctions package targeting shadow fleet and military suppliers,XOM,energy,Stock,related_exposure,Business has meaningful but diversified or indirect economic linkage to the energy node: Integrated energy producer with upstream and downstream exposure,georisk,first_order,0.64,sector_proxy,case_2023_arctic_lng_russian_energy_shipping_sanctions;case_2014_crimea_financial_sanctions;case_2018_iran_oil_sanctions_reimposition,"Channel support inherited from transmission node 'energy', which is a first-order (directly implicated) node corroborated by 3 retrieved case(s). Exxon Mobil Corporation maps to this supported channel but is not individually named. Risk watchlist candidate, not a trading signal. This does not predict price movement.",,,-0.01137978171788076,-0.5141885599252813,negative,False,,2025-02-24,-0.0007416399798622872,0.25132077307554623
v3_20250224_eu_16th_russia_sanctions,2025-02-24,sanctions_energy_shipping,EU adopts 16th Russia sanctions package targeting shadow fleet and military suppliers,VLO,refining,Stock,direct_exposure,Core operations or products are directly tied to the refining node: Refiner exposed to crude supply and refined product margins,georisk,first_order,0.82,historical_supported,case_2018_iran_oil_sanctions_reimposition,"Historical support from refining exposure matched affected refining assets. The transmission node 'refining' is a first-order (directly implicated) node, and Valero Energy Corporation is directly named in the supporting case(s). Potential exposure candidate and risk watchlist item, not a trading signal. This does not predict price movement.",,,-0.025795168720774937,-0.7501012582251608,negative,False,,2025-02-24,-0.0009155798350204373,0.4157966951182668
v3_20250224_eu_16th_russia_sanctions,2025-02-24,sanctions_energy_shipping,EU adopts 16th Russia sanctions package targeting shadow fleet and military suppliers,MPC,refining,Stock,direct_exposure,Core operations or products are directly tied to the refining node: Refining and midstream operator exposed to fuel markets,georisk,first_order,0.82,historical_supported,case_2018_iran_oil_sanctions_reimposition,"Historical support from refining exposure matched affected refining assets. The transmission node 'refining' is a first-order (directly implicated) node, and Marathon Petroleum Corporation is directly named in the supporting case(s). Potential exposure candidate and risk watchlist item, not a trading signal. This does not predict price movement.",,,-0.03302188043399444,-0.9808948762215092,negative,False,,2025-02-24,-0.0015666869402442016,0.4312328664043472
v3_20250224_eu_16th_russia_sanctions,2025-02-24,sanctions_energy_shipping,EU adopts 16th Russia sanctions package targeting shadow fleet and military suppliers,DOW,petrochemicals,Stock,direct_exposure,Core operations or products are directly tied to the petrochemicals node: Commodity chemicals producer exposed to petrochemical feedstocks,georisk,first_order,0.64,sector_proxy,case_2018_iran_oil_sanctions_reimposition,"Channel support inherited from transmission node 'petrochemicals', which is a first-order (directly implicated) node corroborated by 1 retrieved case(s). Dow Inc maps to this supported channel but is not individually named. Risk watchlist candidate, not a trading signal. This does not predict price movement.",,,0.013335208574086488,0.5105817077596775,positive,False,,2025-02-24,-0.002709685685182955,0.5355348901795933
v3_20250224_eu_16th_russia_sanctions,2025-02-24,sanctions_energy_shipping,EU adopts 16th Russia sanctions package targeting shadow fleet and military suppliers,LYB,petrochemicals,Stock,direct_exposure,Core operations or products are directly tied to the petrochemicals node: Petrochemical producer exposed to olefins polymers and feedstock costs,georisk,first_order,0.64,sector_proxy,case_2018_iran_oil_sanctions_reimposition,"Channel support inherited from transmission node 'petrochemicals', which is a first-order (directly implicated) node corroborated by 1 retrieved case(s). LyondellBasell Industries NV maps to this supported channel but is not individually named. Risk watchlist candidate, not a trading signal. This does not predict price movement.",,,0.01836504807750375,0.9172523397774333,positive,False,,2025-02-24,-0.001973694195062215,0.4556280418020288
v3_20250224_eu_16th_russia_sanctions,2025-02-24,sanctions_energy_shipping,EU adopts 16th Russia sanctions package targeting shadow fleet and military suppliers,DE,manufacturing_inputs,Stock,related_exposure,Business has meaningful but diversified or indirect economic linkage to the manufacturing_inputs node: Equipment manufacturer exposed to agriculture and industrial input cycles,georisk,first_order,0.64,sector_proxy,case_2014_crimea_financial_sanctions,"Channel support inherited from transmission node 'manufacturing_inputs', which is a first-order (directly implicated) node corroborated by 1 retrieved case(s). Deere & Company maps to this supported channel but is not individually named. Risk watchlist candidate, not a trading signal. This does not predict price movement.",,,-0.005003745207724341,-0.18414230650352464,negative,False,,2025-02-24,0.0019337008205671804,0.6506101818892541
v3_20250224_eu_16th_russia_sanctions,2025-02-24,sanctions_energy_shipping,EU adopts 16th Russia sanctions package targeting shadow fleet and military suppliers,CAT,manufacturing_inputs,Stock,related_exposure,Business has meaningful but diversified or indirect economic linkage to the manufacturing_inputs node: Heavy equipment manufacturer exposed to construction mining and infrastructure inputs,georisk,first_order,0.64,sector_proxy,case_2014_crimea_financial_sanctions,"Channel support inherited from transmission node 'manufacturing_inputs', which is a first-order (directly implicated) node corroborated by 1 retrieved case(s). Caterpillar Inc maps to this supported channel but is not individually named. Risk watchlist candidate, not a trading signal. This does not predict price movement.",,,0.01528078340824176,0.5987761980017307,positive,False,,2025-02-24,-0.00031054340972669597,1.2612811035891274
v3_20250224_eu_16th_russia_sanctions,2025-02-24,sanctions_energy_shipping,EU adopts 16th Russia sanctions package targeting shadow fleet and military suppliers,XLF,financial_sanctions,ETF,broad_proxy,"Ticker is an ETF, fund, or basket used as broad proxy exposure for the financial_sanctions node: Broad US financial sector ETF for sanctions and banking exposure context",georisk,second_order,0.64,sector_proxy,case_2023_arctic_lng_russian_energy_shipping_sanctions;case_2014_crimea_financial_sanctions;case_2018_iran_oil_sanctions_reimposition,"Channel support inherited from transmission node 'financial_sanctions', which is a second-order (analog-corroborated) node corroborated by 3 retrieved case(s). Financial Select Sector SPDR Fund maps to this supported channel but is not individually named. Risk watchlist candidate, not a trading signal. This does not predict price movement.",,,0.01046222580129682,0.7828566317992989,positive,False,,2025-02-24,0.0009135270598562118,0.8081019680788154
v3_20250224_eu_16th_russia_sanctions,2025-02-24,sanctions_energy_shipping,EU adopts 16th Russia sanctions package targeting shadow fleet and military suppliers,EUFN,financial_sanctions,ETF,broad_proxy,"Ticker is an ETF, fund, or basket used as broad proxy exposure for the financial_sanctions node: European financial sector ETF for cross-border banking exposure context",georisk,second_order,0.64,sector_proxy,case_2023_arctic_lng_russian_energy_shipping_sanctions;case_2014_crimea_financial_sanctions;case_2018_iran_oil_sanctions_reimposition,"Channel support inherited from transmission node 'financial_sanctions', which is a second-order (analog-corroborated) node corroborated by 3 retrieved case(s). iShares MSCI Europe Financials ETF maps to this supported channel but is not individually named. Risk watchlist candidate, not a trading signal. This does not predict price movement.",,,0.03513863656300778,2.37476425630945,positive,True,,2025-02-24,0.0006558234025868487,0.6334360327136341
v3_20250224_eu_16th_russia_sanctions,2025-02-24,sanctions_energy_shipping,EU adopts 16th Russia sanctions package targeting shadow fleet and military suppliers,V,payment_networks,Stock,direct_exposure,Core operations or products are directly tied to the payment_networks node: Global payments network exposed to cross-border payment and compliance channels,georisk,second_order,0.64,sector_proxy,case_2023_arctic_lng_russian_energy_shipping_sanctions;case_2014_crimea_financial_sanctions;case_2018_iran_oil_sanctions_reimposition,"Channel support inherited from transmission node 'payment_networks', which is a second-order (analog-corroborated) node corroborated by 3 retrieved case(s). Visa Inc maps to this supported channel but is not individually named. Risk watchlist candidate, not a trading signal. This does not predict price movement.",,,0.01138758636637708,0.6190034813907854,positive,False,,2025-02-24,0.0020169515631343273,0.48222634623304456
v3_20250224_eu_16th_russia_sanctions,2025-02-24,sanctions_energy_shipping,EU adopts 16th Russia sanctions package targeting shadow fleet and military suppliers,MA,payment_networks,Stock,direct_exposure,Core operations or products are directly tied to the payment_networks node: Global payments network exposed to payment-routing and compliance channels,georisk,second_order,0.64,sector_proxy,case_2023_arctic_lng_russian_energy_shipping_sanctions;case_2014_crimea_financial_sanctions;case_2018_iran_oil_sanctions_reimposition,"Channel support inherited from transmission node 'payment_networks', which is a second-order (analog-corroborated) node corroborated by 3 retrieved case(s). Mastercard Incorporated maps to this supported channel but is not individually named. Risk watchlist candidate, not a trading signal. This does not predict price movement.",,,0.012555540646933618,0.7844753819060039,positive,False,,2025-02-24,0.0012334603791905488,0.5568898813960852
v3_20250224_eu_16th_russia_sanctions,2025-02-24,sanctions_energy_shipping,EU adopts 16th Russia sanctions package targeting shadow fleet and military suppliers,QQQ,broad_market_growth,equity_etf,,,baseline,,,,,,fixed_broad_market_baseline,,-0.008754019051958016,-1.3510976684559695,negative,False,,2025-02-24,-0.00012876013040824007,1.3526434337293871
v3_20250224_eu_16th_russia_sanctions,2025-02-24,sanctions_energy_shipping,EU adopts 16th Russia sanctions package targeting shadow fleet and military suppliers,XLF,financials,equity_etf,,,baseline,,,,,,fixed_sector_baseline,,0.01046222580129682,0.7828566317992989,positive,False,,2025-02-24,0.0009135270598562118,0.8081019680788154
v3_20250224_eu_16th_russia_sanctions,2025-02-24,sanctions_energy_shipping,EU adopts 16th Russia sanctions package targeting shadow fleet and military suppliers,XLV,healthcare,equity_etf,,,baseline,,,,,,fixed_sector_baseline,,0.022992807906339008,2.0002941373241923,positive,True,,2025-02-24,-0.000542634074244618,0.3755929851485095
v3_20250201_canada_mexico_china_tariffs,2025-02-01,trade_policy_and_tariffs,"U.S. imposes tariffs on imports from Canada, Mexico and China",EXPD,trade_lanes,Stock,related_exposure,"Freight forwarding participates in global trade-lane activity, but trade_lanes is a broad route and flow condition across diversified logistics services.",georisk,first_order,0.64,sector_proxy,case_2018_2019_us_china_tariffs;case_2024_ev_tariff_escalation_china;case_2021_xinjiang_forced_labor_import_restrictions,"Channel support inherited from transmission node 'trade_lanes', which is a first-order (directly implicated) node corroborated by 3 retrieved case(s). Expeditors International of Washington Inc maps to this supported channel but is not individually named. Risk watchlist candidate, not a trading signal. This does not predict price movement.",,,-0.005708477710953189,-0.2983587039035374,negative,False,,2025-02-03,-0.0012032335909947017,0.3117723786865403
v3_20250201_canada_mexico_china_tariffs,2025-02-01,trade_policy_and_tariffs,"U.S. imposes tariffs on imports from Canada, Mexico and China",DHL.DE,trade_lanes,Stock,related_exposure,"Global logistics operations participate in trade lanes, but trade_lanes is a broad cross-border flow condition rather than a specific core node business.",georisk,first_order,0.64,sector_proxy,case_2018_2019_us_china_tariffs;case_2024_ev_tariff_escalation_china;case_2021_xinjiang_forced_labor_import_restrictions,"Channel support inherited from transmission node 'trade_lanes', which is a first-order (directly implicated) node corroborated by 3 retrieved case(s). DHL Group maps to this supported channel but is not individually named. Risk watchlist candidate, not a trading signal. This does not predict price movement.",,,-0.013356783280074478,-0.5461107004881093,negative,False,,2025-02-03,-0.0014286356706259688,0.39174755533468736
v3_20250201_canada_mexico_china_tariffs,2025-02-01,trade_policy_and_tariffs,"U.S. imposes tariffs on imports from Canada, Mexico and China",DSGX,customs,Stock,direct_exposure,Core operations or products are directly tied to the customs node: Logistics software provider with customs and trade compliance exposure,georisk,first_order,0.64,sector_proxy,case_2018_2019_us_china_tariffs;case_2024_ev_tariff_escalation_china;case_2021_xinjiang_forced_labor_import_restrictions,"Channel support inherited from transmission node 'customs', which is a first-order (directly implicated) node corroborated by 3 retrieved case(s). The Descartes Systems Group Inc maps to this supported channel but is not individually named. Risk watchlist candidate, not a trading signal. This does not predict price movement.",,,-0.00959304361851767,-0.5080029850507538,negative,False,,2025-02-03,0.0004038667535577027,0.995791216047548
v3_20250201_canada_mexico_china_tariffs,2025-02-01,trade_policy_and_tariffs,"U.S. imposes tariffs on imports from Canada, Mexico and China",CHRW,customs,Stock,related_exposure,"Freight brokerage and logistics services are affected by customs flows, but customs is one operating component within broader logistics activity.",georisk,first_order,0.64,sector_proxy,case_2018_2019_us_china_tariffs;case_2024_ev_tariff_escalation_china;case_2021_xinjiang_forced_labor_import_restrictions,"Channel support inherited from transmission node 'customs', which is a first-order (directly implicated) node corroborated by 3 retrieved case(s). C H Robinson Worldwide Inc maps to this supported channel but is not individually named. Risk watchlist candidate, not a trading signal. This does not predict price movement.",,,-0.018209881698307236,-0.5675244670029492,negative,False,,2025-02-03,0.0012224871253459823,0.2706130757982961
v3_20250201_canada_mexico_china_tariffs,2025-02-01,trade_policy_and_tariffs,"U.S. imposes tariffs on imports from Canada, Mexico and China",DE,manufacturing_inputs,Stock,related_exposure,Business has meaningful but diversified or indirect economic linkage to the manufacturing_inputs node: Equipment manufacturer exposed to agriculture and industrial input cycles,georisk,first_order,0.64,sector_proxy,case_2018_2019_us_china_tariffs;case_2024_ev_tariff_escalation_china;case_2021_xinjiang_forced_labor_import_restrictions,"Channel support inherited from transmission node 'manufacturing_inputs', which is a first-order (directly implicated) node corroborated by 3 retrieved case(s). Deere & Company maps to this supported channel but is not individually named. Risk watchlist candidate, not a trading signal. This does not predict price movement.",,,-0.015010034418835035,-0.5535511562530762,negative,False,,2025-02-03,0.0009753494914642071,0.7188413107502293
v3_20250201_canada_mexico_china_tariffs,2025-02-01,trade_policy_and_tariffs,"U.S. imposes tariffs on imports from Canada, Mexico and China",CAT,manufacturing_inputs,Stock,related_exposure,Business has meaningful but diversified or indirect economic linkage to the manufacturing_inputs node: Heavy equipment manufacturer exposed to construction mining and infrastructure inputs,georisk,first_order,0.64,sector_proxy,case_2018_2019_us_china_tariffs;case_2024_ev_tariff_escalation_china;case_2021_xinjiang_forced_labor_import_restrictions,"Channel support inherited from transmission node 'manufacturing_inputs', which is a first-order (directly implicated) node corroborated by 3 retrieved case(s). Caterpillar Inc maps to this supported channel but is not individually named. Risk watchlist candidate, not a trading signal. This does not predict price movement.",,,-0.02818936029314697,-1.1780059888971621,negative,False,,2025-02-03,-5.2591756145910905e-05,1.237646018605538
v3_20250201_canada_mexico_china_tariffs,2025-02-01,trade_policy_and_tariffs,"U.S. imposes tariffs on imports from Canada, Mexico and China",ADM,agriculture,Stock,related_exposure,"ADM materially participates in agriculture, but agriculture is a broad sector node spanning diversified processing, merchandising, and supply-chain operations.",georisk,first_order,0.64,sector_proxy,case_2018_2019_us_china_tariffs,"Channel support inherited from transmission node 'agriculture', which is a first-order (directly implicated) node corroborated by 1 retrieved case(s). Archer-Daniels-Midland Company maps to this supported channel but is not individually named. Risk watchlist candidate, not a trading signal. This does not predict price movement.",,,-0.0752937828827348,-3.228756474408395,negative,True,,2025-02-03,-0.0018374894707264347,0.35707001632148516
v3_20250201_canada_mexico_china_tariffs,2025-02-01,trade_policy_and_tariffs,"U.S. imposes tariffs on imports from Canada, Mexico and China",MOO,agriculture,ETF,broad_proxy,"Ticker is an ETF, fund, or basket used as broad proxy exposure for the agriculture node: Basket exposure to agribusiness equipment inputs and food supply chains",georisk,first_order,0.64,sector_proxy,case_2018_2019_us_china_tariffs,"Channel support inherited from transmission node 'agriculture', which is a first-order (directly implicated) node corroborated by 1 retrieved case(s). VanEck Agribusiness ETF maps to this supported channel but is not individually named. Risk watchlist candidate, not a trading signal. This does not predict price movement.",,,-0.014392554602504071,-1.0658117870935422,negative,False,,2025-02-03,-0.0006705999604046424,0.5202173429873791
v3_20250201_canada_mexico_china_tariffs,2025-02-01,trade_policy_and_tariffs,"U.S. imposes tariffs on imports from Canada, Mexico and China",KNIN.SW,logistics,Stock,direct_exposure,Core operations or products are directly tied to the logistics node: Global freight forwarding and logistics company,georisk,first_order,0.64,sector_proxy,case_2018_2019_us_china_tariffs;case_2024_ev_tariff_escalation_china;case_2021_xinjiang_forced_labor_import_restrictions,"Channel support inherited from transmission node 'logistics', which is a first-order (directly implicated) node corroborated by 3 retrieved case(s). Kuehne + Nagel International AG maps to this supported channel but is not individually named. Risk watchlist candidate, not a trading signal. This does not predict price movement.",,,-0.02904362052458257,-1.4000680310672822,negative,False,,2025-02-03,-0.0020737845240139186,0.2716922693138687
v3_20250201_canada_mexico_china_tariffs,2025-02-01,trade_policy_and_tariffs,"U.S. imposes tariffs on imports from Canada, Mexico and China",JBHT,logistics,Stock,direct_exposure,Core operations or products are directly tied to the logistics node: Intermodal and trucking logistics provider exposed to freight demand,georisk,first_order,0.64,sector_proxy,case_2018_2019_us_china_tariffs;case_2024_ev_tariff_escalation_china;case_2021_xinjiang_forced_labor_import_restrictions,"Channel support inherited from transmission node 'logistics', which is a first-order (directly implicated) node corroborated by 3 retrieved case(s). J B Hunt Transport Services Inc maps to this supported channel but is not individually named. Risk watchlist candidate, not a trading signal. This does not predict price movement.",,,-0.018865229885369917,-0.7183099869103925,negative,False,,2025-02-03,-0.0005706668095898547,0.8757637111899069
v3_20250201_canada_mexico_china_tariffs,2025-02-01,trade_policy_and_tariffs,"U.S. imposes tariffs on imports from Canada, Mexico and China",REMX,critical_minerals,ETF,broad_proxy,"Ticker is an ETF, fund, or basket used as broad proxy exposure for the critical_minerals node: Basket exposure to rare earth and strategic metals producers used in critical supply chains",georisk,second_order,0.64,sector_proxy,case_2024_ev_tariff_escalation_china;case_2021_xinjiang_forced_labor_import_restrictions,"Channel support inherited from transmission node 'critical_minerals', which is a second-order (analog-corroborated) node corroborated by 2 retrieved case(s). VanEck Rare Earth and Strategic Metals ETF maps to this supported channel but is not individually named. Risk watchlist candidate, not a trading signal. This does not predict price movement.",,,0.010378893585895863,0.27695872932118126,positive,False,,2025-02-03,-0.000172463083868488,1.039199663691376
v3_20250201_canada_mexico_china_tariffs,2025-02-01,trade_policy_and_tariffs,"U.S. imposes tariffs on imports from Canada, Mexico and China",PICK,critical_minerals,ETF,broad_proxy,"Ticker is an ETF, fund, or basket used as broad proxy exposure for the critical_minerals node: Broad metals and mining producer ETF with critical materials exposure",georisk,second_order,0.64,sector_proxy,case_2024_ev_tariff_escalation_china;case_2021_xinjiang_forced_labor_import_restrictions,"Channel support inherited from transmission node 'critical_minerals', which is a second-order (analog-corroborated) node corroborated by 2 retrieved case(s). iShares MSCI Global Metals & Mining Producers ETF maps to this supported channel but is not individually named. Risk watchlist candidate, not a trading signal. This does not predict price movement.",,,0.009132491742335366,0.41242191795204364,positive,False,,2025-02-03,-0.0013358407828985002,0.9895865187199295
v3_20250201_canada_mexico_china_tariffs,2025-02-01,trade_policy_and_tariffs,"U.S. imposes tariffs on imports from Canada, Mexico and China",QQQ,broad_market_growth,equity_etf,,,baseline,,,,,,fixed_broad_market_baseline,,0.010230573667115021,1.578144044297978,positive,False,,2025-02-03,-9.718188325718284e-05,1.3325168524030628
v3_20250201_canada_mexico_china_tariffs,2025-02-01,trade_policy_and_tariffs,"U.S. imposes tariffs on imports from Canada, Mexico and China",XLF,financials,equity_etf,,,baseline,,,,,,fixed_sector_baseline,,-0.009530748790420755,-0.7094240479575123,negative,False,,2025-02-03,0.0006375429009697166,0.8604792023558059
v3_20250201_canada_mexico_china_tariffs,2025-02-01,trade_policy_and_tariffs,"U.S. imposes tariffs on imports from Canada, Mexico and China",XLV,healthcare,equity_etf,,,baseline,,,,,,fixed_sector_baseline,,0.0030086515637211637,0.2819390523902666,positive,False,,2025-02-03,-0.000855824372717516,0.46097551628145755
